55 6 65 70 2 65 17 79 96 4 26 64 16 58 36 20 1 92 88 86 53 60 20 57 85 73 72 37 47 49 32 61 44 93 85 48 83 59 56 36 45 94 19 70 92 14 86 60 57 60 18 42 83 0 15 16 32 25 36 79 37 91 31 90 2 50 25 71 71 72 90 19 83 31 30 99 11 5 4 79 40 23 74 67 38 47 91 75 29 36 56 96 95 8 80 81 65 17 41 99 1 86 90 43 88 4 22 11 59 10 42 94 38 29 0 28 18 26 92 36 48 91 61 14 59 96 57 62 57 40 47 67 55 99 60 37 59 7 89 35 68 13 69 95 87 12 27 29 3 14 43 17 67 58 33 66 94 72 37 10 59 73 3 75 57 57 66 30 90 15 82 11 2 20 86 99 35 29 15 1 15 54 52 91 75 83 90 13 72 78 83 18 26 100 6 15 95 54 63 26
15 28 34 62 75 78 6 33 1 81 33 73 60 23 82 93 81 99 37 11 66 9 53 78 57 98 36 19 97 0 14 97 16 100 21 73 62 28 42 7 9 9 79 40 66 53 3 53 42 42 39 25 84 74 16 43 79 74 49 37 12 8 27 54 34 93 21 60 69 45 22 5 51 96 35 81 31 67 26 56 71 60 48 84 30 90 73 51 16 72 3 79 13 41 3 56 47 21 59 91 80 29 39 74 91 83 36 73 10 82 68 32 61 6 38 84 22 61 98 2 6 93 80 38 28 8 54 27 51 13 31 71 48 61 34 8 36 94 30 89 76 60 14 49 35 82 78 29 88 58 7 80 23 62 50 76 17 97 66 66 42 64 100 82 71 65 37 92 93 6 11 39 5 63 34 33 21 42 85 70 48 56 48 17 39 23 79 10 54 57 52 89 54 13 10 83 33 19 56 38
74 67 37 13 5 63 51 29 58 25 19 98 29 49 39 53 69 57 96 58 48 37 61 95 13 41 13 33 4 24 32 28 46 76 93 96 96 41 50 77 92 6 75 17 79 25 2 55 0 87 28 41 80 92 80 63 24 44 58 57 55 54 64 19 83 73 75 86 45 49 62 73 33 23 90 73 18 95 75 79 6 16 20 44 23 0 81 93 92 60 55 68 40 21 20 63 21 72 35 45 16 86 95 82 100 90 68 38 50 53 44 2 6 27 17 31 57 16 68 82 90 14 16 40 77 78 55 54 23 19 0 86 14 99 99 6 28 34 31 44 80 100 82 86 63 97 42 29 68 79 6 70 60 82 31 65 98 34 19 13 99 38 99 63 69 22 63 37 73 85 89 7 30 41 53 100 79 19 95 3 16 1 70 99 85 37 34 1 1 41 62 91 96 29 13 45 11 79 23 2
50 47 13 33 84 52 41 67 86 77 32 9 6 0 91 16 10 33 1 37 35 87 79 35 81 74 89 33 100 33 38 45 2 1 31 54 43 94 76 54 15 69 85 78 66 9 15 52 62 17 34 39 3 62 40 16 66 59 91 93 45 32 89 31 22 65 42 34 79 55 58 6 87 51 36 74 94 13 14 53 73 74 22 45 1 49 61 29 24 1 79 66 28 38 88 3 16 0 54 86 13 85 30 85 84 54 30 3 66 92 69 25 34 17 64 61 23 14 32 7 20 29 96 67 52 5 12 54 22 94 17 59 73 11 2 31 11 25 62 66 42 63 71 50 7 74 49 71 45 100 19 1 54 66 41 88 43 54 31 56 90 67 2 92 16 10 25 18 41 11 80 83 74 93 10 79 34 14 40 25 14 67 40 70 66 31 65 33 11 88 30 38 82 38 28 2 9 33 79 57
42 98 49 69 53 61 23 9 88 69 40 96 20 15 35 48 34 31 28 25 70 100 80 13 63 11 90 62 71 65 66 51 90 60 23 7 42 37 60 42 81 62 93 44 31 84 58 99 95 1 7 46 35 6 9 93 57 18 28 46 60 77 27 98 72 87 84 86 56 1 59 89 76 51 28 96 33 0 21 3 0 80 74 86 32 6 70 80 17 74 17 83 0 66 58 51 5 95 20 4 24 41 69 41 32 61 26 95 51 33 74 47 19 4 27 50 40 39 97 62 25 85 57 89 23 17 33 18 64 59 22 6 20 53 34 52 23 98 43 73 23 36 64 50 32 72 11 67 82 53 91 92 10 57 37 82 48 84 98 10 22 23 20 3 98 16 57 64 91 49 33 15 94 35 3 35 72 91 3 40 28 60 72 31 47 49 1 96 25 43 80 65 59 78 15 9 30 30 9 86
56 6 77 76 39 66 61 94 50 14 55 65 30 74 41 61 18 95 82 68 76 48 52 17 12 96 27 43 18 57 30 3 47 6 23 72 56 74 3 15 26 24 93 3 67 70 17 64 57 13 86 88 22 83 80 43 45 1 40 84 78 82 58 43 6 21 92 57 62 25 51 88 15 10 23 35 97 94 84 81 5 5 32 14 48 37 94 35 46 85 56 81 8 90 66 22 61 80 79 27 52 96 20 64 19 16 66 10 6 43 77 3 13 48 32 77 97 81 20 29 97 5 22 9 2 40 49 14 68 21 64 7 85 64 87 15 84 57 36 68 72 58 66 49 44 71 21 47 85 5 19 24 80 15 91 26 80 9 50 21 7 9 79 91 11 60 98 74 10 82 15 100 49 15 97 43 9 2 67 32 65 52 34 47 13 21 88 77 40 87 10 97 68 69 76 69 93 64 40 25
36 55 13 13 36 25 74 25 35 28 57 12 55 56 44 92 14 55 86 27 98 85 23 97 37 67 79 60 11 0 70 13 27 57 19 51 53 22 93 21 97 5 80 87 52 72 90 6 60 24 95 32 48 55 68 86 56 61 49 42 5 82 45 100 57 66 54 80 48 52 75 54 94 78 82 10 2 23 56 32 89 100 23 67 86 36 24 3 64 47 86 61 9 93 89 95 55 98 84 51 3 100 3 22 94 15 22 97 27 88 84 9 29 47 49 88 5 75 64 97 13 69 7 4 93 48 43 26 80 63 55 27 14 6 83 21 6 50 77 27 16 27 85 31 24 88 93 38 58 64 22 35 2 62 83 91 35 79 50 97 59 90 78 94 4 27 33 79 64 29 58 87 1 1 14 69 43 27 87 43 18 45 1 15 42 41 98 37 22 95 66 29 47 77 17 11 88 16 26 32
6 8 71 66 96 74 17 78 65 84 63 40 22 81 89 29 87 95 68 58 79 10 12 14 59 38 25 52 36 66 4 79 44 27 40 0 20 2 68 49 22 6 77 51 42 64 22 70 60 23 37 22 75 2 36 9 33 49 51 12 44 31 94 4 72 47 1 11 79 8 0 56 3 50 13 93 1 99 17 71 91 5 22 43 28 58 44 75 17 1 47 98 78 25 67 25 32 36 80 92 12 14 80 5 29 28 55 95 24 95 60 48 67 58 9 92 1 80 87 13 48 55 57 46 1 73 58 13 17 44 59 7 24 91 75 28 40 82 46 96 66 79 52 81 36 76 10 60 25 93 83 56 29 40 26 67 15 26 14 34 6 4 1 5 64 91 98 15 16 68 9 75 56 49 19 69 53 53 94 72 65 93 73 28 15 0 98 12 87 47 95 71 45 53 19 18 67 0 45 2
35 49 38 41 60 24 84 1 74 5 23 24 75 62 32 68 93 61 77 38 34 78 35 33 59 52 37 92 70 68 33 93 82 77 29 28 73 43 25 52 20 100 79 18 5 28 49 92 83 10 48 56 14 71 16 44 47 84 38 47 69 98 8 0 30 98 44 88 90 53 43 21 22 57 36 5 63 19 98 57 51 69 35 61 65 97 51 50 91 80 77 37 38 37 86 13 29 51 98 19 67 11 67 79 36 83 71 27 70 8 50 52 85 71 71 36 64 63 25 77 68 79 87 38 30 9 9 41 77 5 49 21 36 16 29 86 14 62 12 90 22 68 75 74 50 12 75 4 13 20 14 4 65 0 50 61 5 5 36 74 53 25 34 53 58 13 8 5 66 45 60 11 5 82 77 95 89 96 95 23 67 70 68 44 33 33 38 52 83 27 83 16 35 25 96 40 53 45 61 56
63 10 65 30 82 37 10 43 53 21 7 15 4 18 72 23 6 51 3 41 12 88 97 64 2 31 27 28 31 76 10 54 34 64 84 27 60 30 78 19 50 7 59 61 32 49 45 25 48 74 21 22 87 12 100 57 27 50 83 93 51 73 61 13 60 85 16 30 5 11 94 61 33 32 38 78 56 32 93 86 53 82 80 0 95 53 99 1 61 83 42 52 52 5 26 32 5 98 76 98 91 80 6 95 81 54 83 48 62 90 2 37 40 69 80 86 42 72 64 50 86 87 52 35 26 77 45 22 53 38 23 69 55 70 78 99 63 95 75 53 88 80 28 5 97 26 27 43 94 29 40 81 9 83 31 91 15 94 57 97 11 44 25 57 43 54 12 61 37 52 62 0 61 63 16 76 29 98 59 35 49 66 33 38 89 20 92 23 99 17 90 66 84 47 51 56 2 67 0 56
63 75 25 82 11 51 86 87 49 97 94 61 66 43 21 64 18 39 21 41 91 38 51 17 86 50 21 75 67 28 28 48 14 93 75 37 11 40 100 97 49 48 11 71 22 55 74 22 32 97 94 85 71 8 36 22 21 36 52 84 17 83 78 32 10 23 77 98 43 47 71 49 13 23 50 67 48 75 38 3 25 91 81 36 34 58 12 84 77 21 74 95 14 34 77 84 21 52 35 85 20 99 65 49 33 48 98 51 38 86 93 68 84 0 41 85 54 56 86 4 64 31 31 12 88 34 33 54 15 34 60 87 92 71 88 17 71 79 19 73 79 65 13 75 69 49 85 9 95 19 55 61 36 47 87 60 36 70 76 100 40 21 62 33 59 50 29 35 88 12 53 54 37 70 44 66 71 19 15 55 83 91 34 57 85 6 4 76 66 38 68 5 31 2 22 72 46 79 70 55
4 47 98 21 64 42 40 65 99 37 84 39 50 74 0 15 44 81 1 2 98 19 12 55 45 8 97 8 0 49 91 54 92 62 57 35 3 33 42 100 13 55 73 85 63 61 54 51 86 10 2 71 32 10 77 5 20 4 43 100 89 29 26 88 74 58 91 56 21 67 73 74 72 70 90 5 77 10 19 30 13 79 63 99 40 8 18 33 66 5 77 13 4 24 82 63 49 78 64 5 19 33 96 31 84 27 46 58 86 41 28 77 72 57 81 86 95 83 88 40 97 73 51 13 18 52 98 19 56 78 69 46 52 1 100 38 13 30 44 53 56 80 47 44 5 92 23 62 76 39 48 31 57 65 83 69 82 32 98 62 26 26 60 30 53 92 4 12 87 76 52 20 100 2 61 17 47 37 21 75 19 42 86 96 50 22 32 36 12 78 19 7 79 88 75 41 23 88 8 56
2 99 99 75 23 61 53 63 81 93 34 94 95 0 44 24 97 23 7 54 37 91 77 32 52 92 16 8 70 11 38 26 34 80 10 65 0 19 11 47 90 68 18 40 4 33 8 98 85 78 5 48 56 85 10 38 59 34 1 95 20 26 77 4 52 96 73 46 20 9 22 71 38 24 88 31 27 94 93 22 24 61 7 65 100 53 33 45 16 24 13 78 47 17 58 3 40 90 80 78 55 56 48 64 82 19 71 75 39 68 0 93 86 69 64 80 38 45 77 5 0 48 0 44 47 4 41 3 63 72 6 20 47 68 90 39 56 4 17 58 65 30 9 67 71 54 37 54 34 99 18 87 98 7 98 79 31 86 59 40 93 92 57 71 11 92 77 84 56 5 6 75 89 47 11 81 92 95 2 68 8 24 7 2 70 68 50 8 67 52 53 59 65 98 78 54 84 51 12 66
77 79 47 3 99 45 27 24 41 98 0 66 55 33 27 80 68 24 45 22 78 51 53 32 27 78 0 18 53 43 48 26 97 61 73 47 8 74 6 6 66 56 14 95 98 80 45 80 98 60 30 30 95 75 56 28 71 13 13 27 29 71 94 86 44 32 66 63 6 12 71 61 25 4 20 62 98 27 4 9 99 64 69 51 42 33 13 16 2 18 44 35 39 66 3 12 71 55 60 70 14 86 0 95 19 99 23 28 83 47 82 2 50 37 4 97 53 74 87 81 89 14 98 32 38 3 31 82 94 13 8 88 48 11 39 94 82 53 91 89 66 12 52 79 46 66 41 85 25 51 16 70 97 24 2 64 45 21 30 79 62 54 84 29 8 65 93 85 22 68 45 28 40 47 20 30 56 1 19 26 94 38 53 23 25 11 61 24 18 38 62 28 30 0 32 4 18 16 100 5
68 13 67 57 79 20 27 32 4 58 36 97 80 59 36 30 45 58 19 41 96 18 20 45 98 32 66 96 43 93 4 6 14 47 45 21 82 5 99 55 95 99 72 98 61 28 33 7 66 84 67 65 50 88 12 6 40 56 31 87 9 20 9 3 72 47 6 87 63 86 48 72 54 62 74 35 79 91 57 8 35 11 9 53 75 43 25 7 64 97 51 28 99 49 50 65 42 11 90 33 45 18 87 28 81 16 80 42 28 84 76 27 41 76 86 36 24 34 96 36 23 24 14 69 74 55 49 22 78 2 91 96 98 23 35 30 81 98 3 60 41 47 68 28 38 28 27 82 66 34 59 17 49 84 47 65 60 10 86 62 31 84 34 71 6 84 26 26 94 89 86 72 90 84 37 96 75 73 13 46 100 57 69 42 39 72 94 58 13 71 48 43 8 35 41 74 28 20 78 4
40 6 32 23 43 32 1 74 11 55 14 71 65 51 76 1 86 32 54 15 33 41 5 87 67 60 21 31 24 91 32 15 22 33 74 68 15 52 36 26 50 56 25 96 19 14 49 54 15 84 26 14 66 45 38 100 78 43 27 67 28 16 17 36 29 55 77 79 86 41 33 65 39 100 80 51 12 94 23 55 86 24 55 28 66 15 53 59 16 63 85 26 91 4 47 35 19 94 66 87 97 100 26 84 32 39 81 61 52 37 39 52 82 27 28 11 90 32 96 46 17 65 0 64 26 92 48 25 19 99 28 6 63 17 12 54 36 34 1 83 95 43 32 53 22 44 71 13 84 0 58 60 51 81 35 97 78 77 85 52 8 66 51 45 28 12 96 51 95 37 89 24 46 89 84 24 52 61 55 1 75 77 2 83 14 79 95 71 45 90 2 90 38 72 28 23 63 77 80 7
25 90 43 61 17 22 81 74 41 77 63 10 70 34 100 2 37 69 92 48 40 92 97 13 93 87 43 87 17 46 8 27 89 92 42 88 16 74 45 20 42 68 20 14 46 24 4 92 29 13 52 6 64 9 97 86 45 16 13 16 53 58 59 94 14 30 60 37 43 77 79 31 79 36 77 29 29 47 6 76 50 44 93 77 9 54 20 86 63 50 59 42 88 62 77 4 58 47 94 6 52 34 88 11 73 42 47 40 62 12 48 90 5 16 52 42 44 36 37 79 30 75 71 91 89 31 55 93 57 81 48 79 21 1 81 53 50 8 93 93 45 76 74 14 34 66 55 7 88 31 85 34 95 62 26 93 19 9 20 6 72 5 51 69 62 21 79 21 31 71 8 67 63 74 36 96 7 96 53 13 50 68 39 55 50 69 59 32 90 89 65 63 96 80 50 63 60 49 70 81
32 99 15 49 55 55 77 1 69 33 46 29 98 66 59 10 87 95 96 66 33 75 51 44 69 79 4 37 98 58 87 72 35 42 51 95 8 54 30 18 18 34 90 74 63 87 23 72 80 23 40 4 81 12 40 7 0 87 29 20 90 88 98 19 68 9 100 54 50 1 74 32 16 81 100 59 13 20 92 45 67 97 86 85 3 51 38 74 50 5 6 0 50 76 12 98 37 49 47 77 58 89 51 11 65 70 64 59 97 1 64 87 84 65 34 21 61 95 96 4 76 30 70 72 72 84 6 87 63 82 9 8 66 12 8 11 100 82 33 1 32 81 97 34 0 73 82 3 63 79 30 43 11 39 43 50 69 22 36 16 54 24 97 0 72 53 3 89 70 52 39 97 8 63 30 14 25 67 30 70 53 76 45 0 69 12 25 1 60 16 59 14 20 100 22 99 54 72 73 71
24 21 50 57 48 3 0 75 36 56 7 16 30 7 73 24 17 22 39 0 87 14 40 36 9 39 49 17 73 72 7 39 9 15 46 1 35 28 94 48 97 42 47 9 75 87 55 99 97 48 25 77 6 79 34 6 93 38 47 18 9 51 30 72 27 74 59 54 35 31 1 39 92 43 96 58 51 66 58 83 92 30 100 0 26 8 51 37 68 3 54 19 22 78 70 23 67 25 66 93 53 75 56 90 26 10 98 69 52 6 24 98 95 26 16 66 24 96 17 30 1 45 6 18 91 82 1 14 79 69 82 76 72 91 30 52 28 48 68 46 95 40 61 42 73 43 43 90 54 32 91 69 52 0 13 78 25 77 0 24 18 79 7 78 79 11 11 28 11 15 45 6 94 100 39 92 15 15 19 98 1 29 73 28 81 83 47 68 26 70 70 100 4 84 29 7 24 83 9 60
30 19 9 20 56 61 76 70 4 42 55 87 81 57 31 22 1 29 93 99 78 76 12 91 9 82 4 19 42 28 9 58 78 63 85 76 36 78 49 32 75 79 82 27 56 92 10 59 76 24 13 91 61 16 26 89 57 20 86 58 25 91 91 51 46 22 49 68 21 100 99 6 3 39 81 83 56 59 99 92 97 68 23 73 22 33 87 83 50 25 15 78 60 24 22 38 62 26 43 22 49 42 82 86 13 52 1 89 44 97 48 37 30 85 26 82 75 67 38 91 10 71 71 72 19 79 96 73 9 51 27 13 21 12 82 9 77 43 90 79 2 5 87 50 40 82 22 70 35 59 82 19 60 96 6 40 99 60 14 91 20 0 7 11 88 50 99 1 60 84 32 4 46 20 36 16 54 66 49 27 66 9 96 76 43 52 79 49 52 42 51 28 55 18 54 91 14 92 92 46
97 38 80 8 36 94 65 89 48 39 50 88 39 17 57 68 23 59 31 10 40 16 29 24 62 65 40 86 35 72 93 64 43 80 65 99 51 49 68 58 60 14 24 8 98 80 78 58 54 44 10 93 13 78 0 39 72 84 99 43 46 20 89 28 77 38 49 31 61 40 72 73 91 73 4 40 96 23 7 60 16 90 65 71 32 85 77 99 78 63 99 32 25 2 30 79 9 16 1 79 89 81 84 87 3 52 37 21 36 6 30 10 36 94 42 18 10 18 81 41 62 19 34 17 19 78 22 46 31 96 48 98 17 41 70 75 13 15 19 73 73 100 16 97 66 82 71 94 47 53 100 71 24 35 29 91 82 30 18 48 25 47 64 53 75 36 10 42 96 8 6 86 1 77 91 75 71 14 37 52 65 0 12 16 98 65 34 32 76 39 9 67 44 50 52 12 74 92 36 18
53 77 9 48 94 97 95 4 81 9 77 42 68 88 96 33 92 38 65 61 8 86 24 12 15 19 80 92 91 82 25 6 16 54 93 6 98 21 100 87 85 71 42 12 91 93 79 35 84 16 78 89 11 3 93 45 86 96 26 0 30 20 37 24 44 20 45 12 91 80 32 30 51 27 52 66 4 66 32 99 68 44 41 9 50 13 80 85 4 50 49 0 1 77 30 76 93 70 72 3 46 45 94 93 19 49 12 78 91 73 50 95 21 68 39 38 37 59 5 68 18 82 33 100 63 74 56 62 46 20 71 54 59 16 14 55 35 10 12 3 68 70 22 18 0 18 62 68 65 83 25 90 47 26 0 7 96 16 94 20 38 18 78 56 64 13 27 88 71 1 18 6 42 21 30 51 46 36 36 94 88 29 10 52 36 52 89 23 10 97 17 45 64 85 26 4 17 5 68 45
3 35 100 98 7 41 45 81 57 49 84 10 37 49 44 53 97 51 0 85 74 14 4 20 70 99 50 20 87 75 29 91 22 59 71 14 29 88 54 29 38 90 51 82 4 20 47 50 80 60 49 65 29 76 43 30 40 92 58 54 1 78 87 19 29 54 72 18 6 32 7 43 45 28 83 9 26 43 53 93 32 47 69 46 2 89 67 54 82 35 15 91 57 62 41 43 35 27 6 30 70 53 79 54 87 53 30 61 63 20 2 61 61 63 35 18 0 54 41 14 64 44 75 83 59 82 78 56 12 34 72 43 69 34 25 27 37 72 56 65 74 44 68 96 0 74 26 75 3 36 88 86 57 27 21 87 40 20 92 21 29 89 86 13 42 98 46 53 70 28 26 56 49 79 9 48 72 59 98 44 98 73 65 63 45 21 13 58 1 89 61 62 46 55 89 41 99 96 8 5
47 48 63 29 65 73 12 57 58 99 19 54 3 36 59 23 32 7 78 100 50 55 67 5 55 2 52 33 10 97 83 42 31 5 47 39 77 75 11 23 62 98 81 33 13 74 100 5 61 49 63 10 54 53 60 48 9 52 31 41 100 4 57 28 49 67 49 63 77 97 23 63 75 28 72 40 73 78 81 51 70 63 14 8 90 61 6 41 71 21 25 61 21 32 30 40 29 22 86 32 61 77 36 6 36 19 67 37 48 34 70 27 19 90 73 88 0 89 51 60 76 79 16 88 85 80 21 82 49 5 50 39 47 38 13 38 13 60 32 66 74 1 15 94 52 28 25 38 39 80 63 73 3 93 50 35 9 11 97 55 77 37 29 90 21 94 27 76 84 8 25 31 12 42 25 22 48 46 61 49 96 59 72 87 19 49 67 11 71 36 82 40 40 31 57 51 99 69 37 9
18 83 33 41 35 56 98 77 47 16 3 75 35 80 91 52 39 61 91 39 47 88 74 47 96 70 74 4 61 75 28 40 52 31 9 3 62 97 48 30 7 57 74 31 21 54 81 80 52 73 64 56 92 67 35 96 86 38 4 98 17 84 98 60 5 8 25 100 32 39 45 24 21 16 54 83 59 36 94 53 45 94 95 57 27 36 76 63 87 17 89 47 71 39 62 25 57 48 1 54 99 56 28 60 31 10 98 36 96 92 11 8 55 94 72 95 13 100 68 99 43 73 85 77 64 72 38 26 79 16 7 58 76 0 5 98 10 59 63 58 32 13 54 36 96 21 29 22 63 13 49 88 71 49 51 38 57 51 55 71 64 30 60 28 16 35 39 9 56 9 57 42 29 81 46 22 98 85 12 10 10 83 52 62 2 9 29 81 68 53 89 17 56 74 47 2 52 10 48 70
6 47 71 93 18 6 95 94 95 85 38 55 97 50 75 75 0 38 69 38 95 89 5 15 27 87 74 81 64 7 11 58 9 29 14 32 0 77 26 6 91 91 77 28 2 23 27 33 88 65 65 16 30 22 20 51 11 36 28 21 9 82 64 31 6 18 19 62 86 34 19 59 48 34 23 84 46 64 74 30 75 8 0 71 24 34 91 74 2 42 87 12 4 95 38 85 75 76 68 65 69 57 95 52 90 2 17 90 67 23 38 42 67 16 95 88 19 34 96 96 98 64 36 9 23 16 86 85 82 14 57 40 95 9 60 8 25 51 97 62 57 29 44 36 46 49 88 5 12 89 68 56 81 85 38 47 42 13 69 94 90 0 75 34 79 10 94 83 72 3 84 31 84 10 99 46 62 45 87 98 96 90 28 79 27 45 98 16 8 13 31 90 28 2 42 67 41 66 49 9
57 35 54 83 57 60 91 63 11 59 13 4 20 23 96 60 59 91 69 11 97 67 97 48 61 4 16 22 94 51 95 20 64 16 3 19 44 82 70 63 67 46 68 33 98 59 30 29 49 66 15 43 56 65 93 46 64 25 76 15 81 30 85 5 63 87 6 10 36 95 41 71 53 37 68 57 19 34 85 75 47 76 30 57 18 69 61 97 48 99 20 89 17 78 2 49 12 33 56 48 58 43 28 82 70 51 31 64 58 3 38 28 48 87 92 59 8 43 78 51 48 24 93 46 1 11 82 83 37 32 31 32 60 34 68 51 82 77 4 94 63 95 39 59 82 78 12 44 41 11 88 76 59 0 25 46 43 73 23 84 47 18 18 83 70 84 90 60 57 78 34 9 58 23 78 75 54 34 76 22 88 20 68 91 21 80 65 14 100 19 64 57 73 6 70 61 3 35 50 62
52 92 84 25 44 45 89 86 71 17 99 94 71 24 33 78 2 25 3 86 84 69 89 49 42 57 82 18 64 61 0 19 82 56 83 72 11 62 66 68 35 62 50 20 27 42 89 64 50 89 59 69 53 24 57 46 91 75 96 96 59 90 65 33 32 29 19 19 59 97 41 17 92 36 59 5 4 77 46 9 50 62 41 24 93 10 64 43 72 84 43 70 25 88 60 69 69 3 5 4 10 40 35 44 62 31 92 65 56 50 26 56 71 8 22 55 90 56 13 95 89 87 6 25 2 68 13 53 71 28 8 7 51 68 23 61 1 18 17 27 66 60 16 81 24 12 91 49 92 100 2 96 36 27 28 97 37 3 81 47 48 15 48 93 65 64 35 36 49 58 14 12 55 89 49 67 75 8 65 4 15 34 87 55 59 17 73 37 37 28 57 32 47 82 98 40 20 83 56 97
2 29 9 86 88 54 51 64 17 23 98 28 42 39 12 81 93 37 3 16 23 8 51 98 32 72 17 14 3 42 34 5 67 41 42 72 16 49 38 60 41 59 1 45 11 82 92 13 85 94 84 98 79 58 51 2 15 68 21 63 69 28 77 12 74 98 30 5 0 31 65 65 45 35 42 19 85 65 41 88 98 38 25 71 66 21 54 51 56 44 55 57 6 85 53 4 77 97 26 25 28 42 78 52 81 78 8 95 31 6 48 78 66 85 72 86 74 86 66 56 70 24 97 32 88 7 99 52 95 1 86 19 75 82 63 50 88 75 97 21 30 33 65 55 85 61 88 50 91 21 38 33 12 18 60 74 64 18 5 89 41 77 23 28 76 7 74 72 85 82 56 51 63 5 29 35 1 43 85 15 60 86 76 9 12 83 22 95 50 81 3 56 60 87 40 19 36 50 95 88
97 22 66 24 35 32 81 11 58 24 91 0 17 81 37 99 78 56 44 7 93 68 25 13 15 80 81 80 84 19 54 57 23 61 8 59 18 87 88 19 11 12 57 36 40 6 83 85 21 58 97 48 22 8 41 64 28 77 30 93 72 62 82 91 91 28 8 71 12 5 46 51 76 80 12 99 6 66 12 75 94 23 99 46 47 87 96 22 55 39 95 36 37 89 25 12 83 51 89 13 28 78 3 45 13 25 71 71 53 68 47 18 22 94 72 24 33 30 89 14 31 78 71 49 39 43 65 10 38 5 8 21 59 10 34 93 54 95 46 73 88 69 89 52 25 53 23 65 87 6 78 42 82 85 9 52 13 66 83 79 59 99 100 16 15 45 31 82 75 59 84 13 91 9 0 80 51 22 21 18 33 46 45 16 17 24 16 87 80 89 95 83 35 68 8 20 25 26 100 23
44 51 92 56 98 100 92 4 97 66 16 24 18 90 64 51 1 52 58 68 99 8 27 44 89 91 21 53 70 90 23 93 81 57 3 60 23 24 82 77 66 61 42 46 69 78 37 38 68 59 63 56 24 48 64 66 90 51 32 75 15 88 61 15 82 86 62 22 53 17 48 77 18 79 5 3 84 84 85 43 1 49 13 70 0 98 83 6 36 86 84 73 43 96 72 21 52 59 90 99 49 62 41 62 6 52 95 73 34 9 82 90 68 17 44 60 83 70 52 74 93 51 66 33 45 39 84 33 0 16 51 16 15 17 86 92 27 89 36 93 37 35 3 98 71 40 17 52 56 73 15 38 90 4 47 37 33 75 19 92 35 93 59 89 15 58 15 45 87 97 50 68 52 9 36 54 63 5 1 8 76 19 70 15 34 88 57 85 79 79 89 31 39 85 38 12 83 5 1 88
2 56 61 34 86 39 32 63 88 78 4 64 100 19 76 85 56 86 96 3 6 16 30 79 31 83 29 82 21 41 50 65 16 38 59 34 0 72 42 33 75 17 36 45 56 14 24 46 55 69 50 66 4 17 18 95 90 44 33 35 28 44 38 84 80 18 68 38 80 60 4 23 28 56 72 12 99 94 36 21 54 16 52 35 26 46 70 55 84 55 73 81 12 34 34 57 87 63 34 63 29 66 45 34 9 81 70 58 69 79 32 33 53 78 85 9 99 23 80 95 91 88 25 11 17 93 18 23 9 60 25 89 9 14 55 90 75 6 21 79 37 72 42 21 43 69 44 83 87 16 98 13 38 13 16 74 82 64 69 31 56 11 96 21 65 9 69 2 95 11 86 97 34 100 58 99 51 49 97 19 100 75 8 50 96 29 67 0 93 69 90 45 99 88 12 1 44 39 11 37
32 92 23 5 62 65 4 16 85 89 55 33 23 65 66 60 37 100 59 41 63 52 96 21 38 2 95 5 66 98 57 26 16 29 44 17 91 53 2 16 25 68 13 74 14 53 48 64 62 1 81 66 3 79 92 92 99 94 11 22 78 68 85 26 27 3 38 13 7 10 2 46 33 69 4 85 85 40 81 41 95 57 63 20 69 32 25 13 25 10 99 61 94 94 71 38 34 76 73 45 64 86 50 74 99 63 64 90 30 14 28 29 89 4 70 64 10 11 99 56 30 11 49 22 89 6 0 49 90 6 43 14 71 79 24 58 78 10 72 12 58 23 58 1 62 49 99 48 19 70 56 72 12 20 22 35 73 6 49 32 26 5 78 31 36 30 25 80 77 85 78 62 98 8 31 65 45 69 22 7 87 30 48 76 45 81 39 8 39 78 74 24 64 51 67 23 59 17 86 81
63 83 11 99 69 73 71 94 64 6 14 14 46 72 4 38 33 73 80 32 69 58 24 69 93 87 8 10 66 59 50 73 12 16 62 91 36 38 21 55 94 76 62 87 98 0 11 47 26 67 29 86 42 9 12 7 5 33 40 4 94 29 3 44 64 74 43 100 41 92 68 96 86 54 79 85 3 79 93 91 84 80 98 49 21 99 8 4 74 36 94 13 31 2 30 52 3 90 57 68 52 96 43 15 6 82 14 46 54 74 57 86 50 22 61 26 30 30 55 79 81 77 85 20 39 9 2 50 90 61 32 40 40 35 46 52 53 35 10 96 10 35 73 0 94 83 48 14 52 65 20 87 73 86 35 69 22 0 22 98 1 20 31 32 22 34 84 39 67 43 89 75 83 66 75 99 47 47 70 59 74 8 8 19 89 75 45 26 51 33 21 58 75 35 70 13 77 50 4 35
6 22 83 27 78 35 7 82 42 95 20 60 77 20 98 79 77 46 35 76 51 89 30 14 69 90 43 46 26 46 16 75 57 98 6 38 34 51 98 83 14 58 61 62 52 15 27 37 65 16 40 37 67 25 2 10 32 27 42 57 58 78 87 9 57 79 35 69 86 14 11 98 71 20 9 81 48 42 17 54 25 0 13 9 55 43 9 26 9 56 8 88 8 61 26 26 93 87 73 19 27 33 53 65 42 88 47 20 61 46 0 100 66 20 45 31 82 46 50 13 53 60 7 18 84 63 20 16 65 34 70 65 24 49 24 49 92 1 13 92 50 16 2 83 31 57 6 32 1 88 46 66 23 70 74 70 66 43 15 68 69 34 28 9 13 79 19 46 97 49 7 61 66 13 62 82 18 34 8 74 86 44 42 3 43 65 52 70 18 84 60 56 11 85 43 68 29 67 87 71
5 44 13 43 21 25 7 72 9 59 9 39 77 80 66 40 91 72 44 100 97 52 88 86 60 35 85 49 8 87 4 38 47 95 17 97 60 59 38 48 51 39 58 4 75 19 7 26 99 74 86 33 65 17 5 75 6 64 79 92 43 17 7 45 93 3 5 32 52 2 28 80 76 2 70 5 51 20 59 7 51 58 20 88 55 53 0 70 57 65 76 40 72 41 58 97 49 21 68 47 39 46 24 65 65 64 94 37 34 78 22 92 51 66 2 93 91 74 54 71 35 17 69 33 4 16 79 82 79 46 26 84 10 51 45 9 53 7 55 36 89 98 24 71 72 85 49 91 5 80 71 62 34 90 10 20 53 69 81 67 74 17 27 85 6 1 58 4 5 6 19 87 32 60 65 55 76 0 21 51 46 46 80 33 82 91 12 91 91 77 9 16 66 74 24 96 3 62 80 27
52 19 35 44 57 88 56 28 19 17 6 6 24 86 74 57 89 79 49 32 86 5 91 89 63 52 35 10 50 18 60 67 88 36 4 48 76 44 66 7 23 36 96 98 22 75 11 4 24 48 90 94 65 66 63 42 52 85 45 43 6 54 47 27 23 76 37 6 45 58 6 61 64 22 66 15 58 36 54 4 64 17 31 68 10 14 22 68 53 76 13 86 61 4 10 52 15 88 22 56 56 5 12 15 92 30 97 57 66 82 53 74 73 28 53 70 48 36 76 56 88 49 52 71 77 66 54 42 17 66 80 19 44 41 71 3 41 58 78 7 79 66 22 5 24 20 63 52 74 29 77 78 3 3 42 10 2 50 67 72 74 1 24 91 50 86 14 97 5 71 18 26 99 67 19 91 42 16 2 47 99 39 61 45 48 17 49 54 65 4 0 18 81 76 47 50 54 71 59 95
27 28 26 77 89 97 67 89 48 53 19 2 97 50 57 91 80 9 67 1 56 15 75 47 75 62 63 13 89 73 53 89 50 88 67 46 95 9 20 27 87 74 34 33 88 22 2 73 78 8 97 60 78 7 72 55 56 46 54 79 8 58 0 87 27 47 24 26 49 30 60 25 8 4 6 56 62 24 4 15 55 47 9 36 39 57 17 35 59 72 90 17 37 41 76 54 43 98 4 10 43 77 46 26 6 100 56 40 38 30 73 65 81 73 77 3 63 14 57 3 52 29 50 75 22 47 24 73 89 47 78 55 47 100 59 96 65 13 4 33 53 82 28 24 20 33 97 28 2 85 34 96 9 18 72 5 84 95 82 23 54 58 97 48 32 37 21 55 71 34 94 18 30 31 50 26 77 35 49 55 84 23 54 93 65 72 22 53 88 90 11 21 1 54 65 10 60 63 0 15
10 26 44 2 12 48 92 78 84 74 21 67 9 4 39 86 15 42 35 86 79 41 84 8 26 4 23 32 71 72 17 53 7 65 11 93 59 76 85 66 21 7 8 99 100 61 17 46 53 41 2 3 80 99 42 83 4 33 49 53 68 57 93 67 76 82 13 100 53 58 26 19 95 57 76 13 61 47 59 42 42 99 34 50 1 100 87 25 88 4 39 84 5 87 22 100 57 1 62 62 35 88 2 10 28 27 33 0 29 38 12 84 2 27 76 73 19 56 36 31 18 89 32 15 70 45 10 76 75 45 88 82 37 50 78 4 20 34 37 21 18 41 6 1 97 66 18 40 33 100 35 58 15 30 48 80 17 50 74 41 20 45 11 74 14 29 20 76 1 79 78 80 2 40 84 3 47 95 37 30 5 65 83 56 74 3 14 73 55 30 28 24 51 64 50 78 4 84 33 87
96 17 100 33 2 100 43 38 71 89 54 58 5 92 100 13 81 13 45 47 77 15 69 3 74 37 91 32 5 20 67 51 90 0 7 77 7 79 19 54 48 4 49 55 51 33 85 91 80 15 9 29 75 13 34 24 32 40 60 9 31 93 10 73 59 87 33 47 64 100 25 0 68 8 54 88 27 69 4 27 83 10 37 68 79 66 77 44 94 31 11 43 45 89 50 19 69 20 75 69 1 60 82 81 99 83 63 9 65 27 69 62 25 90 58 40 22 75 56 51 81 61 41 36 0 45 95 35 44 69 17 25 4 99 30 44 62 8 77 28 93 52 27 69 31 74 52 70 1 47 40 72 28 86 41 18 89 75 99 14 93 49 48 97 63 24 93 91 30 69 6 92 40 16 26 47 45 74 24 81 92 45 54 49 93 29 93 50 88 81 15 96 46 90 60 89 98 96 93 70
89 89 78 79 2 20 27 44 38 18 78 18 46 54 85 81 6 36 81 61 4 25 94 95 29 74 80 83 4 66 32 5 56 16 18 96 83 34 55 36 29 90 4 4 59 60 55 53 47 88 44 46 3 100 82 61 85 98 87 12 17 47 56 53 50 24 27 53 63 65 95 42 97 2 55 62 18 46 98 67 50 75 27 70 77 69 5 58 74 62 14 65 16 68 48 89 71 87 16 4 94 77 70 25 25 85 61 35 36 35 92 73 4 82 58 9 75 93 50 42 97 42 89 27 82 2 46 14 29 98 36 60 84 5 91 21 60 91 75 73 1 0 35 10 84 92 71 44 9 5 87 89 35 64 2 84 14 54 58 40 95 14 41 19 62 80 63 27 24 74 77 45 26 83 16 68 59 55 93 28 50 7 76 18 71 83 87 97 26 87 82 50 24 54 29 95 59 46 20 1
80 97 49 43 89 8 30 73 1 91 86 72 36 68 99 15 87 52 73 69 61 91 17 22 17 74 32 5 18 14 18 1 76 31 12 13 80 42 53 1 53 77 31 73 78 7 57 53 1 83 93 85 57 99 98 15 25 13 1 79 48 32 75 28 33 22 87 16 31 31 32 60 70 58 66 37 22 58 11 3 25 69 97 53 64 46 66 17 94 15 83 99 61 90 48 68 60 41 49 56 23 28 77 37 14 100 1 0 12 20 47 70 26 37 88 47 90 27 71 11 47 58 71 45 9 70 5 20 6 37 11 71 88 75 98 15 60 17 13 17 64 93 61 89 24 7 71 15 60 17 68 42 59 83 36 36 29 100 35 55 68 27 34 25 45 33 78 73 55 61 100 22 77 32 89 43 62 9 93 99 97 91 33 5 9 80 45 89 35 69 90 68 63 66 73 10 92 4 27 69
28 90 89 77 6 94 95 67 35 40 70 98 37 46 32 85 27 52 36 12 65 27 56 98 52 8 91 57 28 60 84 24 34 31 17 52 29 56 98 53 56 30 15 38 43 84 58 66 44 35 56 81 34 68 9 47 25 37 30 41 96 37 87 11 2 10 100 69 59 21 64 88 88 73 28 57 58 32 74 57 22 76 42 14 58 73 63 73 98 5 49 5 84 80 49 63 16 11 16 99 31 75 48 30 76 15 58 9 51 12 74 31 40 41 19 31 64 69 4 4 34 52 79 86 19 37 5 33 42 61 48 38 64 96 70 72 82 98 90 49 0 68 84 100 31 28 98 80 5 59 23 33 14 10 17 65 84 28 27 51 43 95 35 11 90 93 51 26 19 97 23 58 10 65 12 4 93 49 24 45 37 81 49 68 79 40 94 57 57 72 87 60 85 45 42 3 17 55 72 9
16 83 42 79 74 41 94 70 75 46 34 25 54 64 7 68 2 91 29 56 9 96 15 16 19 37 87 75 66 67 87 47 32 37 38 10 26 21 27 2 24 78 5 57 34 6 89 4 3 69 27 78 23 85 40 19 1 81 35 80 96 27 13 14 34 60 61 33 98 34 98 43 63 54 51 2 44 48 35 9 23 73 74 54 47 86 37 18 71 91 95 97 71 49 66 38 97 92 29 54 37 28 20 6 35 21 18 90 50 63 35 24 63 11 26 76 35 60 42 4 50 39 17 38 86 29 4 21 86 53 54 36 81 2 11 94 56 100 82 38 42 55 45 1 15 62 31 75 42 16 8 64 91 53 65 92 29 99 71 94 3 8 95 16 32 49 6 6 81 62 38 91 44 27 88 54 30 12 19 13 82 6 27 24 29 84 4 46 16 38 57 57 86 13 24 99 9 57 96 55
90 21 38 62 45 2 21 55 66 92 81 95 61 50 65 49 44 93 100 98 68 78 0 26 47 73 52 26 38 81 36 86 66 61 83 69 26 79 35 58 80 6 100 23 23 18 3 8 2 13 15 56 96 81 80 15 22 89 80 27 11 49 91 99 9 85 99 97 94 59 32 30 100 21 49 76 78 82 64 69 34 68 66 76 34 26 45 3 6 31 16 51 2 79 15 1 80 12 37 83 91 3 83 23 21 85 38 60 94 22 29 65 24 31 69 0 12 50 79 8 44 33 51 26 79 50 7 47 3 42 25 48 45 88 56 54 89 42 100 54 8 78 74 84 88 55 65 40 59 4 17 31 7 73 7 78 62 67 9 3 17 1 64 89 59 86 69 92 13 76 28 44 19 60 56 37 7 97 25 52 46 59 84 83 82 71 90 11 42 87 76 60 89 21 0 73 25 73 75 21
0 67 79 10 40 43 5 99 1 43 35 71 85 77 50 95 31 83 100 33 67 6 36 62 38 99 75 5 12 80 69 17 56 68 40 48 55 18 40 59 24 75 87 23 41 94 28 34 75 91 13 28 48 1 42 64 21 33 2 76 33 42 44 33 72 72 73 42 8 32 49 73 38 45 7 20 79 46 88 49 1 57 67 27 74 46 2 84 17 100 12 42 26 76 89 59 14 81 67 90 34 45 50 97 58 14 25 59 89 20 51 37 61 57 75 69 15 81 19 90 65 17 70 21 25 11 66 98 82 8 38 40 97 43 66 4 4 15 63 55 86 37 56 74 84 77 25 85 65 47 45 42 30 65 100 24 73 20 9 22 37 41 59 65 77 6 61 80 59 2 40 85 67 16 84 40 55 69 48 28 16 46 0 15 31 56 59 92 13 50 49 100 56 28 6 72 96 79 59 7
44 31 40 68 90 73 14 14 83 74 95 71 4 74 27 86 15 27 90 2 10 58 73 34 99 59 75 53 39 1 18 16 35 100 35 0 47 63 95 94 16 82 1 72 82 52 58 0 47 29 9 87 28 17 42 64 84 42 89 85 28 3 34 24 3 78 62 55 85 3 5 84 24 29 88 15 75 64 5 43 30 20 23 67 99 1 47 56 62 54 100 63 40 52 29 10 32 81 39 30 46 41 58 1 86 17 85 85 14 98 16 21 59 88 38 7 2 29 71 24 29 77 96 62 65 11 35 5 46 29 32 40 60 79 22 93 33 15 15 100 77 49 27 97 7 68 33 31 72 40 63 1 28 32 75 11 77 62 73 69 9 94 62 19 53 55 47 42 19 95 76 85 82 44 8 8 84 14 45 31 82 67 36 38 80 71 85 61 90 60 63 20 82 26 31 12 84 90 75 90
73 20 15 41 71 95 43 100 66 61 53 89 98 3 4 33 64 99 15 26 37 90 46 14 16 18 30 17 92 76 52 45 58 44 30 26 22 15 81 40 19 31 31 62 15 69 13 75 12 98 33 16 80 98 47 52 8 28 84 20 73 8 49 86 16 26 9 92 92 58 10 75 63 73 55 93 88 61 56 71 85 86 60 14 56 71 92 79 17 79 69 20 20 1 57 59 88 34 64 43 19 31 12 100 55 43 48 12 90 9 86 29 27 100 17 10 81 12 93 77 80 30 27 88 85 20 48 31 9 15 8 13 55 70 46 9 8 1 95 93 56 13 25 85 9 40 3 27 15 89 5 73 67 58 2 65 61 21 17 55 78 9 82 57 69 95 91 45 83 62 57 5 68 10 11 16 23 69 53 34 36 95 13 51 44 15 42 12 56 2 46 45 61 17 6 36 66 86 59 63
78 41 60 48 77 18 51 61 3 84 98 62 95 65 1 57 33 54 53 91 5 36 11 32 32 87 77 44 85 27 38 69 36 62 29 56 1 0 75 62 67 87 14 16 47 92 84 21 23 23 32 9 87 5 84 82 8 39 99 87 99 30 80 54 28 56 77 59 55 6 66 26 63 27 31 100 92 16 97 65 87 9 95 41 61 98 61 1 26 37 80 41 61 48 89 86 27 73 32 4 46 89 73 61 54 54 77 86 51 54 39 82 94 37 62 56 2 30 63 76 9 37 45 88 27 14 81 11 55 32 42 96 80 97 22 92 53 13 76 83 1 19 38 82 47 99 33 78 81 15 48 26 47 97 91 31 41 73 15 3 13 48 24 72 57 38 5 92 4 44 32 50 16 8 91 80 52 99 88 96 3 46 70 41 13 4 89 18 20 86 44 18 54 31 83 26 59 34 92 85
52 2 25 62 59 25 79 61 26 78 65 72 68 20 16 34 33 58 56 58 68 42 22 17 65 92 68 34 48 48 52 82 86 3 47 70 35 92 1 85 48 4 11 90 74 38 81 99 78 27 13 31 2 60 76 22 19 34 64 35 36 35 3 27 22 14 31 57 93 12 90 93 75 76 45 20 39 65 19 28 42 57 39 72 71 2 67 96 31 59 70 37 50 57 52 7 91 56 42 30 82 23 74 48 84 82 21 29 69 63 97 8 40 37 68 84 84 52 49 3 62 77 66 55 61 57 47 8 43 96 4 95 30 79 84 96 41 39 60 66 8 13 94 46 39 42 48 35 40 20 62 52 62 77 71 1 57 33 11 87 76 7 14 8 36 24 80 53 75 45 48 19 27 14 30 100 65 13 95 4 34 72 53 80 74 12 72 26 13 58 6 92 37 99 32 89 7 17 98 65
86 44 4 96 44 43 48 54 46 19 75 10 76 74 17 1 42 80 51 60 10 62 83 25 52 10 46 54 97 6 66 8 69 34 13 22 48 21 16 26 47 85 26 76 58 32 49 51 15 6 49 57 21 44 91 11 5 66 52 24 49 79 70 91 89 57 71 82 66 33 55 32 43 82 43 22 66 38 40 71 76 37 26 99 37 47 32 21 12 70 63 41 28 33 32 18 54 8 74 27 47 1 41 17 21 29 50 54 43 76 99 97 59 57 39 71 95 87 2 5 53 69 83 58 20 84 38 45 78 17 44 60 70 5 39 50 96 80 13 46 87 38 74 39 90 48 72 46 18 71 92 98 28 28 21 29 14 25 99 2 30 39 37 18 30 34 14 61 57 74 68 13 58 59 39 22 100 77 39 34 32 38 21 47 76 84 55 26 28 58 31 59 37 9 46 0 71 43 77 70
69 97 32 56 79 42 69 30 36 75 63 86 36 60 87 78 61 12 59 36 12 28 2 57 59 47 16 43 97 27 54 9 70 18 58 37 93 82 92 81 39 97 79 81 42 61 73 26 29 87 91 46 100 48 88 91 63 47 100 61 2 33 84 17 55 8 37 78 28 92 52 75 100 74 4 16 7 58 14 14 51 35 0 63 34 32 92 29 51 4 87 85 85 10 43 5 32 54 54 74 67 47 66 97 59 79 6 75 8 2 38 34 39 73 23 21 75 18 75 12 87 83 35 33 68 77 63 45 94 52 17 78 7 92 53 85 92 77 88 17 98 18 44 94 36 5 96 4 86 93 26 51 41 53 17 12 22 31 58 70 8 81 45 87 3 54 36 80 99 1 96 99 89 5 7 29 41 86 37 79 43 52 79 44 66 58 24 18 10 76 78 35 2 24 25 22 14 85 53 61
53 4 64 15 27 20 0 7 83 85 30 95 84 36 4 9 79 43 80 31 100 58 70 36 63 48 58 91 38 73 42 98 15 99 12 90 36 68 51 55 61 62 29 64 42 74 89 21 76 87 75 60 44 80 6 46 34 66 74 71 64 9 24 67 33 35 5 40 12 51 25 49 43 100 19 64 69 87 68 53 23 47 73 51 22 96 82 62 45 4 81 18 1 45 36 70 69 92 17 45 55 11 26 48 78 25 63 68 57 16 33 62 98 21 56 53 20 30 63 32 73 53 60 30 28 53 94 36 19 37 22 33 53 39 88 46 48 39 69 26 100 99 48 30 34 89 23 80 11 81 19 36 13 76 93 36 52 56 60 18 91 13 12 53 74 63 42 86 86 29 41 47 53 87 59 84 55 50 2 28 63 33 27 33 1 21 87 2 92 18 9 82 3 87 82 37 87 35 74 53
6 94 21 68 30 32 27 8 84 5 56 21 62 93 88 0 26 79 32 26 68 84 31 95 86 73 16 79 56 4 68 64 70 68 72 62 0 77 35 76 67 34 61 58 46 39 42 90 12 94 17 53 83 56 75 60 100 96 16 77 57 68 41 27 4 88 53 9 82 27 100 7 47 58 41 95 71 66 83 39 76 65 76 6 29 1 98 71 85 29 87 52 79 65 93 96 58 32 33 34 15 7 76 82 46 70 67 41 38 7 58 62 75 37 8 91 3 24 83 82 94 70 87 6 11 46 69 98 11 38 11 19 6 93 49 45 28 28 39 45 59 25 56 47 37 92 19 86 87 15 100 87 99 77 62 9 77 88 74 8 67 96 8 47 74 7 70 94 24 70 52 45 12 70 58 72 84 47 99 19 77 37 27 5 68 96 10 90 88 99 66 58 83 67 50 100 70 36 81 85
26 2 21 36 5 68 54 69 77 51 72 98 4 82 5 65 85 30 32 92 68 54 50 76 22 0 91 34 97 79 100 82 75 85 87 18 69 77 91 100 88 20 61 76 11 32 71 89 22 88 32 50 28 47 53 30 11 29 21 90 90 83 94 74 16 17 23 15 38 10 90 82 74 6 99 16 52 61 100 9 54 3 58 12 36 6 68 89 77 47 31 43 94 14 30 33 46 17 1 73 55 18 90 25 49 18 49 69 12 50 43 72 53 14 26 64 77 48 10 64 65 68 22 30 56 18 90 6 4 68 86 76 31 73 67 23 60 5 90 79 85 98 86 23 50 49 58 65 96 36 27 58 78 40 27 79 1 47 5 34 55 94 16 50 55 66 4 99 52 73 20 98 12 52 64 15 43 66 89 52 52 39 45 23 99 90 78 58 5 9 8 47 69 20 39 33 60 53 28 79
42 98 93 61 87 15 65 12 51 91 45 44 100 5 27 22 46 9 51 55 9 7 73 48 32 72 57 7 36 89 83 66 35 53 45 31 39 69 47 51 63 59 74 75 75 67 53 75 81 60 99 14 77 85 68 57 99 54 35 1 11 22 2 40 44 27 28 42 69 92 67 89 65 2 71 67 34 28 27 35 16 29 71 79 23 0 44 49 19 27 19 11 40 78 72 88 33 13 32 2 75 46 13 83 22 36 75 33 0 82 100 81 77 4 11 7 30 65 47 35 49 93 90 8 91 76 16 53 51 15 34 43 76 23 85 26 63 96 70 34 52 38 84 65 23 44 25 7 67 21 47 72 21 17 33 63 11 77 36 30 39 33 93 52 97 61 83 22 32 46 48 37 87 60 40 44 21 0 85 54 26 79 88 40 90 100 57 74 31 26 84 87 89 40 72 89 90 43 51 76
44 69 11 56 39 55 93 46 10 49 34 39 32 96 72 64 92 7 12 45 46 37 20 36 69 11 90 80 75 62 89 44 22 75 12 83 38 66 36 50 20 19 15 6 21 15 27 88 59 93 100 60 92 59 6 56 4 61 25 25 9 92 90 88 31 65 97 99 45 59 17 2 35 48 22 55 37 43 16 93 60 96 38 43 19 33 72 47 90 66 77 84 69 37 69 28 54 98 90 45 31 86 12 15 64 57 50 25 19 17 40 89 97 33 1 47 39 83 93 57 76 74 44 24 67 6 18 33 1 65 63 90 67 93 33 20 94 8 97 27 51 76 69 99 4 86 74 27 1 82 58 73 69 34 53 93 60 41 83 18 39 10 58 70 55 26 97 97 37 8 97 12 64 37 46 42 41 98 71 98 92 38 29 17 13 72 25 89 66 14 56 14 71 27 38 25 10 89 3 4
82 76 98 20 78 64 46 5 15 95 44 25 86 97 16 37 14 67 73 23 9 14 6 13 18 70 58 31 12 51 76 84 100 66 21 44 20 9 51 99 16 48 68 96 49 57 58 91 94 19 56 7 33 40 22 36 21 5 51 20 69 89 98 29 41 1 61 53 0 8 94 22 31 65 82 23 17 72 25 98 68 60 45 7 39 16 82 12 31 70 32 8 76 98 51 97 40 77 51 96 3 98 89 100 46 69 89 61 70 94 37 28 76 72 9 38 78 13 41 65 20 75 58 82 72 56 11 64 97 59 71 8 72 12 73 16 19 66 25 30 79 45 54 2 5 59 10 89 48 77 77 39 84 90 86 56 70 23 74 34 22 52 59 77 85 2 49 84 97 66 98 71 11 68 79 77 20 25 10 72 38 74 27 54 69 85 12 16 21 37 87 79 43 78 42 91 80 89 33 84
10 97 53 83 100 47 96 9 14 56 56 17 57 85 11 76 93 65 99 55 37 90 94 47 89 22 94 82 45 42 50 93 63 82 36 22 53 42 77 43 56 22 79 43 68 60 59 91 19 33 59 16 5 9 74 46 77 23 75 35 64 29 95 87 11 90 42 51 21 34 7 17 8 85 46 31 99 83 31 64 19 98 51 81 61 16 54 86 5 86 13 19 66 32 81 31 74 74 43 60 22 26 52 56 30 3 4 72 3 27 95 42 71 78 77 17 28 56 50 25 53 97 20 27 47 37 35 16 65 9 29 30 45 80 11 72 7 92 75 33 8 0 44 40 83 82 9 37 89 68 80 52 90 92 13 89 24 42 68 90 77 93 39 77 47 89 88 47 81 100 88 38 42 93 65 39 52 70 22 24 0 50 82 78 63 77 70 98 17 10 94 84 74 39 34 20 42 97 20 93
16 3 15 96 28 76 26 54 19 34 0 19 2 92 12 11 72 11 38 1 46 15 75 43 93 53 8 25 76 90 64 55 41 28 88 20 94 83 72 69 39 3 24 55 42 51 93 67 90 1 71 64 2 96 82 13 61 69 14 93 27 83 38 26 41 39 16 65 0 59 81 51 93 67 78 0 37 34 87 36 3 6 78 73 76 30 19 96 18 29 37 8 72 81 83 50 69 84 7 32 86 85 14 18 42 40 84 11 5 86 93 80 38 54 51 48 31 80 78 89 87 28 38 20 76 11 48 51 4 90 58 59 30 76 32 37 65 54 44 17 76 71 86 88 87 100 32 26 3 58 18 2 76 50 10 87 16 76 100 14 99 5 84 33 14 58 85 99 64 48 4 38 75 37 41 43 69 57 79 45 14 50 66 60 98 47 70 58 81 21 89 6 74 98 78 34 69 10 23 4
85 40 86 74 26 17 68 27 69 93 1 82 23 4 21 73 8 15 95 57 10 18 13 33 95 51 30 1 23 81 2 6 36 63 80 18 19 80 29 88 52 72 25 79 73 68 56 31 67 69 4 66 97 22 100 26 30 49 8 45 76 37 94 77 27 82 74 78 81 91 65 70 47 3 46 41 95 13 16 48 75 83 1 18 54 52 21 94 89 2 90 84 82 32 25 19 53 78 17 71 100 7 89 84 86 52 95 12 88 16 32 20 3 80 42 47 18 28 2 50 31 24 31 66 25 48 91 30 15 5 66 66 90 18 52 75 10 59 10 44 74 33 31 91 45 39 64 95 78 65 27 78 22 2 3 93 62 24 88 91 62 58 55 35 30 5 65 18 22 0 75 21 68 7 21 35 27 8 16 28 53 40 13 24 26 18 85 90 0 7 90 67 10 77 75 8 4 7 59 29
50 37 82 90 89 90 17 5 99 12 4 7 8 34 97 23 5 38 55 74 7 0 64 58 52 100 65 15 73 43 86 92 72 73 91 32 37 59 62 71 21 46 1 40 7 28 64 68 37 27 94 65 60 11 58 64 72 8 77 85 7 94 82 3 79 100 22 0 71 25 49 1 25 93 38 33 82 66 97 73 88 79 57 68 51 8 69 82 12 33 17 41 4 3 96 42 35 83 5 18 59 86 78 55 1 30 37 59 77 3 90 92 76 96 100 100 87 56 42 14 35 82 85 0 66 88 29 10 84 71 42 42 4 70 97 14 52 55 65 60 76 81 88 26 83 8 98 87 2 52 65 40 86 21 52 82 94 47 86 76 56 91 14 87 48 95 63 66 56 67 6 80 5 65 77 75 66 27 55 32 28 62 0 46 39 93 1 44 83 54 75 20 76 13 19 16 59 55 8 84
97 24 4 70 60 67 49 76 55 89 78 63 10 37 63 32 1 24 52 59 61 62 28 28 83 51 11 50 45 79 78 4 55 2 21 21 32 21 43 72 23 15 24 19 31 70 18 47 65 58 57 13 71 58 83 70 98 92 8 88 0 66 60 39 63 88 51 54 81 28 34 42 0 73 68 28 29 4 61 80 73 62 35 62 72 8 7 14 14 86 37 23 11 52 33 39 19 1 70 49 49 82 21 22 61 37 14 45 15 68 33 87 79 22 23 98 51 27 98 88 92 25 20 76 41 42 17 30 27 98 38 100 10 13 68 82 59 41 75 57 9 22 14 58 90 27 73 95 4 95 87 73 4 4 85 69 27 81 94 83 1 98 67 83 10 15 23 95 71 90 30 64 69 0 82 35 87 2 55 68 99 51 91 29 59 65 62 100 21 48 97 48 82 7 44 100 90 50 87 12
39 67 54 50 15 25 18 100 0 60 7 5 58 62 69 4 62 93 13 27 88 57 23 95 78 62 97 53 4 48 21 18 56 24 86 86 97 93 70 27 22 77 22 80 60 48 69 18 59 76 50 35 90 82 93 69 45 13 35 17 71 63 5 5 51 27 55 65 14 20 26 70 46 78 70 16 82 88 11 38 46 27 25 89 21 81 9 73 73 4 50 40 77 34 16 14 30 82 87 26 15 55 95 84 39 58 38 93 93 36 35 28 89 10 46 80 38 35 56 25 99 62 0 72 26 87 6 48 15 7 45 55 49 48 30 32 65 74 7 22 97 63 87 39 73 59 28 40 88 69 94 86 2 55 76 78 6 58 64 21 55 53 4 69 74 15 30 61 60 99 50 21 80 32 29 43 90 34 50 45 44 95 47 31 30 34 40 5 41 5 26 90 9 2 34 24 29 67 47 72
63 54 57 90 34 13 98 39 37 42 10 3 11 66 70 97 97 30 35 97 50 58 62 22 52 21 5 99 27 77 39 79 51 51 6 21 93 16 29 28 61 27 29 87 5 39 10 83 66 12 39 51 74 65 48 91 49 81 46 82 81 56 18 38 86 57 2 4 27 23 92 41 92 4 82 27 65 5 23 65 69 62 97 7 31 55 13 100 2 5 51 79 73 40 100 86 22 36 87 64 8 88 97 61 62 61 92 74 82 32 67 75 49 84 12 27 32 80 20 57 84 30 1 21 38 31 36 3 87 89 3 13 65 74 92 31 5 55 100 55 61 18 4 13 28 49 68 56 93 65 84 27 97 90 23 4 27 33 83 3 77 32 84 15 6 48 58 38 65 69 78 86 58 93 24 38 63 31 94 44 20 68 2 86 41 17 3 32 28 80 30 30 81 13 22 87 69 92 85 87
21 19 12 36 48 87 86 47 70 44 52 78 49 27 93 36 84 3 61 67 21 58 82 73 16 90 41 28 33 34 13 18 2 39 43 47 48 99 86 45 65 87 76 50 81 35 41 82 50 3 19 37 80 98 0 75 34 71 60 99 17 82 75 2 62 12 27 16 38 28 25 95 97 26 26 3 0 9 32 55 90 42 24 0 35 64 0 58 36 35 82 14 61 49 0 77 6 65 13 25 3 29 93 43 1 36 49 63 35 74 88 3 27 78 58 6 76 28 65 54 7 42 31 23 61 4 77 52 30 6 26 39 24 16 25 83 28 20 94 26 39 17 2 55 94 60 4 37 49 9 53 27 83 64 20 47 95 44 10 88 60 97 79 64 24 37 100 63 98 51 82 41 44 92 24 41 55 95 52 55 75 35 71 87 50 89 64 59 26 3 28 29 67 61 73 78 88 71 79 60
77 80 96 70 51 21 51 66 38 39 77 53 15 24 29 55 19 29 77 47 82 17 23 44 47 4 21 16 48 19 69 13 46 85 46 33 21 87 82 65 11 35 55 66 76 52 94 44 46 54 81 67 68 1 75 38 8 32 66 6 75 37 42 40 72 52 79 93 90 3 67 4 36 29 0 64 99 45 50 69 77 82 31 20 21 83 26 11 75 17 12 91 88 45 76 49 5 34 29 21 98 23 16 10 84 7 88 43 95 70 7 87 37 86 16 83 55 80 38 88 84 0 91 4 31 34 50 92 78 76 71 86 56 16 44 56 43 61 43 72 21 24 20 52 69 55 48 17 63 40 6 87 96 49 52 84 38 69 41 30 6 5 4 34 86 23 42 38 51 71 95 49 34 85 77 94 16 83 62 90 95 15 84 26 55 26 38 68 54 59 34 65 22 67 41 51 65 45 70 40
27 15 44 20 60 65 20 40 6 100 100 7 89 12 28 12 5 43 47 15 82 16 42 75 52 65 86 30 23 68 53 51 89 37 60 73 52 29 91 58 37 6 66 99 27 77 90 81 49 26 35 27 37 6 75 95 33 50 8 15 44 54 18 19 42 80 46 96 50 0 17 63 96 0 79 37 75 46 63 69 31 55 4 86 38 75 70 61 81 79 18 100 10 3 67 64 81 15 74 1 80 54 55 14 68 19 45 62 62 41 63 10 40 10 26 76 49 2 74 48 44 63 55 59 69 17 29 48 24 100 29 6 27 2 10 38 40 42 66 92 98 95 5 29 48 29 44 15 66 68 24 50 83 29 57 8 82 39 33 0 9 48 47 52 86 72 47 67 13 26 8 51 9 25 86 94 93 61 100 98 95 23 86 80 69 73 2 53 96 94 5 16 88 28 14 48 17 71 5 35
24 4 52 80 6 76 40 92 93 96 58 17 74 31 18 81 19 4 95 47 58 11 66 39 51 70 98 35 15 41 60 54 11 89 31 3 63 5 52 52 51 61 4 67 59 12 62 96 6 66 12 22 45 86 63 66 77 92 87 17 88 75 39 97 52 31 17 70 29 58 80 13 75 62 76 61 93 24 41 86 60 94 88 82 16 14 24 73 12 33 48 43 12 21 51 4 2 77 57 79 97 24 10 50 18 59 11 44 9 30 11 77 19 25 27 97 85 54 30 3 19 24 59 2 69 34 82 38 40 1 73 0 53 16 26 29 84 91 48 95 5 7 66 89 38 20 40 50 55 80 54 44 95 71 53 61 76 50 46 9 2 74 8 14 43 59 21 21 84 30 14 84 16 67 3 92 70 78 74 38 61 44 3 39 28 19 52 76 47 63 39 46 1 99 42 74 32 39 46 54
91 37 62 32 8 51 3 53 92 95 67 15 67 84 64 1 88 80 12 16 4 99 44 53 20 62 10 39 49 60 61 69 56 82 8 28 34 96 14 74 57 35 63 52 81 5 64 22 56 1 77 22 79 3 37 58 90 20 99 94 20 66 46 41 38 74 53 30 32 51 21 33 81 60 64 62 100 36 87 15 39 26 37 30 47 17 67 75 78 57 64 25 44 49 93 25 89 93 81 43 40 75 12 17 76 90 10 60 97 88 89 15 55 1 85 65 49 21 88 28 30 65 88 43 14 79 93 58 43 42 99 73 37 78 32 20 97 77 25 39 68 69 88 68 2 98 83 91 89 88 64 30 55 5 14 58 95 89 30 68 34 13 23 2 55 66 60 96 53 32 3 42 29 48 47 99 64 73 11 16 83 88 77 37 10 26 49 43 87 98 6 35 67 100 2 33 38 57 43 59
94 35 70 99 37 100 4 33 82 53 60 94 43 13 48 94 34 52 38 82 33 68 99 56 29 48 19 22 48 65 10 29 10 38 47 31 88 1 25 31 87 7 88 31 33 16 41 60 54 75 68 27 18 46 82 17 42 58 10 98 24 63 64 1 76 53 58 49 29 83 62 15 26 74 50 99 16 33 56 83 69 88 58 23 82 17 34 69 44 7 88 19 59 4 91 43 19 76 78 46 61 86 99 93 87 6 61 40 73 48 21 48 66 68 81 96 98 41 7 3 66 60 55 60 21 13 34 87 78 94 56 2 93 80 23 0 71 75 82 7 41 21 14 1 28 0 25 4 0 33 24 68 10 93 60 43 81 44 42 90 88 4 87 62 26 40 81 32 98 38 91 100 32 59 40 80 59 42 59 43 5 77 57 39 21 97 26 46 62 30 34 95 94 46 2 34 35 81 74 95
63 19 31 51 34 3 86 95 89 88 20 77 40 1 85 78 55 36 59 57 60 34 66 70 3 96 68 85 56 64 34 87 80 19 81 26 35 99 34 38 67 64 3 36 91 84 44 81 75 47 29 53 49 100 74 84 79 24 23 17 89 42 83 64 94 57 30 33 34 56 79 35 100 47 55 75 60 60 93 91 92 44 25 20 66 62 51 64 44 39 57 96 62 4 82 45 0 5 73 27 5 77 59 92 98 65 74 29 5 60 72 62 9 31 70 84 49 45 34 93 98 96 79 33 48 54 1 32 16 93 71 48 40 8 43 41 56 83 92 84 33 65 13 92 35 32 55 68 97 1 84 10 44 46 61 25 39 12 26 58 24 1 44 23 39 20 40 47 41 15 28 42 0 39 2 31 28 38 40 48 79 100 79 40 62 9 68 18 30 5 14 53 86 52 41 24 17 70 88 3
55 21 75 47 40 62 64 98 90 42 26 45 31 18 24 55 10 13 31 73 6 12 70 30 68 15 67 14 83 61 13 53 47 43 72 99 2 7 11 84 93 92 4 70 48 21 34 49 89 16 11 72 77 78 6 36 15 20 9 81 99 12 1 40 22 85 12 12 64 41 19 91 29 68 100 27 37 12 75 47 76 2 16 86 14 91 87 7 58 73 71 48 41 7 58 75 88 39 77 59 92 32 8 71 92 79 12 70 24 78 69 61 87 21 92 82 25 53 86 7 49 67 6 85 58 99 72 35 35 69 20 56 66 26 59 2 36 9 47 45 21 48 78 37 34 19 75 73 7 66 64 8 27 33 81 95 98 54 25 5 58 64 71 60 76 33 40 63 62 89 44 90 50 29 60 51 67 81 15 25 89 60 76 49 79 73 7 6 95 42 57 8 81 47 18 48 9 59 70 54
31 68 70 36 42 38 76 56 5 62 29 99 24 66 11 92 45 65 36 81 72 8 57 57 78 76 5 44 40 71 58 53 85 4 66 47 24 50 45 35 80 66 38 46 37 40 74 19 56 5 54 90 70 58 8 16 72 35 92 16 82 62 88 28 48 36 5 39 16 54 60 38 21 22 20 90 54 73 25 45 98 0 80 50 98 79 39 30 70 44 29 88 88 100 89 89 8 91 2 20 89 98 55 11 20 92 65 2 60 97 96 92 2 97 19 58 72 61 92 37 39 12 49 67 60 35 8 98 64 20 30 5 50 15 94 60 81 75 90 28 77 44 22 64 72 87 0 92 92 55 81 52 75 8 5 1 60 51 76 57 63 71 14 51 88 57 1 52 29 94 87 60 19 86 51 77 88 41 45 57 57 70 100 34 65 37 61 31 34 2 78 41 6 92 91 94 14 70 28 88
29 27 95 79 98 79 26 96 44 85 70 79 82 20 72 9 71 62 14 78 70 56 88 15 14 24 3 40 63 98 43 7 63 86 12 8 61 44 69 100 40 86 9 47 68 59 36 50 100 84 24 29 84 50 82 80 89 16 82 56 75 5 60 1 84 19 69 57 74 82 41 15 91 31 47 31 3 54 83 2 37 49 1 95 57 87 5 51 82 43 12 36 14 17 46 83 51 94 36 26 94 71 2 97 6 4 7 94 40 81 55 87 93 14 61 41 85 21 0 34 69 56 74 14 24 62 93 4 76 21 27 85 54 48 59 7 40 89 57 50 74 71 53 78 73 31 80 56 51 98 33 92 48 85 53 76 39 89 48 74 19 19 14 73 97 29 100 65 38 59 66 93 27 57 96 20 30 19 41 33 4 63 9 50 70 60 53 80 68 11 61 68 89 22 49 81 45 32 84 36
14 80 65 4 48 59 43 42 5 50 89 13 60 47 91 38 81 23 45 23 73 33 21 26 2 67 65 80 49 96 48 56 56 33 62 98 21 60 60 28 19 52 89 41 96 38 13 5 83 29 29 20 37 86 34 56 9 11 75 10 77 50 41 39 65 33 95 27 11 73 8 74 96 14 64 45 92 92 32 4 44 2 13 1 3 47 39 31 89 28 8 20 23 93 48 42 29 42 32 23 3 16 10 18 1 5 39 58 15 24 31 74 73 48 60 13 16 60 45 54 32 89 84 32 61 92 95 100 20 53 75 75 52 72 49 46 86 52 40 25 72 99 3 32 20 67 32 40 100 97 35 16 26 66 31 97 45 28 27 81 34 39 47 52 88 60 11 50 11 32 15 93 49 40 63 1 90 5 97 90 45 4 34 28 30 17 89 41 7 89 23 60 64 68 62 82 5 10 56 0
44 55 71 76 5 10 42 39 94 48 21 95 50 53 69 17 38 96 33 57 41 48 32 6 50 76 7 16 83 86 6 47 51 15 86 77 52 99 58 96 40 93 23 30 96 67 17 15 39 91 61 56 76 24 90 34 17 33 53 89 21 49 37 66 8 26 46 41 21 35 40 6 19 92 25 43 85 1 45 52 89 6 58 56 12 81 56 47 11 22 3 72 93 77 26 29 36 9 57 88 17 87 2 20 91 28 21 77 70 44 81 62 16 68 84 33 92 100 44 59 93 0 34 72 83 70 32 44 39 53 28 86 35 92 40 24 82 98 50 50 62 4 9 53 31 90 63 55 46 39 51 33 69 80 23 92 10 31 38 7 67 100 36 59 48 20 66 60 43 17 75 1 23 38 25 40 36 65 93 12 6 78 4 16 35 33 7 0 95 74 50 65 62 17 94 22 82 17 64 22
11 76 89 65 26 34 90 86 61 75 75 94 2 49 83 46 78 25 31 30 5 43 34 22 20 63 48 97 0 28 69 68 51 91 87 82 26 98 38 54 93 39 2 42 56 36 81 76 9 100 59 38 39 1 72 72 95 2 3 83 48 57 71 85 73 56 64 34 46 37 34 23 40 55 19 13 42 92 1 68 70 29 7 7 58 10 63 92 12 38 26 16 78 22 0 86 35 63 51 7 93 75 51 52 60 83 11 97 27 61 66 16 29 82 92 91 11 49 57 5 66 91 5 37 81 41 4 9 82 54 0 74 63 23 90 41 86 41 66 14 8 22 10 38 90 33 74 51 12 6 17 28 94 43 45 1 82 43 67 23 30 65 0 60 88 26 93 70 46 91 8 21 48 69 80 18 69 3 26 27 35 70 65 97 11 95 48 99 56 30 31 78 55 25 84 55 24 76 24 35
33 92 49 91 25 27 59 13 68 56 65 82 62 31 72 68 25 46 59 59 6 31 45 27 63 94 22 0 80 61 70 71 1 91 96 18 11 20 0 7 62 36 86 73 25 84 40 16 97 55 74 7 71 8 9 79 57 23 54 97 33 1 11 17 94 53 33 17 35 39 5 63 55 28 19 91 30 13 20 100 79 27 8 31 75 85 86 14 55 77 65 49 55 37 58 82 93 94 96 89 42 60 30 90 5 76 93 30 92 65 92 50 84 51 50 49 10 32 14 91 99 68 24 80 14 0 26 38 5 3 20 91 82 52 40 52 35 100 76 35 64 46 56 92 7 69 88 9 9 4 27 15 42 8 59 15 5 6 42 24 91 57 34 30 35 99 80 88 53 63 59 17 54 51 5 7 1 28 63 66 68 52 82 7 46 86 69 37 36 7 30 51 66 95 60 92 38 43 15 74
18 56 41 27 53 12 25 69 71 71 62 16 43 69 8 14 11 0 76 3 7 30 49 56 86 60 33 48 62 36 95 67 1 53 42 41 25 28 40 92 52 12 66 13 58 46 49 38 14 64 88 29 14 71 98 7 14 36 36 66 54 90 97 64 88 91 77 15 49 25 19 82 78 32 71 8 27 68 73 40 48 81 23 56 62 60 66 75 7 79 94 15 28 61 12 32 39 21 26 63 99 79 22 56 97 58 66 73 57 10 12 76 11 72 7 39 91 71 81 55 83 55 19 65 4 82 47 7 63 87 68 85 10 66 28 46 57 20 37 78 14 29 51 7 21 53 25 44 92 19 37 86 8 12 43 86 39 88 61 96 96 23 0 81 98 20 74 29 70 51 8 94 54 35 68 31 33 15 72 88 89 35 17 79 64 72 1 22 41 90 46 29 14 35 10 36 71 70 68 84
28 14 76 11 64 81 35 21 55 71 34 83 21 1 67 9 95 60 27 8 61 90 31 12 47 43 37 35 86 91 47 34 23 93 94 21 61 30 0 17 59 4 38 54 3 83 100 50 31 56 40 100 89 79 60 64 67 15 18 64 60 65 89 77 42 48 35 26 32 82 8 34 3 70 52 13 71 83 72 26 0 97 64 37 7 74 11 38 6 68 93 91 18 38 65 98 32 67 47 89 96 14 71 50 29 65 0 35 98 70 2 23 32 97 81 75 13 74 51 77 51 13 14 61 65 68 30 6 57 42 82 70 98 76 72 86 52 71 66 47 44 50 20 94 97 59 12 73 74 83 80 57 67 1 42 98 31 85 47 16 31 63 98 27 18 61 20 92 62 78 41 7 42 78 36 98 83 91 53 21 12 59 74 70 19 45 59 16 62 32 16 82 8 53 11 21 84 4 8 78
79 32 86 57 89 11 73 82 39 26 93 100 15 54 39 1 82 63 53 98 87 2 98 95 65 41 24 2 40 95 84 89 36 80 57 36 5 22 41 23 52 5 63 20 89 19 88 18 5 51 3 21 14 84 85 71 50 69 98 75 2 22 24 25 83 29 73 37 76 46 32 33 37 46 62 72 16 18 79 83 34 34 4 40 78 41 39 82 95 58 57 80 82 20 4 45 41 66 46 44 32 25 43 11 20 96 99 82 39 44 81 80 47 81 5 1 89 8 98 78 82 9 11 87 56 81 72 3 84 33 5 6 66 38 17 10 41 70 57 76 69 98 74 69 93 45 35 79 74 55 82 22 22 55 35 36 63 13 52 100 10 73 74 96 70 7 73 72 24 23 54 17 91 63 37 93 59 0 55 60 19 10 94 8 90 59 7 94 35 74 32 1 22 61 93 8 4 59 100 9
59 86 47 55 74 88 98 30 38 47 75 80 17 22 73 56 48 26 50 100 93 5 56 52 94 83 69 25 42 97 86 6 19 54 84 47 52 78 76 63 83 16 76 60 50 42 44 12 97 97 7 33 32 0 36 37 60 91 51 88 67 97 83 64 80 56 5 72 96 85 70 52 40 11 59 89 76 52 47 60 0 46 19 96 27 62 34 89 36 39 50 33 63 52 69 51 16 47 10 4 12 70 67 66 99 16 99 96 13 7 69 12 28 21 1 32 5 45 21 77 76 57 52 46 65 60 60 34 74 30 47 12 19 7 71 65 65 43 14 17 99 69 67 76 96 25 0 76 46 56 23 34 69 17 48 67 59 71 9 17 37 10 47 9 83 31 43 52 45 32 58 90 18 13 53 46 35 60 41 33 7 4 56 0 55 28 65 70 23 28 78 10 62 81 16 90 14 85 19 55
98 57 53 17 79 38 62 88 99 4 89 27 89 4 91 57 26 63 22 91 79 7 62 76 25 4 13 75 76 23 6 9 8 50 1 16 74 25 6 24 5 30 16 89 95 28 68 99 27 40 48 68 98 72 38 79 13 46 79 11 81 73 19 79 10 66 1 73 64 61 70 82 66 14 86 27 64 80 22 93 21 46 58 89 46 43 24 7 48 60 75 45 98 50 9 48 46 21 78 39 61 72 43 25 30 66 92 58 62 15 72 100 52 15 53 79 7 9 14 58 33 6 19 50 88 30 67 82 12 42 73 9 87 55 35 39 51 98 63 45 67 97 46 37 88 77 12 46 89 93 19 88 61 5 58 21 80 37 92 90 81 95 55 5 33 33 25 89 39 78 64 84 44 2 66 85 88 74 16 52 63 58 44 35 20 87 52 70 62 83 34 56 77 0 36 49 72 72 84 64
66 52 100 41 15 8 0 76 59 12 79 17 95 41 34 87 17 19 64 28 33 18 27 91 76 64 22 29 68 51 59 30 38 22 100 49 80 57 17 21 11 43 61 65 50 66 60 86 17 54 22 51 71 88 61 4 76 33 57 37 39 97 26 92 65 82 14 79 25 69 95 62 43 90 98 72 96 52 16 68 45 16 12 57 79 78 26 82 88 46 45 92 35 89 95 5 13 9 10 78 82 2 72 90 97 78 1 18 0 84 71 27 86 1 28 85 14 5 0 58 26 84 63 75 52 30 80 51 77 17 4 25 33 16 43 10 27 91 69 5 85 93 8 86 81 96 55 20 84 5 13 42 75 80 53 54 34 83 78 18 29 38 45 70 76 68 18 93 6 37 72 2 73 80 26 5 33 53 81 91 67 8 44 36 89 14 34 52 62 26 83 73 52 40 66 27 58 86 98 60
82 29 39 43 84 50 26 88 48 10 31 56 5 69 81 10 68 13 69 1 81 85 3 88 98 33 22 76 20 45 35 54 14 30 11 52 73 19 37 24 78 30 33 7 80 50 88 57 68 14 12 27 100 44 62 41 23 68 28 9 25 54 78 26 96 81 21 25 49 48 66 44 36 85 50 51 100 42 71 96 46 18 34 5 42 90 47 89 97 84 75 11 74 5 59 9 75 40 9 90 70 97 5 13 32 5 77 28 18 69 7 95 40 54 55 21 45 5 54 15 11 10 100 81 60 82 53 15 46 5 69 62 65 93 34 90 22 30 81 97 94 26 37 38 80 84 99 36 65 28 50 22 17 0 87 59 33 0 25 93 83 34 11 60 2 57 89 69 98 46 8 56 90 47 60 73 5 5 58 68 47 16 42 95 5 12 52 89 35 88 51 77 78 78 27 32 5 6 9 68
55 73 61 30 69 68 27 94 74 94 0 17 10 21 51 86 90 73 42 43 29 23 92 19 53 61 34 2 80 27 84 37 8 20 1 55 31 4 78 84 31 34 35 5 27 34 9 5 32 95 12 81 76 12 26 92 64 13 53 4 82 3 20 39 29 5 52 84 35 12 67 4 5 65 62 57 85 25 4 80 97 18 2 78 22 98 54 33 7 89 25 74 91 72 51 29 87 44 88 5 56 69 22 25 48 60 72 42 28 10 39 23 30 71 4 38 69 92 23 48 72 80 17 52 37 43 21 82 91 2 13 90 47 4 0 61 0 34 82 5 30 24 45 52 75 4 13 37 43 80 83 73 84 70 36 48 56 25 20 42 9 31 58 9 28 47 51 7 97 95 9 58 27 58 23 42 47 80 52 93 14 60 3 7 22 60 49 26 50 22 77 99 14 7 31 7 84 50 52 69
27 60 7 33 7 88 18 73 22 64 6 100 60 5 50 37 66 36 92 94 72 5 60 63 97 4 3 17 4 57 84 57 25 30 45 21 12 100 31 9 93 76 71 65 49 15 78 80 43 70 86 51 24 53 34 0 92 66 85 0 94 32 60 86 20 51 50 76 19 70 5 86 84 11 47 95 8 2 4 17 53 49 96 21 64 66 57 60 25 46 43 61 8 34 10 92 33 83 75 25 44 50 73 31 19 68 9 18 30 82 52 55 58 84 79 36 47 51 96 80 87 38 37 78 29 33 22 13 77 38 93 48 94 41 59 49 52 96 14 38 27 16 96 42 48 24 80 39 15 89 92 12 41 25 51 82 3 31 65 46 9 61 90 38 96 70 77 61 77 48 82 23 73 80 80 54 28 87 52 83 81 54 49 43 99 98 64 14 78 57 30 55 6 20 37 91 48 84 75 37
10 58 41 100 11 38 39 42 8 77 37 90 6 0 71 62 39 4 11 33 42 78 41 100 71 86 97 15 59 92 91 86 47 48 74 91 18 96 31 76 38 31 29 81 61 97 94 81 39 57 65 75 7 40 6 40 45 14 86 64 64 100 89 74 55 11 10 91 10 90 69 90 88 98 83 97 96 38 69 26 9 67 34 26 30 57 66 32 3 63 60 59 93 27 64 67 43 13 42 100 8 27 5 37 45 95 13 4 14 61 82 23 90 24 97 4 25 47 77 55 22 64 18 69 62 62 75 53 61 87 88 17 18 11 94 70 71 93 74 32 95 27 54 61 85 25 95 1 54 13 39 74 4 45 65 99 49 7 53 77 38 13 64 25 96 85 72 41 82 4 34 4 22 63 4 17 34 38 39 82 72 65 0 88 89 51 29 30 11 56 96 9 26 54 47 98 95 30 32 1
15 51 82 18 41 59 75 5 94 80 100 23 34 18 16 3 16 46 81 35 84 12 52 23 38 75 59 88 41 61 38 59 6 21 17 20 66 44 32 79 17 76 53 44 63 22 89 79 75 44 8 59 51 26 15 48 94 33 100 19 18 13 90 17 14 54 86 47 38 38 12 29 60 33 87 0 87 60 39 70 100 4 8 15 85 85 55 14 86 54 18 31 81 21 36 71 81 69 72 18 78 70 95 16 96 29 57 56 9 3 80 96 22 85 31 67 91 26 15 5 42 83 78 69 73 69 97 11 55 1 20 34 99 64 51 74 99 10 52 79 85 77 2 20 70 46 54 51 29 19 36 91 48 61 33 22 43 7 18 87 44 57 2 88 14 70 33 98 38 27 30 99 58 2 38 80 47 78 9 53 15 38 47 89 84 99 19 86 17 67 50 54 62 27 13 45 67 41 59 51
67 72 28 47 27 56 66 92 40 80 84 5 89 6 69 96 13 97 89 83 33 28 89 89 10 26 21 94 77 20 29 12 62 10 77 85 30 67 49 3 85 49 47 36 44 7 92 56 81 74 7 26 85 14 50 3 91 6 71 86 54 3 77 20 28 81 42 19 11 41 85 66 36 78 0 52 14 72 14 63 11 11 49 63 94 5 64 50 11 69 96 87 16 63 70 14 58 79 77 81 43 20 3 1 79 9 6 54 78 70 29 99 37 77 40 89 30 18 45 31 9 93 0 86 81 70 35 49 44 3 55 68 31 100 4 64 20 15 82 100 43 97 21 21 10 96 51 51 84 17 44 9 66 4 68 12 78 42 82 10 63 86 61 83 74 49 79 43 50 51 88 2 47 47 10 60 89 91 5 69 41 79 92 17 65 21 24 45 62 66 93 40 69 10 53 23 27 29 77 97
74 8 14 30 50 47 83 89 1 73 14 89 56 13 11 73 49 25 82 73 89 50 41 81 36 36 34 5 72 9 37 17 74 14 98 62 79 8 55 55 18 43 20 45 97 96 19 45 12 66 29 90 21 58 4 0 78 2 74 88 23 16 11 70 2 83 100 1 63 20 98 41 84 26 29 51 4 8 34 7 96 87 54 49 92 34 21 19 95 26 16 64 23 64 74 80 40 15 80 30 12 35 78 44 91 49 65 59 29 56 56 91 9 33 59 1 26 79 19 59 80 41 52 40 53 95 13 13 14 92 59 36 36 6 96 23 62 13 29 33 45 28 8 67 28 74 29 3 30 48 8 59 32 6 30 58 58 37 76 63 8 36 90 40 62 55 35 58 60 7 57 98 68 5 10 79 14 99 56 50 82 36 50 74 35 7 85 74 46 87 48 48 66 5 32 16 5 80 61 54
6 80 45 85 89 46 48 65 85 33 60 52 31 52 27 65 79 16 22 90 35 30 34 7 84 20 19 84 71 21 73 67 58 4 4 27 36 38 99 98 4 24 72 11 10 75 73 72 87 33 52 7 53 78 15 99 4 11 0 91 24 14 76 26 95 20 80 1 45 9 45 68 57 45 6 33 64 87 13 54 89 22 88 10 87 5 4 42 7 59 5 51 100 62 96 76 80 89 84 95 35 46 17 0 59 45 17 59 88 50 86 94 80 28 80 99 4 5 63 33 72 22 72 3 83 70 17 47 53 40 7 9 12 75 8 24 31 62 66 51 36 4 26 67 40 3 5 27 52 79 52 20 10 34 91 14 49 20 4 42 44 87 3 11 30 6 20 86 40 81 73 12 8 3 42 13 74 19 37 57 39 61 95 10 66 19 68 31 91 45 91 75 17 27 94 48 46 74 71 4
49 42 33 4 99 29 79 4 22 65 37 73 52 23 32 66 73 47 27 95 66 13 53 36 75 60 12 98 53 91 37 9 13 0 72 52 47 98 98 82 39 45 19 85 87 10 11 22 39 49 63 52 29 98 85 59 70 38 93 33 43 69 85 51 51 49 71 71 77 34 100 40 55 62 64 85 98 64 3 28 22 54 89 68 96 76 60 73 80 19 15 47 10 54 28 71 24 23 46 73 65 84 19 26 95 26 63 27 91 26 38 5 60 70 28 40 47 63 27 96 23 11 2 42 69 17 90 9 60 86 94 99 38 26 88 1 87 21 1 47 33 51 35 56 34 48 42 88 65 0 64 72 85 41 81 16 86 27 56 36 81 39 52 94 4 35 75 52 94 19 67 36 82 78 7 33 87 54 96 46 57 65 88 25 68 42 36 75 63 39 73 91 90 56 14 96 54 75 36 100
55 30 17 33 25 46 57 4 4 63 45 36 72 58 35 0 42 3 10 43 72 10 22 96 66 49 49 57 32 81 50 59 59 17 19 11 93 21 84 55 95 84 48 17 62 34 43 59 78 3 34 7 11 5 46 94 59 86 62 92 40 63 42 4 30 74 9 71 2 31 68 0 75 61 65 20 22 83 36 62 54 67 27 63 37 27 37 88 32 63 14 51 53 34 34 75 63 20 81 3 96 50 100 4 100 58 14 88 28 13 18 36 43 71 88 48 94 14 82 7 49 60 79 64 64 48 12 95 43 2 41 83 89 30 50 9 65 9 86 33 14 72 36 58 38 70 20 16 60 53 44 72 31 85 53 77 41 79 44 77 85 61 88 32 84 33 54 96 32 84 95 17 99 41 67 29 68 0 43 28 99 39 70 10 66 18 22 16 96 68 55 15 52 69 91 60 55 43 40 3
98 74 34 35 55 5 19 57 13 89 36 2 94 91 100 90 61 79 56 27 4 69 75 31 55 12 13 8 91 68 76 89 2 79 31 66 72 33 79 17 51 40 48 40 91 56 2 91 100 3 71 40 16 89 22 26 1 83 29 94 87 80 12 69 62 46 98 64 77 9 49 23 32 49 4 94 7 79 93 61 98 25 46 73 28 58 35 18 38 38 3 37 61 61 50 28 43 6 97 36 87 17 51 68 82 4 11 56 6 39 72 51 27 66 74 62 60 47 14 33 97 27 22 53 5 5 38 65 70 95 78 94 69 57 15 16 40 30 55 29 13 23 67 32 85 95 7 88 76 88 91 40 67 91 74 55 89 84 74 79 96 21 88 67 72 22 68 15 100 30 0 44 80 38 11 3 26 17 11 93 4 89 32 6 68 81 32 32 17 28 21 10 60 84 78 55 19 40 84 64
66 21 35 56 4 42 23 3 72 34 65 63 31 69 36 10 85 34 62 60 20 97 0 25 36 72 80 51 7 4 80 30 13 27 55 53 40 88 61 42 98 12 13 92 39 36 21 37 38 14 32 89 42 33 38 34 37 29 32 97 54 35 60 42 17 49 56 13 75 84 28 85 8 34 46 14 72 76 37 45 73 52 45 5 97 19 69 55 70 42 96 46 7 68 62 64 45 34 58 73 76 32 69 21 54 80 46 40 62 44 72 24 82 16 69 34 82 26 82 7 26 50 14 46 29 67 11 96 82 26 45 89 77 68 64 56 9 91 20 32 4 74 11 29 41 3 31 60 43 22 68 80 20 70 86 77 83 34 85 43 8 45 3 89 79 71 4 23 29 1 56 34 50 50 62 90 56 47 39 60 92 42 49 79 21 64 82 38 36 63 82 2 68 59 68 9 21 72 57 69
4 84 72 75 89 68 79 69 29 26 36 53 53 97 77 88 44 49 20 42 74 20 71 40 92 66 11 26 54 87 96 12 37 81 18 87 72 23 31 41 29 100 71 100 52 29 23 15 97 22 19 80 68 82 37 95 74 96 51 46 3 28 81 6 67 12 60 65 15 23 83 53 96 69 60 70 86 59 32 11 57 11 19 89 45 47 100 23 56 36 2 70 9 92 63 44 99 91 32 44 21 20 46 7 16 85 77 87 27 94 54 3 62 75 68 83 88 94 40 3 58 89 64 22 73 90 50 79 75 69 59 27 58 71 56 67 84 22 55 41 71 100 22 23 78 15 3 90 55 21 11 54 18 91 14 56 79 51 45 60 73 44 64 15 52 83 37 5 89 78 50 30 85 17 90 90 30 99 76 5 91 66 12 81 56 2 12 64 0 5 50 93 76 55 15 9 17 50 87 10
83 54 73 1 2 7 63 55 77 90 78 46 31 84 91 20 57 48 81 4 57 3 91 1 57 19 88 47 93 86 85 76 43 48 40 21 29 6 60 57 96 19 28 14 30 2 49 79 23 94 64 17 75 31 43 6 81 48 82 96 98 97 19 21 87 74 22 96 20 8 20 38 6 82 15 11 26 6 58 14 20 91 34 83 38 72 70 78 26 19 18 53 2 71 16 74 65 82 52 76 82 37 96 44 41 91 82 16 35 10 37 41 93 99 3 99 84 63 54 52 33 82 82 15 8 21 91 91 36 74 96 75 62 17 19 26 59 70 0 52 31 21 80 61 87 71 59 60 69 41 47 41 49 99 20 8 24 60 92 55 73 58 39 57 97 70 72 18 5 70 9 65 94 64 65 84 48 10 95 27 19 39 84 74 99 12 34 78 11 49 22 72 43 84 1 54 45 96 9 32
12 44 86 53 92 27 70 23 54 0 0 37 55 100 9 27 99 48 35 52 79 18 38 72 17 18 3 39 17 87 79 89 20 4 35 73 60 42 45 61 37 63 9 37 6 60 98 47 31 59 6 90 19 80 79 50 89 32 3 30 27 12 47 38 30 8 84 50 81 23 55 69 3 42 13 95 60 54 37 21 7 48 63 43 83 100 78 9 38 73 48 21 23 67 21 75 53 70 61 37 92 100 54 65 50 76 56 79 37 98 49 67 96 64 57 59 100 43 12 59 34 76 62 3 66 18 4 57 10 99 56 85 12 28 27 66 17 77 21 24 78 77 63 40 5 30 91 27 50 95 35 36 62 54 38 76 39 32 63 73 100 25 31 3 29 79 50 17 15 33 32 26 100 4 57 97 27 42 5 33 58 60 13 75 16 17 3 66 56 64 17 71 96 68 59 70 53 81 28 32
49 60 62 36 39 36 53 13 98 7 69 16 27 15 63 96 74 68 84 52 13 3 46 20 70 99 4 73 36 34 50 74 97 49 66 82 30 96 49 43 15 85 99 98 98 51 35 82 14 82 36 21 2 74 72 96 29 47 82 16 90 67 58 55 15 16 1 94 9 16 10 8 50 97 36 61 45 90 57 69 62 95 86 37 31 88 8 44 86 33 80 40 36 16 74 35 54 3 6 48 57 93 76 81 92 82 83 39 43 30 85 38 73 68 91 53 7 99 99 71 56 18 28 42 3 33 66 98 83 97 100 62 93 65 29 66 53 34 1 12 42 26 94 2 90 16 97 84 54 76 75 23 25 7 23 29 52 7 45 62 30 41 52 73 84 77 72 46 31 81 8 80 10 20 25 69 46 72 56 72 38 11 63 53 93 38 7 52 52 90 34 28 56 76 28 93 68 83 69 75
76 57 19 46 93 41 37 38 65 84 13 47 64 32 88 38 93 60 77 49 12 59 25 13 25 26 8 77 92 83 30 8 20 49 22 10 21 38 46 22 70 18 61 69 51 19 84 91 31 41 45 40 35 73 11 3 59 21 8 64 32 44 27 84 4 74 1 65 21 21 92 45 35 84 55 24 84 53 29 55 22 97 41 44 77 5 38 8 9 68 8 100 100 29 4 95 43 51 99 15 53 56 60 55 75 76 48 33 32 52 48 80 55 37 67 15 18 96 4 66 47 84 52 27 44 94 29 84 19 19 12 75 94 34 39 33 41 75 59 49 73 73 18 39 83 54 83 43 26 86 86 13 81 33 24 87 16 48 86 21 90 81 45 1 36 76 79 89 46 9 37 58 27 56 76 64 70 4 97 99 97 29 1 4 47 51 16 7 61 0 75 8 6 55 65 80 34 96 91 13
8 54 11 60 26 44 28 88 85 82 88 83 30 38 63 93 27 10 52 40 100 59 38 94 18 80 100 83 46 79 46 72 34 74 22 34 30 39 94 24 45 91 4 91 96 74 61 10 65 15 16 85 92 65 2 37 90 99 89 63 44 72 88 71 87 98 16 70 91 38 78 38 88 81 65 77 82 49 16 58 77 82 17 41 2 22 33 55 30 82 56 32 40 41 29 91 9 29 7 44 6 44 25 93 54 39 30 53 44 99 98 65 68 34 98 71 19 90 55 10 90 65 82 56 82 52 49 82 80 46 55 43 8 54 4 20 48 87 29 100 52 67 62 59 26 30 72 42 42 36 78 55 26 83 18 2 54 0 77 79 31 44 79 55 73 53 45 64 92 0 98 16 28 2 12 81 45 55 51 54 23 71 15 100 9 36 69 35 54 79 93 89 61 30 10 52 45 18 35 75
10 15 19 78 16 71 24 28 17 9 80 31 33 10 81 23 11 69 21 41 95 17 15 68 64 93 54 4 20 47 91 53 52 35 3 3 68 6 79 53 81 56 20 31 60 2 90 27 38 69 67 24 80 37 96 5 80 38 62 19 54 83 41 36 39 20 16 7 66 94 57 93 66 89 91 29 1 79 78 26 71 95 99 10 16 25 49 70 69 37 70 15 61 73 53 68 62 87 91 47 35 64 64 80 100 9 42 25 17 93 57 91 7 0 55 29 16 57 34 83 46 11 53 66 25 74 53 47 88 41 92 31 48 17 59 55 97 80 71 60 77 24 23 60 46 0 68 24 92 83 54 9 80 24 93 67 66 72 91 98 13 35 94 43 27 100 13 41 67 81 93 69 55 42 3 12 76 95 46 30 7 30 55 85 88 20 98 23 99 42 5 71 28 19 23 79 48 33 68 61
51 16 72 52 49 49 33 25 80 0 27 12 59 0 13 81 58 74 14 46 95 45 71 35 57 33 8 41 33 8 55 66 32 99 21 100 67 86 72 40 14 55 36 62 96 9 35 29 21 56 45 65 24 79 46 56 42 95 26 10 0 14 74 80 64 23 88 82 3 4 62 76 66 76 89 75 59 61 39 58 40 24 32 55 64 37 0 91 63 28 58 71 52 6 84 65 94 70 6 9 12 44 6 1 42 78 93 48 60 90 89 26 36 0 69 46 11 59 14 72 3 40 13 82 67 45 10 29 47 83 71 92 23 86 20 25 80 69 5 17 28 38 58 46 3 34 28 58 27 54 22 90 44 13 58 17 67 54 50 75 47 0 4 8 85 39 80 0 63 67 79 87 37 56 91 69 42 72 52 78 69 30 97 46 39 80 41 10 63 14 97 34 37 62 83 56 57 91 29 67
19 80 19 42 8 72 66 99 35 18 4 70 76 10 52 91 64 76 13 71 68 94 6 87 96 86 97 99 85 33 12 19 47 11 70 32 18 95 35 78 24 11 30 27 94 21 7 89 43 93 96 32 23 19 42 2 3 14 42 98 49 93 69 6 98 94 6 63 87 39 72 2 79 30 9 84 92 40 80 18 4 85 26 7 5 13 63 95 12 79 52 55 82 30 44 6 27 18 47 13 2 34 73 9 43 55 99 72 34 39 5 79 20 83 15 1 87 75 73 10 86 42 44 11 80 61 95 42 42 6 7 82 3 58 82 75 9 1 75 68 44 69 82 13 18 100 3 67 1 70 76 14 16 62 21 31 41 85 72 54 69 98 97 88 89 73 83 88 100 80 86 58 97 84 74 67 75 73 38 65 78 64 86 60 41 26 23 6 16 63 25 10 46 70 31 80 95 31 53 97
8 84 18 63 100 45 61 71 38 61 17 68 45 72 67 71 69 51 52 35 6 28 26 28 86 51 90 1 5 78 69 79 27 83 95 56 1 69 41 26 29 45 97 68 30 68 74 15 50 84 43 17 1 20 90 79 92 54 52 55 55 18 46 13 65 93 54 29 11 27 48 95 25 7 47 26 62 6 46 43 11 12 50 76 86 78 30 8 6 85 86 57 44 12 3 51 40 91 19 28 65 45 30 97 20 81 18 0 21 52 86 69 28 79 47 0 94 20 21 20 30 64 98 35 77 67 94 27 22 62 26 0 43 25 34 37 44 46 3 98 62 59 76 69 40 18 18 16 74 73 13 28 44 10 15 26 43 43 23 55 4 68 13 53 27 59 88 22 82 91 46 30 74 30 3 12 2 15 37 67 96 39 40 81 34 91 78 39 47 60 83 34 77 100 97 59 1 97 48 63
25 57 90 96 84 52 75 39 72 37 100 45 33 31 92 68 48 31 16 23 86 54 4 84 26 14 31 7 63 47 96 58 30 93 43 39 59 49 90 12 100 19 78 82 56 33 33 48 98 31 64 6 93 94 44 20 83 6 85 30 50 76 28 93 84 34 39 34 73 18 14 38 62 42 45 58 31 4 63 51 3 30 8 46 0 86 72 15 45 71 37 37 8 15 13 65 36 87 3 80 75 72 2 78 15 95 6 88 58 83 97 71 61 2 11 47 98 3 12 6 74 33 13 85 95 73 89 29 12 43 92 82 83 64 12 23 25 0 33 64 78 90 58 82 24 85 54 93 25 46 98 8 81 59 100 36 51 36 3 49 36 61 5 76 28 46 13 3 40 48 57 86 68 48 69 80 39 3 29 81 74 50 19 71 66 9 80 12 97 36 41 22 61 84 75 73 81 64 28 61
60 13 62 40 51 27 61 57 26 42 70 69 52 94 20 66 67 3 8 19 15 25 55 65 17 23 4 98 20 96 57 95 84 45 35 52 11 63 56 76 3 88 81 76 82 90 55 2 51 87 94 66 2 30 41 29 18 0 37 88 8 2 25 43 83 9 81 6 99 97 31 0 59 98 45 74 68 55 74 71 33 30 7 39 56 61 57 11 78 74 10 95 75 79 11 21 23 34 33 6 47 74 89 35 52 70 60 86 9 91 59 24 25 59 39 53 68 23 21 42 4 2 72 25 54 69 9 6 42 10 11 34 72 82 35 80 61 84 65 46 4 53 31 95 30 68 39 45 70 69 19 31 1 70 97 56 31 76 97 53 60 60 48 87 20 3 58 10 26 70 69 98 60 54 7 74 3 74 69 72 73 29 7 8 66 3 52 11 39 20 42 97 90 58 70 2 49 57 80 38
53 34 4 86 12 54 67 44 79 15 22 61 76 94 100 5 85 54 70 48 1 51 93 33 23 91 41 43 88 27 13 49 54 55 55 52 94 6 99 96 51 27 40 88 17 7 82 99 1 64 5 44 24 50 95 94 66 26 26 32 75 79 34 57 82 96 11 94 16 43 50 34 0 1 49 54 15 28 67 63 1 96 51 73 19 90 43 49 48 29 81 15 60 89 9 41 19 7 17 53 97 85 74 71 14 25 77 87 8 21 91 31 48 90 65 57 80 37 8 0 52 52 70 61 39 20 97 52 33 59 80 65 49 17 47 43 30 63 32 70 28 26 22 55 1 69 7 23 60 39 2 60 85 60 100 46 85 100 93 82 36 26 4 87 100 90 52 16 66 74 14 88 43 12 19 60 16 96 64 20 5 44 36 88 32 79 6 4 11 37 29 88 10 53 67 90 80 82 36 13
52 48 51 70 23 10 62 44 41 74 60 93 95 35 25 45 40 81 32 11 61 15 47 100 33 56 90 60 67 2 55 80 95 90 44 48 44 65 46 63 24 70 77 65 27 24 76 48 73 73 30 98 10 11 24 42 68 19 52 12 5 56 52 90 35 41 25 89 78 8 73 94 89 61 15 30 16 70 25 27 17 65 49 98 70 64 1 95 48 87 89 57 34 26 31 60 70 58 59 1 47 17 16 84 89 48 6 53 20 56 9 45 72 29 60 9 39 50 27 20 77 65 26 86 47 32 81 77 66 84 36 87 6 42 90 45 45 63 79 30 42 61 100 84 53 11 29 76 81 43 36 40 65 76 25 32 6 45 91 24 44 7 12 87 36 31 80 85 90 32 22 94 84 46 16 60 11 11 72 60 77 43 10 44 75 16 62 82 63 80 48 20 88 100 90 32 57 21 5 85
72 20 11 8 30 42 9 98 74 6 43 43 56 31 44 39 83 89 30 15 93 94 86 39 78 38 29 83 47 80 83 98 61 60 7 3 89 91 10 65 56 61 49 98 47 15 95 82 41 89 17 97 20 58 39 28 43 72 24 58 13 77 6 51 50 26 8 91 16 27 24 19 2 69 97 48 10 77 46 11 14 72 88 76 6 100 93 46 57 59 89 55 9 51 65 11 65 25 87 41 44 6 54 99 5 12 29 73 69 10 34 8 98 43 71 49 100 63 53 98 2 56 0 86 7 48 39 15 46 97 88 35 64 4 73 60 97 11 52 28 93 59 16 28 64 57 6 100 77 4 77 97 39 37 17 80 26 14 6 95 12 49 37 83 46 72 47 93 92 77 7 66 90 79 52 52 49 67 77 76 49 30 46 46 36 88 74 59 58 97 53 2 19 65 2 89 67 73 53 31
3 58 94 21 35 86 99 96 82 20 0 24 73 97 67 80 18 88 12 32 88 34 71 11 54 29 47 37 5 100 41 72 14 61 41 34 27 22 11 63 7 36 62 99 9 81 33 12 73 67 46 84 38 42 47 23 13 84 28 72 49 72 85 2 52 100 98 61 3 48 83 4 83 9 79 57 44 53 30 69 22 47 8 36 59 15 21 40 62 37 42 78 12 33 21 62 36 80 37 2 65 1 83 99 35 23 34 3 85 74 92 87 66 41 26 8 3 41 72 28 80 58 65 33 91 94 3 70 54 87 87 86 47 35 1 59 51 27 51 92 59 99 54 84 10 37 34 34 65 27 99 41 87 73 41 76 52 16 10 12 50 29 8 79 0 90 28 11 77 38 85 79 97 46 88 48 64 20 97 79 17 22 99 60 32 92 77 43 66 21 14 18 68 78 85 10 39 85 39 84
62 82 50 45 26 14 47 68 20 24 29 8 44 49 70 96 50 35 40 37 96 36 33 67 89 26 12 0 64 34 39 47 68 74 90 57 22 53 17 12 33 44 11 45 42 0 40 0 15 86 59 96 13 89 62 6 14 31 35 5 23 13 5 75 39 91 61 8 51 44 27 31 72 81 95 18 42 83 65 28 97 7 51 54 10 7 96 72 81 39 4 14 8 98 24 55 94 32 52 72 6 66 73 50 29 66 0 95 0 97 71 67 79 8 98 60 8 71 92 4 53 86 64 46 91 45 67 25 93 22 36 68 52 79 53 56 14 11 63 8 16 91 78 73 66 51 87 87 93 66 28 46 31 87 63 25 19 89 92 96 43 64 72 28 57 63 27 87 65 54 82 14 26 67 34 62 94 18 22 53 15 87 67 67 0 80 7 70 46 3 15 72 26 87 35 42 69 43 15 9
89 91 14 93 58 80 44 96 29 61 13 68 78 47 42 77 14 10 77 63 2 91 10 58 40 37 36 99 23 68 38 13 70 80 38 24 97 47 99 17 10 28 6 13 65 6 35 40 82 48 46 75 47 82 80 11 45 30 58 57 2 99 96 22 66 44 88 44 55 72 31 38 3 8 83 43 32 72 72 55 16 82 75 7 84 36 65 39 98 37 90 0 46 28 73 88 9 12 74 81 50 66 65 71 17 66 84 31 2 71 22 20 50 51 40 32 68 26 85 55 22 20 4 28 11 63 21 80 7 13 99 67 5 13 6 89 22 35 18 54 28 97 38 5 100 88 73 38 92 65 72 94 97 53 89 16 44 37 76 4 60 77 79 74 58 95 87 44 29 10 28 17 8 51 7 100 67 33 13 80 40 16 17 15 85 9 98 54 74 31 47 86 86 96 35 31 15 87 19 62
17 69 69 67 64 63 66 28 79 93 4 78 5 69 96 17 24 3 1 92 41 59 90 66 36 27 88 23 85 81 1 53 33 66 54 32 65 17 36 7 31 14 14 41 78 95 84 53 55 69 50 63 68 95 78 12 93 99 16 89 0 81 89 38 38 44 20 57 58 65 32 22 53 52 41 98 89 41 37 86 84 58 90 26 61 77 4 44 96 57 25 52 17 96 64 7 40 64 66 93 16 63 80 93 25 12 10 50 37 13 85 49 12 8 94 55 40 59 17 11 59 95 94 39 15 64 95 89 35 72 66 53 35 49 74 20 13 40 22 4 81 10 86 79 44 58 90 77 19 6 66 23 90 35 96 93 6 86 28 50 73 92 2 84 86 34 50 25 46 91 14 3 8 18 75 57 67 98 96 52 100 93 7 71 4 32 89 41 91 16 33 62 20 23 9 87 80 4 67 30
38 41 65 28 98 41 59 68 65 99 59 1 30 70 51 21 66 81 75 99 7 47 76 15 88 63 18 44 64 75 27 98 5 98 67 40 78 5 45 90 74 57 14 53 10 90 69 89 63 39 30 42 9 22 44 12 17 22 57 84 24 95 28 3 71 43 24 80 37 11 39 62 34 7 67 94 35 44 64 57 12 37 42 68 3 69 90 35 8 10 32 1 63 58 89 87 19 41 100 54 21 15 51 44 52 73 83 50 68 27 89 28 40 77 96 91 65 73 12 23 2 81 28 94 33 34 15 81 75 0 28 25 77 38 7 36 81 10 23 47 87 61 44 75 98 8 31 93 70 73 21 72 78 24 81 52 55 79 65 6 76 34 22 34 65 73 98 82 96 77 33 17 82 19 30 33 44 4 46 39 85 45 51 66 40 34 79 49 29 27 69 37 88 47 62 17 37 63 73 86
38 14 42 26 16 15 46 89 64 49 77 47 38 88 64 45 75 56 75 57 70 21 93 65 74 57 15 54 7 63 20 12 76 84 29 13 24 18 32 50 68 61 28 27 23 39 10 44 87 69 26 14 36 66 14 100 95 49 36 85 46 61 84 45 82 21 22 80 92 50 38 50 61 51 63 15 32 45 100 58 55 32 24 46 51 26 97 100 100 61 64 63 37 58 5 62 39 76 60 30 0 15 31 19 25 75 81 62 57 24 51 1 32 69 44 34 49 69 94 70 19 15 53 34 73 91 31 9 62 2 20 9 4 40 45 34 30 78 87 36 0 93 100 92 17 82 92 78 39 7 33 36 78 73 72 100 12 55 76 25 87 64 14 5 11 25 28 92 8 7 50 18 19 58 73 10 5 49 9 23 98 64 100 41 22 30 85 18 24 34 27 35 23 7 25 88 64 89 4 68
96 11 58 55 86 46 88 57 84 46 84 92 71 65 28 99 10 14 97 23 70 21 92 71 92 83 46 14 73 39 42 45 31 66 5 68 67 25 89 30 52 93 38 48 22 17 41 30 30 54 7 70 81 53 63 99 23 57 60 80 73 33 90 86 68 83 85 99 88 33 59 91 13 27 27 75 33 64 1 45 26 29 46 93 32 97 3 65 77 22 86 97 42 12 51 95 79 49 50 14 42 28 42 1 43 99 59 33 55 81 0 62 64 43 54 11 20 62 63 37 27 32 17 62 35 53 81 12 87 54 33 33 54 11 44 5 81 44 33 29 0 21 66 99 34 73 12 85 72 86 25 73 67 59 1 30 16 36 17 2 12 44 50 22 77 49 87 1 91 26 19 74 19 19 84 2 14 20 71 19 29 78 61 65 7 1 16 30 26 9 22 51 93 30 36 70 37 24 82 100
0 97 85 7 29 58 86 1 23 100 76 52 48 53 69 13 91 12 53 18 15 39 24 81 30 54 3 48 52 9 85 81 11 7 98 62 8 73 98 64 69 45 14 90 95 49 8 71 91 54 30 60 80 80 48 21 34 79 15 8 77 100 77 13 62 22 71 97 5 68 82 14 75 68 18 57 37 85 0 52 32 94 62 37 21 17 20 57 11 31 24 80 34 10 5 18 67 11 47 10 73 59 8 40 95 68 100 29 98 16 17 1 38 57 96 98 48 13 98 21 10 72 9 57 19 24 82 71 42 30 50 46 46 37 50 53 11 63 45 30 63 8 24 8 36 9 96 18 85 34 29 94 15 77 2 23 18 18 9 32 58 33 51 84 75 20 30 76 54 4 67 6 74 82 16 95 22 92 52 29 45 36 25 68 9 1 96 74 46 14 13 82 11 67 48 6 51 58 7 96
57 11 76 33 50 32 32 30 32 4 30 52 53 22 73 35 29 21 33 86 25 87 68 67 15 14 87 51 44 65 78 9 63 94 49 72 39 50 49 8 60 49 39 97 89 2 12 65 86 89 64 27 16 87 25 39 74 19 66 100 77 66 79 55 31 72 15 10 69 23 21 24 31 79 12 49 1 13 90 95 56 27 33 27 86 66 78 68 46 33 74 36 39 95 100 88 86 94 89 45 27 45 16 11 24 4 57 8 1 52 92 31 28 36 12 44 78 35 29 66 29 37 74 53 23 70 86 97 93 80 89 75 87 8 38 41 1 29 17 45 22 94 8 33 62 56 54 2 88 25 44 99 2 66 94 40 69 82 92 69 26 83 80 76 3 17 57 37 51 42 78 39 10 85 84 41 23 56 48 15 7 71 0 62 27 27 47 53 15 72 48 95 33 58 8 79 59 51 71 60
71 58 9 2 29 12 42 97 56 39 90 98 19 17 34 40 19 61 41 55 35 10 33 7 8 72 60 40 14 37 15 63 84 9 88 12 26 61 94 59 53 12 1 98 37 96 39 72 55 92 61 91 28 27 79 15 23 66 59 78 34 12 72 3 93 95 47 49 73 4 4 71 97 60 49 7 33 29 1 53 6 4 55 97 39 86 96 30 33 100 30 62 87 84 33 55 53 56 32 99 64 2 26 98 17 63 22 93 33 76 39 63 59 98 81 1 43 13 57 49 90 72 52 48 63 70 51 85 13 14 65 1 49 2 2 47 6 9 21 20 43 11 22 70 22 19 11 82 73 97 55 6 94 74 48 53 8 98 93 11 2 54 69 3 4 8 77 29 81 64 23 28 16 97 33 11 18 36 100 13 37 78 92 36 20 36 20 35 75 71 37 18 72 86 58 33 1 5 71 31
92 42 18 44 20 4 30 72 82 38 64 37 74 100 55 39 48 74 10 12 39 51 56 19 52 89 13 17 2 56 6 56 84 25 98 94 79 32 68 61 7 27 38 34 74 67 79 88 30 95 25 22 26 14 88 74 44 27 78 92 10 85 5 79 88 42 72 54 84 36 1 48 63 27 45 1 66 51 55 23 94 22 51 45 57 54 4 53 64 68 36 99 12 39 38 49 59 11 52 65 100 67 31 17 30 8 72 71 78 90 32 85 72 66 59 42 26 77 10 0 73 61 47 44 73 65 100 7 7 99 26 78 41 97 32 76 25 70 21 10 30 50 62 64 14 74 87 64 67 48 62 23 53 37 72 100 7 6 94 19 18 98 99 79 18 8 36 16 31 50 77 24 89 90 81 68 82 91 61 17 100 14 66 54 53 11 29 75 29 7 95 87 66 93 61 33 91 75 76 14
17 74 96 43 30 14 68 17 58 16 42 14 63 53 94 80 89 37 54 27 98 24 52 85 16 50 27 32 81 27 21 94 88 53 55 38 30 64 97 76 17 47 30 17 31 59 81 58 76 15 65 15 52 40 3 41 66 99 45 16 38 47 99 70 98 39 72 12 73 83 16 3 17 26 90 80 32 63 59 32 31 99 95 31 45 47 77 82 15 90 88 21 44 94 74 78 68 24 58 87 42 80 95 98 17 75 95 55 89 59 47 48 19 56 53 80 89 86 10 43 61 18 23 43 71 84 32 56 92 86 52 73 25 11 30 48 50 73 92 55 61 3 69 14 87 78 33 73 3 3 76 57 16 1 21 80 30 91 70 63 74 50 7 37 4 9 64 58 51 100 42 90 46 95 58 40 75 37 75 31 88 24 2 23 8 86 90 60 43 41 86 19 7 17 100 21 54 27 90 69
48 88 6 64 84 25 13 51 29 53 5 30 95 39 30 22 8 23 31 21 88 73 69 63 5 96 16 8 13 48 44 28 84 19 97 2 88 66 94 42 32 95 36 73 49 0 37 57 13 16 38 69 51 33 96 72 43 96 53 61 54 29 70 20 43 51 55 44 65 98 34 50 13 4 75 60 54 41 13 22 73 76 72 61 39 95 85 25 30 63 7 94 78 20 6 82 46 61 94 14 14 39 4 42 57 90 100 46 31 50 41 21 32 16 89 54 80 89 79 98 85 65 65 71 10 51 40 59 42 49 3 53 46 86 29 16 83 98 40 90 21 44 14 73 70 3 4 52 41 35 77 50 31 38 48 20 4 52 11 60 79 2 22 0 96 0 32 43 77 33 91 99 41 66 3 75 32 3 74 39 33 69 58 83 63 58 53 94 73 26 60 36 32 68 96 73 47 13 52 81
87 94 38 2 19 81 42 95 61 80 25 27 49 52 0 90 70 14 30 38 41 81 35 30 41 6 25 36 21 31 49 26 14 31 68 61 39 80 87 42 44 25 38 76 41 53 25 26 52 51 59 74 57 91 97 49 72 15 46 64 44 20 65 73 77 17 87 26 0 14 87 85 31 46 95 71 99 84 15 53 69 3 42 62 64 53 92 61 29 13 56 46 42 82 45 94 16 43 91 13 52 40 9 98 92 52 29 73 28 23 100 65 13 45 92 94 47 53 27 58 58 36 32 36 69 88 94 95 61 57 57 79 6 96 24 31 43 83 25 57 71 7 69 26 75 99 31 100 9 80 36 43 76 14 51 5 33 97 63 8 63 94 94 27 77 28 87 88 91 75 84 34 8 17 7 18 43 70 6 19 4 39 77 90 10 58 95 100 3 36 50 91 55 39 93 4 82 13 5 69
87 52 42 2 99 3 77 61 20 89 31 75 38 96 57 32 76 33 31 81 15 71 76 5 3 33 32 8 33 35 6 23 28 42 61 4 83 18 1 26 50 97 46 57 44 25 92 86 4 89 52 80 93 21 45 94 84 37 1 84 60 47 83 21 40 62 86 21 35 27 43 95 4 77 94 67 77 23 56 63 46 82 5 74 19 99 52 92 74 29 89 2 22 35 46 79 89 15 13 36 10 25 95 4 73 52 100 90 27 58 98 68 43 71 29 92 17 12 28 29 32 65 90 46 87 89 92 13 7 41 51 12 6 45 81 60 14 26 62 84 3 52 97 77 48 54 2 98 87 37 86 88 59 46 24 28 12 21 58 96 75 18 53 99 30 84 2 6 18 79 77 42 82 35 44 85 34 22 7 66 48 60 99 9 71 77 97 56 83 57 72 91 49 39 59 1 65 2 18 56
61 30 95 80 51 24 91 55 82 82 47 95 52 24 56 78 43 99 81 12 11 33 90 56 78 81 86 11 3 62 95 67 93 33 76 18 29 87 28 54 39 49 20 58 26 11 56 14 19 68 37 63 61 23 54 45 43 85 61 19 42 76 23 4 60 51 46 52 23 12 2 63 74 37 26 90 87 11 0 95 89 84 21 48 53 21 20 13 95 90 73 33 98 22 86 52 21 82 13 15 40 99 79 11 30 45 76 55 26 54 88 69 91 0 71 4 51 78 38 57 36 78 64 48 15 38 38 92 100 75 94 41 12 77 0 72 86 35 21 3 100 27 59 82 44 97 44 74 64 95 71 19 34 82 100 25 9 73 77 47 71 76 40 36 100 44 88 66 7 24 55 26 41 31 52 92 8 10 84 75 71 7 52 43 33 31 31 67 81 4 74 27 88 0 29 32 67 53 41 71
0 64 11 91 14 12 71 87 31 23 91 74 38 94 74 74 74 88 99 18 77 88 18 75 21 6 62 44 10 91 85 96 67 37 50 62 32 48 92 91 68 91 59 37 47 83 61 45 47 51 4 68 91 48 20 58 48 59 47 9 77 35 77 40 22 88 39 61 34 98 2 26 68 49 85 78 10 38 60 27 56 58 26 40 60 43 87 73 64 94 3 48 88 83 21 37 40 18 65 55 3 60 19 87 5 74 26 38 47 87 52 85 100 14 83 52 13 88 100 12 67 51 84 92 61 42 80 33 100 78 42 32 40 63 3 30 95 7 33 31 77 74 8 98 39 97 35 17 4 94 11 75 52 0 75 56 4 41 35 82 21 17 83 58 1 58 40 26 92 15 63 53 4 88 6 42 90 97 31 48 10 57 77 25 60 38 45 86 51 29 19 64 1 64 54 76 34 10 15 12
32 44 27 19 71 99 81 0 76 91 98 3 87 43 6 91 99 98 20 53 24 17 44 84 80 55 48 32 24 2 22 45 31 83 81 32 65 40 48 36 53 42 4 43 71 68 38 16 53 95 36 95 73 54 67 93 76 63 85 11 61 69 12 94 80 60 63 95 70 76 76 27 10 17 75 91 35 37 0 94 84 24 96 21 90 90 25 74 72 63 60 49 5 61 16 25 15 33 66 89 71 94 18 86 40 69 10 49 17 47 52 78 17 37 65 98 98 85 23 30 59 25 95 16 45 16 52 97 14 38 1 82 31 91 19 30 97 54 6 0 68 78 69 58 38 28 29 35 23 78 57 4 59 40 96 63 55 43 2 7 50 61 94 22 23 43 88 84 88 50 54 6 13 40 68 15 21 53 3 87 48 19 15 29 45 86 79 14 69 52 20 34 54 27 45 99 97 74 70 43
6 36 87 15 88 97 67 9 5 36 2 5 56 50 70 78 64 19 56 26 81 21 13 62 43 49 5 53 8 14 8 32 12 26 72 40 66 73 0 82 67 100 17 16 18 41 14 21 49 74 29 31 5 24 54 82 90 59 34 19 93 12 9 90 17 72 33 56 44 60 25 8 12 35 9 27 17 9 75 42 28 74 44 76 36 58 61 99 42 36 43 52 38 93 16 74 95 22 68 96 16 64 41 38 78 85 65 33 45 17 44 94 42 16 43 46 19 49 7 34 80 40 0 82 27 36 55 3 64 46 71 100 53 40 67 45 3 51 84 84 21 92 69 62 64 68 42 30 12 12 44 79 95 92 29 56 43 6 44 45 25 98 38 30 96 50 22 2 76 90 65 100 20 94 11 8 11 34 80 91 47 33 93 44 89 76 43 15 59 64 83 82 42 43 13 20 16 59 76 74
24 71 82 17 63 26 9 20 64 28 67 8 21 51 86 85 55 28 53 9 35 42 71 96 99 28 28 11 53 19 93 8 47 26 54 99 41 91 72 82 43 97 52 2 9 5 68 59 55 54 25 2 71 86 100 21 73 72 5 59 25 34 71 20 22 90 21 58 19 11 23 50 54 98 33 4 42 76 62 7 61 37 76 17 38 9 34 81 19 48 79 19 52 77 15 82 46 58 2 24 20 85 74 0 51 39 2 23 16 84 8 59 30 27 16 64 91 86 91 97 33 38 67 27 81 87 71 42 53 49 25 7 97 93 9 3 17 5 69 67 49 19 5 38 81 85 66 8 64 13 12 89 58 6 24 71 57 32 60 14 45 66 99 68 17 5 73 4 56 49 13 24 96 33 90 16 69 23 21 4 80 16 76 97 97 1 16 74 50 78 78 64 6 20 42 62 53 87 62 23
71 85 59 53 6 42 80 27 20 57 31 86 56 54 95 29 76 8 5 57 42 76 34 26 98 92 19 16 39 27 62 23 24 44 22 24 22 31 92 86 6 98 36 25 85 61 37 22 56 75 95 36 38 92 58 43 15 78 89 65 75 78 36 7 44 6 94 7 39 98 11 67 93 51 41 30 93 31 26 90 39 100 71 69 4 22 28 34 39 9 44 29 92 97 33 18 32 11 5 40 66 54 74 62 74 18 68 66 72 4 42 50 99 48 85 69 61 32 76 34 60 4 6 45 96 92 38 89 15 79 88 22 5 72 81 10 66 76 12 54 73 59 53 82 7 28 67 80 90 75 1 34 96 12 31 76 85 56 83 27 24 10 62 10 89 33 58 49 88 29 63 65 49 60 38 0 62 86 50 12 83 34 35 57 5 22 71 57 61 38 11 72 2 43 75 28 63 68 51 83
86 21 65 73 50 14 15 17 83 78 47 28 75 60 1 87 65 43 25 63 26 62 58 92 91 57 9 37 40 37 46 48 53 3 86 83 20 64 45 31 99 37 53 3 17 76 60 2 39 99 47 75 19 37 39 30 32 88 11 87 39 36 71 92 75 11 85 1 31 68 62 11 44 33 3 31 50 100 23 43 72 42 21 18 82 30 2 17 23 75 76 94 67 92 29 44 12 60 79 88 46 96 19 7 98 35 36 26 96 62 2 77 90 31 83 27 62 48 99 85 13 74 67 45 39 96 28 58 79 21 33 68 88 61 100 88 1 20 64 22 64 100 7 51 4 94 19 81 50 14 47 91 21 81 16 16 62 9 74 47 1 81 99 66 57 90 5 28 80 54 74 68 21 72 78 18 86 63 62 13 25 29 78 9 4 16 89 34 2 9 67 98 60 67 19 27 41 22 96 61
96 51 36 45 6 98 23 84 70 70 32 60 99 27 86 76 98 11 22 77 79 80 93 2 48 41 100 20 27 42 5 93 54 77 13 46 26 27 5 18 25 91 79 69 75 47 99 9 52 60 27 79 92 59 63 85 39 11 52 94 25 47 8 89 60 16 10 86 58 73 57 93 23 40 66 92 67 83 11 95 41 56 37 3 58 59 57 69 30 32 56 2 41 86 30 38 39 64 90 75 36 43 39 23 46 29 73 93 41 19 82 50 64 83 75 49 28 82 97 50 38 48 77 61 36 23 24 40 84 40 4 99 42 72 29 23 64 95 66 82 73 56 58 69 75 68 40 26 72 8 12 75 38 15 65 48 39 5 43 28 69 14 83 62 40 36 65 20 89 11 53 32 62 53 58 29 62 43 21 78 49 94 44 37 77 29 37 57 13 41 21 12 1 34 79 63 68 6 32 68
13 53 51 27 93 68 94 36 24 97 61 3 71 26 10 58 38 39 32 95 10 37 91 72 99 32 54 79 47 61 63 20 6 69 50 28 84 14 67 17 95 66 87 3 81 55 72 30 1 46 57 100 62 14 53 36 31 53 38 58 88 53 19 26 49 33 39 85 25 61 49 8 66 92 40 22 9 69 34 48 5 21 18 59 17 60 55 64 78 51 46 70 50 54 33 63 87 43 89 32 32 81 73 53 56 38 60 63 13 83 16 24 48 29 34 53 71 83 84 9 52 88 40 95 40 87 63 11 94 8 33 32 86 33 96 40 36 68 50 38 41 0 39 16 86 38 70 48 68 5 58 83 89 13 52 23 5 56 76 59 34 71 8 90 5 59 83 62 44 9 91 89 23 70 84 36 86 97 72 47 69 0 60 36 0 73 32 0 13 75 37 98 41 82 39 29 20 95 48 10
84 64 26 92 10 61 80 29 77 20 16 38 100 89 67 17 27 5 45 75 1 100 11 77 23 21 50 39 8 76 14 15 46 9 95 75 23 19 68 36 82 79 12 95 61 78 66 17 96 28 91 80 8 91 51 43 66 38 90 94 22 42 100 12 97 53 99 47 49 82 17 74 4 84 56 52 14 21 93 25 84 2 17 90 18 10 79 16 50 24 94 65 77 20 42 70 58 51 55 17 10 91 26 48 38 96 42 25 8 76 14 78 17 97 74 37 74 63 17 37 33 94 72 34 15 44 91 34 85 79 95 72 3 44 63 0 27 43 17 46 17 25 42 45 98 7 67 36 100 90 40 17 22 91 69 5 98 36 9 100 0 70 92 10 5 20 28 40 22 55 39 12 52 11 42 59 76 2 33 33 52 98 56 91 22 54 12 70 10 82 20 70 96 2 45 9 19 72 35 34
74 84 5 69 38 27 56 99 40 84 0 23 22 17 1 74 1 23 42 88 6 41 2 71 63 28 85 83 58 76 44 59 72 76 5 52 26 79 68 43 32 83 26 48 19 40 8 33 25 22 80 59 97 96 100 94 94 18 39 55 57 28 57 74 99 37 88 94 63 2 98 71 57 64 65 1 44 42 35 46 22 11 32 100 19 46 6 43 36 92 44 62 37 50 67 51 37 56 13 91 5 15 52 38 42 41 2 45 89 70 89 42 51 48 17 12 56 66 51 53 20 36 38 83 7 17 61 15 50 33 95 88 97 32 30 48 17 67 82 46 93 33 18 60 70 53 47 80 82 15 44 93 78 85 85 83 67 27 69 15 15 0 59 12 42 6 64 65 60 15 29 99 91 47 27 79 76 22 79 41 7 43 16 28 30 53 49 7 50 95 77 32 18 20 45 47 68 23 100 81
56 34 54 58 63 77 66 2 4 40 68 69 54 63 11 78 87 84 41 89 69 39 11 91 6 76 91 45 57 5 19 64 39 83 100 39 80 21 76 14 8 3 77 55 39 5 76 89 3 20 9 13 96 54 82 32 58 92 99 5 34 97 95 18 87 34 44 78 69 19 16 87 33 63 76 83 84 85 14 10 11 10 73 54 42 13 85 21 51 69 13 65 21 17 96 73 19 51 0 82 14 19 92 50 53 7 49 18 92 27 79 42 75 49 41 49 25 48 39 99 96 37 22 61 35 42 41 18 46 89 69 84 46 47 62 60 89 54 43 60 46 29 42 18 63 49 37 55 1 12 19 3 84 55 8 0 14 74 79 52 52 23 94 100 7 32 0 37 78 100 61 34 4 25 49 44 55 6 75 96 4 71 59 36 82 57 38 62 0 72 59 58 3 28 96 14 96 93 84 14
45 69 19 34 5 49 30 32 70 44 87 35 43 14 17 89 73 45 30 53 37 35 21 81 95 84 44 12 64 66 86 23 27 54 32 93 26 96 1 1 77 43 70 30 68 50 68 98 67 100 3 19 42 82 75 28 43 19 40 68 41 1 61 62 33 44 41 63 69 95 3 3 47 48 40 75 98 9 4 16 78 50 18 66 67 32 44 4 65 79 19 44 34 80 94 30 25 87 33 57 84 12 52 58 45 16 64 9 32 48 93 13 6 97 40 2 48 80 83 46 28 68 58 99 5 15 89 2 83 91 79 77 55 17 82 31 0 74 22 16 34 77 91 49 32 14 7 80 69 49 84 61 49 19 80 3 43 86 28 36 93 57 18 52 57 85 20 37 62 100 13 40 87 98 58 2 15 51 41 6 65 45 15 35 48 42 37 17 57 84 44 80 34 84 3 81 5 7 92 7
2 93 13 68 58 52 75 85 46 15 2 77 13 47 19 93 7 8 59 50 61 36 74 43 93 65 30 6 44 21 87 42 24 45 28 100 15 10 83 62 60 91 7 42 57 57 51 100 37 88 91 10 40 69 57 39 97 1 33 70 45 4 67 15 96 99 21 77 24 7 88 53 59 4 39 97 70 43 2 89 46 59 76 88 15 66 60 2 72 50 30 65 8 13 66 31 18 73 60 69 10 3 61 38 51 39 85 26 53 89 17 99 19 52 52 57 36 47 95 26 16 36 47 85 59 69 85 28 15 43 63 21 60 25 24 92 61 60 99 82 49 49 75 19 73 87 41 64 41 0 61 94 13 33 93 22 73 35 26 47 58 32 94 16 3 18 16 87 53 19 15 86 74 7 38 88 98 18 19 32 10 69 90 38 58 40 75 16 43 45 54 13 52 51 44 17 62 87 15 100
3 25 94 79 72 72 92 7 50 47 98 27 53 90 17 11 31 62 26 14 38 80 93 95 73 10 1 22 81 88 93 20 39 58 16 67 15 24 66 38 68 85 53 57 0 52 49 50 68 77 78 90 62 45 46 63 74 39 58 51 49 91 19 24 53 24 19 46 89 17 73 12 36 11 46 58 9 87 28 38 86 60 10 88 83 86 23 15 16 63 42 17 58 70 52 60 84 50 1 27 80 69 33 84 18 70 71 43 84 4 40 48 89 26 80 0 34 31 11 77 70 81 59 53 87 12 79 17 61 15 99 10 5 5 47 89 92 23 60 36 98 25 78 24 38 0 9 91 41 8 56 20 78 8 62 95 28 81 91 12 8 12 67 48 43 13 87 66 77 42 84 77 2 41 15 29 5 67 91 58 26 98 55 69 19 21 73 96 33 93 16 36 85 4 5 39 62 92 85 39
96 73 44 47 65 77 90 43 6 51 72 12 98 30 92 63 89 85 89 92 34 2 56 80 69 98 57 11 23 59 37 64 82 34 13 31 20 52 43 29 75 39 56 92 69 66 8 52 32 12 48 47 70 17 50 79 45 72 10 48 69 3 63 91 97 10 94 79 77 79 77 28 75 14 41 73 63 53 50 22 60 39 88 62 93 52 31 11 55 18 48 56 50 81 55 51 18 2 31 59 100 65 27 15 80 2 0 19 42 66 46 87 90 11 51 21 29 93 60 35 70 10 51 2 20 20 28 34 54 24 50 9 92 92 59 3 11 3 2 87 42 58 6 4 3 70 9 83 17 51 5 56 68 80 39 77 61 57 30 1 65 80 75 10 64 55 19 57 99 1 2 30 73 10 18 78 43 31 78 34 29 50 77 87 72 69 11 4 94 46 93 94 78 13 38 80 56 83 8 79
24 9 47 64 63 77 28 52 88 48 10 63 24 19 68 22 35 38 16 71 22 94 64 69 95 37 91 51 91 16 30 9 28 4 64 45 94 100 6 77 68 2 14 43 65 87 4 34 79 38 21 19 91 48 30 5 74 0 15 9 55 2 65 49 84 90 23 67 27 2 84 53 65 22 72 70 16 62 29 93 57 11 87 37 51 6 84 19 47 95 27 98 1 54 60 66 78 11 51 70 68 38 56 23 55 70 95 28 98 51 35 69 12 11 90 100 35 62 62 31 81 70 23 75 51 4 50 31 24 48 35 68 58 45 4 21 34 92 99 13 71 24 50 54 29 22 80 9 16 66 96 25 88 94 89 91 49 71 74 1 92 84 27 80 97 71 33 83 43 60 76 66 8 39 56 83 89 27 63 43 99 85 55 81 77 87 36 62 50 70 11 38 36 23 36 91 28 43 68 99
29 85 2 9 10 38 36 33 11 2 16 42 44 13 55 49 51 99 99 27 99 79 74 14 86 44 22 55 36 30 49 32 27 56 46 60 82 13 89 33 57 0 74 33 44 79 12 7 21 5 96 77 44 50 46 4 25 7 69 47 23 52 59 5 40 39 54 14 24 61 78 93 35 6 65 31 46 9 70 86 9 45 26 23 60 73 76 43 25 44 42 64 96 95 91 54 49 59 12 99 7 1 64 43 50 15 63 55 48 62 0 4 100 50 9 10 55 6 50 17 21 66 13 87 38 79 10 24 27 67 73 28 10 72 25 60 15 35 42 73 10 60 69 59 9 74 0 80 77 59 5 13 61 46 44 14 68 8 85 54 49 32 90 15 97 93 91 95 12 40 63 13 44 87 60 36 94 5 55 85 13 81 49 35 26 79 64 31 62 64 64 29 59 5 8 26 82 3 82 78
27 16 80 65 29 91 32 22 43 22 82 54 37 2 16 41 36 46 74 6 96 19 71 25 62 41 58 27 25 81 69 33 5 68 14 29 67 52 40 24 80 36 46 89 49 36 20 60 70 16 41 98 94 28 99 34 64 73 44 80 68 53 90 100 50 92 39 22 35 5 54 44 76 90 12 60 24 77 65 57 38 71 4 36 90 19 46 50 95 76 26 71 7 46 95 10 47 65 82 92 93 34 39 15 60 52 87 90 13 96 6 44 75 23 52 61 85 88 43 65 35 99 41 47 1 92 46 25 95 50 54 0 31 29 72 23 1 64 0 63 43 83 0 43 91 79 13 13 78 0 29 1 89 55 45 65 97 64 45 35 44 47 62 78 33 47 50 41 74 81 71 46 73 63 71 12 78 16 30 71 54 93 86 90 49 66 4 49 65 92 58 72 3 47 7 55 54 59 20 84
32 78 27 80 46 70 30 14 17 40 18 100 34 97 98 54 3 59 62 86 79 13 65 16 2 41 5 81 79 15 26 21 34 7 26 48 89 61 75 98 7 39 5 59 19 22 74 42 89 88 90 67 14 82 90 57 99 65 58 10 46 85 23 69 24 72 74 14 73 8 93 12 58 75 4 86 90 29 42 1 19 78 3 51 51 58 46 69 32 93 16 83 81 94 75 92 95 48 44 77 11 55 2 73 54 94 64 57 79 21 96 22 82 89 13 95 69 86 66 46 66 22 98 43 62 91 5 30 19 51 68 76 72 70 45 30 4 88 23 0 67 29 35 60 11 82 52 3 67 80 74 60 46 67 4 100 34 52 76 74 25 38 24 41 79 0 96 10 52 65 11 5 96 79 46 5 59 74 58 46 79 32 68 24 27 10 52 29 99 41 99 83 19 55 83 43 27 14 36 46
22 47 78 71 62 93 87 30 78 81 59 71 40 95 23 81 73 96 67 1 15 68 85 43 14 8 30 69 72 1 70 9 73 28 74 9 44 65 59 68 32 18 57 99 15 1 46 57 60 83 77 88 83 15 60 46 9 26 45 21 64 40 17 47 100 28 0 96 88 39 57 68 81 1 45 67 12 8 2 82 67 66 59 3 29 26 27 88 98 43 13 88 19 66 46 15 34 8 80 63 94 100 51 38 27 56 22 55 54 67 16 44 67 90 59 76 38 31 73 98 30 23 39 56 36 6 75 1 56 56 28 17 42 83 88 98 11 80 10 75 1 16 56 11 66 55 11 73 24 0 16 18 91 61 21 66 84 77 74 95 23 75 1 78 53 27 46 11 61 19 32 73 7 77 90 83 61 92 42 34 32 31 38 74 6 85 69 84 7 37 2 100 14 37 57 60 89 96 79 37
10 77 35 62 31 70 23 69 12 96 19 27 74 34 23 45 66 69 34 51 24 55 42 36 35 34 77 52 36 71 40 94 52 75 48 29 8 52 87 31 16 57 87 58 15 93 31 50 21 13 57 69 62 46 92 71 89 79 70 47 76 70 15 8 49 79 73 20 9 41 77 1 76 77 66 40 55 38 62 72 54 73 83 50 78 54 52 49 71 20 98 55 50 64 21 48 39 89 75 32 51 79 0 54 62 31 94 43 3 6 91 42 12 51 53 90 22 8 98 24 71 96 14 40 57 5 99 60 58 12 66 65 59 90 16 19 83 98 51 64 58 98 46 98 98 78 66 22 82 49 10 25 9 42 57 19 24 30 28 42 91 96 89 34 41 90 55 98 94 46 66 52 57 2 76 97 27 62 31 24 87 51 13 61 38 68 65 32 61 79 95 74 15 73 59 60 95 0 74 2
17 48 12 46 27 2 70 27 29 80 75 98 13 91 55 9 77 35 49 16 13 60 27 57 27 72 73 3 65 91 75 61 59 2 48 22 87 3 16 70 23 86 66 8 19 84 43 71 11 44 36 97 31 37 100 42 72 20 44 74 58 69 73 57 69 56 76 14 24 3 65 69 92 18 63 97 35 28 1 91 55 95 1 38 4 22 7 69 93 63 62 73 53 17 75 47 53 36 10 68 80 22 45 44 57 93 41 28 32 41 75 53 57 18 58 56 41 5 7 98 7 14 56 44 36 78 75 66 64 44 67 43 10 84 97 40 87 42 32 81 84 84 31 75 86 47 89 95 20 63 67 17 24 60 84 51 68 91 81 91 31 25 67 9 5 81 77 69 85 19 23 91 51 83 57 98 6 88 32 84 79 79 32 86 2 27 30 96 80 27 10 29 99 81 54 17 12 27 14 9
14 99 73 100 93 56 23 93 97 80 90 11 44 71 45 78 13 91 78 27 50 44 15 87 49 69 72 12 63 23 1 28 35 58 71 85 7 79 26 1 52 29 78 36 28 23 48 36 48 17 62 96 47 62 100 52 87 53 51 62 26 81 67 28 5 71 17 92 97 70 76 24 42 56 15 73 38 44 35 65 43 55 66 92 52 27 90 41 89 54 9 51 5 60 87 46 46 38 65 93 53 76 10 38 49 31 60 40 38 33 22 61 97 47 62 46 46 45 15 24 8 56 71 94 66 73 27 3 44 63 67 11 80 89 59 33 66 36 59 66 30 90 90 68 90 72 11 76 38 8 7 34 0 15 100 53 10 77 38 31 87 5 96 2 49 30 38 86 85 70 27 76 13 91 93 38 96 3 73 1 63 59 77 20 52 67 48 79 7 94 56 41 86 61 76 64 55 15 9 58
51 73 83 56 92 8 54 49 94 52 68 93 53 5 96 26 5 44 86 95 89 55 36 70 93 81 32 74 100 61 48 38 73 52 63 86 9 57 17 44 65 27 23 72 14 22 6 78 47 18 73 31 38 37 48 96 96 36 71 25 32 3 95 75 58 19 37 57 73 72 6 72 11 26 23 92 61 88 25 55 52 62 54 57 77 71 62 98 72 73 66 90 90 72 46 48 15 8 27 64 34 90 17 97 44 16 19 24 19 59 47 22 100 61 37 44 47 59 3 29 37 19 34 75 10 4 73 28 75 12 89 83 97 68 10 82 31 15 46 12 42 97 56 48 26 63 0 44 83 2 43 44 47 76 23 39 14 8 56 99 47 35 45 43 78 80 75 32 52 15 15 59 51 93 8 2 48 14 85 76 81 25 88 51 59 29 10 66 57 45 58 31 80 88 63 90 43 7 14 68
29 77 59 69 40 18 22 25 88 38 23 72 98 72 16 77 69 19 53 1 32 45 61 67 24 27 80 16 33 99 7 15 74 56 38 3 45 54 61 44 13 12 77 82 97 23 26 17 15 14 48 21 6 12 66 66 45 11 71 19 72 84 63 46 8 86 28 81 68 95 93 38 34 94 48 44 60 89 100 21 2 74 87 47 25 51 69 75 100 91 23 41 26 58 60 79 78 24 93 70 52 35 23 73 33 78 48 29 46 57 9 63 15 67 46 37 83 51 59 9 56 8 19 96 91 27 28 64 91 7 8 16 30 69 6 43 49 21 71 24 83 46 37 29 50 7 15 19 4 87 8 16 19 69 47 86 41 98 45 21 50 2 67 42 97 46 31 98 54 61 16 89 48 87 69 25 15 95 98 57 28 27 1 52 21 60 75 100 66 13 56 9 25 56 21 5 87 96 75 77
83 95 68 65 45 66 87 80 97 77 66 61 90 11 59 70 81 63 4 1 69 0 24 19 34 44 87 76 69 20 91 42 73 52 90 59 45 32 64 31 34 4 60 88 51 32 90 20 14 56 55 57 12 70 28 12 25 13 20 56 14 60 37 9 87 78 85 79 77 19 28 29 61 65 67 33 100 30 22 38 4 28 4 6 54 40 92 41 16 90 98 49 60 8 37 64 47 10 5 45 88 76 5 13 5 97 36 57 79 32 76 9 4 47 19 79 10 98 57 10 54 5 21 93 64 31 97 31 14 15 44 75 59 39 88 25 22 32 25 4 32 73 91 35 28 57 71 44 98 6 4 45 90 90 39 35 29 85 49 47 6 35 91 36 40 3 79 52 28 47 59 26 18 89 16 76 27 84 55 12 98 36 11 62 29 82 74 25 33 96 93 7 3 37 58 25 50 73 22 33
78 10 40 34 88 3 86 25 29 22 83 39 47 28 20 42 100 49 33 58 30 11 62 75 69 16 9 46 40 93 63 30 58 64 21 16 34 64 73 54 85 82 71 10 91 60 77 74 63 5 8 6 84 81 2 84 17 35 37 73 40 72 29 99 55 97 22 96 60 90 41 65 86 96 49 24 5 43 20 40 63 48 23 84 12 17 98 34 39 64 92 63 32 55 66 90 8 10 80 62 20 79 37 62 2 50 91 87 59 52 37 30 61 56 87 31 8 79 100 48 73 67 17 96 52 3 46 81 81 76 25 51 68 20 8 2 48 0 41 16 91 53 40 63 90 52 9 78 74 39 86 45 79 100 2 31 95 17 83 13 44 65 48 60 50 17 78 54 79 22 39 18 74 38 25 31 11 24 84 22 29 33 70 32 94 74 23 31 84 71 79 72 19 28 24 4 49 91 20 78
72 25 53 66 8 38 70 25 73 90 84 77 21 18 21 38 11 67 11 7 14 5 16 15 11 25 52 48 67 75 32 8 83 99 87 81 45 69 10 56 25 14 22 59 65 44 77 10 56 74 4 40 32 58 72 57 83 29 15 22 44 2 83 43 40 87 3 60 93 89 96 84 13 95 73 36 31 30 83 60 45 6 1 46 86 71 11 9 7 15 43 62 55 32 14 98 57 28 30 80 10 54 39 40 13 47 88 59 69 99 53 27 55 96 75 94 56 60 69 18 46 66 42 42 32 62 87 16 69 52 35 62 64 2 90 89 37 21 26 8 13 16 17 48 38 35 56 37 52 2 24 17 15 83 50 56 47 58 36 26 35 85 100 38 80 58 4 86 5 85 59 42 32 68 25 34 7 62 3 78 10 78 67 43 37 82 80 51 45 86 23 65 89 22 26 45 54 49 50 28
98 11 35 90 100 86 91 28 15 65 32 44 27 67 74 25 57 72 92 90 65 30 30 88 36 42 86 47 18 72 97 26 64 12 86 93 54 50 27 30 56 11 32 89 34 75 96 92 48 30 88 57 33 55 5 21 55 9 47 0 77 79 72 0 48 15 91 75 4 55 10 17 85 83 22 34 86 5 28 81 44 88 48 0 10 18 7 32 83 83 23 45 85 79 76 69 1 53 81 24 11 68 100 23 34 15 93 60 37 81 53 96 56 15 19 47 98 69 38 99 66 49 52 70 89 88 53 59 59 25 98 71 15 99 8 37 56 1 69 100 68 52 0 44 100 18 4 77 7 48 64 80 63 77 75 34 41 89 13 40 47 31 25 57 62 45 49 39 48 92 79 62 60 49 52 72 28 92 88 47 53 76 89 20 0 22 16 14 100 38 31 20 60 44 85 55 10 49 26 36
64 30 1 34 16 9 47 79 15 41 0 65 13 4 40 72 40 59 51 32 52 92 26 39 79 49 40 85 52 1 23 21 78 89 13 3 23 2 15 16 17 87 41 42 26 1 91 17 74 83 47 73 90 89 74 86 7 19 95 38 91 7 7 2 95 5 8 74 6 5 7 11 82 15 12 24 1 54 30 69 82 28 91 27 80 13 34 28 20 95 91 89 72 17 1 72 36 12 77 90 79 75 85 67 96 89 26 87 82 47 77 1 43 70 44 93 68 85 2 34 35 47 3 19 31 8 99 59 74 72 71 33 22 7 24 76 16 57 44 93 51 8 47 83 39 18 84 42 79 72 59 39 54 24 78 46 84 31 93 20 24 45 55 3 40 16 38 49 51 80 77 16 67 43 28 78 48 74 97 14 58 23 55 54 91 67 49 42 84 51 71 45 52 11 53 42 12 83 69 78
93 91 42 43 8 80 14 66 34 96 60 16 26 84 60 34 84 23 75 4 100 63 11 15 0 68 91 69 25 30 54 4 66 38 9 75 66 83 67 58 69 45 54 74 54 59 37 40 63 80 29 14 70 41 90 46 51 46 31 31 13 62 36 94 97 76 72 70 50 17 6 7 74 18 25 33 83 42 100 30 72 17 15 86 89 94 2 30 13 25 4 29 69 57 45 76 54 70 45 89 36 96 92 25 68 74 49 27 24 16 90 51 56 59 82 21 11 53 28 10 47 75 33 100 57 92 27 34 90 96 14 67 7 0 38 85 87 62 48 84 74 75 0 53 4 35 90 68 26 54 0 31 93 52 88 56 3 67 74 94 45 54 13 3 95 85 81 16 55 75 61 74 1 18 92 99 8 89 96 23 89 81 12 46 49 8 50 39 73 18 45 71 55 7 8 15 89 23 57 15
11 90 38 62 42 83 71 100 28 99 9 34 5 57 56 76 45 56 5 19 16 85 83 29 32 54 41 68 5 90 21 71 43 86 62 8 6 58 34 91 72 25 74 1 3 1 85 57 48 78 97 2 88 30 53 23 90 67 73 84 83 71 56 88 15 81 6 45 13 34 30 52 92 14 69 3 13 82 9 0 39 31 41 95 77 2 6 76 87 18 95 53 36 52 67 71 48 85 3 34 86 59 62 36 12 36 57 23 46 19 98 92 21 77 92 60 48 49 100 80 97 79 38 58 28 39 100 54 32 81 21 85 15 63 66 67 21 16 59 35 70 6 45 0 22 75 7 37 82 3 99 2 10 50 82 75 39 98 66 38 13 57 36 10 37 78 12 42 28 23 9 25 45 15 28 17 55 44 53 74 65 91 91 5 43 14 16 41 39 99 7 3 33 54 84 16 41 49 92 1
99 90 17 24 30 68 2 62 21 27 22 98 52 72 91 90 39 19 16 61 12 5 98 41 64 34 96 47 81 49 76 41 32 27 69 31 85 25 19 62 38 20 13 4 74 31 88 18 91 21 85 20 49 45 13 9 69 26 69 71 25 57 86 51 68 21 17 60 43 98 63 18 1 10 74 77 69 83 97 4 87 74 21 73 89 82 4 20 30 48 60 31 76 13 18 82 51 15 63 64 90 58 84 75 54 1 0 24 97 37 29 75 21 20 80 62 25 4 90 55 32 15 71 1 62 0 28 89 25 38 63 60 23 32 81 98 82 58 91 23 23 95 26 54 64 27 81 51 4 20 79 72 23 4 11 98 69 7 70 78 15 40 13 52 58 50 5 5 8 11 2 77 43 77 40 26 9 91 7 7 2 50 80 100 69 14 27 46 85 19 94 32 41 52 53 11 16 1 75 2
87 29 88 1 95 99 26 39 90 11 16 25 50 62 52 82 10 74 11 22 45 56 27 31 15 48 85 90 2 100 16 68 73 36 98 97 34 10 85 64 84 7 46 6 84 50 70 84 32 25 72 52 99 63 38 22 47 73 65 60 42 33 96 10 26 0 82 5 73 100 55 30 69 5 35 67 91 88 38 10 65 22 85 100 88 71 14 74 71 29 44 26 13 32 0 52 93 54 9 0 10 94 90 24 31 59 78 9 76 37 80 33 34 38 41 78 44 79 5 58 81 60 14 15 26 92 7 1 51 27 83 33 71 31 53 94 99 41 12 93 13 61 38 12 98 48 73 88 62 41 67 33 25 69 47 55 45 55 1 86 61 82 45 66 61 41 23 45 19 18 71 47 58 22 53 68 43 64 59 41 11 22 98 63 53 38 50 0 63 76 7 6 86 26 98 62 66 24 24 93
56 59 5 66 4 52 85 29 41 10 74 78 25 13 26 72 14 32 15 17 89 56 76 78 46 58 30 56 47 63 8 52 85 65 93 94 93 55 69 84 3 19 37 57 30 93 25 25 42 77 94 26 63 76 58 95 91 75 60 1 35 9 37 90 3 97 44 11 4 30 84 37 92 85 89 64 73 93 91 21 57 88 25 64 0 7 23 72 21 29 45 29 14 3 16 89 57 70 16 34 56 35 27 63 6 52 51 34 59 45 18 33 39 42 21 2 25 87 14 74 26 73 65 81 42 0 13 54 86 63 61 85 33 4 33 42 27 100 64 34 69 45 9 99 9 49 58 52 51 79 56 57 95 20 39 3 9 81 32 40 76 8 43 15 88 54 19 93 12 16 89 10 70 33 25 14 59 63 47 43 69 99 62 56 49 55 21 78 47 20 76 27 10 18 63 42 48 75 81 70
9 39 51 8 65 18 15 69 60 77 13 39 1 92 55 91 11 44 54 70 67 23 42 83 37 46 76 36 21 43 93 37 20 22 87 90 46 57 23 80 17 26 6 91 39 12 8 11 7 27 87 11 27 20 43 36 95 96 53 26 33 21 26 91 49 12 32 7 20 60 97 73 90 87 74 97 13 33 69 57 81 86 51 8 53 37 74 5 56 44 11 77 56 88 55 36 78 61 71 16 54 52 52 47 26 52 66 91 99 64 15 5 61 48 91 83 52 23 76 37 58 77 86 31 91 50 9 88 84 41 76 83 54 73 3 46 32 90 80 37 93 46 39 28 69 50 77 67 41 75 3 15 28 32 4 4 4 81 87 9 20 17 19 43 90 82 16 66 7 72 86 42 11 11 59 85 93 91 37 75 2 4 87 49 65 36 60 8 26 94 32 26 48 40 23 17 30 6 55 3
29 77 18 91 44 45 11 88 90 68 89 36 12 19 87 86 84 98 55 40 36 14 71 75 98 85 18 23 32 84 93 98 62 95 47 86 73 50 19 84 29 11 33 56 48 69 69 100 52 99 73 43 35 55 2 48 68 25 33 61 22 82 18 71 6 76 6 84 64 54 54 30 57 80 22 60 1 55 7 98 58 29 14 60 33 62 5 20 31 44 0 71 10 66 88 45 50 19 50 37 36 84 15 6 3 44 15 91 88 5 58 14 98 59 40 27 27 21 88 70 59 90 85 17 46 47 87 7 92 75 72 36 44 53 53 89 53 58 20 59 11 26 42 30 42 84 52 41 52 29 18 44 99 91 92 47 24 72 21 66 41 60 0 83 60 51 0 72 90 71 17 68 20 76 14 57 33 87 92 75 52 43 20 66 92 60 4 79 68 76 48 62 13 75 15 21 97 98 41 36
75 33 88 20 87 35 83 70 7 94 92 47 63 11 53 30 65 97 47 97 41 29 19 92 17 23 78 51 64 58 100 80 80 39 92 39 72 7 85 17 98 98 87 43 63 76 33 78 90 49 0 7 21 24 96 78 8 3 4 24 21 44 31 53 5 0 22 78 53 82 82 46 69 37 33 60 75 63 67 94 85 0 22 75 30 79 63 92 60 0 92 71 51 14 79 82 11 60 2 10 85 96 42 80 66 80 41 0 36 10 62 2 12 92 80 13 59 83 71 98 5 86 16 74 78 83 52 6 15 79 6 63 78 75 15 9 56 69 35 22 97 8 61 14 72 72 99 42 64 43 13 9 92 9 85 57 73 81 80 81 70 35 23 66 83 43 19 96 47 88 25 57 29 41 24 26 71 67 33 25 12 75 3 67 90 93 77 65 28 40 63 26 83 56 82 64 49 18 95 64
7 63 12 50 45 35 49 86 39 100 26 95 38 17 86 5 82 16 15 23 53 35 44 85 57 18 61 25 55 42 20 47 0 20 61 28 87 75 41 61 67 80 65 8 82 92 21 41 29 1 44 32 14 93 49 61 89 68 48 66 2 60 42 52 72 99 89 86 4 27 97 78 31 29 91 37 87 43 43 90 93 46 98 21 46 15 89 90 15 68 62 92 8 82 91 47 25 9 100 27 46 67 58 78 42 56 68 45 21 75 25 64 33 36 37 57 40 1 54 32 49 32 89 45 50 13 12 26 86 17 60 35 48 75 50 92 6 51 15 38 91 10 13 91 22 89 9 24 42 76 58 63 70 4 97 74 97 94 78 57 49 13 74 74 16 30 88 77 89 51 98 46 5 70 30 50 18 73 78 71 18 16 3 53 10 1 96 67 93 20 64 85 15 34 29 57 21 7 16 64
37 10 38 35 70 44 72 22 8 26 25 39 88 36 83 85 24 72 33 26 74 74 11 91 83 69 74 98 28 49 4 35 65 71 16 28 18 6 45 99 0 61 74 75 36 86 42 64 12 36 81 33 57 24 96 59 58 17 33 76 1 83 26 14 53 54 85 21 29 7 18 48 94 31 74 51 44 53 27 31 72 97 97 2 25 94 8 4 78 55 32 62 26 44 76 82 10 11 24 26 23 99 23 49 80 0 76 76 68 41 46 40 69 11 76 48 66 96 79 18 28 80 95 47 29 39 100 38 84 47 6 57 47 49 41 98 95 83 24 49 6 61 96 30 83 58 4 17 49 54 50 2 1 11 72 45 51 97 20 22 45 86 57 83 32 90 4 11 32 68 76 49 36 99 27 96 12 57 37 71 89 61 55 94 69 89 7 96 37 78 9 58 90 33 12 83 77 24 93 11
91 92 83 51 86 43 30 30 20 25 17 89 41 48 2 0 70 99 82 87 14 44 24 11 23 28 32 8 65 82 95 84 36 90 63 33 87 43 59 77 2 16 79 60 53 64 95 11 67 13 23 93 59 32 42 69 20 69 6 5 14 43 41 91 94 7 54 51 59 59 83 95 7 11 95 15 38 55 60 85 52 97 70 73 45 97 44 25 31 95 58 33 86 6 81 12 62 59 92 65 24 18 72 70 81 55 70 27 51 73 77 61 30 52 16 24 45 89 28 60 64 42 10 99 3 92 40 19 76 39 19 28 15 69 8 43 98 35 60 91 98 99 27 56 19 94 8 83 69 58 61 57 3 86 4 0 41 77 8 74 5 74 57 5 7 62 90 63 23 33 23 63 74 22 86 88 35 2 63 79 80 62 33 20 79 4 62 85 28 33 34 25 7 39 47 53 62 19 86 29
66 67 41 53 36 8 11 14 5 22 65 19 2 53 91 59 39 70 50 84 14 49 7 98 18 69 91 59 24 77 69 21 87 26 73 13 66 75 89 87 36 81 41 69 99 7 65 96 58 77 6 28 57 32 64 77 68 88 9 94 83 7 25 20 79 77 5 6 50 10 76 51 24 10 98 11 65 66 75 75 23 71 30 61 98 21 88 84 64 33 19 3 8 36 21 16 67 90 85 94 79 73 95 1 47 49 83 89 68 83 29 1 59 10 47 60 11 75 96 13 26 98 77 75 99 30 17 100 24 31 4 90 11 61 66 43 68 59 29 54 22 40 29 25 63 81 76 58 62 20 55 93 68 42 79 53 28 79 32 78 81 86 35 90 91 92 76 79 70 81 8 95 41 95 30 99 58 41 74 69 53 97 37 28 89 99 33 44 2 55 80 41 71 64 32 6 33 36 5 23
13 70 61 54 75 7 31 61 71 84 77 47 43 90 22 16 6 50 9 87 4 70 85 16 63 44 66 86 16 100 86 48 3 85 27 38 92 96 12 83 11 19 50 91 40 99 51 45 20 17 57 39 87 51 41 40 75 16 20 83 85 88 33 43 31 45 67 51 64 96 81 26 6 63 34 16 25 78 86 46 67 16 98 4 34 32 31 85 92 90 89 45 73 66 82 15 37 40 4 57 24 91 69 56 10 51 4 29 46 90 34 46 86 22 91 99 46 73 3 20 60 21 89 18 31 82 60 44 13 46 7 6 22 95 16 87 71 36 73 44 82 80 31 83 31 65 26 99 28 28 39 61 0 79 51 43 100 58 87 93 73 89 92 93 24 30 72 4 44 86 6 91 68 47 23 94 10 1 6 36 20 53 84 27 84 63 73 29 83 21 4 16 70 68 81 57 19 85 62 83
79 76 8 35 56 21 83 65 75 83 45 39 76 10 89 88 8 64 75 71 52 62 84 12 45 9 34 34 11 94 42 5 18 65 36 47 50 96 11 1 21 82 47 67 80 28 58 83 24 22 61 97 95 5 57 1 73 94 5 81 25 56 69 52 56 95 12 96 58 63 92 95 86 66 79 49 50 65 57 25 10 86 49 57 88 13 23 29 23 14 39 86 36 53 26 90 98 24 52 75 23 83 78 87 40 100 92 82 56 63 19 90 22 100 75 20 70 79 90 89 34 6 11 76 78 30 86 12 18 42 39 6 16 81 39 23 78 48 69 10 28 47 78 41 85 97 28 20 7 35 16 25 82 77 94 63 24 5 99 23 37 94 18 53 31 45 89 36 41 10 71 68 17 70 89 87 1 12 98 37 54 77 63 78 77 51 79 42 54 2 55 17 53 8 16 66 92 51 86 17
32 10 48 25 22 44 96 86 56 31 59 39 56 13 69 47 31 65 31 26 78 67 33 36 35 57 47 12 45 87 96 25 70 99 48 59 26 12 84 81 78 37 50 63 18 89 85 15 41 16 46 56 98 86 74 97 13 93 26 73 18 44 91 16 98 90 74 13 69 27 69 81 56 35 7 92 35 68 77 66 82 39 43 92 36 55 81 24 0 6 97 38 43 79 21 34 71 23 63 22 92 39 41 25 37 22 10 36 30 7 86 63 51 13 52 63 10 89 88 86 30 34 83 17 32 97 82 52 40 84 0 7 23 16 16 20 96 53 6 51 89 1 77 45 70 89 28 93 90 53 45 79 53 75 78 32 23 61 36 71 100 29 13 66 68 51 18 59 26 81 73 94 70 88 78 82 93 42 76 25 12 87 23 5 53 22 99 16 34 96 7 68 53 92 16 8 80 23 10 7
7 33 29 34 94 62 73 64 86 45 60 69 7 11 61 64 55 74 59 40 91 77 100 13 90 69 42 52 70 28 62 68 2 75 7 76 61 89 7 40 53 69 54 15 6 5 51 33 88 57 82 6 3 3 69 12 98 19 3 74 28 59 70 34 12 43 4 83 71 3 20 43 51 66 8 64 4 32 28 15 97 0 49 47 47 28 23 74 92 20 75 29 30 34 11 7 25 77 60 11 90 34 24 67 25 28 53 61 51 62 98 0 21 31 31 7 94 26 51 26 45 85 27 100 17 66 56 21 1 3 60 90 22 85 69 89 18 21 94 54 4 44 22 86 85 78 55 55 54 10 92 88 87 59 95 40 87 2 83 94 20 15 62 56 26 84 25 22 91 45 0 12 50 74 30 71 49 4 75 79 93 32 90 93 74 46 33 11 19 31 10 8 4 30 0 58 89 72 9 55
81 68 56 4 74 5 41 56 43 46 14 99 16 59 45 34 66 67 47 59 34 100 23 54 11 85 52 18 42 58 42 96 24 25 27 77 68 38 53 36 92 19 100 15 38 5 15 0 91 90 91 76 79 78 43 82 69 97 99 14 5 33 41 81 37 78 59 91 52 14 69 42 39 90 62 11 88 94 31 73 72 4 5 2 62 60 49 21 62 25 1 78 83 91 37 47 94 0 27 55 30 61 29 85 20 98 18 10 85 90 45 78 66 18 57 66 41 81 67 46 42 73 12 44 29 89 78 80 92 40 57 30 37 63 66 11 55 16 24 77 85 96 59 39 31 66 60 85 90 6 28 17 71 30 40 35 48 38 27 96 23 62 58 58 69 75 93 26 75 78 82 82 21 65 65 76 83 34 98 36 51 40 3 61 15 81 51 16 66 51 56 33 6 29 44 92 68 58 32 47
25 15 70 76 20 57 9 76 33 55 7 9 9 52 87 61 50 90 84 59 17 100 72 13 74 74 51 33 26 18 13 87 24 49 20 34 99 24 35 47 67 82 74 88 17 87 60 4 62 26 53 57 84 50 20 61 36 77 82 64 69 67 16 38 39 16 31 0 52 89 26 46 4 55 34 72 99 44 74 26 34 73 61 90 13 49 83 76 9 52 42 63 2 7 44 82 18 94 41 49 42 55 10 7 56 89 29 91 76 64 29 23 13 14 95 57 71 85 32 19 37 55 10 71 64 2 79 89 46 67 73 34 35 74 70 8 39 39 80 23 91 21 38 45 12 75 6 14 82 40 21 63 79 67 65 2 30 6 83 17 97 74 78 81 46 47 23 61 59 58 35 95 21 94 70 25 36 35 63 30 76 21 28 75 78 89 13 47 19 51 7 92 17 56 9 85 16 71 19 74
89 55 74 66 14 18 87 91 67 37 53 88 55 76 85 99 42 66 59 42 93 29 3 72 42 26 32 24 77 91 43 45 98 2 64 2 51 17 36 92 8 66 58 78 55 76 40 84 83 69 33 78 22 44 87 14 98 4 89 59 75 74 62 21 26 3 81 19 18 19 16 51 55 56 75 2 34 27 52 39 72 69 94 44 46 15 36 14 61 46 76 61 39 88 33 22 95 99 53 52 68 70 51 45 65 67 54 33 32 88 31 22 56 51 58 84 71 60 60 97 81 58 47 62 0 78 85 45 88 79 28 68 61 3 35 25 50 41 13 74 68 99 6 41 17 3 41 28 27 49 92 35 95 18 39 97 78 0 79 63 20 1 64 79 14 28 91 42 94 63 67 80 44 90 72 40 24 28 62 35 33 42 93 63 34 27 76 100 91 78 74 32 44 4 72 24 53 39 80 20
51 66 50 93 71 60 77 1 0 24 61 0 77 18 10 53 11 70 80 16 95 62 49 69 96 0 19 88 20 4 87 44 100 60 40 90 72 84 10 25 75 61 46 17 93 83 9 51 63 85 81 85 78 29 71 27 60 12 88 87 15 70 95 96 91 97 17 73 88 82 89 13 84 13 90 15 53 18 3 18 73 10 24 58 37 3 4 41 64 19 82 26 0 32 52 18 11 66 94 63 35 40 71 44 85 73 23 33 11 63 38 55 32 93 11 57 37 12 78 53 27 63 28 34 7 83 57 70 67 42 14 39 53 25 14 48 18 54 14 75 50 10 57 3 47 58 5 58 36 3 59 19 61 26 44 57 22 31 42 45 41 54 44 91 54 14 8 88 68 15 89 17 27 15 38 84 70 26 71 44 78 28 2 25 80 59 62 85 89 99 10 91 8 52 24 73 11 27 34 5
89 84 27 46 33 34 75 61 27 8 20 94 96 22 82 76 58 64 23 20 51 81 19 36 1 68 55 75 42 60 12 61 39 33 0 6 22 74 56 12 94 58 29 36 79 4 79 55 94 49 94 21 68 78 70 55 27 56 61 43 77 69 68 78 0 41 50 44 21 66 97 48 95 53 71 64 69 73 68 2 16 74 73 60 24 0 70 49 2 52 18 35 10 3 29 14 61 13 97 83 2 15 22 95 0 92 83 75 55 85 1 100 21 97 10 79 25 34 4 67 67 99 19 70 94 68 10 77 64 83 39 47 83 55 13 61 86 5 31 33 88 4 38 25 13 31 20 70 45 4 63 94 31 83 46 87 60 13 66 59 96 55 21 46 85 3 60 27 8 83 54 3 51 21 99 75 81 95 43 84 46 98 30 97 95 95 73 2 39 99 80 37 68 55 12 92 13 19 19 69
24 90 91 17 2 86 35 93 91 20 63 78 57 40 2 21 96 90 4 11 72 28 90 26 69 38 90 79 71 94 44 81 72 98 10 39 75 47 32 62 32 9 61 45 33 100 78 38 79 82 88 2 38 74 93 87 25 20 18 95 56 62 46 65 66 44 55 52 56 14 44 10 78 84 100 92 10 54 66 94 67 11 51 70 72 2 86 84 85 98 19 69 3 23 92 60 21 45 48 80 13 98 36 5 5 51 52 63 65 48 35 38 3 97 100 27 1 21 2 58 81 89 80 43 11 85 90 24 89 96 67 100 96 87 90 71 84 44 37 28 37 15 20 52 78 51 19 28 24 96 60 79 28 26 33 96 11 82 78 16 92 81 40 35 96 77 52 57 94 84 81 16 81 99 5 10 2 100 83 56 85 62 71 93 99 91 17 89 77 17 60 84 92 87 37 32 82 12 34 74
79 43 74 66 28 9 20 98 85 23 18 28 8 56 92 43 86 67 82 60 95 42 0 43 91 58 2 2 2 41 73 91 35 91 88 11 23 67 12 97 12 50 0 99 21 80 22 15 15 75 6 40 48 2 29 87 81 88 90 71 89 53 29 57 16 90 1 69 75 15 5 100 33 94 3 98 19 14 91 82 64 70 33 25 74 95 42 21 64 10 0 59 20 74 67 21 86 47 67 7 96 7 30 22 38 7 74 20 47 38 32 45 7 96 94 73 7 38 68 92 88 51 78 56 16 18 22 44 2 28 74 51 24 50 57 87 33 46 80 63 57 95 72 93 85 81 47 2 94 19 50 25 55 74 6 99 2 66 67 7 57 91 60 30 79 77 17 56 78 68 22 87 93 71 69 83 55 40 45 47 5 10 79 44 32 32 83 39 10 89 14 46 63 94 10 35 18 39 8 8
20 24 78 12 42 78 21 44 15 65 38 35 44 57 53 62 91 39 27 40 37 45 66 37 55 33 59 72 5 50 45 77 53 51 63 57 32 96 27 46 7 82 35 59 41 79 76 70 89 7 2 34 94 30 12 36 14 58 90 34 26 99 51 44 47 95 48 64 28 95 7 1 12 24 79 64 31 62 11 99 58 61 14 13 41 74 13 63 73 94 22 71 80 18 56 88 52 94 62 67 12 22 69 65 76 65 66 49 20 60 55 30 88 86 32 40 30 91 32 75 62 57 65 69 71 73 70 67 85 88 87 18 6 53 44 65 72 23 8 89 96 37 30 75 65 94 99 34 50 79 14 75 82 34 61 19 90 23 57 48 27 55 94 97 26 88 68 77 15 44 69 82 2 68 94 10 67 73 2 99 8 58 59 96 93 44 19 77 30 29 15 37 14 10 91 81 67 48 31 92
29 57 99 0 21 4 47 49 100 59 69 57 73 51 21 30 22 64 23 35 73 79 0 17 27 84 63 87 35 96 1 35 22 86 48 88 50 0 58 10 11 1 59 29 91 46 58 33 81 34 3 58 54 71 29 25 9 44 69 37 83 27 9 98 51 54 59 26 77 100 5 2 59 15 21 46 71 12 3 54 23 78 64 60 68 19 74 89 65 98 24 28 57 7 4 41 4 67 61 67 46 36 71 7 33 91 12 53 20 64 52 6 68 12 5 38 38 15 76 26 92 64 54 43 83 68 95 22 11 31 66 74 57 54 18 85 63 99 87 96 22 64 20 79 99 47 69 56 31 89 3 29 99 50 53 81 14 78 40 43 100 91 94 77 25 38 18 53 20 2 59 54 3 61 78 85 8 68 70 80 28 1 11 6 78 99 69 61 94 56 76 35 61 3 63 24 24 83 99 76
1 34 94 32 83 85 96 92 60 20 57 42 92 9 15 23 77 92 19 97 45 16 24 29 76 6 3 61 77 57 2 96 92 87 56 62 76 51 92 26 76 57 56 71 12 91 37 11 3 1 33 11 92 11 27 57 57 37 17 64 72 99 24 67 58 37 13 42 27 21 89 67 29 54 60 49 30 38 99 53 33 96 16 16 43 29 64 4 8 27 11 38 70 19 81 63 40 9 83 93 17 59 45 34 55 18 80 25 77 49 80 100 46 23 31 94 62 19 58 80 85 78 4 59 51 83 15 40 31 54 40 6 92 24 94 6 71 79 28 29 73 87 85 50 58 27 86 40 3 98 53 97 43 43 31 81 82 2 20 24 48 53 55 1 41 88 43 22 87 94 93 74 77 13 29 95 28 76 13 70 0 86 72 55 31 62 81 10 14 38 99 61 82 71 97 85 95 25 83 66
25 99 59 40 36 8 76 1 91 75 89 49 34 15 60 27 14 5 34 9 10 81 90 36 15 41 73 35 97 1 99 65 90 85 81 71 63 94 6 80 55 62 38 15 89 98 45 11 33 52 31 21 43 0 55 94 33 41 33 59 97 98 37 70 23 39 24 73 65 89 7 85 79 49 90 86 24 17 83 52 96 83 85 23 20 68 4 73 70 60 77 73 39 13 2 68 60 56 83 85 93 1 81 62 82 63 67 46 31 0 96 82 7 24 2 67 94 57 98 95 16 81 19 99 60 95 11 95 33 73 82 59 32 55 36 53 47 92 79 70 80 30 53 78 10 0 39 38 50 18 50 78 79 64 80 57 29 9 64 62 7 42 44 93 67 26 52 58 59 46 1 28 68 79 75 14 83 99 60 72 66 66 15 46 86 74 81 46 45 40 87 11 1 61 99 22 83 37 30 62
55 64 55 35 42 95 22 83 83 16 21 82 8 5 90 50 4 55 79 97 59 1 84 13 70 65 92 62 2 11 12 73 94 30 64 59 12 74 92 42 2 83 93 51 95 60 22 25 40 32 52 11 35 79 53 54 29 8 34 93 55 72 79 41 74 53 12 58 98 56 11 24 75 4 32 64 57 66 73 69 14 67 25 59 81 2 0 75 10 1 8 36 96 32 82 1 67 51 62 36 3 61 37 51 17 11 92 19 5 98 31 2 78 5 61 45 49 87 100 60 95 28 5 62 88 2 25 56 5 68 100 81 19 14 94 36 82 8 39 19 99 33 46 88 34 100 8 88 69 0 6 61 16 44 70 82 92 34 2 33 100 68 46 60 29 36 71 20 83 88 34 93 7 20 13 69 1 59 47 99 80 39 75 49 25 91 97 41 74 0 60 36 31 53 49 3 95 13 3 8
6 96 56 47 66 41 86 45 10 49 68 62 19 75 80 90 9 94 70 42 27 41 37 13 66 28 51 0 49 10 82 83 7 8 47 90 0 70 77 23 24 25 0 61 47 64 57 80 33 98 17 81 80 41 92 50 57 25 84 13 17 65 55 89 74 0 11 60 54 73 75 38 69 25 98 88 16 100 44 49 67 80 0 12 40 87 27 88 28 65 35 89 82 19 73 6 71 43 50 35 65 98 21 88 29 32 63 93 97 72 0 96 20 59 30 99 45 2 42 50 80 32 28 3 26 64 40 90 67 70 37 61 65 71 69 20 50 18 59 4 94 99 41 9 20 22 42 90 31 50 48 92 28 19 13 0 35 79 7 14 86 60 7 75 31 34 97 51 17 86 77 30 60 10 24 17 89 65 18 13 73 7 6 31 26 10 10 35 65 15 67 78 97 58 73 22 15 21 35 39
36 63 73 58 67 70 51 85 69 12 0 92 17 71 18 4 51 14 96 21 20 57 58 51 71 97 44 66 53 15 83 24 81 1 12 99 88 73 34 62 76 99 56 4 41 52 50 23 92 19 81 22 63 89 19 16 68 84 45 40 79 10 39 7 11 21 26 33 80 8 96 61 20 34 73 46 94 71 16 42 38 75 27 90 36 84 23 30 85 86 46 83 19 21 59 17 33 64 88 50 62 98 50 100 32 38 83 89 68 47 35 90 30 77 36 89 41 1 62 58 38 57 52 3 94 6 44 91 75 35 93 33 13 60 88 18 27 95 43 11 94 87 8 47 52 19 86 75 10 96 84 5 69 88 14 95 22 87 20 74 27 61 17 100 89 96 34 72 46 9 66 85 89 79 77 29 62 93 93 28 68 37 94 32 41 79 84 91 92 53 37 17 54 70 47 93 62 37 14 86
23 99 85 60 25 10 48 28 28 75 3 0 88 24 82 48 54 91 94 97 17 4 82 58 48 90 68 42 98 18 3 53 41 29 62 75 24 19 22 21 38 88 58 68 33 29 38 73 0 6 17 68 5 78 95 50 56 35 91 23 89 78 3 28 64 84 93 9 4 65 24 54 76 45 62 95 89 64 44 84 57 53 65 29 87 24 24 61 37 56 23 7 13 54 11 66 65 45 28 89 23 69 92 23 53 42 79 83 15 20 40 31 68 7 48 66 70 35 59 3 31 96 39 59 40 41 57 72 66 66 7 52 28 83 24 27 52 54 90 98 7 70 31 48 34 25 33 28 6 38 22 35 10 86 30 91 45 90 53 3 27 61 84 83 48 8 87 54 6 79 2 90 18 61 100 35 23 73 86 34 34 1 24 85 82 8 14 0 82 67 90 60 85 88 9 6 3 32 60 3
27 22 20 16 33 1 91 36 70 31 20 98 57 52 85 83 2 18 0 67 13 64 2 16 16 68 25 53 50 33 14 76 73 24 10 37 13 79 81 53 61 11 2 48 4 53 98 38 95 46 41 98 94 6 17 46 28 16 8 82 94 76 97 27 19 64 85 81 51 80 10 95 11 42 21 5 28 43 67 16 86 100 11 17 43 68 49 66 66 14 16 52 71 92 69 98 21 16 81 73 59 98 90 53 65 18 97 16 60 73 88 0 18 25 73 73 62 83 10 66 77 19 1 19 90 83 45 63 83 73 94 95 67 56 15 92 21 58 25 55 36 32 57 81 8 85 45 21 41 24 27 85 92 12 21 32 17 5 6 90 12 55 40 53 29 48 73 66 26 100 78 46 74 63 55 100 63 54 69 4 80 21 44 16 71 90 93 1 89 92 14 46 75 30 77 22 13 66 80 10
41 69 99 76 62 80 64 83 6 39 62 56 84 96 50 22 6 34 55 22 3 10 16 34 81 14 14 52 37 43 36 13 84 87 3 52 50 16 48 86 35 12 74 9 33 57 90 80 98 56 30 99 68 73 83 38 81 91 74 27 86 61 37 74 87 22 59 36 10 70 27 8 1 11 89 13 35 70 8 17 23 61 40 46 40 37 88 79 92 63 80 8 92 79 38 100 17 41 90 16 36 58 90 16 68 41 47 14 85 28 20 90 56 47 3 4 30 58 44 65 21 21 20 49 88 79 9 82 10 5 75 7 18 2 65 55 29 94 40 42 54 99 94 21 68 67 14 55 57 30 62 87 6 20 0 21 96 1 6 62 96 78 47 28 47 12 40 14 71 82 32 30 28 76 1 92 62 70 14 32 20 37 78 35 21 85 70 14 73 62 97 33 45 25 3 70 20 2 89 6
98 21 74 7 35 63 71 37 11 60 90 19 59 42 36 62 98 72 34 58 30 50 58 70 17 84 32 86 12 87 90 48 18 17 77 17 24 27 27 54 87 32 87 81 30 77 14 42 70 2 57 78 45 48 84 13 25 69 71 50 7 100 37 5 22 57 7 13 57 0 54 98 35 66 56 85 5 100 72 17 71 86 57 94 5 36 19 67 78 50 83 82 83 98 75 51 5 56 45 24 0 11 53 3 74 68 59 37 51 92 98 52 80 34 4 66 60 18 20 26 89 35 40 89 30 86 10 58 91 8 40 57 70 62 17 25 14 39 30 0 92 4 34 88 51 43 57 90 98 70 85 91 92 29 53 100 23 43 48 62 74 1 21 75 15 83 9 100 7 5 64 69 26 73 31 34 41 66 38 63 3 68 32 41 55 29 89 86 0 47 30 28 30 75 11 38 11 20 14 92
64 89 50 49 0 55 65 4 57 27 54 6 94 74 17 43 67 39 94 11 50 95 0 4 4 46 92 33 53 45 51 28 72 47 67 86 76 95 24 99 29 76 12 92 5 86 21 60 25 84 26 3 73 43 26 59 31 84 32 34 42 56 2 56 32 11 9 46 73 34 65 86 57 85 45 65 42 70 46 57 79 88 72 41 94 4 2 59 87 88 53 29 39 73 9 61 22 51 99 17 16 44 26 37 56 16 67 60 55 47 8 52 60 80 98 90 6 1 20 6 30 5 2 76 73 1 57 13 31 92 3 87 20 67 86 57 7 36 44 51 100 16 93 74 28 41 34 79 93 52 85 39 27 48 6 36 29 12 0 47 4 27 54 11 49 69 58 48 10 85 77 40 48 72 61 29 9 89 30 98 50 55 9 11 77 77 54 93 8 81 10 40 83 76 92 99 44 19 30 22
77 68 89 39 83 17 7 74 99 21 93 23 50 10 15 67 73 15 75 80 54 80 71 13 54 15 55 13 58 55 36 49 75 50 97 67 93 61 32 53 58 79 15 93 97 2 79 35 99 89 56 84 48 64 4 52 17 83 66 74 64 32 4 98 9 92 35 67 51 78 58 8 98 71 13 27 86 32 37 16 12 30 1 60 95 81 39 77 61 96 75 75 64 53 75 54 87 73 85 99 60 69 11 81 14 20 48 27 31 18 26 1 7 91 95 49 29 31 65 90 85 36 32 48 11 96 40 59 44 27 11 35 53 1 63 56 72 52 84 44 11 92 16 14 76 38 2 38 26 99 37 32 68 81 23 97 1 100 18 50 90 99 87 76 17 82 53 99 23 28 94 46 21 86 81 19 88 12 11 31 74 22 64 47 25 47 44 15 33 66 88 81 65 79 12 46 5 44 14 72
90 49 39 3 21 40 41 4 92 18 55 45 41 62 62 10 97 79 38 15 77 47 48 25 99 73 40 21 11 100 41 40 18 46 4 51 56 88 0 72 49 75 56 44 75 88 58 92 38 61 86 25 46 26 43 0 72 63 31 47 15 46 11 80 5 31 50 52 96 58 30 98 26 4 40 30 75 5 4 68 46 75 89 47 20 43 100 43 39 60 17 11 63 49 46 93 94 15 88 22 32 79 54 56 48 33 75 35 93 16 45 15 9 45 51 95 14 78 92 2 23 15 74 92 82 28 98 1 4 8 1 82 37 31 25 34 92 60 37 62 47 82 3 23 5 76 83 7 53 65 88 95 93 20 67 24 69 91 91 35 88 54 12 69 16 76 14 65 89 44 0 24 47 44 98 30 70 79 35 34 76 93 7 5 63 68 33 39 15 34 81 26 33 57 14 71 12 84 83 60
53 75 51 33 47 73 84 26 89 21 69 58 91 2 25 71 14 16 60 12 39 71 84 85 27 43 93 67 97 83 79 79 58 90 79 16 47 21 84 30 63 5 50 1 92 8 51 0 33 14 9 48 22 34 99 4 88 8 65 21 88 75 38 37 27 85 66 52 8 32 77 20 67 8 35 86 35 83 68 28 75 19 13 41 84 100 11 86 59 45 62 47 8 25 27 50 64 68 64 77 76 5 16 95 40 6 91 99 65 72 38 89 91 50 5 98 20 26 46 59 64 71 84 2 34 46 28 3 72 41 87 67 22 8 57 79 35 32 71 75 32 57 3 36 1 68 63 53 17 70 39 88 29 95 100 85 98 39 6 74 40 5 77 71 5 16 84 40 37 81 8 87 55 7 38 87 30 56 92 31 64 22 72 84 17 11 41 20 33 43 68 51 82 39 72 43 84 82 61 20
15 67 67 92 7 34 19 87 16 27 33 66 14 15 87 87 26 53 16 98 34 83 6 22 73 23 45 65 0 32 47 42 19 52 1 56 15 64 2 45 37 12 76 52 79 19 29 49 29 17 54 91 90 21 41 84 47 39 85 38 49 55 21 14 63 16 98 31 88 34 59 35 5 91 92 91 58 94 97 89 42 3 43 70 36 83 96 56 57 27 91 96 56 72 53 5 90 5 19 59 87 75 1 97 81 20 56 45 97 71 23 10 16 67 12 96 78 2 53 67 45 84 100 88 25 36 94 39 15 58 92 28 1 88 12 74 95 63 45 83 97 87 22 58 58 55 63 20 79 77 11 5 68 33 54 28 61 85 48 35 40 15 62 27 99 94 63 28 98 9 80 69 58 51 41 45 12 3 65 46 64 18 82 26 28 2 88 53 85 70 37 27 77 51 90 37 88 72 34 63
84 8 36 83 2 48 18 25 58 34 75 80 79 7 28 98 73 29 96 48 94 48 0 96 1 68 65 27 59 80 75 22 69 5 71 72 74 74 90 35 99 99 99 16 97 7 88 84 43 35 29 63 78 92 76 74 77 52 3 66 99 46 92 27 62 31 51 4 46 89 16 26 19 15 61 20 54 7 82 38 10 17 91 78 28 94 49 81 3 99 35 63 74 68 72 60 40 11 78 6 1 96 66 44 59 14 84 63 21 90 20 73 32 31 79 67 71 40 9 84 78 83 14 85 47 31 78 11 2 67 37 94 98 48 100 88 40 65 74 5 63 9 53 92 82 44 52 31 25 4 43 8 65 36 21 46 3 17 23 57 54 56 89 28 31 59 73 43 2 68 96 8 50 80 39 70 96 99 3 65 39 24 20 23 75 6 36 4 72 89 49 80 69 28 59 73 56 26 9 14
76 65 17 43 98 47 59 27 70 80 78 52 54 13 3 36 80 39 21 87 41 69 20 80 39 69 76 73 72 24 44 78 43 9 91 19 54 62 23 98 21 9 32 65 66 21 76 12 11 32 43 97 94 72 50 2 34 86 60 6 63 83 12 75 66 90 29 45 89 66 7 40 27 55 9 87 23 42 89 19 46 83 19 56 77 64 32 4 4 93 66 77 5 92 50 65 52 12 45 69 3 39 40 33 50 2 53 66 72 39 70 4 8 22 15 76 45 66 76 73 88 19 71 53 9 54 86 42 16 82 40 64 79 21 58 56 43 64 29 88 41 6 51 44 7 33 63 65 19 70 88 9 43 31 40 12 71 5 63 19 71 57 67 8 94 56 15 97 60 84 71 69 97 39 32 22 71 80 55 3 55 40 4 59 70 49 67 69 14 7 64 69 21 100 70 29 2 0 54 10
96 17 91 4 41 48 27 91 8 90 61 29 61 67 74 84 50 24 17 17 48 50 65 64 62 87 53 71 0 43 29 37 32 36 58 82 23 93 53 30 61 5 53 86 17 9 21 27 73 95 63 22 33 76 94 46 53 21 6 71 0 11 3 30 73 1 34 24 56 6 89 0 25 25 65 48 59 87 12 97 18 43 81 44 57 84 1 4 1 92 3 57 18 83 24 54 99 65 24 62 50 12 38 43 89 68 55 1 65 73 80 55 84 46 7 76 83 51 84 66 63 54 22 69 50 15 25 74 100 58 72 86 92 99 59 50 56 73 42 23 29 19 83 23 21 95 95 90 48 28 9 35 31 98 39 28 86 70 75 53 68 7 84 62 36 43 97 83 36 72 91 28 78 38 12 66 76 22 30 20 36 63 26 17 53 91 88 86 91 96 3 30 82 61 40 43 53 2 22 88
