32 12 58 34 2 68 31 45 15 1 40 86 86 82 35 74 51 70 47 41 77 60 36 37 91 54 78 89 83 63 4 91 88 16 70 85 15 59 66 82 96 47 26 40 77 47 26 62 31 62 20 55 32 64 41 37 88 51 88 88 36 18 59 48 68 85 63 39 10 36 46 61 52 70 18 57 57 84 70 97 57 92 48 23 9 67 93 92 41 34 24 76 10 72 87 75 71 72 23 59 78 97 63 3 53 47 3 83 56 27 18 98 84 59 0 89 93 31 68 12 17 1 4 92 20 98 73 10 73 19 45 24 26 36 82 51 46 41 80 7 34 47 48 6 22 70 76 7 51 67 47 49 34 67 89 55 37 7 24 58 82 18 86 37 40 91 29 26 11 63 84 9 60 70 70 93 100 61 99 17 32 22 4 71 52 75 93 68 10 58 73 47 15 53 50 84 25 93 65 42
4 93 29 42 28 6 79 6 79 69 47 53 27 29 88 17 77 91 0 49 76 2 52 78 81 60 32 52 85 4 21 73 78 19 62 53 45 17 56 38 15 90 37 55 92 40 11 10 7 2 12 19 17 35 79 99 74 98 17 49 56 61 31 68 12 84 32 2 35 58 24 2 99 24 6 48 28 31 59 45 2 7 31 47 39 69 77 91 31 96 6 92 69 96 16 39 80 5 34 8 29 44 3 72 72 59 10 20 77 8 14 89 35 70 95 21 31 83 93 17 34 33 100 95 62 22 59 92 18 55 87 92 77 57 39 12 3 58 94 31 12 9 85 95 30 52 89 5 71 63 87 73 83 8 69 19 65 35 66 34 3 7 28 31 77 1 20 26 25 55 35 15 21 41 31 2 11 88 59 83 55 2 17 82 4 44 62 53 5 74 93 32 27 71 62 25 19 27 45 22
24 42 13 4 52 25 14 100 74 81 9 86 22 35 47 86 1 62 85 46 29 71 67 12 99 82 58 11 21 77 10 6 41 42 5 93 42 65 91 1 14 56 35 38 24 12 48 100 27 89 33 63 92 25 4 50 24 97 86 19 74 9 89 9 39 10 75 68 19 24 49 29 6 78 12 62 29 39 94 88 12 1 55 1 40 13 88 92 60 53 3 61 73 61 39 54 28 50 99 96 50 49 85 42 81 28 62 45 21 89 4 58 27 54 13 52 30 99 30 9 44 43 57 57 53 51 20 72 49 33 90 3 32 80 89 30 31 34 55 82 66 97 76 64 35 51 26 63 19 53 36 19 5 100 81 97 6 87 88 44 56 78 74 9 54 19 30 39 67 7 38 38 59 50 35 100 99 80 42 46 75 23 53 72 14 85 27 89 77 10 41 66 30 12 77 8 49 95 38 31
82 63 79 50 22 43 82 52 59 16 0 16 96 11 28 66 6 88 97 20 90 97 70 33 5 53 51 35 88 20 67 95 95 49 51 86 71 49 39 72 94 48 77 93 56 22 46 81 4 20 58 11 19 29 23 84 37 88 6 32 61 32 19 45 2 62 71 96 24 77 8 35 61 55 66 49 12 99 27 19 64 29 87 28 79 100 91 88 37 89 3 48 42 93 18 97 89 90 5 6 51 64 52 30 70 91 10 12 28 84 48 36 23 30 35 60 27 15 89 45 32 22 24 46 78 61 24 40 80 20 84 20 89 78 59 64 81 38 77 64 84 96 7 33 1 81 74 11 94 43 15 64 38 10 12 75 67 97 51 91 9 93 66 100 10 89 11 24 37 82 56 55 56 28 26 20 28 70 91 6 56 93 1 32 36 23 38 23 78 80 8 5 56 32 88 3 42 63 78 96
40 13 20 32 72 33 29 15 20 5 81 57 90 29 66 27 55 39 9 11 32 63 84 40 75 74 35 9 49 10 81 87 15 86 40 88 56 35 31 3 21 57 48 7 3 65 23 80 53 50 25 1 55 89 30 48 28 22 44 88 69 90 75 84 76 2 7 68 23 7 48 55 23 30 81 100 77 59 35 21 22 22 19 3 33 78 3 14 84 61 87 77 63 30 45 80 70 92 22 20 3 59 53 87 75 98 50 34 80 1 60 19 16 63 92 30 95 9 51 44 100 0 12 39 31 78 51 83 14 50 19 55 62 67 46 21 80 71 9 56 37 1 85 96 85 27 52 44 29 75 58 98 33 73 91 19 40 19 22 99 77 10 33 45 83 63 4 72 34 17 18 38 12 34 71 7 66 78 2 88 68 14 98 10 27 18 90 25 62 17 25 22 8 56 55 99 5 0 98 7
7 98 53 66 99 0 74 68 96 98 42 90 32 7 5 97 91 64 2 54 41 64 31 19 88 67 73 35 21 15 54 66 97 99 17 3 8 84 96 41 82 6 45 76 73 65 87 7 20 72 22 5 59 70 54 48 44 91 46 63 32 97 98 75 32 42 0 72 71 86 63 5 7 0 45 32 88 1 34 17 88 64 78 87 42 2 21 92 40 44 64 17 70 52 68 31 75 41 49 50 55 0 100 9 31 77 67 83 38 13 18 68 98 12 21 71 33 34 47 23 5 29 17 42 99 86 76 11 7 49 56 29 99 93 12 73 95 96 35 31 58 1 50 35 81 87 49 26 99 14 25 69 57 10 37 3 20 53 60 1 97 38 38 61 96 84 94 98 98 85 63 52 2 9 87 49 95 59 37 75 52 28 8 92 76 19 48 21 72 13 28 8 52 40 38 1 65 79 67 9
13 2 55 81 3 41 77 29 13 71 96 83 61 10 8 55 17 53 14 85 16 39 70 59 86 17 15 64 1 99 9 33 86 91 28 10 59 34 40 91 84 58 26 11 58 87 93 49 74 5 78 49 4 56 92 97 27 28 82 66 20 26 29 25 73 63 36 57 43 15 68 92 9 49 55 43 26 45 32 20 74 44 64 50 93 24 5 76 87 13 34 89 94 75 91 54 5 20 80 35 29 55 93 54 35 69 49 13 4 19 12 89 21 56 95 18 76 50 49 17 98 87 76 18 75 5 58 99 26 1 44 2 91 41 18 64 66 99 38 53 22 68 18 23 1 44 27 54 8 7 0 15 42 45 34 96 17 95 61 10 56 51 52 53 72 33 19 59 10 62 71 43 7 88 11 10 84 59 20 81 70 98 37 92 88 90 1 96 53 30 66 54 87 97 95 84 10 72 16 36
18 41 64 14 30 22 74 76 69 28 55 26 11 78 16 91 84 11 8 79 18 47 60 0 29 53 97 49 74 52 3 43 55 59 94 4 26 73 14 69 95 2 20 100 90 14 71 42 52 90 19 0 68 46 72 27 3 79 62 0 2 67 56 91 40 9 3 46 24 29 13 81 68 49 75 95 69 56 41 4 54 63 36 45 10 68 84 64 6 79 49 0 42 44 19 58 81 66 5 8 32 80 80 34 70 67 77 21 21 56 67 30 35 96 70 26 72 74 43 88 84 18 59 68 0 14 10 67 46 35 11 19 65 49 64 14 46 49 35 99 39 34 10 25 44 80 13 17 37 17 43 25 9 97 34 100 16 45 94 44 33 96 25 23 4 51 88 49 40 73 32 75 100 12 66 72 75 19 4 15 24 25 3 23 29 3 6 90 48 2 66 54 25 32 44 46 53 79 49 67
39 34 47 58 10 90 6 72 9 19 34 50 64 60 66 64 22 78 75 92 4 5 50 6 4 3 37 34 26 75 88 92 30 8 56 86 41 79 80 9 49 11 23 29 61 54 20 34 3 26 1 73 52 18 91 36 77 57 21 20 75 96 27 56 77 20 7 100 6 37 14 15 51 94 57 89 46 1 71 42 3 48 37 99 20 55 38 90 16 12 77 35 48 28 93 4 96 45 42 8 78 21 71 58 87 23 29 56 91 60 10 35 17 1 94 29 4 65 28 40 43 26 96 3 59 29 62 82 98 5 67 17 84 36 8 54 87 77 2 4 92 72 30 66 82 30 39 3 60 79 62 59 15 60 53 75 25 20 16 30 32 40 80 79 91 80 50 98 51 64 70 78 97 39 51 48 32 21 44 29 38 56 31 18 26 44 97 29 63 58 100 96 72 17 46 90 67 8 87 27
17 5 16 26 57 86 14 3 11 26 18 2 47 0 46 71 24 49 71 83 32 73 66 7 47 77 16 3 51 86 64 51 45 0 78 56 33 69 32 58 49 15 25 4 7 75 67 55 78 87 65 53 57 41 31 43 63 73 54 80 36 100 91 32 57 23 83 90 47 25 59 8 66 58 94 58 94 39 3 100 22 98 12 71 62 68 27 60 71 56 55 77 52 14 5 17 9 37 100 36 2 89 96 68 65 22 57 44 80 18 70 13 76 34 11 67 1 63 4 64 41 77 22 42 66 74 74 71 80 36 25 47 43 57 23 88 2 76 64 23 29 68 49 19 10 18 100 95 13 0 62 21 31 95 90 54 97 62 57 53 84 84 54 12 82 77 39 20 77 32 36 69 30 24 15 26 88 84 11 76 62 86 63 71 76 80 13 93 71 23 57 1 71 80 82 97 5 5 74 12
27 94 39 29 82 74 93 7 27 79 59 9 61 48 87 62 81 44 44 71 65 46 69 16 64 26 24 90 61 100 59 51 60 65 62 56 7 6 51 94 43 62 76 62 38 34 25 36 47 15 83 45 33 68 79 44 43 18 42 99 84 77 44 42 73 17 94 13 94 80 6 42 48 80 46 93 74 18 10 100 14 47 82 24 100 28 40 15 54 95 90 71 54 54 92 39 21 5 64 79 58 71 53 80 38 49 47 90 38 78 55 92 69 50 1 99 51 91 19 27 31 87 90 10 80 36 10 64 5 3 26 48 41 63 39 77 73 69 40 95 48 32 9 88 42 4 97 34 2 70 99 76 25 34 5 28 21 71 9 45 31 32 80 24 41 9 87 8 56 11 17 92 66 97 80 45 26 67 25 54 82 73 5 37 66 5 26 9 98 31 16 76 65 57 58 52 40 6 20 35
81 46 94 63 90 71 13 77 60 26 3 16 22 92 18 19 47 66 34 78 65 4 19 17 35 84 15 21 3 92 95 74 95 88 94 60 88 27 75 70 3 75 38 7 11 51 60 6 43 61 12 75 17 62 87 70 37 12 6 55 58 22 83 71 73 51 44 44 61 42 37 28 14 1 1 38 95 30 23 23 75 90 26 73 6 35 51 38 10 23 30 17 15 23 87 47 27 90 66 2 37 54 84 88 12 100 9 64 89 7 80 18 73 89 19 26 41 85 92 30 66 15 60 75 69 51 93 3 5 53 26 1 100 88 11 97 91 65 75 66 56 17 80 20 80 61 99 42 14 60 59 11 62 83 81 19 26 2 14 98 51 91 24 29 44 88 80 64 17 57 46 54 47 41 61 99 45 61 2 82 29 67 16 69 98 74 18 85 10 10 55 14 70 66 36 77 99 47 2 8
73 30 77 19 62 27 75 73 50 100 79 5 28 78 97 9 100 35 41 78 99 64 35 94 10 31 50 26 69 89 12 35 21 10 7 23 7 25 65 59 98 4 23 0 27 25 65 98 21 33 13 32 38 25 27 100 68 75 27 58 82 76 75 18 33 34 88 82 36 84 42 25 29 81 36 26 97 24 27 8 7 60 18 11 49 17 79 54 58 26 56 5 6 73 54 1 14 94 63 24 87 78 27 2 6 50 5 58 57 3 28 12 39 49 63 98 68 97 24 10 43 15 39 23 72 47 70 54 45 50 61 24 82 87 59 10 96 66 98 5 4 5 42 65 24 63 64 75 78 39 6 10 58 74 97 11 82 23 37 63 69 40 54 24 52 82 10 99 45 98 47 25 42 43 66 49 11 17 38 36 99 15 10 51 84 6 46 30 24 96 31 18 69 97 39 35 64 27 32 71
59 78 75 37 31 0 29 60 38 34 5 36 87 91 8 12 72 7 94 86 82 69 29 47 79 88 66 4 58 60 47 62 33 82 92 61 61 37 59 44 96 37 51 22 51 29 48 82 17 1 15 85 57 65 45 55 9 90 91 15 52 28 45 5 38 100 26 41 28 57 91 33 93 12 84 59 6 85 33 71 12 24 69 19 8 12 98 15 83 51 30 65 25 40 38 35 63 81 60 23 34 74 55 47 7 4 89 70 96 39 31 8 38 43 49 65 51 36 95 60 87 44 62 25 68 59 68 75 0 71 28 80 1 31 72 76 36 95 84 50 83 50 79 87 50 93 8 78 24 25 89 91 70 67 60 94 59 21 20 55 4 58 13 96 99 95 97 13 71 87 26 5 90 61 62 42 69 27 100 73 35 37 64 51 70 42 70 16 32 67 91 39 42 59 1 89 26 79 98 44
82 91 40 0 84 57 20 7 66 71 54 66 62 10 33 25 89 22 65 2 29 79 39 100 60 47 11 80 35 80 39 94 27 30 95 29 39 15 63 93 45 16 11 83 59 56 46 23 81 19 94 48 53 3 66 44 90 45 91 15 62 89 34 66 46 98 48 23 91 79 26 63 30 2 86 53 81 70 3 59 69 53 0 63 38 45 61 79 91 34 70 50 47 21 54 59 58 97 16 89 92 30 93 68 16 23 40 70 65 57 86 94 67 88 56 13 31 81 75 73 65 98 36 72 16 38 39 88 24 34 7 65 11 55 30 22 22 56 69 18 35 53 86 22 68 42 17 54 74 64 1 5 80 43 79 6 1 6 17 42 25 76 66 92 77 80 14 11 95 67 37 53 99 6 49 79 61 6 9 90 26 59 17 26 21 61 54 0 66 19 5 12 77 73 37 95 9 90 47 45
39 49 28 59 97 14 9 84 29 98 74 26 69 61 50 43 37 26 67 70 36 52 100 75 54 76 27 11 53 2 90 18 56 99 41 87 1 68 66 37 85 23 49 100 94 36 40 96 29 68 84 33 89 86 87 38 45 7 12 29 84 20 78 37 69 76 100 48 67 50 44 35 22 2 3 93 51 34 41 22 21 81 83 40 21 1 77 65 75 32 95 62 22 50 55 26 37 1 42 96 44 30 6 58 80 92 91 27 44 25 12 18 37 18 75 9 9 78 0 100 54 6 86 42 91 10 13 73 9 87 73 84 100 27 36 25 70 88 1 63 79 72 46 94 97 90 58 53 34 83 20 38 13 13 57 44 78 92 4 51 14 28 35 87 21 44 56 13 30 91 70 37 77 39 94 30 83 25 68 12 83 62 28 82 12 34 5 21 94 86 63 93 27 52 20 48 18 66 11 61
26 28 42 71 76 95 100 13 21 78 53 66 64 50 50 41 96 67 96 92 18 62 42 10 5 4 71 85 4 64 4 13 69 41 30 60 89 43 49 75 85 32 45 35 68 80 30 91 49 9 52 5 41 97 52 54 66 52 12 85 100 23 42 65 54 79 31 9 73 16 45 20 24 72 89 11 35 37 92 22 93 97 3 72 86 86 16 34 79 61 19 7 38 59 0 29 81 86 17 70 79 77 58 25 86 62 6 16 50 43 78 8 7 18 2 97 79 55 19 2 63 80 32 11 6 43 42 70 56 94 13 94 26 62 23 77 15 50 100 94 43 37 34 85 21 43 60 51 18 3 95 53 75 68 85 58 21 55 91 47 96 66 59 1 1 87 64 93 48 55 75 100 28 22 53 53 64 71 20 56 83 9 60 13 40 57 51 67 10 5 82 80 93 79 4 67 26 19 77 94
68 37 99 63 37 36 96 99 52 34 36 6 89 98 66 9 85 96 28 38 8 22 100 100 25 27 47 21 84 61 8 69 3 5 7 22 7 71 58 91 55 44 59 8 67 94 55 35 99 52 5 28 41 87 96 81 45 62 94 55 30 26 75 13 87 26 59 51 73 87 16 19 95 1 15 89 30 85 10 20 42 6 20 8 82 56 82 1 43 15 78 4 15 41 85 78 9 27 38 36 100 11 0 35 7 22 46 86 27 64 58 20 77 21 39 96 97 32 5 77 40 32 40 78 66 17 100 46 8 39 30 34 71 17 87 87 62 94 66 18 73 69 25 55 42 99 19 26 55 10 6 18 19 64 60 22 47 53 57 2 75 56 40 58 54 23 95 98 19 88 79 21 17 6 69 28 92 81 45 22 78 8 68 39 33 54 40 95 91 44 23 48 21 59 14 17 13 32 24 79
10 9 63 39 82 35 76 46 15 56 91 7 19 53 96 16 92 1 61 4 50 100 32 64 71 28 37 76 78 15 21 6 24 96 48 60 4 87 45 36 59 96 76 39 3 87 4 35 91 9 71 58 89 82 90 79 94 67 81 60 84 38 81 69 32 42 70 8 46 40 50 100 26 19 41 5 83 46 37 91 51 47 23 58 43 23 88 71 59 23 17 76 1 32 76 99 53 73 13 69 15 67 9 34 88 65 54 29 82 98 90 97 65 47 65 24 32 38 91 93 96 93 63 8 78 22 47 100 72 34 77 88 18 1 33 66 80 21 1 44 18 35 80 93 35 15 97 47 89 9 56 99 50 78 96 89 82 86 67 88 30 68 45 89 39 1 68 6 31 79 92 25 21 85 79 44 84 90 24 98 92 54 81 75 89 31 24 17 11 36 99 93 11 1 18 54 13 44 29 86
82 19 9 60 69 40 22 79 1 49 60 7 11 58 68 84 9 37 70 66 13 4 56 23 35 79 44 68 94 67 26 52 29 68 48 31 14 18 100 73 44 66 37 23 23 99 74 4 16 36 68 94 46 63 16 41 0 38 99 59 38 75 52 25 28 22 100 14 0 71 66 29 66 53 52 25 90 25 77 37 28 15 51 42 92 47 70 89 25 42 10 14 80 5 32 89 33 52 15 6 5 7 15 64 37 86 4 98 46 36 36 72 11 52 80 92 7 43 86 47 2 24 33 64 24 80 97 52 49 30 56 82 28 18 20 85 87 70 24 38 68 90 4 32 48 11 5 73 66 60 8 29 73 54 13 34 20 97 14 18 44 62 51 77 42 53 0 28 91 93 20 55 90 77 33 65 14 63 36 86 50 70 29 86 73 48 65 3 37 90 37 18 98 12 36 7 41 14 30 41
63 3 11 100 21 23 36 9 26 1 23 76 5 32 87 2 61 42 64 96 15 96 24 55 94 52 6 48 80 40 96 0 30 60 63 13 45 21 54 13 72 61 72 23 47 18 77 8 61 78 90 91 67 40 68 49 16 88 77 91 21 57 42 71 43 82 92 31 88 47 38 15 9 16 33 23 38 44 81 20 83 82 35 80 6 56 25 14 80 15 39 82 66 52 53 98 20 69 48 86 83 91 92 30 54 62 35 86 98 46 53 99 39 10 87 91 28 11 56 6 74 1 8 21 48 35 40 93 21 10 22 46 27 81 70 10 19 61 62 50 70 65 32 64 54 83 24 31 44 43 15 80 15 79 67 38 82 65 51 70 81 68 92 95 52 10 75 58 37 59 59 44 86 49 35 73 27 29 29 77 40 57 63 83 7 59 1 13 26 29 3 58 13 49 64 77 12 21 88 14
83 31 7 51 11 73 74 92 10 73 20 51 77 19 5 71 49 8 55 67 13 79 5 51 75 48 31 88 90 66 12 22 14 28 87 22 72 94 47 51 64 39 79 42 40 26 90 98 60 21 25 53 75 4 14 47 65 89 2 15 75 26 75 83 47 69 73 27 68 49 84 95 47 10 99 64 40 38 21 27 21 88 6 62 11 54 16 96 36 57 50 77 90 9 45 74 56 56 14 61 66 35 3 16 47 2 17 12 42 88 8 25 30 52 12 11 43 59 60 27 23 68 47 37 40 64 26 75 67 46 74 48 38 57 34 12 1 14 82 1 48 90 91 12 30 53 27 25 100 66 99 0 6 47 70 46 81 22 65 94 93 33 13 82 19 6 91 90 15 13 63 7 5 49 25 3 3 26 49 85 57 30 9 33 69 54 71 68 81 73 81 19 90 54 0 50 87 35 100 41
1 21 13 65 58 47 73 89 6 55 4 34 97 10 9 39 10 47 20 99 82 89 46 80 10 79 47 85 98 80 20 25 39 32 82 62 53 79 15 74 96 24 76 16 75 85 69 9 0 64 64 89 36 66 66 49 43 23 85 88 17 45 63 66 63 19 23 85 28 76 15 64 47 48 34 67 83 65 39 99 7 48 62 76 20 31 14 32 9 55 68 94 59 45 19 98 86 51 67 29 95 3 78 65 62 81 29 8 44 9 85 29 10 76 92 34 25 76 5 88 26 99 91 2 17 99 70 10 1 20 81 6 43 46 34 84 41 18 100 76 0 43 77 14 20 62 30 47 14 48 35 31 62 60 97 53 78 54 17 4 52 88 45 22 5 83 40 44 80 75 58 34 66 15 90 80 98 100 38 54 71 92 34 68 66 78 81 87 88 45 51 29 22 3 46 71 54 44 98 97
20 98 10 31 23 85 22 87 0 57 88 34 41 27 39 87 61 74 71 13 37 97 48 68 62 29 56 61 62 2 95 64 94 62 70 44 20 9 31 78 52 0 56 96 13 0 24 92 18 9 89 10 27 38 27 55 34 87 10 8 3 0 36 0 18 53 4 96 48 22 5 77 41 77 80 83 43 28 42 43 12 25 58 65 6 93 44 22 22 62 3 91 32 56 61 1 54 42 60 97 0 95 98 3 5 26 6 6 2 85 25 23 38 15 41 35 27 12 94 84 90 25 48 15 79 88 66 54 48 1 68 1 58 59 56 24 88 100 77 4 39 11 36 95 12 19 100 80 24 30 66 98 65 66 39 100 33 69 54 56 85 71 63 81 81 21 67 89 43 56 21 11 8 10 89 82 18 86 10 11 39 20 82 9 89 8 30 65 57 50 57 83 12 62 19 30 53 50 30 32
55 38 36 53 24 64 54 44 77 49 32 82 70 22 12 57 60 78 31 4 85 14 34 89 14 21 50 6 78 88 12 85 63 74 88 6 47 25 70 16 46 56 55 38 28 38 95 64 77 18 33 87 91 87 7 29 25 95 6 59 93 4 91 6 85 67 2 40 44 32 65 29 44 40 36 50 6 57 54 24 39 20 44 33 85 62 39 43 40 15 37 69 77 72 3 52 4 43 19 49 23 56 24 11 8 78 34 72 20 47 98 87 49 25 65 28 37 52 26 27 13 58 72 38 15 2 18 59 70 75 38 5 9 11 79 86 73 87 80 99 80 90 86 24 68 62 74 69 51 58 4 14 44 56 83 14 98 76 27 22 94 32 66 67 63 50 26 7 57 66 75 94 1 86 67 91 66 72 27 79 65 7 25 28 70 98 60 53 39 35 89 33 70 89 87 70 46 69 15 84
41 56 83 30 15 56 2 67 5 37 70 23 17 100 35 72 97 72 29 39 62 55 3 31 86 74 74 75 18 89 26 96 55 35 38 89 73 45 35 71 40 53 90 89 11 86 64 89 78 41 34 60 57 36 38 84 63 14 21 10 83 69 91 54 50 24 87 0 30 38 71 96 50 45 35 46 93 61 10 53 21 50 10 54 39 78 83 2 30 75 43 72 90 8 82 58 100 64 58 80 78 21 22 97 92 40 43 73 30 32 72 3 37 31 73 24 42 35 48 11 47 68 35 44 59 24 95 1 49 93 60 57 83 68 95 32 9 16 41 78 72 95 7 28 5 41 71 4 69 68 12 27 46 73 60 9 29 33 49 18 62 77 61 83 75 50 53 82 74 80 21 58 69 41 87 7 72 8 7 35 62 99 13 22 20 42 9 93 57 5 77 62 51 0 67 9 8 27 44 45
88 60 39 77 95 10 100 14 47 11 32 87 21 65 17 88 5 58 100 79 50 46 42 12 17 62 9 11 31 80 53 49 49 76 3 41 39 86 3 10 66 100 15 0 29 36 7 16 51 64 55 3 13 77 36 81 79 2 8 34 15 95 67 82 64 56 9 73 60 28 67 21 16 16 46 53 33 4 33 96 55 43 78 28 76 76 34 21 26 24 60 36 49 98 65 27 94 66 71 73 63 80 65 86 65 58 85 12 2 85 87 80 52 87 91 38 75 83 23 10 76 42 60 59 25 66 69 0 37 86 34 86 69 21 44 88 3 73 85 44 28 7 65 38 52 41 28 97 29 18 75 73 73 83 29 85 55 19 35 67 31 1 77 13 20 38 59 67 38 26 15 40 12 33 19 84 43 70 41 25 67 91 53 10 73 26 77 46 22 46 47 71 68 61 9 93 2 36 28 20
37 34 67 37 7 73 21 19 0 17 97 13 19 40 3 41 100 77 36 56 1 14 60 3 62 96 21 74 71 13 87 20 68 41 86 52 67 62 13 77 41 40 18 5 11 44 59 4 96 67 60 5 70 85 100 56 62 75 75 78 26 50 46 38 4 79 37 86 18 8 43 72 64 32 19 32 38 52 24 84 18 86 21 29 82 23 0 81 41 52 76 22 57 54 33 44 17 8 45 11 9 42 65 1 87 72 71 45 26 43 27 93 54 66 71 73 75 20 66 46 32 40 58 26 6 27 53 48 35 52 0 3 64 80 39 28 79 52 51 85 76 64 10 57 30 8 62 41 50 88 74 8 22 38 79 14 63 49 67 49 100 67 34 19 19 15 33 65 77 41 43 29 48 17 28 95 62 22 35 59 61 0 3 55 93 53 13 9 80 47 34 2 26 86 95 1 18 92 85 61
38 79 75 34 47 50 46 6 25 86 86 1 30 57 13 100 60 66 58 63 18 89 61 75 42 34 54 61 37 70 20 91 59 72 15 8 31 16 87 51 90 34 36 58 23 18 2 25 0 80 87 97 84 98 89 43 10 46 50 1 34 34 24 1 10 91 73 48 44 32 11 60 31 2 25 61 96 85 60 58 94 26 47 45 24 37 90 48 17 17 21 97 41 70 59 54 47 9 8 45 0 25 4 41 29 76 51 26 28 21 42 41 64 86 50 96 36 11 83 56 18 26 53 30 17 90 25 18 34 99 8 97 20 41 30 70 61 72 24 23 7 79 78 20 73 20 0 8 80 10 81 38 68 2 33 59 91 11 62 36 52 45 73 39 63 69 73 58 61 58 78 82 62 98 39 71 4 11 98 61 93 73 70 86 13 86 46 85 1 82 93 74 18 25 14 35 58 39 66 40
31 45 28 62 61 13 82 74 10 39 47 93 42 83 39 75 24 27 86 68 13 65 15 64 79 44 7 44 47 48 3 13 36 33 100 88 30 95 7 64 93 14 18 67 9 54 11 98 31 79 68 28 79 72 33 89 81 49 89 22 93 12 31 70 9 2 24 48 75 78 17 41 26 47 66 91 36 36 46 88 19 48 71 38 20 4 10 15 7 92 0 47 51 91 62 39 51 5 22 60 41 2 89 65 44 52 96 37 43 86 17 29 79 40 88 35 79 55 11 94 64 73 5 82 13 45 91 83 63 63 77 51 59 62 32 8 74 48 30 2 31 73 62 9 28 88 95 18 86 41 26 89 1 18 78 81 38 4 97 55 25 66 57 21 35 5 2 42 58 100 21 97 7 24 99 41 59 67 51 93 58 92 48 46 86 46 67 41 36 99 52 99 61 98 27 5 21 36 40 3
40 28 9 66 99 95 72 92 20 92 95 41 24 35 90 65 36 11 83 4 39 90 51 70 58 54 92 87 26 72 46 99 7 67 50 46 41 35 38 66 11 22 34 22 16 26 27 82 24 24 96 49 63 51 1 20 71 88 18 6 56 5 89 15 57 67 11 50 73 83 16 39 51 87 12 90 56 90 85 10 5 91 37 47 96 97 96 98 0 79 26 60 82 25 63 52 0 94 85 60 8 98 45 83 79 52 26 21 71 3 42 13 15 80 62 12 33 52 89 33 38 8 61 56 36 96 6 27 41 60 48 76 89 3 29 44 98 48 91 2 56 79 62 25 41 20 80 84 23 45 27 80 16 5 72 40 19 68 87 69 22 13 17 59 2 70 42 97 70 12 87 20 9 60 52 41 10 62 20 98 17 74 19 73 6 27 34 72 75 7 54 46 55 100 41 22 82 93 64 51
49 40 9 16 73 68 52 76 16 67 25 11 18 17 1 0 46 85 30 31 1 51 49 79 58 98 2 93 80 71 12 38 30 69 94 10 50 10 98 41 98 71 87 90 53 38 75 67 71 13 83 76 82 88 45 59 63 59 62 78 50 63 75 30 0 23 60 9 97 55 34 14 76 60 84 10 11 14 69 11 46 53 60 42 27 19 59 31 49 32 33 32 51 30 37 82 93 94 26 29 74 20 0 35 38 54 36 10 97 6 17 41 56 87 17 20 95 91 0 3 84 54 17 4 89 7 37 14 43 21 15 91 23 52 54 80 38 97 66 49 63 16 57 71 61 86 1 71 55 79 41 38 6 58 29 54 49 31 29 82 35 75 74 63 98 88 13 61 73 15 57 49 85 87 87 64 12 13 26 43 96 23 31 38 78 39 34 79 23 56 96 77 24 25 36 68 57 10 18 12
82 80 80 10 84 46 42 96 5 86 63 71 76 78 57 76 97 90 24 68 45 46 8 74 56 45 87 4 58 13 17 5 40 15 29 44 72 55 22 39 100 53 52 82 28 56 80 36 65 83 12 21 27 41 88 57 72 55 71 27 83 56 38 68 45 86 0 54 32 64 91 32 73 27 30 98 0 100 49 96 1 68 86 15 98 77 48 33 51 74 99 88 59 18 1 32 61 28 25 17 9 68 43 64 88 94 13 63 3 35 98 14 53 4 14 4 27 79 46 5 94 27 38 29 42 89 56 15 96 75 20 78 34 67 17 35 6 96 2 48 20 20 99 88 43 38 68 7 16 37 93 56 82 74 96 27 95 97 25 49 94 15 51 81 1 54 14 41 31 35 36 57 67 3 9 17 62 28 70 7 8 38 34 3 8 87 74 66 83 49 87 55 52 64 60 5 4 18 13 83
2 64 55 70 74 88 22 3 60 93 97 35 24 75 91 83 17 41 39 10 76 39 41 41 97 83 0 22 49 82 91 59 99 77 44 45 12 81 3 34 43 50 93 27 41 53 69 27 82 32 73 37 43 83 54 80 97 22 53 71 1 26 54 84 54 37 24 64 41 90 94 6 26 53 19 31 43 91 91 35 13 55 81 30 66 100 68 31 1 23 67 77 63 62 48 59 24 44 87 72 48 100 2 49 79 0 93 57 42 27 12 92 7 47 90 33 20 37 30 84 60 100 83 94 61 6 58 48 8 33 34 61 81 82 7 57 93 18 65 86 27 61 24 55 64 19 48 4 8 34 46 85 74 27 10 30 96 52 74 4 38 60 100 55 86 32 20 12 4 7 99 18 62 32 50 83 97 90 68 39 37 7 4 75 53 97 33 85 99 81 46 78 63 26 12 9 59 32 52 54
73 75 34 5 86 79 64 88 55 24 90 100 91 14 30 48 79 39 20 7 31 72 82 62 66 64 10 56 25 15 98 78 87 1 89 44 76 65 56 84 72 87 13 82 19 94 34 99 42 69 82 37 45 68 75 55 22 28 65 60 68 19 83 38 94 72 56 70 82 80 29 4 90 54 10 84 6 80 72 69 47 58 45 20 50 100 90 64 0 70 1 11 73 2 4 25 86 14 60 9 16 38 74 86 93 7 9 19 87 55 62 90 87 10 82 89 28 75 100 28 60 69 100 90 83 50 74 57 49 26 23 61 42 10 61 86 53 82 14 50 80 69 14 50 2 2 84 75 88 81 81 32 8 62 89 62 87 82 38 37 77 20 10 95 34 20 29 80 32 23 27 8 70 93 74 16 98 91 34 37 41 70 74 42 70 96 12 17 78 30 10 91 29 51 17 10 67 3 88 56
95 83 31 63 41 41 95 82 9 28 38 62 86 0 100 11 8 59 89 16 35 27 58 27 100 31 26 97 43 20 41 56 99 9 41 87 100 46 37 38 100 82 22 55 79 35 6 76 4 87 85 34 15 63 44 52 35 88 74 55 25 44 58 51 24 75 72 2 12 83 70 79 24 71 44 48 50 70 18 40 85 38 97 9 40 96 37 72 84 43 66 79 22 35 92 32 61 54 42 5 63 55 19 29 12 12 9 18 96 39 45 86 20 84 90 92 5 93 98 38 48 52 26 34 9 2 5 47 75 46 32 16 57 89 22 98 3 23 70 30 34 39 45 37 80 24 65 27 6 44 38 52 46 70 97 4 68 68 38 86 80 14 21 9 32 14 41 70 39 41 95 51 87 11 87 78 66 96 14 55 100 16 14 74 87 33 51 41 30 54 29 31 18 86 58 5 25 2 86 48
68 59 26 77 20 46 75 18 95 16 35 32 12 53 54 34 62 47 98 34 95 91 23 0 19 66 17 43 20 48 53 65 98 40 13 23 40 0 29 21 90 32 65 47 68 31 39 41 8 68 22 78 98 70 18 3 79 52 3 48 29 25 35 8 69 2 88 13 85 50 51 1 1 14 57 45 53 54 76 49 20 82 92 18 59 0 91 87 90 94 64 83 6 57 32 19 31 55 23 48 22 57 1 42 4 45 38 73 45 25 22 40 41 9 98 64 46 30 85 26 100 96 92 72 22 20 62 12 21 10 53 62 86 5 79 51 73 67 0 74 29 100 68 39 88 40 32 29 43 9 30 72 41 20 52 66 59 86 75 85 50 13 67 25 84 53 86 11 15 57 10 48 51 15 79 17 86 45 77 40 94 57 12 36 11 95 9 59 46 77 34 100 37 3 97 90 59 16 96 46
61 34 90 85 17 12 35 8 38 46 84 3 35 57 29 86 81 80 29 58 64 98 35 13 55 51 71 36 9 90 93 50 28 92 5 77 63 84 18 9 35 27 85 69 93 3 36 63 8 28 99 62 51 57 87 18 66 98 28 40 93 4 19 76 81 81 64 13 63 77 36 72 37 69 97 80 74 18 31 88 39 30 29 51 58 30 45 29 27 68 28 42 23 74 16 60 8 90 90 52 100 79 48 53 7 68 31 60 94 35 22 70 75 86 15 4 69 75 99 25 86 85 15 69 14 18 68 22 71 20 19 48 13 55 30 44 68 50 32 23 7 18 10 73 80 39 63 100 15 64 34 99 34 48 65 17 1 59 80 9 37 30 69 69 23 52 7 0 45 15 12 20 61 78 10 64 40 90 22 34 6 66 26 30 80 39 90 71 69 75 57 27 88 18 25 20 21 14 99 62
5 44 97 31 7 85 66 60 67 100 87 13 100 79 12 50 74 68 45 62 14 6 14 24 62 76 63 87 6 39 37 45 84 96 54 6 96 19 67 38 45 29 12 61 71 74 40 38 45 19 81 76 70 87 64 53 30 18 84 59 94 1 37 93 89 9 55 16 50 51 25 37 95 45 84 89 24 2 25 94 11 98 20 97 25 96 21 15 28 43 37 13 56 24 70 62 84 49 1 75 54 55 84 78 48 93 85 30 21 62 53 94 25 4 1 0 71 81 12 17 85 47 25 75 20 10 26 54 81 49 98 48 94 69 8 44 7 72 73 3 52 65 7 94 79 70 54 79 69 13 51 14 37 77 66 61 76 44 46 16 91 32 24 90 57 34 47 99 32 73 27 63 1 54 83 48 84 28 2 37 42 52 25 2 9 95 68 43 29 34 43 100 31 75 93 65 14 42 17 94
92 7 11 14 10 4 2 22 33 62 46 29 10 69 10 18 10 33 65 6 59 46 71 56 39 44 3 40 45 55 59 43 12 21 18 33 71 31 40 47 54 66 66 8 30 93 15 46 50 74 0 22 34 42 46 90 17 67 19 53 16 55 3 90 4 14 28 38 26 0 90 5 25 35 82 56 57 96 33 61 63 48 24 43 75 87 6 84 20 27 58 30 77 12 1 45 35 61 79 70 2 80 76 63 44 36 42 54 33 6 83 91 87 33 56 39 25 29 36 56 95 79 96 14 73 37 89 92 64 97 58 79 50 43 94 3 47 30 84 14 42 0 78 82 91 2 74 90 37 41 49 88 99 41 86 99 45 29 83 9 43 55 5 33 30 97 40 10 64 34 77 100 10 16 78 40 74 84 14 23 49 86 11 62 1 47 80 50 80 98 21 76 83 81 25 98 35 92 78 44
67 69 85 62 12 93 69 19 35 31 28 80 25 40 57 17 86 9 99 62 42 69 92 31 13 64 40 60 22 94 1 13 5 16 58 95 47 64 92 100 27 76 10 20 34 46 48 16 72 85 84 24 38 52 84 67 28 62 63 77 20 35 54 67 5 83 55 96 10 50 28 99 50 98 36 70 51 46 56 87 30 65 52 50 19 38 25 14 28 32 67 24 100 85 45 11 37 22 68 11 99 88 46 62 25 81 65 10 39 64 72 99 88 80 75 66 82 54 48 99 52 68 71 57 42 73 29 94 65 39 35 73 52 10 82 68 4 95 75 54 73 77 31 74 14 12 87 77 3 38 100 56 61 76 56 37 13 26 33 38 64 94 59 56 62 90 23 88 70 66 83 26 83 32 44 35 26 58 67 67 63 57 28 28 37 90 60 1 32 51 39 82 89 90 97 6 64 57 78 82
84 76 15 22 19 5 6 82 53 40 21 86 52 11 31 36 80 79 19 20 92 7 45 80 22 35 92 43 1 76 35 58 19 39 67 15 20 84 17 54 43 37 69 61 83 8 58 78 75 56 0 73 54 76 60 72 36 49 39 71 98 75 95 87 61 66 93 51 42 97 12 45 21 19 55 42 26 50 73 11 40 83 56 50 34 97 22 100 38 2 22 0 82 0 70 56 33 59 3 49 32 3 70 1 24 15 86 22 38 14 35 74 11 37 13 23 61 51 76 87 62 99 81 36 27 48 8 64 78 30 21 17 77 25 55 82 64 42 9 53 63 78 96 87 23 81 11 99 62 16 97 10 10 52 11 87 91 35 45 13 99 2 27 64 72 9 32 15 55 55 35 42 73 92 7 68 68 36 43 16 74 44 83 12 66 85 26 56 99 27 84 68 47 58 71 81 40 78 81 9
12 28 27 31 46 45 54 64 50 12 21 92 82 32 8 21 98 10 20 63 15 85 74 11 11 3 49 38 95 6 19 29 56 66 86 63 71 10 81 79 69 7 83 76 27 12 46 92 90 85 52 56 14 10 8 27 89 94 26 35 69 82 44 11 92 70 84 19 10 40 29 62 62 37 66 81 19 93 54 72 13 89 93 1 34 12 75 37 45 21 82 25 30 33 50 61 10 63 19 45 85 91 93 96 56 39 63 87 39 45 78 74 64 89 17 78 1 4 2 91 12 35 66 62 29 87 98 48 66 42 95 21 17 46 67 69 27 29 38 17 46 34 2 83 79 22 26 63 65 68 79 65 68 71 55 8 99 66 64 61 22 38 94 90 53 22 71 23 87 58 15 38 30 98 90 10 38 43 89 74 51 88 75 38 3 21 26 64 16 8 51 91 96 78 61 32 4 64 69 87
90 18 17 5 35 77 77 86 27 56 13 79 1 47 43 97 27 82 14 32 37 94 72 63 47 89 0 93 1 52 71 79 52 62 71 66 92 45 64 33 55 45 77 37 40 62 18 100 24 13 94 92 96 41 36 81 55 31 37 46 54 86 42 90 87 24 41 26 18 76 97 44 68 89 42 85 43 22 68 26 40 88 79 45 37 13 28 39 63 36 16 49 40 99 0 63 47 71 71 81 43 94 21 88 75 80 40 27 55 26 100 47 91 44 81 29 97 37 31 16 35 43 63 4 62 21 62 68 27 60 95 72 75 33 64 14 59 4 29 73 98 15 83 12 5 66 25 43 2 80 17 5 84 24 16 31 5 23 38 30 65 13 58 84 29 13 1 95 60 44 25 17 13 10 75 61 18 49 85 34 88 80 76 71 96 50 14 31 65 64 19 78 3 3 84 90 40 29 67 49
59 38 59 20 86 54 82 19 21 64 60 56 22 91 39 77 25 26 71 75 12 32 41 54 55 27 70 60 62 5 52 41 59 59 17 95 86 23 100 26 3 4 89 4 83 76 48 4 99 57 96 87 96 66 28 87 35 14 27 95 59 77 40 27 100 89 37 23 61 79 4 95 47 72 9 32 29 16 8 83 49 99 97 33 19 26 50 61 15 92 47 39 30 72 72 32 8 40 30 95 55 21 21 58 2 17 54 48 48 41 79 15 27 69 23 100 5 58 65 92 60 13 40 96 28 19 12 97 69 9 20 23 3 76 63 31 66 71 23 21 13 80 93 44 7 69 76 60 76 59 55 13 83 77 94 32 7 3 31 47 36 84 14 73 95 64 57 47 75 61 79 19 77 63 62 24 47 60 35 19 20 42 48 0 70 79 68 96 4 36 41 11 14 24 18 62 83 66 61 81
98 98 3 97 35 10 63 46 74 59 87 18 30 42 38 20 35 45 67 79 25 46 12 99 71 67 43 20 76 4 82 9 18 14 78 80 80 37 34 16 83 20 57 8 28 7 64 52 21 24 82 92 29 91 49 94 13 49 7 22 8 59 77 0 75 59 45 64 81 26 92 15 87 90 9 28 35 26 35 77 13 58 4 89 25 78 66 1 77 92 4 2 75 45 9 72 74 43 15 38 39 41 63 30 44 24 55 44 23 28 63 68 88 86 24 83 28 35 14 34 35 56 58 100 69 71 4 31 11 71 11 73 91 1 6 83 76 90 71 63 41 82 8 60 16 55 73 94 15 79 26 72 41 76 6 43 21 12 100 36 40 5 85 24 90 35 91 15 44 66 2 10 2 80 75 80 79 64 92 32 5 31 88 4 18 97 50 90 100 80 8 72 50 69 31 4 34 74 26 70
47 69 87 78 9 37 11 34 12 99 83 9 90 100 38 64 70 81 16 55 93 58 76 94 36 96 26 28 75 59 51 78 48 37 55 49 9 37 97 85 56 65 27 27 85 53 93 74 17 27 35 69 67 96 40 56 3 27 30 11 60 47 47 21 70 54 26 52 76 29 53 81 44 16 74 48 27 32 69 100 43 1 35 15 22 43 94 31 20 25 83 88 52 54 31 87 61 79 10 7 53 68 38 29 55 53 33 28 16 41 64 60 23 97 25 86 26 87 18 90 92 59 81 13 40 36 51 51 63 50 61 50 9 41 78 18 76 72 66 44 66 43 89 21 93 28 6 62 63 17 90 55 44 87 31 48 5 95 30 43 63 24 77 61 59 54 44 0 62 9 49 55 91 23 32 63 6 64 94 66 95 7 88 10 73 54 56 48 100 13 18 61 87 36 65 19 58 57 2 36
99 60 77 53 42 25 30 56 73 32 42 50 48 62 68 88 79 36 6 75 48 57 79 49 73 12 0 53 21 0 30 13 58 91 70 45 32 65 51 5 28 86 45 22 48 8 58 26 19 77 58 63 24 49 70 30 83 3 28 6 66 34 16 77 14 94 86 41 57 42 95 75 0 40 9 12 47 25 72 72 10 0 44 27 18 5 51 45 93 78 73 37 28 73 79 98 13 61 23 79 50 31 87 22 35 38 5 8 41 15 17 89 80 54 65 74 96 72 77 45 48 42 94 38 83 68 42 78 84 77 58 90 22 97 24 15 33 19 64 25 99 95 93 35 76 93 48 70 70 49 9 17 57 39 92 40 64 55 34 52 52 75 62 15 44 14 43 45 51 91 14 59 27 21 96 79 75 28 2 98 50 63 60 79 95 75 60 19 86 99 4 8 1 1 77 38 30 3 33 50
5 91 47 56 49 7 79 1 64 15 47 93 63 5 18 42 79 41 82 22 53 16 30 95 74 4 46 28 24 75 25 9 22 64 41 67 58 79 24 38 40 53 97 49 79 70 68 14 83 63 12 69 28 89 86 3 44 85 37 93 10 15 89 38 38 0 56 37 28 75 81 34 10 10 100 74 79 30 49 27 9 36 26 40 50 86 55 21 55 53 91 2 33 61 44 65 55 84 83 19 97 24 55 44 71 14 28 38 31 5 98 78 21 18 41 32 31 65 19 59 77 35 19 98 34 40 98 22 91 38 32 72 84 88 94 33 77 69 47 8 20 20 8 15 40 90 10 79 6 90 30 59 55 32 49 13 84 57 71 100 71 62 71 41 69 7 98 20 43 31 22 10 6 17 51 21 36 97 82 37 82 39 32 3 34 25 39 49 80 64 31 70 68 58 76 96 6 83 12 71
11 43 67 79 66 16 93 93 64 0 6 87 18 51 36 59 51 18 35 39 66 58 90 2 76 39 79 59 42 73 50 23 81 39 30 21 72 24 95 90 54 92 9 37 87 25 57 73 80 27 3 3 67 99 72 48 16 0 61 28 69 78 65 16 22 36 41 24 76 44 91 73 55 32 63 100 22 72 43 70 12 39 89 80 49 6 77 51 74 60 54 45 95 40 53 72 71 54 27 17 62 3 39 25 0 31 69 72 42 63 57 58 88 81 50 56 91 36 48 72 28 11 43 30 93 60 20 95 2 100 73 75 67 86 62 74 98 19 21 82 79 75 21 75 63 42 20 96 46 41 90 92 13 47 85 27 35 24 6 64 55 53 11 94 69 52 3 2 83 80 98 84 62 51 73 15 1 91 55 94 51 39 65 94 77 21 66 63 92 67 93 42 17 97 31 63 24 68 50 19
64 20 73 27 94 87 18 51 52 74 44 52 42 14 31 8 73 41 78 49 52 80 84 79 85 61 7 39 15 94 46 64 92 59 36 8 68 85 15 28 91 20 7 17 18 25 61 36 69 66 60 18 75 44 22 18 75 9 35 61 65 65 42 76 73 53 53 71 88 35 67 50 57 62 67 51 15 47 46 77 24 3 21 60 90 30 70 73 29 46 52 82 4 76 50 13 74 4 4 67 81 52 29 4 75 13 29 92 29 17 87 73 15 56 67 70 95 23 36 4 59 86 14 49 3 72 34 36 8 76 28 48 74 16 34 90 10 62 98 42 41 59 95 51 99 34 0 49 10 92 69 51 52 46 65 12 70 90 47 10 77 51 61 27 58 65 50 59 89 98 86 7 84 10 3 25 21 30 93 93 73 85 70 26 12 43 5 6 81 77 64 66 23 17 91 67 67 34 97 52
8 48 77 41 18 82 24 2 44 66 0 18 22 100 39 97 100 81 100 5 100 50 66 93 32 28 69 72 34 8 76 82 20 74 75 57 44 22 16 38 13 43 5 16 43 73 46 66 3 60 10 6 8 35 57 78 30 60 98 89 61 39 16 73 66 63 91 82 33 96 93 67 9 83 31 91 32 64 64 71 79 59 49 63 56 95 16 69 90 88 51 39 63 59 87 80 33 29 95 73 12 72 34 51 54 12 40 81 69 4 90 97 84 9 48 21 71 26 35 62 98 50 26 56 39 81 74 59 32 19 51 37 34 74 35 14 52 45 93 26 34 89 53 36 23 87 13 58 29 68 7 13 93 61 96 16 46 99 19 55 88 62 48 93 24 22 96 75 14 62 4 61 31 96 59 83 51 56 79 14 90 63 85 40 98 8 55 11 88 87 78 73 9 64 5 94 46 16 54 19
66 3 1 18 79 88 69 33 0 95 7 71 34 41 50 22 45 39 21 8 72 79 90 44 24 6 10 49 62 88 99 27 45 99 32 77 79 38 17 13 91 17 90 56 13 78 77 52 65 26 2 71 33 2 68 10 80 55 25 34 92 39 42 78 96 21 100 75 59 47 54 70 87 66 81 83 74 24 71 85 47 37 9 17 62 48 37 52 55 60 54 36 85 23 31 26 96 34 21 30 79 20 75 28 22 25 37 68 82 49 3 13 62 77 58 31 64 47 10 55 79 16 99 33 89 46 38 94 29 43 51 19 14 99 28 93 66 64 77 89 45 89 85 31 46 87 75 10 74 2 45 48 54 84 21 90 46 71 17 55 73 85 94 23 15 83 17 55 22 92 99 95 66 100 72 54 59 56 85 79 55 70 46 95 92 56 36 17 5 66 72 60 85 84 21 72 100 19 74 29
58 89 47 93 58 82 3 1 29 33 71 46 80 28 53 69 9 39 34 38 16 22 48 1 7 12 83 30 10 52 15 45 76 5 96 56 13 36 97 26 54 26 40 45 17 72 74 26 36 7 59 74 91 31 37 15 34 38 82 15 39 35 85 51 46 93 53 3 100 78 96 5 56 6 76 73 80 9 71 6 7 50 74 2 26 46 61 90 22 40 72 90 50 28 87 30 33 64 5 52 0 44 86 75 55 58 60 15 29 80 73 36 36 30 3 50 0 55 99 1 51 60 21 59 26 7 83 1 16 60 37 71 56 13 41 21 10 99 70 16 31 96 49 3 80 21 30 15 39 73 70 40 77 78 26 42 2 27 40 50 61 92 18 26 21 18 1 15 35 73 4 62 64 64 0 60 23 24 31 42 98 29 46 54 37 56 64 52 88 74 96 100 3 50 10 73 18 75 100 5
13 29 52 23 90 89 88 96 64 40 74 54 35 59 80 57 70 66 3 61 34 30 82 33 35 88 50 28 35 32 9 89 73 57 53 13 97 0 71 6 63 20 82 40 9 49 64 1 53 20 12 82 61 76 64 81 9 74 39 99 81 18 76 53 63 63 86 74 59 35 38 76 54 88 84 62 21 79 58 5 64 32 55 49 24 93 35 34 68 17 64 96 95 38 35 76 0 100 50 8 65 30 77 33 72 20 34 37 12 73 14 11 57 53 92 21 45 96 30 47 65 67 79 84 33 87 40 41 89 78 76 13 16 53 6 65 42 62 63 48 37 14 60 88 38 86 54 16 60 7 80 16 68 11 0 48 77 19 90 23 36 21 96 9 94 45 74 44 11 85 18 93 33 31 0 29 94 14 11 43 76 64 35 41 70 58 19 25 50 94 70 43 14 89 30 1 13 27 67 46
56 16 96 2 84 59 28 98 13 57 64 20 88 55 11 54 82 66 58 89 7 91 16 26 18 32 46 99 14 84 32 88 66 92 77 81 100 54 93 84 58 56 21 93 89 98 24 23 100 85 71 67 27 30 16 85 22 77 91 75 81 79 70 63 43 64 59 87 11 90 96 86 34 82 4 14 97 47 57 11 4 55 34 71 58 99 78 30 97 43 90 57 13 54 78 78 87 21 79 72 79 99 55 36 60 65 90 55 59 18 41 93 54 75 89 92 75 41 35 48 12 43 19 22 58 47 75 24 16 49 63 29 30 22 77 73 67 40 61 18 40 12 62 71 18 34 72 35 86 9 35 82 57 11 62 20 58 90 82 33 11 13 12 7 74 50 14 39 50 47 36 5 17 26 1 91 88 45 45 13 82 82 25 40 60 93 12 25 8 6 73 50 64 12 46 9 41 61 96 79
70 29 64 41 46 17 22 93 45 59 67 45 55 71 70 21 56 7 33 16 46 88 88 66 95 53 3 52 59 48 52 96 92 18 74 53 88 89 48 84 80 51 79 87 59 99 70 98 55 64 18 2 80 41 58 60 66 5 93 66 20 72 35 9 67 100 63 13 9 80 66 30 95 4 75 75 18 27 87 53 5 4 59 68 59 5 90 25 57 90 57 63 37 95 88 7 49 37 8 63 33 96 24 34 20 13 56 34 97 58 71 17 3 68 12 46 49 41 21 53 92 55 39 8 65 97 61 63 37 31 96 53 67 59 1 23 75 45 62 63 32 18 36 79 70 60 74 95 87 26 4 9 89 21 3 20 24 28 40 33 17 87 52 14 56 62 96 60 53 94 50 38 51 95 39 37 81 22 82 63 20 99 69 2 89 46 79 8 62 100 61 29 89 18 100 14 11 66 29 31
24 94 54 4 53 46 53 75 51 44 42 49 39 85 7 36 76 55 21 7 19 91 70 30 29 60 21 32 76 59 28 89 27 80 8 82 56 3 37 78 12 21 52 82 98 66 78 7 44 47 54 1 42 45 76 66 97 21 37 90 55 33 97 84 57 77 87 89 94 50 99 35 57 88 3 75 32 8 68 27 8 97 24 59 33 39 13 48 1 92 28 27 2 77 46 61 95 45 11 70 65 67 4 86 66 71 17 44 59 87 79 87 17 89 85 33 63 12 47 90 34 96 4 44 10 13 69 62 42 52 8 76 97 75 95 44 79 16 96 10 74 72 76 81 61 79 15 93 2 4 94 86 88 46 50 70 98 8 26 26 92 31 0 59 9 43 3 57 9 10 49 31 87 35 21 42 19 90 14 42 62 77 25 62 10 55 68 5 64 66 14 32 44 59 83 23 100 28 62 40
61 2 97 21 15 1 87 77 32 35 50 19 38 56 79 80 29 89 85 42 18 36 16 48 96 71 32 7 94 36 58 13 43 54 11 80 81 57 26 46 38 65 61 84 60 20 67 58 70 24 45 7 72 9 8 32 6 72 55 100 80 9 73 29 34 84 21 81 57 57 2 77 15 20 33 8 14 75 42 37 59 16 35 3 50 96 78 30 99 52 65 42 31 19 95 20 87 96 40 6 96 82 72 5 86 28 81 83 90 28 66 20 65 99 32 79 91 4 78 89 26 78 62 58 62 44 84 49 80 4 75 35 74 44 59 88 52 23 15 38 36 56 5 77 9 13 35 98 59 32 28 62 34 1 58 6 7 47 0 48 72 33 66 56 38 4 75 75 59 71 0 13 18 43 13 14 38 22 83 96 72 79 6 20 9 69 100 59 30 7 76 28 7 82 25 3 32 17 28 73
58 13 7 84 58 52 99 55 34 72 80 82 64 31 53 36 73 97 25 42 93 60 2 43 19 48 42 0 13 48 59 61 5 28 99 28 30 48 34 64 68 67 35 47 61 39 40 50 71 92 72 65 85 97 71 0 1 23 0 50 64 9 62 29 71 36 87 53 49 8 70 40 12 29 14 52 55 42 33 36 47 94 12 46 65 65 92 36 46 96 34 28 36 45 59 65 20 73 59 21 4 48 62 9 65 48 64 19 22 61 61 96 77 18 39 27 36 49 26 79 45 87 57 80 45 51 79 80 15 86 81 7 86 54 90 27 69 75 49 64 24 46 49 39 88 89 20 87 14 89 65 13 79 83 69 91 52 4 45 30 24 67 32 35 88 7 23 61 71 20 99 43 6 80 18 20 27 23 10 62 27 50 90 100 55 83 25 57 89 72 59 23 53 85 59 95 53 76 23 13
7 36 48 28 82 63 60 30 94 59 28 34 33 61 74 48 44 60 61 82 99 73 25 2 48 32 100 38 62 61 46 0 50 24 13 89 91 71 92 1 18 96 20 55 10 29 95 78 76 88 21 45 71 44 26 43 5 63 91 61 8 77 1 97 90 8 37 70 52 83 19 22 64 19 91 78 5 57 47 14 29 52 70 27 63 88 13 83 91 20 8 57 66 39 34 78 1 67 66 87 45 79 40 16 7 80 92 67 20 90 76 9 53 98 30 19 13 59 58 57 64 100 95 31 64 82 66 11 43 25 34 97 74 65 40 88 9 58 65 31 33 89 28 12 14 60 14 76 63 52 66 51 66 23 22 67 96 29 45 2 41 72 64 86 15 53 34 70 61 28 14 33 33 39 75 5 28 71 83 68 94 43 65 93 34 4 54 72 7 92 75 1 47 10 49 52 5 29 59 79
6 54 30 71 82 75 0 28 40 60 31 74 53 90 51 90 42 63 25 36 96 44 4 93 99 14 64 8 20 85 71 99 32 0 92 58 8 25 8 62 52 60 76 31 52 2 45 99 41 95 76 75 94 51 37 40 86 5 32 86 76 36 81 12 13 92 87 5 31 28 75 23 6 84 83 95 6 86 50 66 44 62 32 18 31 29 45 58 99 37 1 9 44 45 71 98 94 18 88 35 23 22 36 23 4 33 15 65 16 51 15 49 79 19 99 2 15 73 20 27 89 49 24 40 70 88 4 29 24 41 87 8 28 4 79 75 70 93 11 53 1 56 24 25 11 62 77 93 82 72 53 97 3 58 100 89 42 67 45 42 39 93 30 28 78 17 82 51 11 16 78 25 65 56 81 55 22 13 57 12 76 41 13 24 39 74 12 19 33 47 27 81 33 13 66 100 21 96 16 69
20 15 23 22 45 96 33 97 98 16 8 67 2 22 16 5 46 53 73 3 34 64 25 54 8 96 36 94 98 9 43 4 95 67 70 22 12 94 9 67 10 53 76 2 58 48 45 43 31 28 70 6 53 86 1 15 26 21 76 6 22 12 30 71 83 31 9 53 19 95 51 93 72 21 45 20 92 77 88 34 73 15 61 20 71 15 89 0 70 37 16 11 100 49 35 74 10 89 57 16 1 56 47 36 52 72 85 27 44 90 34 3 65 34 29 78 71 82 55 22 89 70 80 16 44 98 68 100 55 23 27 100 7 85 69 12 70 90 65 65 61 21 19 58 87 64 59 20 77 20 19 80 23 5 19 4 10 61 33 11 57 42 41 3 17 23 22 90 50 38 63 83 83 66 47 86 75 96 0 39 94 49 44 41 41 12 94 83 40 8 52 21 67 29 61 76 88 12 44 15
96 33 29 18 79 91 86 67 6 65 39 44 55 0 4 97 17 15 44 54 42 30 23 100 31 34 96 24 17 89 55 70 51 54 26 31 18 55 45 26 64 10 97 95 21 74 29 67 56 69 30 41 10 39 52 91 35 21 89 1 87 45 55 65 30 6 7 78 14 67 11 10 36 92 19 55 10 81 87 20 92 6 8 2 16 42 92 1 84 66 48 68 97 66 5 17 51 47 53 28 43 63 4 40 84 13 93 93 48 75 39 11 21 74 74 19 28 81 59 64 48 38 73 66 3 74 92 9 33 14 91 43 77 89 71 37 82 53 10 21 76 3 33 92 96 77 0 29 13 62 49 70 66 70 53 75 28 22 22 52 12 32 73 41 50 20 62 23 43 3 65 67 76 65 75 96 30 68 90 41 41 85 93 66 92 100 75 24 7 97 20 84 23 98 49 74 2 77 19 13
84 6 20 47 45 58 10 7 28 70 57 12 73 16 46 17 10 30 63 61 89 3 28 33 93 5 1 12 62 72 10 64 93 50 62 32 17 0 41 98 48 55 40 14 39 43 91 30 42 24 75 85 0 39 67 15 32 3 2 32 4 60 13 92 3 86 88 11 20 87 27 28 27 9 70 17 44 14 68 24 68 46 1 66 17 93 87 95 55 84 5 99 67 92 50 62 40 100 96 19 16 64 73 27 12 52 87 73 63 82 63 5 89 40 58 99 46 13 6 57 66 34 11 98 17 38 27 36 46 57 75 64 53 56 9 0 67 41 34 1 96 65 74 69 9 64 62 12 55 70 40 23 19 71 28 70 72 77 93 20 96 40 63 68 20 89 34 42 21 81 28 34 52 73 40 99 52 61 92 2 0 21 25 18 97 80 58 63 1 64 56 94 38 83 79 74 89 79 47 74
68 71 89 79 34 57 44 42 5 99 30 99 32 25 65 21 94 57 92 82 41 18 13 75 49 67 50 54 46 28 64 58 19 71 1 85 61 75 8 2 64 75 60 78 29 4 15 29 75 43 72 53 81 1 91 45 2 57 23 27 47 63 97 70 92 38 92 20 42 92 80 58 84 93 44 76 46 33 50 34 77 96 18 6 74 28 39 84 93 2 6 50 44 67 33 66 36 74 72 28 12 77 37 69 66 39 19 59 0 89 91 66 38 97 37 3 16 49 18 83 30 54 81 19 97 75 22 97 84 84 80 67 8 51 85 40 88 60 97 72 65 56 60 87 54 2 74 50 20 65 17 35 50 99 61 96 34 17 69 16 33 62 23 64 64 82 32 47 8 61 24 99 35 68 33 32 10 59 92 82 6 73 48 11 88 25 88 49 93 42 22 59 45 78 21 58 44 80 4 13
31 0 84 95 97 17 25 86 47 4 43 10 99 47 86 20 57 6 9 55 47 45 54 56 54 49 73 92 1 27 50 2 20 7 26 35 33 100 99 3 59 45 20 34 61 64 48 99 73 99 89 8 78 50 37 62 32 72 90 74 31 65 13 38 60 36 99 85 41 67 97 73 69 19 74 25 38 41 41 51 11 45 14 81 11 35 40 5 4 93 27 74 16 6 13 24 71 8 25 34 61 1 7 96 74 28 13 37 16 97 30 8 58 24 76 71 60 74 25 88 99 54 10 24 38 75 100 14 6 17 91 66 29 66 26 6 9 42 10 69 21 74 13 35 43 95 0 39 73 13 9 53 31 77 12 1 77 85 81 27 99 34 91 9 3 25 10 30 66 25 13 3 29 41 2 15 91 7 75 33 31 46 51 77 23 24 82 85 30 72 63 29 12 100 15 22 85 51 36 29
37 95 56 92 33 66 79 92 10 87 98 38 59 84 76 100 58 18 59 92 89 8 1 31 37 35 4 10 5 6 10 16 54 92 2 87 9 100 64 25 24 46 91 54 18 26 67 49 7 72 73 39 16 29 34 77 48 59 7 17 29 39 78 86 64 46 83 98 11 47 88 84 68 73 24 80 0 100 75 33 8 79 36 19 87 8 34 17 94 92 67 96 92 15 59 52 45 99 8 65 57 64 3 13 25 74 64 74 78 96 55 2 100 38 92 8 18 55 70 14 24 97 66 74 58 43 94 36 60 26 20 64 87 68 70 63 72 77 80 81 36 23 89 6 7 8 18 72 55 56 34 56 30 34 66 19 52 30 95 85 91 98 100 3 64 41 16 56 53 47 8 9 96 29 50 26 54 26 86 42 62 47 78 81 100 46 38 69 93 91 58 46 100 43 40 24 58 68 23 98
13 8 96 65 97 71 76 26 96 67 68 17 33 72 12 21 68 77 9 44 19 53 5 96 79 50 62 77 23 95 16 20 62 2 1 78 34 79 93 30 75 23 42 39 78 59 43 13 28 4 19 32 57 10 37 90 81 51 63 35 100 83 29 67 49 8 37 5 51 59 86 50 52 82 85 47 89 24 99 0 92 76 79 89 61 65 3 86 10 71 46 65 21 8 22 19 13 26 32 23 13 70 31 65 5 1 7 21 75 66 37 68 67 34 9 47 23 60 61 59 18 41 96 5 4 66 76 31 63 90 80 39 2 36 18 15 86 37 93 61 9 60 22 15 67 3 62 31 18 54 50 7 71 22 43 35 83 77 38 9 6 53 99 1 88 98 29 53 15 52 71 29 44 95 58 78 46 34 3 67 36 51 60 87 87 23 59 72 3 81 24 57 38 21 66 83 12 95 24 21
6 36 13 99 63 21 52 10 82 12 74 65 28 87 50 43 80 98 3 4 93 31 54 80 48 24 92 57 52 9 59 16 77 70 40 97 22 96 58 44 11 18 88 96 34 75 25 95 64 74 69 44 62 41 7 10 78 81 65 97 84 42 35 100 84 59 72 93 49 76 20 71 88 24 16 21 15 56 34 31 85 65 91 71 79 73 44 14 95 87 67 32 4 68 58 7 92 82 80 52 93 88 78 84 89 82 23 28 56 59 70 23 22 15 50 9 17 55 96 90 100 21 68 47 74 95 50 78 45 78 79 51 7 13 37 49 38 17 62 11 44 74 53 25 22 8 56 44 77 65 5 58 70 4 3 76 29 91 9 79 79 46 40 95 27 71 53 59 62 9 86 35 17 80 84 39 76 29 49 97 100 37 31 91 55 26 30 95 13 33 61 54 62 26 48 3 42 10 35 37
91 38 69 43 28 64 19 22 72 10 3 76 50 22 38 55 19 71 44 63 16 22 61 63 6 44 5 19 40 25 29 92 57 21 57 13 2 23 90 91 66 18 51 83 96 66 5 27 31 88 0 5 55 88 28 15 96 35 95 47 73 54 87 12 82 5 66 19 44 57 4 51 21 91 84 39 11 40 27 55 64 38 30 2 11 16 14 55 39 100 8 97 5 99 93 52 94 58 92 38 91 84 96 0 56 77 73 5 33 38 77 63 60 72 83 5 57 23 96 49 9 7 76 70 14 3 44 33 85 79 43 65 77 7 87 86 99 59 67 73 48 78 2 17 56 99 3 14 1 76 11 70 29 43 39 80 80 21 49 21 41 93 14 36 81 25 52 24 77 16 31 77 37 77 33 43 78 45 99 65 8 95 74 56 19 29 24 59 94 78 22 65 88 94 16 85 89 15 50 37
36 24 78 31 17 21 3 68 76 99 2 60 78 55 47 28 49 41 94 26 78 30 44 32 46 74 57 93 89 38 99 93 70 91 52 6 80 28 67 11 64 85 35 18 48 31 11 29 13 38 64 19 88 51 93 74 0 44 69 51 43 67 46 19 3 51 38 93 44 37 75 69 88 75 90 69 4 90 31 12 55 71 58 5 69 15 39 26 87 45 31 24 56 54 51 16 31 46 73 78 80 61 15 37 52 99 76 95 64 34 0 94 72 34 74 43 70 16 82 16 56 70 82 63 62 59 9 85 46 84 86 25 88 33 56 55 90 59 97 25 18 55 65 36 61 62 78 58 13 32 19 56 92 38 42 89 59 32 91 96 43 79 22 72 96 76 63 62 62 77 77 62 39 45 13 100 96 29 57 30 93 24 67 67 3 35 82 97 10 4 27 91 26 64 84 75 75 76 83 19
8 28 77 33 97 72 87 42 89 89 50 21 13 41 29 19 40 13 73 46 82 66 77 50 56 40 15 99 29 77 27 79 50 39 86 99 93 22 85 32 98 22 5 0 65 91 13 15 60 80 63 9 90 73 15 66 97 20 92 7 91 83 88 66 75 100 9 94 81 35 51 27 6 32 71 3 66 88 23 98 47 83 4 25 71 81 67 14 74 10 22 10 47 59 11 43 67 100 58 87 93 16 26 30 80 43 97 35 33 23 77 45 88 27 2 7 98 68 32 8 42 30 27 73 37 48 33 45 75 98 99 60 83 60 12 72 90 74 92 62 76 62 29 4 45 56 65 30 6 85 45 79 64 87 0 49 35 33 63 48 6 60 64 15 47 69 18 66 71 35 58 53 26 60 9 70 94 9 24 23 22 65 19 32 22 70 89 60 49 15 69 13 32 4 11 7 36 86 79 86
68 81 87 17 58 48 51 75 46 100 4 26 65 50 55 77 31 11 41 19 47 34 14 97 51 67 94 0 91 66 92 26 45 39 91 3 3 72 72 79 16 32 48 2 85 35 60 74 22 8 54 59 80 1 22 70 89 64 34 37 22 25 54 86 36 27 16 40 45 55 51 87 100 1 91 76 17 27 14 0 82 44 80 55 38 92 43 55 77 57 14 57 50 61 50 50 42 66 88 94 62 66 30 11 11 100 18 95 56 86 84 89 76 33 38 26 92 79 23 47 53 14 13 17 20 85 17 87 12 21 94 84 57 65 65 50 73 67 58 30 65 89 92 91 58 1 47 76 63 44 59 78 31 68 33 18 27 22 39 94 80 24 60 93 44 89 90 51 12 83 19 75 99 19 34 1 67 45 92 82 82 49 50 40 81 66 40 6 16 46 4 70 52 20 86 80 43 13 52 10
7 89 15 42 89 9 42 82 42 42 56 16 14 13 50 13 89 76 11 82 4 43 55 83 99 33 76 10 55 87 42 38 73 93 68 51 34 7 62 86 84 61 91 61 22 89 81 61 21 65 26 22 30 79 58 59 19 45 2 85 56 19 11 31 0 46 56 99 47 78 14 39 59 65 68 98 97 91 10 28 51 39 22 82 92 99 6 14 30 12 22 65 4 99 52 9 84 14 55 96 77 10 27 21 31 94 54 7 54 48 69 22 53 75 75 62 41 1 89 75 25 23 63 55 26 55 35 83 73 84 22 66 9 44 94 51 21 85 61 100 88 49 15 1 13 9 57 6 60 20 25 44 35 36 20 14 67 83 94 21 12 37 63 53 76 16 25 68 38 46 64 91 82 60 21 35 58 80 22 3 11 88 23 61 24 12 67 65 6 65 48 83 54 28 72 76 98 39 84 3
100 46 57 55 29 34 76 56 61 9 25 58 91 35 66 94 92 88 4 28 36 36 29 28 94 25 36 86 2 12 50 75 18 16 45 39 93 14 51 100 8 72 10 60 17 74 37 48 45 96 77 24 36 5 69 65 48 90 82 4 36 11 94 72 97 9 89 9 66 96 45 13 29 1 21 7 83 45 75 12 92 59 40 62 76 43 87 61 45 0 77 83 83 34 42 77 36 22 82 100 6 35 52 72 33 84 9 92 37 21 32 71 70 58 65 83 81 64 99 20 6 53 41 51 91 82 77 1 28 93 39 2 3 50 16 5 87 37 6 33 82 29 42 33 53 53 1 100 78 66 41 43 20 91 93 68 67 10 83 87 88 58 39 50 51 89 15 57 76 26 42 45 29 81 51 4 31 43 62 68 53 81 47 3 29 29 27 13 35 84 62 42 60 82 38 26 85 2 89 72
98 14 86 15 9 13 6 25 58 34 25 63 99 31 97 91 51 0 20 3 32 3 37 94 51 32 32 82 5 45 29 22 4 40 32 28 32 29 100 19 9 10 45 80 24 23 24 7 21 58 84 3 29 14 59 34 51 4 18 85 37 3 29 4 77 51 38 5 20 11 25 51 89 64 80 8 15 49 37 60 16 62 85 52 71 9 34 83 54 93 44 45 4 19 38 86 37 54 19 24 23 20 54 11 85 36 99 18 78 10 34 94 80 18 18 52 8 74 74 74 83 35 34 88 69 53 56 60 92 7 92 42 32 82 78 4 93 70 12 34 62 40 13 59 46 56 21 87 59 84 7 87 7 92 0 22 86 54 85 5 34 99 2 95 53 14 44 10 50 71 69 38 43 8 6 7 64 92 39 72 53 76 3 12 35 31 56 29 24 8 82 35 30 60 39 82 14 18 100 69
81 31 87 80 95 2 91 10 14 42 52 86 84 64 70 95 82 24 14 28 4 17 94 96 99 67 15 7 7 0 23 48 36 10 10 91 28 72 97 98 75 88 62 54 59 13 80 17 43 24 92 26 44 22 36 37 60 82 15 50 91 23 24 100 65 92 14 68 99 16 47 75 58 25 50 36 34 43 15 10 99 86 70 88 51 61 0 37 67 72 92 27 70 98 71 37 92 92 71 57 84 35 53 23 18 55 71 49 0 79 45 3 67 17 68 69 56 48 1 93 85 7 7 98 7 35 62 83 76 92 17 69 45 36 32 34 75 44 27 49 84 90 29 57 13 70 93 8 54 75 100 56 38 38 32 94 29 10 82 28 10 6 88 70 67 1 1 35 14 3 84 58 5 12 62 89 76 65 85 23 8 85 97 12 61 60 48 65 19 61 7 48 57 98 2 67 77 86 37 75
13 54 17 37 20 52 50 47 45 15 1 54 100 16 55 34 97 13 39 46 92 4 23 71 9 85 100 99 24 13 77 44 81 44 30 10 98 41 46 8 23 49 75 76 31 34 76 40 57 3 3 68 22 20 42 53 66 41 31 41 84 72 57 69 97 39 12 64 28 61 35 30 45 25 26 32 20 90 26 42 61 19 17 46 4 64 47 67 14 57 37 54 54 57 42 64 25 44 58 56 31 92 72 89 36 92 69 25 54 21 62 53 83 30 59 65 79 31 94 37 82 62 13 41 55 49 87 4 88 12 57 16 86 21 84 35 78 6 37 39 62 14 21 89 31 54 86 21 14 81 30 79 87 56 55 28 79 22 69 93 42 94 81 8 15 99 53 51 38 34 16 45 53 79 66 17 100 75 68 91 17 1 16 55 65 25 11 99 39 99 43 28 88 94 68 39 45 62 56 12
11 39 11 74 71 47 92 90 4 21 58 61 47 50 96 28 30 15 67 42 60 0 71 5 69 24 52 28 36 20 87 44 24 11 64 68 51 69 12 29 35 5 66 84 42 31 94 14 6 41 12 78 7 31 81 43 65 15 39 97 8 47 70 73 99 9 95 58 98 55 26 56 65 13 81 52 73 60 23 66 93 0 59 40 31 20 59 91 52 90 12 57 93 29 45 63 98 12 11 49 85 12 39 65 36 65 12 65 91 27 14 25 94 33 38 1 31 77 82 87 71 4 4 0 2 23 21 17 65 99 1 85 0 92 39 24 97 11 90 17 9 99 29 15 51 53 89 25 37 77 29 60 30 95 33 99 16 85 16 54 82 53 49 72 92 56 51 79 72 73 94 54 36 63 5 1 57 44 90 2 21 97 52 10 59 22 21 48 87 33 20 57 80 84 90 14 25 36 92 87
15 36 56 76 18 6 97 13 79 46 75 28 69 61 50 22 43 49 8 92 100 84 12 58 21 5 0 53 86 28 31 24 77 56 11 66 65 58 6 99 18 89 36 86 57 45 20 19 97 68 40 81 33 41 73 1 90 28 94 70 1 10 4 49 27 58 54 47 34 14 6 48 57 95 86 23 28 33 30 83 2 87 46 37 67 30 5 36 24 55 51 58 97 92 37 86 8 10 59 66 22 90 95 99 11 91 93 83 34 55 99 11 82 56 38 19 67 23 22 0 97 96 6 77 3 85 94 18 7 61 12 96 38 47 46 74 55 82 18 35 17 65 2 50 23 44 47 91 59 81 71 86 65 37 99 90 19 70 7 44 75 80 1 28 31 4 14 70 77 59 5 85 25 77 63 46 87 99 87 35 48 30 89 2 2 20 4 70 19 93 52 61 47 50 59 56 3 62 90 84
63 9 38 55 73 98 95 44 84 1 65 0 43 81 90 86 84 61 7 14 86 95 14 91 90 10 10 95 43 29 37 72 11 6 9 94 29 56 44 38 28 24 6 84 50 36 72 16 44 96 61 28 86 50 6 19 55 95 18 89 82 94 14 32 77 20 74 48 13 64 69 36 17 11 51 18 59 73 78 77 47 24 32 21 44 83 96 76 21 77 92 60 22 3 67 97 86 100 23 61 12 75 10 73 86 16 97 68 38 72 91 93 32 69 84 63 28 20 79 39 34 83 61 91 58 76 1 24 49 97 50 53 55 42 25 74 3 72 11 33 49 22 77 97 17 33 18 87 16 50 38 33 53 69 89 54 67 50 2 69 44 5 80 24 9 1 70 88 7 1 91 86 89 58 53 87 93 66 92 88 42 36 21 46 50 99 93 27 91 54 3 85 11 80 20 26 81 49 74 21
26 8 57 90 73 49 36 68 35 63 14 92 67 31 24 63 69 14 97 73 22 10 92 51 1 28 92 75 57 98 33 91 41 27 51 85 29 11 83 90 50 60 77 29 58 67 68 40 73 31 89 86 93 17 63 24 21 13 93 97 5 83 75 88 33 79 34 64 49 62 35 52 66 67 64 30 47 41 33 20 19 75 72 68 71 36 55 86 36 97 54 70 13 78 50 68 35 77 42 66 2 42 67 78 6 96 97 17 49 49 89 46 87 95 82 77 53 85 85 65 8 22 67 11 40 54 11 93 24 27 58 97 76 71 41 73 96 72 45 8 92 5 85 26 19 87 63 46 95 95 63 39 88 39 85 54 44 70 13 52 2 27 33 86 10 31 15 25 59 46 15 19 98 65 51 49 66 80 93 23 18 68 6 18 23 96 81 58 54 15 20 92 40 4 90 65 76 19 33 86
64 47 8 98 50 47 12 60 0 55 83 38 71 5 49 48 9 91 47 21 20 28 64 19 48 69 76 49 37 52 67 64 53 24 40 28 33 18 94 57 30 93 74 60 4 0 59 95 2 96 81 1 21 91 52 46 66 58 95 1 65 70 10 80 75 25 37 5 71 0 45 1 71 46 59 98 98 55 81 54 70 97 71 48 58 82 0 95 21 56 35 58 59 1 23 23 80 73 48 56 68 76 23 9 88 18 63 32 54 10 62 38 2 92 38 32 98 72 38 40 70 69 10 21 64 30 35 9 77 81 26 77 15 2 87 73 5 30 28 57 72 33 50 33 88 89 43 86 41 98 80 55 54 52 69 60 56 89 1 91 13 70 5 62 16 61 60 3 7 17 95 96 96 85 2 50 54 46 97 93 54 38 100 90 71 66 8 85 67 61 28 47 86 68 73 1 89 25 45 77
17 62 51 51 35 85 38 47 72 46 4 53 88 14 51 40 50 78 2 87 44 39 51 100 10 23 0 61 96 95 21 19 66 58 0 34 73 79 52 90 87 9 99 90 37 91 93 17 27 100 93 26 73 68 62 36 37 52 16 13 77 95 73 90 51 8 36 38 32 14 63 99 18 86 26 16 77 35 16 74 41 25 80 5 18 97 10 78 70 45 76 1 56 4 0 57 73 100 99 17 17 64 86 60 9 23 74 73 1 7 44 82 59 5 2 84 16 75 81 15 36 25 65 86 36 86 71 2 77 54 90 77 72 94 64 76 4 32 63 56 27 91 60 43 53 44 98 61 80 80 58 22 89 99 45 91 9 78 59 40 9 47 71 40 23 62 75 96 87 69 24 90 95 28 19 69 44 17 62 6 4 76 64 60 6 89 64 71 53 69 64 31 73 48 69 82 16 27 17 26
91 66 25 99 92 34 16 83 82 67 94 21 34 80 68 56 1 42 95 50 37 48 19 33 37 99 54 69 57 9 57 39 96 69 88 81 88 84 46 75 47 86 78 90 65 19 86 56 46 78 63 4 92 77 11 79 42 94 70 91 15 85 76 43 75 77 20 27 55 54 56 66 27 56 2 27 81 78 80 34 38 87 97 90 44 100 39 62 62 45 67 89 61 47 46 69 4 28 91 18 56 34 69 5 35 24 7 84 21 84 46 97 61 63 62 63 7 46 76 10 20 26 53 94 88 22 86 27 8 31 46 67 40 61 36 76 26 45 2 9 37 13 5 58 10 42 3 5 30 85 90 100 34 87 21 27 80 27 56 63 64 38 31 55 30 17 36 24 14 28 13 55 46 55 9 78 57 32 66 42 46 100 5 64 90 22 10 24 76 92 20 79 50 46 79 88 24 41 68 44
61 27 63 8 16 3 69 41 46 57 88 74 75 76 13 45 26 69 29 60 58 78 94 56 0 15 24 54 63 66 56 7 21 18 64 19 92 65 55 47 34 21 8 79 15 82 75 10 2 92 30 56 0 14 3 93 88 51 58 14 75 45 92 90 10 61 31 70 24 27 11 78 70 94 34 56 47 0 31 54 68 44 49 41 91 92 80 98 16 79 37 88 84 56 23 65 85 63 21 96 86 76 92 98 97 75 56 86 72 90 89 81 56 89 41 52 95 30 23 50 87 19 53 21 93 45 25 65 24 37 98 37 87 87 93 74 86 7 48 86 96 54 8 94 12 99 41 3 90 78 28 11 45 46 5 4 100 83 96 61 98 65 22 96 69 88 40 47 14 24 78 3 63 98 45 53 95 72 15 49 41 44 20 49 56 71 76 9 99 58 89 80 19 28 22 33 36 62 33 23
5 30 65 83 84 48 52 27 50 24 9 37 58 82 91 78 56 21 19 6 43 78 62 42 25 36 44 59 0 55 79 96 18 53 30 81 13 55 49 75 86 35 41 40 9 47 29 1 42 81 28 62 89 15 19 63 27 20 68 60 95 79 12 20 73 28 49 35 67 54 98 89 22 55 1 81 66 46 88 83 3 19 90 90 100 17 47 66 88 59 66 98 12 32 41 30 54 1 48 5 81 0 41 81 77 33 89 15 57 52 99 77 53 34 75 40 27 92 87 86 58 32 97 98 13 14 98 26 45 15 99 84 55 81 61 36 75 34 68 51 69 86 27 12 92 11 51 43 85 79 68 47 35 42 93 91 12 9 1 97 17 51 69 58 29 76 32 17 70 51 44 50 96 25 8 29 4 95 83 72 90 87 0 100 85 91 67 40 34 64 66 60 82 45 41 80 12 100 28 30
21 27 95 82 88 61 63 59 69 67 25 43 28 30 43 38 52 65 19 69 81 70 8 64 35 45 71 13 38 16 70 83 13 96 7 73 45 48 26 70 90 63 39 90 31 16 99 11 28 10 0 77 16 25 97 52 19 93 31 28 9 47 64 8 84 66 71 11 60 10 11 4 37 4 41 23 71 70 67 50 12 6 82 83 27 5 83 58 13 93 17 31 77 68 30 71 78 54 10 47 92 73 91 4 13 6 95 62 43 97 66 93 1 87 99 91 81 16 70 74 66 16 47 28 31 88 41 10 38 83 43 60 10 53 27 95 98 28 55 59 40 66 70 20 42 87 11 68 81 88 90 13 65 72 67 65 69 68 49 75 37 86 54 19 74 29 23 49 37 99 23 88 23 62 84 54 0 52 77 44 60 6 37 50 57 81 47 21 98 67 27 49 24 71 54 99 92 8 70 72
83 74 65 21 58 94 44 5 41 53 99 99 32 34 37 80 49 81 41 87 60 80 36 86 53 44 84 32 50 67 53 6 82 48 38 85 67 11 69 39 4 55 81 0 66 41 62 52 33 67 86 33 19 66 84 5 80 13 2 89 12 79 1 67 18 9 81 51 59 51 76 3 83 46 6 16 29 43 58 92 34 24 34 72 68 62 49 69 41 65 42 31 45 100 91 78 53 95 26 30 29 99 16 69 40 29 17 90 62 22 13 14 54 36 82 98 34 10 37 10 3 78 59 98 11 63 14 74 40 96 85 0 97 2 12 19 82 29 67 36 23 42 1 98 56 29 43 7 65 100 20 72 40 85 98 13 37 97 29 0 72 13 7 3 20 89 92 44 3 88 57 1 35 37 15 15 42 61 38 7 14 87 100 93 98 77 82 20 27 51 44 89 24 47 40 38 11 52 14 47
95 89 67 66 81 49 1 95 70 82 18 10 9 17 30 7 77 68 11 36 74 58 24 93 24 85 6 59 44 100 43 21 17 14 18 39 64 6 45 42 36 12 50 31 48 82 96 84 84 6 84 25 35 47 68 37 76 69 14 51 63 45 68 76 88 1 58 64 36 19 21 16 52 33 40 14 14 15 12 58 52 86 1 5 92 76 8 47 23 29 34 34 64 6 9 64 74 8 23 34 78 61 77 100 11 55 44 91 0 78 82 81 36 74 41 86 59 82 72 90 5 100 100 52 41 78 76 29 78 49 1 76 89 99 61 72 45 82 49 76 35 19 9 12 0 56 80 72 3 16 83 4 11 80 58 13 13 21 37 16 35 20 42 5 68 19 47 47 32 15 3 65 1 98 37 75 91 8 16 31 79 43 19 97 7 86 26 41 84 98 64 66 91 2 39 91 77 94 8 42
79 19 75 4 4 69 55 25 6 33 92 29 15 48 92 97 48 97 71 7 7 88 80 81 15 70 56 26 87 20 40 43 82 10 73 36 66 13 45 37 66 8 51 78 94 41 74 95 94 33 39 33 46 45 25 99 97 8 57 8 44 13 60 84 59 19 66 25 18 47 31 81 6 1 87 5 89 4 28 62 59 53 73 93 60 77 80 54 94 73 65 21 21 72 33 15 94 6 16 89 60 97 37 54 58 17 45 15 30 99 46 19 0 92 76 14 90 5 88 13 90 60 62 71 61 63 68 15 49 50 3 84 70 98 88 89 32 46 54 100 32 55 58 99 67 77 8 84 82 75 57 23 64 10 24 15 90 47 36 14 47 34 14 83 42 6 44 16 59 0 36 35 5 89 94 44 74 73 91 93 70 15 15 18 78 97 23 90 93 43 11 27 81 87 76 82 61 78 38 16
80 39 24 34 84 35 48 60 53 14 66 38 48 36 43 74 59 97 52 10 63 43 11 45 15 9 74 31 90 70 84 54 56 4 19 48 51 91 3 77 34 8 55 5 65 52 41 31 72 94 24 28 19 83 79 59 19 7 1 61 34 7 99 71 2 76 4 38 38 24 23 61 99 75 63 62 49 45 72 22 70 41 6 46 5 86 6 29 70 94 73 11 92 70 71 94 53 57 32 56 81 39 76 33 17 100 100 91 31 55 13 18 34 8 56 13 31 95 26 59 19 10 98 74 74 73 89 49 24 92 72 92 14 9 94 30 25 77 58 57 11 1 4 92 27 4 75 60 83 88 25 77 80 59 30 12 9 99 4 27 16 15 93 56 24 59 62 72 19 27 88 55 83 0 21 31 53 76 72 46 64 51 94 91 3 77 0 29 81 41 84 77 49 38 17 37 84 84 41 93
50 46 71 80 86 3 88 44 52 7 99 41 92 99 58 41 58 54 58 32 33 82 81 38 76 35 55 62 37 92 6 37 16 16 48 6 43 69 65 19 66 100 19 73 65 23 84 83 11 28 70 42 45 32 47 67 28 86 49 81 86 14 34 92 98 87 91 31 81 48 38 28 12 30 67 42 49 93 33 64 22 73 28 15 83 36 14 72 10 77 31 74 1 9 13 4 33 48 100 65 87 48 54 89 91 0 30 67 54 6 26 22 18 30 10 49 3 40 45 93 15 67 68 21 24 89 30 42 95 77 23 90 31 86 9 83 10 9 89 99 17 11 60 55 58 28 37 65 38 75 65 72 1 51 27 78 66 36 64 32 8 98 24 74 31 100 36 92 6 0 93 72 85 38 85 17 45 81 57 74 77 45 19 99 83 19 46 8 82 98 91 26 32 32 80 22 67 42 47 47
23 19 58 88 29 38 1 69 52 21 56 93 51 92 48 2 13 79 45 14 8 5 68 17 42 59 35 58 38 54 86 23 41 83 23 57 12 45 89 12 71 75 17 68 95 31 80 43 39 24 73 31 57 17 75 15 31 26 2 99 44 44 35 48 3 80 69 94 46 29 58 97 5 21 78 97 60 71 73 100 97 19 73 28 1 79 78 20 89 56 56 52 82 25 69 18 64 57 50 44 14 24 95 88 55 91 75 91 28 65 71 73 63 22 11 55 15 39 92 23 63 4 51 38 97 67 15 19 72 51 48 9 7 30 26 74 82 13 47 50 98 44 19 10 32 25 83 39 54 97 45 15 91 68 0 37 81 99 8 38 48 8 91 18 56 92 40 72 89 89 84 32 47 62 21 39 15 58 1 0 95 19 45 73 52 14 20 26 59 56 2 16 48 53 31 41 61 28 53 73
53 61 82 0 10 46 98 86 82 1 91 55 58 27 63 78 19 20 64 59 90 14 95 82 28 49 47 32 58 81 88 93 6 82 16 43 33 42 0 92 73 34 38 42 90 64 94 85 89 6 69 10 96 45 26 55 40 27 35 17 19 79 22 25 92 97 51 35 6 52 56 82 37 95 36 73 19 65 2 13 58 69 37 44 91 12 79 67 43 24 61 67 76 2 67 40 64 20 89 19 72 9 5 48 75 60 95 31 14 78 48 79 27 26 90 37 3 42 99 41 44 73 99 4 74 3 70 40 48 71 40 3 38 23 55 13 12 37 40 91 23 30 51 68 11 55 4 96 55 30 97 8 25 33 12 75 13 76 33 66 20 70 3 55 47 9 10 37 46 65 19 13 12 15 87 23 13 44 70 37 97 63 6 67 69 92 3 2 40 12 20 9 11 3 26 100 71 69 8 45
98 11 33 94 84 63 49 9 43 58 3 51 62 13 70 57 50 64 65 20 26 62 79 53 60 9 100 49 40 76 86 33 39 56 48 91 84 26 33 87 22 56 58 65 72 7 88 59 1 19 28 70 80 44 76 97 65 19 84 16 16 71 27 14 25 48 94 53 35 72 43 52 13 26 86 41 100 77 28 83 41 93 92 38 95 27 23 28 47 51 14 93 25 37 44 68 80 1 90 15 60 62 70 100 42 56 53 100 51 5 52 26 43 97 4 35 96 46 65 60 18 100 94 25 77 21 73 14 90 72 53 71 95 48 79 85 58 75 61 80 41 88 71 18 70 49 62 41 70 20 58 36 24 64 22 52 8 63 22 64 96 10 37 25 23 89 14 40 46 33 93 12 31 4 54 13 40 40 26 25 79 33 26 67 70 28 18 4 16 60 28 74 1 53 65 71 3 67 86 5
10 36 57 10 24 50 100 66 11 32 71 61 43 68 23 91 11 17 18 89 36 86 76 94 40 9 5 10 33 85 31 81 84 73 20 84 29 94 30 71 69 79 66 71 3 28 6 88 82 39 4 59 98 0 10 29 29 51 64 79 0 51 2 97 46 58 79 88 71 27 79 10 54 1 52 49 53 88 69 84 59 56 15 81 25 45 80 40 4 93 49 12 8 60 72 93 4 55 8 71 88 99 63 38 51 97 28 100 17 69 59 74 50 24 83 0 66 79 80 65 27 66 45 57 20 99 22 65 52 2 58 13 89 78 36 86 25 96 54 23 13 58 16 4 46 29 16 86 26 50 17 80 44 21 39 12 33 37 5 76 89 36 23 0 46 22 16 93 32 49 90 48 7 85 34 100 81 58 59 89 17 99 25 24 5 73 98 68 57 57 96 33 65 74 14 46 0 12 9 99
34 0 11 1 77 60 13 75 36 32 98 43 49 93 47 67 67 19 25 80 90 21 45 9 14 12 94 44 25 82 40 82 81 53 55 60 92 23 23 16 22 63 69 62 32 4 20 87 62 77 68 33 76 43 30 72 16 66 2 32 10 26 69 73 12 14 51 48 35 39 72 8 50 77 0 96 92 22 62 11 75 76 18 84 95 89 84 49 82 58 64 29 31 88 62 48 45 53 25 16 82 99 54 76 29 53 80 11 1 58 51 66 15 79 51 69 81 19 63 33 64 21 31 91 14 75 21 20 65 67 55 71 0 20 49 22 81 98 100 67 93 30 46 34 93 50 17 68 72 89 5 9 9 80 96 92 29 65 91 86 84 15 23 85 4 10 92 89 41 31 94 80 62 78 85 0 79 24 20 70 82 37 88 64 67 34 95 39 56 95 98 26 68 66 21 56 56 60 45 50
4 20 92 79 32 37 22 22 33 24 99 5 19 79 27 96 99 57 50 24 68 57 39 41 50 50 60 16 33 59 61 25 50 8 82 55 95 46 74 40 99 0 93 53 79 39 7 54 70 72 34 70 85 94 34 82 71 2 43 55 9 1 44 2 64 88 96 84 2 33 45 49 72 56 65 66 54 79 73 46 71 1 67 70 8 3 5 100 44 26 12 37 28 4 50 69 73 45 87 27 99 74 98 53 59 81 8 48 34 40 97 77 30 42 44 97 52 99 49 92 62 41 78 95 0 84 51 53 18 93 96 15 13 67 70 35 57 54 15 6 95 7 11 58 18 99 82 42 88 31 19 58 75 13 96 63 36 64 12 48 29 23 84 94 59 65 80 60 17 72 17 94 16 38 7 39 78 7 10 33 28 22 90 74 73 69 64 98 7 30 46 94 53 70 27 72 90 99 49 41
30 57 30 91 42 42 19 16 11 53 19 75 81 89 40 79 73 84 49 37 59 93 44 57 78 99 73 36 75 33 54 93 41 15 85 1 42 40 56 48 46 80 31 4 89 59 29 62 14 71 86 35 41 95 28 51 39 67 16 36 26 78 70 98 86 15 84 46 69 10 43 67 7 52 90 39 48 30 68 86 88 92 81 30 49 68 24 73 5 92 97 18 11 13 4 7 38 74 11 29 2 36 52 1 37 78 53 66 40 68 34 57 1 50 81 89 91 27 97 76 40 40 94 0 42 84 82 41 21 1 76 47 32 75 40 71 58 98 64 86 65 22 71 92 27 89 89 67 12 34 52 94 44 87 10 88 39 63 72 87 22 22 23 29 73 96 48 37 7 98 48 71 18 34 60 96 28 62 90 53 74 17 79 17 56 50 100 16 51 28 10 64 2 34 31 87 91 14 26 67
16 50 48 23 22 1 46 4 71 86 71 73 5 45 99 18 64 51 44 34 11 27 8 15 74 34 68 19 25 34 72 19 29 49 18 21 30 58 31 29 10 5 81 58 14 27 77 70 2 90 99 36 5 39 47 6 14 77 0 12 33 46 12 37 22 7 9 15 79 54 98 62 0 66 14 7 89 1 33 42 9 50 31 66 37 95 26 48 76 41 3 15 75 14 55 19 66 88 27 25 74 7 8 99 38 37 51 96 84 49 79 99 96 93 60 48 54 8 72 36 62 17 59 35 63 69 10 73 52 76 59 16 77 76 17 67 50 65 12 25 21 29 33 25 28 8 15 63 80 0 67 11 20 6 58 82 92 55 25 83 59 12 91 5 62 75 90 41 71 92 57 55 69 73 42 24 72 45 80 93 5 23 47 71 23 9 33 85 63 57 83 27 47 25 36 1 79 59 2 64
72 9 85 37 21 21 25 49 18 83 73 56 52 35 79 100 18 56 13 83 98 77 66 70 80 40 89 67 43 97 72 79 27 20 55 34 95 90 61 55 77 13 74 30 54 71 3 97 57 98 18 53 77 49 76 70 20 93 84 40 64 3 94 31 43 91 68 97 89 34 60 97 81 31 35 4 56 45 92 79 32 37 21 64 53 98 98 59 2 40 61 24 16 37 28 58 90 73 30 3 60 17 81 32 95 56 15 55 77 96 65 64 67 82 9 18 77 81 49 77 11 59 46 83 50 91 26 16 88 83 5 72 95 0 99 26 57 48 5 75 59 39 41 24 33 33 69 96 83 44 87 62 41 38 24 27 89 77 24 55 8 17 97 30 96 96 0 60 69 84 34 62 92 2 5 72 92 70 40 67 35 14 34 11 86 64 4 82 76 52 68 86 96 32 42 67 35 31 0 4
56 41 39 14 30 84 35 98 6 92 8 39 35 100 37 70 73 5 86 98 32 25 7 38 53 73 9 82 89 44 14 64 78 47 57 44 82 27 28 86 72 48 87 89 4 56 58 49 5 28 54 61 62 80 42 6 50 25 38 0 73 30 17 39 98 45 33 87 22 72 39 70 61 65 28 19 98 26 86 50 11 61 2 53 60 14 61 21 89 0 3 27 38 98 59 3 14 81 45 23 19 45 34 54 63 98 20 92 82 82 84 61 33 3 2 25 37 74 14 10 82 11 89 95 36 97 89 19 71 74 88 47 72 60 5 0 18 12 71 96 38 54 59 8 27 89 76 88 29 9 21 25 20 39 98 74 98 38 57 81 59 67 41 86 19 23 73 14 94 81 0 20 89 45 23 15 30 13 20 46 47 15 14 95 33 51 46 11 65 18 73 79 58 0 20 17 33 75 35 96
46 66 38 68 87 46 5 54 86 58 100 45 97 66 36 39 90 3 58 34 51 76 8 31 57 87 83 5 14 55 94 71 18 94 71 46 92 16 80 77 56 84 84 1 66 14 34 95 9 100 49 28 65 97 79 31 47 66 66 89 77 30 98 40 9 2 33 35 48 35 71 92 49 90 37 50 47 55 69 84 31 31 40 46 37 94 12 82 8 0 97 32 36 8 27 83 82 74 70 7 42 77 15 100 7 80 48 99 70 61 10 50 51 87 26 43 63 41 78 54 8 89 21 29 41 29 45 68 71 75 0 40 15 29 34 22 50 85 52 12 20 54 77 18 15 60 53 97 25 79 0 94 38 19 18 98 61 72 44 100 35 67 29 47 7 69 22 38 38 29 89 64 51 5 46 91 17 96 58 31 78 7 42 50 13 58 32 9 11 41 16 6 55 52 5 53 42 65 44 67
76 52 60 98 21 93 75 25 29 36 13 90 57 75 21 89 96 71 41 95 30 100 27 75 92 39 16 11 3 33 92 82 25 93 3 0 72 49 9 96 20 39 86 11 47 47 38 62 29 53 14 77 83 30 4 83 43 22 17 60 36 32 83 9 44 52 55 24 92 100 47 52 100 47 15 83 99 38 36 3 72 31 96 5 21 82 46 26 72 48 80 10 45 20 44 6 78 48 92 29 96 78 91 3 19 25 39 83 59 24 26 52 65 5 43 28 84 80 39 33 18 41 73 7 96 54 32 49 7 73 3 39 48 21 96 10 48 60 54 65 26 8 90 4 81 41 91 75 60 91 92 41 77 58 35 72 62 38 34 25 2 4 8 34 51 65 84 62 55 11 23 93 82 4 40 53 75 50 25 58 47 35 41 41 60 8 70 20 71 79 86 28 64 14 15 2 1 90 2 45
90 8 90 98 84 26 63 95 9 50 85 71 69 93 96 77 52 54 38 98 68 55 49 81 51 60 48 28 64 63 89 91 24 52 27 82 50 29 35 17 22 14 55 2 59 94 88 45 95 100 93 29 19 56 52 36 10 63 35 90 21 42 68 22 15 64 12 91 30 70 49 95 19 34 96 66 66 56 50 17 61 58 60 16 65 76 65 28 66 57 45 73 82 69 88 22 62 47 46 44 65 76 73 66 16 85 96 79 65 13 47 30 76 80 10 52 35 88 43 24 5 48 80 50 50 18 44 7 66 60 87 35 16 4 5 41 55 35 35 7 31 61 17 95 34 33 31 35 47 30 2 23 39 56 36 29 64 16 8 88 82 65 71 24 93 35 26 46 49 50 90 96 19 1 70 3 93 92 28 87 87 38 12 13 56 29 10 92 56 64 70 37 58 70 31 6 74 79 66 79
11 9 22 9 33 12 16 74 84 52 93 82 60 54 40 99 28 27 88 41 78 1 76 47 22 16 22 36 23 53 47 9 24 70 30 39 70 16 52 62 0 89 3 58 43 100 16 67 93 41 79 72 90 37 20 59 94 43 12 100 52 67 62 17 17 27 71 54 41 73 29 60 2 21 31 17 74 52 48 77 59 48 13 18 94 34 36 20 54 29 22 32 2 32 78 95 6 79 46 21 93 91 2 35 94 66 74 62 31 8 82 92 61 29 7 82 61 23 55 67 96 90 26 89 91 0 52 72 78 88 54 28 42 43 66 36 51 1 38 100 79 8 42 7 14 81 18 95 30 13 85 76 18 72 40 44 70 92 40 84 58 64 24 2 87 85 69 69 50 46 91 50 97 42 89 71 66 5 82 89 55 59 9 21 48 94 85 17 1 22 59 69 98 58 70 75 22 96 94 97
75 54 25 49 74 56 20 35 14 48 58 59 82 59 19 31 88 1 64 29 18 30 22 3 1 18 85 21 78 85 84 22 54 19 80 79 83 6 14 36 71 72 92 48 2 10 90 11 37 84 61 97 74 56 0 33 38 20 97 56 65 70 8 66 1 6 84 89 14 38 19 17 85 72 23 74 16 84 47 95 2 44 73 94 71 20 87 98 76 18 68 67 18 65 85 92 40 52 65 7 90 62 19 16 47 17 89 90 95 53 11 8 52 19 89 3 83 18 17 19 38 53 14 7 29 62 43 11 99 29 50 90 41 38 23 79 61 32 64 62 58 8 26 99 69 68 100 77 88 59 37 15 66 39 59 38 48 69 56 13 93 39 69 2 38 74 22 17 20 22 94 36 81 10 39 82 85 60 75 95 51 100 83 7 73 92 47 72 50 20 13 43 31 1 58 90 78 26 7 77
32 8 10 77 52 94 40 67 35 1 88 81 58 56 47 74 97 88 44 34 90 26 84 76 70 95 85 70 18 28 40 5 27 9 93 96 67 11 43 70 89 81 28 79 60 17 74 46 89 52 1 69 66 26 11 63 7 93 55 83 54 45 75 87 27 18 23 80 22 73 84 26 85 50 7 48 23 48 30 74 40 22 100 17 72 73 80 65 10 38 68 17 46 33 21 92 87 93 83 78 44 50 43 4 97 58 25 44 91 89 83 12 52 46 65 21 80 3 81 16 81 55 30 86 27 45 43 64 54 68 21 13 0 59 50 4 78 97 20 29 27 29 15 100 72 35 55 12 34 24 18 7 13 76 26 60 69 41 75 52 53 99 97 65 52 26 87 84 36 66 54 91 30 50 66 95 15 35 18 28 43 85 100 19 94 84 87 78 59 5 88 41 6 59 22 9 81 84 33 1
60 34 63 13 50 37 42 67 10 16 49 2 42 6 28 55 48 12 78 77 19 92 76 29 55 48 37 76 3 84 80 17 91 99 73 4 32 23 23 50 44 77 93 78 4 77 1 38 36 41 50 31 11 29 86 91 63 51 26 19 2 27 75 71 50 96 4 38 54 37 39 17 20 72 63 1 49 46 1 64 15 4 72 92 100 36 37 28 49 95 82 39 32 88 13 8 86 83 95 72 41 32 33 8 45 90 90 40 34 95 28 3 68 7 8 13 85 31 94 32 2 9 92 31 90 22 14 24 42 85 66 75 71 3 39 25 29 57 12 76 16 45 58 17 77 8 68 63 68 43 55 44 40 24 17 46 9 2 88 57 11 12 68 92 47 61 87 74 26 73 89 59 64 58 3 18 24 0 31 74 58 50 19 34 61 31 27 73 91 43 8 25 41 83 55 95 8 83 89 2
89 47 93 68 20 81 46 8 90 0 8 34 25 61 34 51 82 40 53 52 15 30 12 92 60 2 68 21 60 6 57 32 58 83 74 63 50 33 49 88 2 69 43 24 89 97 98 52 71 26 8 11 32 59 12 58 1 31 1 50 24 5 87 53 66 78 65 55 12 5 85 56 76 32 9 5 54 79 47 63 43 62 31 78 57 12 89 27 33 70 88 93 48 74 18 79 99 61 19 51 84 56 97 24 26 0 50 56 92 61 98 74 36 37 36 48 57 92 64 70 93 30 48 75 65 97 23 2 93 96 68 79 9 40 80 35 59 83 73 26 58 47 81 67 83 75 37 58 53 85 88 62 95 44 9 83 67 20 54 64 95 100 53 0 34 34 20 78 19 96 100 5 10 95 55 78 2 19 76 60 75 14 82 60 76 21 82 93 48 10 74 72 28 87 56 90 16 24 10 27
62 90 7 75 77 47 46 89 16 95 5 29 43 71 0 76 70 91 41 61 37 28 42 49 4 78 67 77 11 78 89 2 13 30 26 89 33 20 40 67 18 50 78 10 87 37 50 86 66 87 67 100 44 16 5 30 89 45 93 55 25 71 8 80 15 91 91 80 66 11 90 45 24 47 61 33 14 31 37 67 13 23 10 99 2 0 71 97 10 7 12 95 39 1 23 58 36 39 54 71 28 21 96 24 96 23 22 79 29 97 48 26 0 31 3 75 32 11 13 50 25 5 66 50 20 67 83 38 69 79 60 31 82 23 38 63 47 45 24 43 79 90 79 52 25 17 2 53 56 27 45 60 65 57 3 62 28 65 45 52 12 42 11 45 51 42 62 74 68 24 89 80 70 15 71 16 38 1 65 32 26 19 27 12 76 44 6 53 61 5 6 65 55 98 0 5 32 95 7 68
1 26 73 18 91 26 71 100 9 62 13 75 21 86 44 5 60 65 44 32 24 4 69 27 90 13 48 57 81 87 36 94 77 92 62 80 83 50 45 5 40 97 40 16 54 97 29 3 42 46 78 68 44 8 99 27 94 59 10 61 54 89 52 16 74 96 34 85 85 82 27 63 23 66 25 20 24 85 92 83 26 100 87 86 91 29 35 79 60 98 69 10 88 22 65 100 56 18 1 86 93 4 9 73 98 80 46 22 34 86 48 90 13 82 82 85 60 41 51 24 83 91 70 56 30 63 4 16 18 12 74 77 24 98 80 99 32 98 73 53 73 43 87 23 89 53 88 48 83 54 2 40 65 47 69 42 6 3 73 47 16 92 96 33 87 42 9 23 87 50 22 75 18 2 50 23 1 24 25 98 56 38 50 1 49 97 93 100 19 6 30 98 63 67 29 1 45 46 6 98
42 40 63 56 76 63 8 22 87 65 50 61 6 82 42 59 67 25 56 13 19 39 0 21 91 34 71 34 20 29 46 90 95 19 62 9 77 15 25 52 98 64 98 53 35 51 10 51 60 17 32 48 7 4 12 40 16 81 25 34 65 76 19 43 11 75 45 29 67 29 79 14 81 2 63 16 96 54 55 98 29 51 65 31 83 25 66 95 74 85 79 29 86 78 82 92 81 47 27 83 62 47 14 94 10 66 98 12 1 63 66 35 85 18 96 85 92 86 96 53 56 43 3 41 21 26 49 72 87 99 36 18 97 1 29 19 33 59 41 15 77 75 5 24 29 67 76 66 43 75 39 65 52 46 19 45 2 75 13 26 63 91 43 88 76 71 39 40 55 53 8 5 29 69 38 1 66 52 70 27 30 22 2 47 81 13 1 75 40 8 93 93 96 0 20 65 48 25 50 98
1 42 20 62 19 66 65 10 3 57 53 94 45 87 22 57 97 21 6 86 34 82 33 6 19 54 64 25 36 59 21 68 5 29 14 39 82 65 47 92 76 5 45 47 30 42 8 48 51 51 84 34 34 81 46 6 50 27 33 56 27 26 93 63 92 44 50 43 23 66 47 24 89 13 84 72 30 14 65 30 61 23 2 6 66 46 30 22 88 76 56 17 43 90 84 55 63 79 5 66 59 76 65 53 61 9 55 39 42 91 56 45 49 95 45 99 30 57 4 68 5 54 79 3 19 78 45 97 97 96 0 94 0 26 1 76 13 56 57 60 100 4 77 48 24 46 70 37 33 83 40 5 60 38 19 63 66 72 1 70 17 35 98 65 17 58 83 90 93 44 69 28 57 82 65 62 100 95 12 75 37 34 75 53 85 31 36 71 44 34 78 89 49 13 38 14 24 71 93 78
26 87 4 66 42 100 15 51 80 77 6 32 57 11 76 9 69 56 13 44 67 79 97 2 74 95 2 75 26 70 39 51 83 21 49 25 85 60 9 89 97 51 63 13 88 89 7 49 100 60 17 48 76 74 81 27 8 12 20 49 63 17 73 100 72 62 96 87 16 100 43 65 79 78 98 89 46 75 90 30 15 14 75 1 18 28 0 92 44 17 39 42 68 73 50 37 16 79 41 44 68 51 32 70 33 58 87 31 64 56 9 40 39 76 22 72 96 11 81 46 97 40 92 46 76 71 72 63 45 42 38 22 19 29 96 37 92 21 55 21 54 69 21 44 52 72 66 14 50 58 51 73 96 14 78 24 41 72 24 10 50 66 22 8 87 96 3 16 36 76 64 50 74 22 88 11 5 84 48 64 42 91 69 10 46 26 73 8 21 90 46 82 6 45 76 76 53 20 42 52
94 55 19 67 37 23 65 21 26 90 100 5 69 51 40 87 96 31 43 3 41 7 44 1 7 55 84 85 40 34 41 8 39 45 91 84 38 92 62 59 28 55 76 66 25 3 35 3 10 14 8 17 97 22 54 55 64 28 35 48 66 18 90 11 18 13 77 84 72 91 85 11 70 0 42 23 92 31 16 26 86 13 52 94 15 79 52 78 32 81 12 8 57 24 95 66 48 71 44 67 8 68 99 42 91 10 71 66 15 40 73 77 13 55 43 61 59 56 20 11 2 92 15 15 58 20 35 37 86 48 82 92 100 15 55 17 93 46 62 10 98 43 98 29 12 81 57 38 11 88 56 91 8 7 79 83 71 53 50 91 80 4 14 37 95 21 81 30 6 60 30 68 89 22 5 75 55 44 50 95 27 62 59 17 84 41 31 42 69 54 47 90 71 63 98 11 24 21 11 19
60 45 8 32 58 37 17 69 82 13 92 52 72 99 91 51 40 73 58 63 6 72 88 28 81 22 8 98 4 4 47 1 79 95 68 71 81 2 72 63 42 85 78 92 60 86 21 27 84 88 98 6 70 85 64 60 41 20 80 100 7 10 5 53 91 77 76 24 13 75 61 47 67 52 77 42 41 96 73 98 2 52 89 34 98 86 74 1 67 19 57 16 67 81 41 69 6 24 45 19 24 36 38 7 27 94 67 46 86 68 93 40 73 55 7 26 44 54 91 69 2 71 23 23 68 80 65 60 31 7 28 63 64 32 31 34 56 56 96 80 3 52 67 77 84 3 13 83 96 11 51 33 12 81 90 16 74 25 69 44 91 83 55 22 7 18 94 59 72 50 15 42 53 52 63 52 60 62 36 98 51 28 67 37 30 29 98 91 63 87 43 79 54 5 34 1 29 55 28 100
4 87 87 69 28 11 54 49 35 25 99 5 6 62 43 89 48 60 22 45 18 69 14 12 54 90 94 91 35 61 29 61 78 63 5 89 8 46 54 16 33 83 65 72 85 64 68 29 30 46 76 45 92 65 84 80 28 95 95 65 30 7 3 88 92 31 21 61 23 89 20 68 26 27 88 94 32 70 22 83 69 62 49 11 89 47 76 99 96 32 90 38 100 3 89 38 69 27 56 96 40 46 78 98 67 74 79 8 58 24 33 70 73 26 12 35 65 97 78 14 68 1 12 100 17 17 39 0 58 94 10 41 51 54 28 3 2 64 87 5 5 43 29 43 10 95 14 84 77 78 22 64 32 16 60 1 17 90 70 13 11 91 75 64 73 44 70 88 24 94 0 68 15 40 35 61 21 40 33 68 87 20 65 39 51 18 83 94 0 52 64 44 53 16 78 77 88 37 56 95
54 38 38 33 71 34 39 13 63 64 79 4 31 88 6 45 100 18 14 41 28 73 18 27 73 29 89 96 15 66 81 24 94 58 30 75 0 39 24 81 30 17 90 85 42 57 83 33 81 12 32 79 89 22 65 79 53 91 8 53 77 35 29 29 65 93 0 36 99 1 91 40 16 69 65 75 71 85 17 5 71 44 46 74 13 34 9 47 87 3 82 72 93 94 67 31 44 20 12 27 4 23 71 34 19 96 100 8 5 11 78 66 46 31 68 80 90 90 22 11 45 0 74 43 1 47 43 33 20 10 53 46 3 27 5 22 82 59 43 19 95 28 18 69 97 52 18 73 35 87 38 12 16 84 48 5 20 53 23 61 3 43 57 3 35 5 53 91 90 9 69 27 59 30 23 32 62 22 50 66 22 41 34 26 71 57 87 26 70 59 22 88 68 78 59 6 69 9 58 31
83 81 11 52 97 48 24 78 86 12 47 13 80 98 81 94 91 50 77 51 18 92 91 28 20 41 94 31 19 66 27 39 45 9 30 77 20 21 61 69 36 4 37 4 23 11 16 5 8 30 96 82 34 27 22 48 4 31 27 55 20 31 48 4 100 85 57 46 56 22 30 77 43 82 55 66 89 25 79 93 6 48 59 39 93 77 45 88 4 72 13 27 33 11 65 75 18 48 60 4 86 11 24 62 52 47 7 28 54 8 92 50 53 66 2 83 25 86 4 31 53 85 11 63 94 34 8 89 87 33 99 4 91 40 38 90 20 38 55 74 90 69 90 78 63 79 20 88 74 52 43 60 66 87 58 1 36 62 22 81 92 26 64 68 18 1 2 31 27 31 15 65 100 77 84 21 80 18 26 9 23 25 1 51 49 70 56 75 83 40 5 75 30 47 99 11 56 96 17 95
17 1 73 54 37 77 75 10 55 10 24 6 69 49 86 16 32 43 90 5 47 58 38 18 35 86 6 56 78 77 29 26 15 22 93 95 60 62 41 32 98 22 12 21 82 92 46 13 19 5 46 7 64 22 45 14 68 22 81 27 22 56 35 30 91 65 23 8 55 59 3 6 20 90 60 9 50 14 55 21 23 75 48 38 33 52 52 63 50 93 92 7 24 34 92 46 83 65 100 1 2 74 32 76 75 14 95 10 19 47 62 89 81 27 37 16 50 28 86 29 73 79 55 35 49 5 50 89 36 32 66 66 0 49 64 28 100 93 2 2 17 74 17 92 49 93 42 28 70 91 62 8 42 63 35 59 17 84 22 100 4 91 43 95 58 32 17 49 0 26 73 1 85 20 41 97 51 20 12 34 9 90 98 80 77 35 91 38 9 36 68 82 35 51 67 94 83 27 71 27
27 7 93 36 51 39 85 49 100 92 63 44 40 57 49 35 79 5 91 46 46 69 16 84 20 76 10 58 91 92 46 48 32 82 9 53 19 17 23 30 28 3 46 10 98 95 75 30 36 9 39 39 59 97 46 56 84 36 8 6 75 61 90 29 13 71 55 90 61 36 17 26 66 21 13 1 40 67 25 9 0 54 43 64 8 84 52 0 28 61 55 47 93 89 89 22 62 62 10 66 34 26 51 45 16 8 6 29 26 86 34 42 93 57 52 26 2 58 24 34 65 57 58 51 82 4 95 69 29 87 44 72 77 51 8 38 10 74 92 54 24 25 9 80 62 99 80 78 100 98 83 10 35 85 5 76 95 14 13 9 54 89 37 30 4 65 77 69 61 9 6 14 8 82 8 14 49 16 14 12 63 91 33 0 13 94 0 70 95 18 94 20 25 0 86 80 80 49 2 79
76 71 2 68 76 51 99 32 26 79 88 51 0 51 52 84 21 99 32 43 47 88 5 77 46 33 67 100 53 31 23 55 94 84 53 73 60 97 84 38 86 18 83 50 83 1 99 45 35 43 41 21 13 19 81 29 92 90 48 4 93 78 76 60 85 59 36 2 50 95 30 39 72 68 85 59 46 73 43 23 100 13 47 34 75 35 37 44 89 5 48 34 69 33 42 65 21 34 8 63 23 72 15 72 57 89 53 7 87 4 5 54 55 14 69 81 97 66 34 77 52 78 63 41 15 33 70 31 26 36 57 36 16 17 15 97 54 4 45 97 36 94 95 45 43 25 57 85 79 64 89 44 48 24 65 54 43 97 87 19 55 87 10 87 84 46 44 59 21 81 9 2 97 81 32 68 44 96 37 55 31 98 50 48 82 86 91 20 98 27 44 17 25 85 30 5 32 51 88 3
87 45 19 36 4 90 8 41 62 44 91 89 41 93 3 55 17 28 81 70 16 66 55 40 54 7 39 30 16 84 68 79 44 54 87 15 76 13 95 73 22 82 78 23 5 29 37 71 93 100 78 21 18 37 55 70 40 43 42 36 34 48 74 0 24 88 48 33 59 32 96 12 77 62 64 66 68 87 90 4 41 50 44 72 3 67 44 22 64 77 56 83 8 87 43 42 70 5 1 92 82 88 12 21 38 85 5 71 11 49 85 20 68 25 81 68 80 86 68 22 94 19 92 18 23 82 91 48 34 56 48 38 66 53 4 34 79 54 12 71 62 97 94 45 32 61 14 44 67 51 100 78 99 34 80 89 94 92 86 85 9 97 83 20 20 28 21 98 16 10 63 33 71 30 41 81 41 76 88 17 44 84 69 19 71 96 33 84 54 11 74 74 28 35 51 22 26 83 85 56
80 31 30 85 55 11 59 0 56 52 60 31 11 82 27 84 8 49 92 43 55 14 34 41 40 26 2 91 74 93 89 10 36 40 36 34 41 69 55 88 24 43 87 8 11 78 65 24 18 48 14 94 27 67 42 6 93 69 32 77 69 70 37 77 95 81 3 27 16 39 72 70 66 10 16 64 92 86 83 57 14 12 46 97 28 30 87 75 46 76 26 73 74 22 43 92 60 72 23 61 34 58 91 98 95 41 11 27 69 69 22 2 80 81 2 57 84 91 56 42 95 29 68 32 49 14 0 80 9 51 98 69 66 10 75 37 88 58 59 35 43 63 54 16 28 100 39 25 28 58 76 79 53 5 68 67 32 10 33 98 24 59 75 15 34 76 48 9 40 37 45 51 8 84 78 67 54 70 78 49 34 61 12 5 71 37 33 63 12 20 41 59 94 82 70 66 51 34 14 50
85 66 89 65 47 41 11 21 90 99 60 74 17 56 8 38 17 60 55 97 24 32 29 3 74 8 76 78 36 29 64 13 4 84 72 66 2 24 82 54 17 31 54 94 31 52 36 94 41 34 40 19 36 23 58 31 31 58 52 32 66 35 77 88 23 0 66 77 30 18 55 50 73 3 57 27 39 14 89 43 59 98 81 45 59 71 6 54 57 16 56 82 44 32 2 9 72 93 48 48 53 9 4 15 58 81 82 85 18 42 7 27 83 7 88 64 81 2 35 56 58 50 9 52 80 27 9 6 80 41 56 46 61 78 39 0 88 97 22 54 49 20 29 39 35 58 58 70 20 86 12 65 86 43 10 28 66 5 26 9 87 9 85 66 82 19 15 99 97 100 100 10 10 58 56 42 57 20 71 20 99 15 54 20 37 66 29 35 73 50 27 47 87 89 70 68 1 43 13 100
23 75 11 67 99 85 2 54 68 64 87 76 55 68 11 60 24 32 16 55 90 31 12 24 78 40 36 70 84 68 17 77 61 83 53 52 95 14 38 90 52 23 46 27 84 81 84 76 21 33 86 31 44 44 54 47 38 46 62 18 40 98 53 95 17 5 36 46 42 3 42 100 100 94 67 18 69 18 92 23 87 43 68 26 49 99 27 73 55 76 78 24 64 77 88 89 47 46 41 2 17 7 21 18 19 54 1 59 4 67 12 50 35 74 73 2 75 78 73 1 73 7 40 8 34 30 40 60 65 81 99 69 93 54 31 95 41 0 31 74 3 96 63 55 61 46 9 85 48 28 5 64 5 47 71 42 64 33 91 24 39 44 6 42 55 35 56 35 32 68 14 64 10 44 77 56 7 68 64 19 46 98 52 35 86 37 75 91 18 38 27 38 93 88 80 77 89 20 75 67
0 11 43 48 74 74 36 92 35 52 67 66 92 19 24 69 92 8 72 92 97 48 47 16 81 83 25 96 40 90 96 25 86 60 21 24 6 65 33 91 89 11 39 23 81 73 51 94 65 45 52 51 41 12 22 44 49 82 96 4 5 2 94 63 19 76 96 98 14 82 43 32 89 52 71 58 63 10 75 96 86 94 65 13 33 86 94 74 70 51 1 41 6 20 46 9 93 39 90 95 80 34 25 37 4 14 4 85 100 34 38 64 88 12 44 98 36 62 57 31 12 65 92 2 4 97 10 30 68 100 62 81 78 8 39 71 38 29 62 54 82 2 79 63 75 7 89 82 66 3 86 69 97 8 10 68 74 39 89 62 67 22 5 76 50 70 81 1 100 14 35 86 83 96 24 51 31 47 36 17 20 47 11 29 52 69 71 22 21 39 21 94 69 75 41 36 15 65 76 91
84 6 43 64 3 74 98 79 54 57 63 24 78 15 38 39 43 11 98 26 10 30 62 77 37 40 93 17 76 43 83 46 39 6 30 61 13 79 19 76 52 18 55 63 38 30 69 50 68 70 72 11 58 46 92 61 65 89 34 39 32 76 62 58 90 50 25 53 93 76 91 15 93 61 73 65 74 56 17 39 79 100 49 79 62 77 78 58 28 62 37 34 64 37 10 48 48 86 76 56 43 2 88 47 11 8 69 54 52 21 6 97 93 77 19 98 12 20 75 25 37 96 66 53 55 41 5 58 77 25 20 15 29 94 41 48 35 30 3 31 52 1 53 66 23 72 73 34 43 10 6 35 55 100 64 11 71 57 11 47 26 62 79 25 75 30 15 64 55 29 34 33 99 42 31 2 30 67 50 11 93 44 42 23 16 35 40 67 91 6 44 61 39 20 40 53 45 76 17 2
84 44 24 80 11 76 100 8 12 40 85 68 49 80 83 68 24 94 58 28 11 66 15 44 18 14 70 97 64 55 27 71 10 59 37 89 52 91 87 68 76 69 29 18 23 7 48 14 47 9 60 41 12 38 70 2 43 6 56 85 68 75 12 48 85 55 21 58 49 37 45 21 19 1 14 66 11 46 84 79 76 85 29 47 6 81 79 9 4 96 25 38 19 50 34 67 65 13 56 91 70 94 1 80 49 97 58 95 13 64 95 99 24 74 96 48 78 11 88 67 31 79 90 67 19 86 36 97 50 37 98 86 21 85 69 86 30 48 43 28 16 50 1 95 87 87 57 84 17 8 75 5 46 12 12 52 29 64 34 87 85 78 23 87 72 95 0 16 22 20 67 26 61 6 65 81 1 93 92 22 53 49 21 50 60 31 93 67 22 39 33 94 67 6 78 67 64 0 87 15
3 77 96 61 17 22 91 79 99 78 0 66 54 51 28 86 56 53 68 55 85 31 12 25 66 24 54 33 81 29 74 64 81 44 50 3 95 26 90 59 94 58 82 7 75 54 52 57 10 27 82 59 61 41 98 99 87 84 77 73 6 95 70 42 33 36 2 96 42 32 87 68 57 36 92 77 34 60 5 60 15 83 27 52 52 95 37 50 82 91 33 94 53 70 50 22 24 52 6 79 62 56 99 29 17 82 66 71 96 91 80 20 81 10 26 29 66 31 7 5 99 56 25 19 36 53 68 61 0 23 100 61 76 70 21 96 38 19 81 26 84 36 39 72 16 81 28 67 22 22 5 14 42 93 92 8 50 13 39 43 39 31 15 40 83 27 75 38 4 48 51 50 66 86 80 94 63 69 6 80 99 18 5 7 53 12 59 11 28 3 32 56 85 13 73 80 59 26 0 41
95 33 24 74 16 62 24 80 22 88 34 12 55 74 67 72 6 15 23 35 78 4 11 64 88 59 90 34 72 74 36 96 67 18 27 24 36 60 89 45 61 84 88 67 56 0 39 12 63 18 15 2 88 30 84 81 3 52 30 69 96 74 29 13 94 37 98 88 76 90 24 78 48 83 100 80 35 16 39 54 5 94 37 57 11 17 69 43 7 25 43 76 59 61 4 69 25 93 29 5 24 37 96 74 8 61 95 88 84 93 14 85 92 73 58 85 6 16 85 50 59 80 42 99 40 100 90 94 42 24 26 71 26 55 42 63 49 41 10 91 62 99 37 37 17 12 90 8 84 64 62 64 28 45 15 70 61 36 92 64 22 55 8 62 15 32 70 40 60 10 48 2 13 55 69 43 70 45 90 2 9 59 46 47 36 69 0 34 30 77 85 73 0 2 66 56 68 7 59 53
22 40 99 31 88 10 93 38 10 29 97 72 7 63 74 62 17 25 70 26 24 83 94 29 91 93 50 39 20 58 53 94 25 3 42 100 19 65 16 43 10 44 14 16 29 21 57 31 36 36 58 6 82 37 94 32 67 95 61 57 45 84 16 78 80 18 87 9 53 48 21 31 65 96 84 0 7 30 16 30 25 55 87 35 59 22 38 97 51 16 35 7 95 20 64 35 53 83 55 71 52 2 9 24 63 71 30 78 26 23 9 54 13 48 5 5 75 9 32 39 100 0 14 45 27 79 26 66 23 16 15 64 14 74 66 58 70 73 20 23 71 41 53 90 13 32 12 56 36 93 58 11 46 24 86 100 19 23 67 44 15 10 50 24 88 76 12 82 47 96 17 50 25 16 82 59 88 76 78 38 27 99 12 75 41 28 45 22 47 52 30 88 69 61 51 100 37 7 87 14
3 62 44 52 45 68 79 37 19 38 39 69 78 17 99 61 58 15 34 92 98 51 20 44 20 100 87 92 58 28 63 1 49 18 31 33 4 21 14 19 62 32 53 75 55 73 33 68 37 27 70 71 33 30 78 11 58 10 84 19 1 71 46 91 23 39 17 30 7 41 9 60 25 29 20 44 20 44 3 51 53 97 90 22 30 87 6 45 77 53 85 79 38 3 28 100 77 26 4 68 39 7 24 63 94 95 79 34 52 89 96 59 75 60 26 60 15 21 58 93 17 14 66 12 22 90 23 20 11 28 49 76 55 71 70 28 94 37 46 79 78 15 96 17 67 68 14 73 70 87 21 93 99 56 1 47 66 63 8 18 27 10 40 8 50 57 89 70 22 76 59 7 13 15 34 15 85 97 94 91 62 18 97 10 14 95 17 31 52 46 89 51 98 3 61 78 68 82 3 37
40 36 49 55 26 61 33 70 20 2 13 45 89 34 94 83 46 66 83 20 24 20 28 36 2 12 32 21 79 50 18 34 10 36 2 62 83 50 83 91 10 46 7 61 8 8 3 58 34 54 36 66 24 54 10 70 58 17 48 78 22 54 95 6 56 29 41 6 29 0 86 93 35 29 69 32 43 90 79 86 32 93 61 47 72 68 42 68 3 19 87 74 86 66 57 45 91 18 83 54 72 41 10 42 8 81 83 60 77 21 49 32 4 64 87 43 92 55 23 30 99 35 85 54 71 6 34 20 21 92 40 54 99 83 23 32 95 39 61 62 31 61 9 38 79 4 84 86 2 51 55 28 22 82 50 39 39 4 68 21 14 60 28 93 76 36 91 89 93 76 76 39 54 63 66 96 96 71 67 86 71 50 72 13 47 60 14 15 82 52 19 69 5 27 47 3 85 53 66 36
37 63 82 53 49 80 71 68 52 4 22 65 19 68 1 14 55 88 88 1 38 16 20 72 15 74 89 7 33 8 87 93 67 37 53 99 93 74 12 84 48 11 55 73 13 28 67 4 94 62 32 75 74 33 100 63 84 85 15 34 96 33 87 22 67 62 48 3 64 56 85 15 4 13 48 3 16 22 74 27 39 20 12 25 4 76 95 14 79 83 14 2 65 29 81 20 45 75 90 18 59 40 31 50 97 62 56 65 24 96 45 1 65 17 30 76 67 62 65 61 46 75 90 34 24 66 31 53 72 10 88 79 77 88 90 33 87 64 43 83 66 79 11 89 58 91 91 43 43 49 83 80 70 10 79 32 56 67 60 75 34 27 29 60 24 75 39 34 46 94 56 74 29 37 80 7 99 59 31 50 24 89 85 48 75 97 47 93 40 46 62 71 97 97 70 97 2 3 25 73
19 35 78 68 37 94 51 70 1 67 51 14 46 62 5 91 81 76 25 98 92 76 50 67 90 33 24 87 0 65 6 81 7 24 51 27 4 72 67 43 73 2 40 90 65 49 6 93 34 69 13 56 74 88 27 7 19 47 3 22 67 33 4 56 57 29 97 43 36 84 8 53 48 36 10 14 28 37 52 21 95 17 95 26 69 7 28 37 73 35 54 78 44 79 64 49 75 36 44 54 12 65 91 9 66 66 76 36 55 3 77 24 55 16 76 49 5 49 87 90 33 7 38 26 22 56 29 80 96 20 51 92 66 36 26 14 60 69 41 5 21 56 15 28 42 32 35 28 56 26 55 63 69 98 40 8 10 97 92 8 35 86 27 19 33 1 90 58 100 39 69 11 55 94 72 67 4 59 47 22 24 46 9 29 39 83 39 30 72 80 70 75 1 63 51 39 73 31 88 0
73 9 93 28 48 86 87 92 53 36 82 86 79 31 86 20 56 21 70 40 85 62 74 40 82 7 3 85 47 63 65 14 23 85 99 63 38 78 62 36 66 89 82 29 98 62 0 35 37 37 68 99 18 44 34 85 88 45 38 40 45 10 8 54 67 92 53 13 16 100 75 56 59 46 10 17 31 87 92 16 39 43 95 20 15 86 15 53 73 38 84 46 50 35 37 12 39 72 49 45 27 22 97 2 14 3 96 99 15 86 64 36 64 13 41 84 96 25 22 91 16 8 31 67 86 8 43 100 39 15 52 30 3 1 49 18 49 11 18 16 1 25 13 45 73 39 95 73 78 46 40 25 22 93 63 43 68 80 38 64 87 30 33 63 70 67 8 94 72 31 8 2 17 57 24 32 90 83 57 42 29 2 26 15 100 47 1 88 97 42 49 47 63 22 8 2 58 65 33 76
73 84 91 22 31 100 100 20 76 94 95 44 71 65 2 61 92 94 49 40 26 76 22 74 52 61 61 68 24 84 69 32 81 4 91 35 92 16 71 86 16 87 10 83 79 65 90 21 83 9 91 40 21 28 51 72 28 82 52 40 78 31 51 78 6 79 90 19 5 17 15 69 30 28 46 54 40 95 14 69 82 58 12 57 40 48 27 1 87 84 41 100 75 44 25 72 12 28 0 57 44 32 11 13 95 92 54 7 93 48 100 14 27 6 70 17 41 97 55 16 13 70 57 36 92 29 73 99 47 35 42 53 64 43 56 47 56 55 66 58 73 57 58 76 63 48 54 48 94 40 88 12 17 56 5 25 73 55 94 1 91 64 87 57 66 17 16 95 89 51 2 20 83 5 95 96 56 39 72 20 4 97 50 79 91 35 14 79 12 62 66 74 33 26 5 30 23 30 42 76
26 28 62 1 22 9 11 50 91 32 39 1 51 31 77 43 88 86 36 22 28 99 25 91 5 2 13 43 53 98 27 62 80 84 84 95 86 83 51 25 56 2 17 74 56 93 75 32 92 69 81 6 99 10 69 75 43 21 75 27 65 64 30 11 74 71 61 77 63 68 57 13 93 29 13 19 9 64 72 27 97 33 26 30 96 72 88 81 91 100 77 65 93 54 89 49 99 24 68 11 77 70 89 20 41 9 9 35 100 12 13 31 24 33 30 34 28 71 100 88 65 13 5 33 6 46 100 73 69 46 51 78 96 22 91 37 89 84 43 82 10 78 8 1 38 21 98 66 68 6 67 26 25 98 42 95 2 9 31 96 77 50 44 69 42 46 95 58 58 54 28 68 41 85 84 71 35 38 59 38 0 82 59 34 32 15 26 85 4 25 59 62 60 54 41 31 21 71 45 72
26 59 29 35 44 12 26 18 39 28 58 99 12 67 52 19 74 73 7 59 43 89 69 62 83 30 39 65 75 53 64 21 4 89 18 52 65 19 93 86 24 68 7 77 18 31 79 90 7 69 48 57 34 9 35 31 42 74 17 33 88 46 3 15 58 12 25 63 12 36 85 51 56 90 9 25 14 98 51 27 56 26 51 52 87 0 78 35 11 71 51 87 94 27 70 58 68 13 22 94 68 38 17 16 27 84 76 92 67 55 50 82 61 33 76 12 38 50 97 35 7 72 42 77 71 38 71 32 1 93 11 5 65 79 96 66 8 31 33 24 33 81 30 31 53 34 84 20 12 14 49 40 15 25 24 51 45 17 74 12 60 23 25 14 62 71 16 23 32 66 71 77 58 85 60 59 86 65 67 90 4 37 78 0 4 82 72 64 65 56 24 60 97 83 85 57 78 19 95 94
72 70 85 12 58 3 62 65 62 88 32 23 90 96 28 59 95 39 84 46 64 36 57 62 89 78 61 25 52 75 71 71 17 73 27 4 13 95 92 26 3 48 87 25 38 32 1 19 24 51 90 27 76 100 50 24 11 58 94 65 39 30 0 90 26 5 40 5 50 44 27 27 83 33 35 14 97 50 90 46 35 89 69 67 48 77 61 34 19 30 90 94 23 16 21 92 97 85 96 30 6 22 37 53 38 39 76 56 20 76 54 38 97 90 17 97 26 66 43 99 35 23 49 3 3 1 92 13 48 8 19 73 45 70 74 62 84 94 27 23 37 79 0 40 40 68 49 97 40 74 29 75 87 63 58 31 69 88 36 8 2 14 41 9 96 63 22 52 99 67 77 21 49 38 92 18 100 18 87 32 13 21 81 18 92 4 38 1 92 58 53 2 1 35 84 85 100 43 4 56
22 86 1 63 84 0 7 91 58 23 49 18 72 51 19 46 60 76 19 66 64 20 3 18 36 48 64 81 36 20 78 36 18 81 39 53 87 22 8 45 85 70 79 44 9 43 60 91 4 17 59 23 53 49 88 31 29 68 27 84 7 24 48 45 61 36 31 32 11 35 62 76 93 82 26 90 42 37 17 39 9 86 22 50 27 14 88 18 93 8 72 48 70 51 67 87 34 65 64 62 99 36 49 11 55 6 90 38 24 97 37 94 12 67 43 42 26 78 56 55 16 53 72 46 91 23 66 78 87 53 13 43 55 93 15 81 76 33 50 59 77 68 66 99 27 6 80 100 89 53 57 0 5 98 66 83 5 69 49 22 3 54 100 28 5 5 60 20 72 68 8 32 28 43 35 97 33 64 56 7 6 34 62 100 79 51 66 31 31 6 39 99 74 77 68 34 31 0 29 46
14 22 29 16 5 75 42 13 54 22 20 0 100 55 42 16 68 5 90 98 92 72 31 4 11 34 23 85 44 34 67 86 99 55 53 49 9 3 14 13 44 7 13 79 63 14 81 11 96 28 27 14 30 58 63 41 99 0 9 84 36 15 18 94 62 72 75 79 59 99 55 47 32 26 29 70 82 84 95 22 26 16 71 86 55 37 35 15 84 20 78 20 77 8 100 62 30 79 75 88 11 28 79 63 4 53 12 83 74 65 36 72 86 69 2 22 86 3 53 81 39 26 48 77 61 65 94 77 32 61 52 56 76 89 7 78 87 61 81 92 30 60 43 13 73 35 86 34 27 57 33 90 8 74 32 100 45 88 86 27 89 61 22 35 19 81 62 99 28 55 89 60 78 67 51 87 7 32 16 99 57 51 18 12 8 67 24 67 98 86 71 98 83 70 11 83 96 29 71 41
81 75 13 88 45 92 49 98 19 55 8 87 98 34 53 93 23 1 54 67 58 22 36 42 46 23 19 17 43 79 88 58 81 26 67 82 19 56 38 97 97 1 36 9 37 23 88 47 69 52 26 75 6 75 44 94 42 50 69 0 54 34 68 93 15 15 64 92 98 34 77 9 65 90 0 24 18 90 17 63 47 65 58 99 5 40 86 93 70 56 21 35 99 52 33 46 97 85 91 61 53 43 0 20 40 56 90 30 35 59 50 84 17 22 51 26 70 31 59 67 25 97 100 35 90 90 100 97 24 45 26 81 76 81 57 75 48 25 44 21 72 34 40 30 2 69 30 16 63 61 32 2 58 29 73 78 12 35 98 18 73 12 13 96 14 9 22 71 49 90 54 82 5 43 76 83 83 42 47 90 13 5 85 83 4 57 11 95 5 66 12 77 84 17 48 65 39 35 59 85
21 41 43 11 45 81 65 71 58 16 70 82 42 88 94 35 51 42 64 46 9 37 91 19 29 1 8 72 6 18 69 56 42 73 7 29 78 33 43 95 5 65 4 54 93 90 100 78 90 61 56 93 48 77 71 33 96 83 35 31 67 85 79 63 0 17 62 1 46 79 13 18 38 68 10 68 27 23 81 1 14 86 72 76 3 30 57 95 68 46 49 41 19 76 23 40 10 3 81 93 11 46 13 62 71 69 70 73 80 48 41 48 28 11 62 17 74 70 82 85 64 37 19 9 95 95 28 19 49 54 53 34 26 21 72 84 15 62 99 68 12 86 51 97 10 59 92 62 99 2 81 17 91 46 58 41 64 33 64 4 7 1 44 2 75 92 5 7 96 25 38 94 83 37 82 21 36 62 87 68 87 25 46 94 76 0 31 92 47 2 68 10 55 87 95 20 53 83 8 16
23 37 78 28 37 52 42 94 49 44 40 47 42 68 23 92 76 63 27 39 90 76 55 32 7 65 13 73 77 2 19 98 48 7 37 7 90 11 5 0 35 11 44 79 6 29 20 1 92 70 94 57 89 44 73 27 82 65 31 24 50 97 0 52 56 90 11 3 15 24 91 53 54 87 32 30 8 68 76 54 25 66 46 11 100 80 23 18 55 66 99 62 3 90 11 13 17 72 56 53 25 9 36 19 92 26 79 17 93 50 52 48 85 16 100 23 55 51 60 93 50 66 89 97 33 94 91 69 22 55 89 96 95 16 20 92 26 94 71 81 64 14 76 52 74 74 28 90 90 36 82 96 57 93 18 49 36 99 38 92 29 24 47 65 70 40 40 51 71 86 53 30 38 3 40 88 17 45 29 72 46 33 42 27 1 37 48 17 17 34 70 33 100 19 34 34 46 95 52 77
35 73 56 91 59 50 97 3 10 93 62 9 65 20 21 61 42 7 8 87 69 13 8 62 82 79 11 16 43 86 42 11 6 91 59 85 72 0 74 15 89 3 69 30 90 8 57 21 30 35 88 34 32 88 5 43 23 87 43 71 87 25 100 10 34 91 43 92 67 13 55 64 39 50 61 83 79 6 89 9 55 47 35 29 90 96 1 0 88 38 54 54 7 44 60 40 49 66 68 89 49 24 26 58 83 90 40 26 98 29 98 70 58 17 39 0 58 79 11 2 12 98 97 71 29 81 35 80 50 38 5 58 30 47 46 86 74 5 38 69 98 88 10 33 87 25 17 45 68 13 90 91 77 95 58 4 36 65 50 62 72 78 58 62 52 31 83 84 29 15 60 83 79 78 8 61 63 5 93 5 65 33 85 8 27 27 28 3 58 93 15 53 91 48 79 5 99 23 20 65
31 89 35 62 29 81 11 80 62 22 81 87 9 65 67 84 75 46 17 35 82 7 41 0 36 32 46 60 45 57 62 99 22 3 85 19 1 51 83 52 81 99 36 77 78 86 44 100 95 68 84 63 95 100 86 69 57 24 72 57 13 42 41 8 58 28 11 12 49 50 39 22 95 8 22 79 98 21 29 82 51 5 37 49 63 37 85 53 100 34 10 32 95 91 49 14 77 8 23 91 8 31 23 77 81 91 14 19 28 18 29 69 25 39 85 18 63 45 50 34 59 81 35 97 40 38 20 20 92 69 21 54 66 70 23 7 55 63 61 21 69 10 85 57 21 10 70 77 83 64 80 51 17 99 76 57 61 7 28 34 31 74 34 65 6 2 90 20 30 70 22 93 94 72 18 17 57 93 8 2 74 46 11 29 75 18 40 99 92 9 63 40 22 32 69 13 30 29 59 34
27 79 61 69 47 56 83 95 50 88 46 49 15 94 67 65 27 43 98 3 44 42 81 71 66 53 18 42 72 38 83 10 98 49 76 70 36 50 72 2 32 73 66 31 13 53 5 38 43 91 82 36 95 69 64 45 75 71 49 29 92 98 41 65 94 56 32 16 80 71 14 56 98 56 17 13 2 39 57 11 58 14 6 68 95 59 25 59 98 61 94 64 18 20 61 13 27 95 91 92 59 70 60 80 19 64 37 67 6 43 92 25 15 82 81 22 71 0 63 17 34 78 56 61 65 72 58 14 60 41 69 26 80 50 40 5 78 45 40 39 7 70 71 92 99 96 70 1 7 87 17 72 42 24 30 59 97 69 48 4 94 45 44 17 93 79 86 39 19 87 61 13 19 39 100 65 85 37 48 26 43 61 7 22 72 56 22 9 17 47 46 24 78 31 82 29 52 23 64 14
93 49 23 33 53 58 73 95 53 68 50 64 74 34 80 41 16 38 63 39 40 98 37 82 13 21 93 90 66 63 12 78 64 2 79 87 63 64 80 46 93 49 64 68 3 91 78 30 74 20 93 25 29 68 83 35 39 82 39 7 5 60 84 65 13 90 93 75 92 49 79 0 1 38 49 13 26 36 1 63 64 19 100 88 80 95 2 53 31 60 50 53 72 87 75 99 22 0 94 51 22 14 71 10 51 7 7 74 27 31 39 52 35 73 74 22 59 4 65 49 12 99 69 88 7 10 8 66 45 87 3 82 66 65 56 94 47 9 9 49 18 31 41 47 12 32 84 73 89 21 16 75 42 68 88 14 67 70 72 1 12 37 86 21 3 68 84 89 93 92 16 62 28 33 34 29 0 69 82 37 17 60 22 0 41 4 27 80 80 82 11 26 57 2 72 62 23 19 81 83
31 37 77 65 44 75 48 36 25 80 63 24 5 73 24 57 45 26 92 77 28 26 63 96 16 88 71 18 48 58 63 97 1 92 62 76 31 58 18 64 41 44 26 96 88 13 32 13 68 48 41 30 97 65 18 76 93 50 7 20 37 47 91 94 76 86 55 68 35 13 89 61 64 69 68 15 97 29 92 31 88 62 81 68 14 85 67 36 13 55 3 78 39 85 65 59 59 3 23 6 32 7 75 68 52 31 94 62 23 78 56 17 4 71 91 68 26 97 33 52 28 29 86 35 89 51 83 62 61 4 8 25 87 68 5 75 26 70 14 23 3 73 0 68 99 46 63 15 67 56 52 2 33 47 41 96 63 56 45 34 37 13 99 97 55 59 40 25 55 14 47 31 79 11 20 50 48 53 53 7 65 72 3 37 73 43 50 88 17 59 89 65 18 53 66 52 38 16 67 86
18 63 74 9 40 61 81 3 45 49 47 50 3 99 24 72 72 38 65 13 71 58 4 66 10 37 41 9 51 4 27 82 53 15 93 49 25 38 89 76 86 89 6 76 88 1 85 56 50 63 50 99 18 90 6 31 14 89 78 41 49 6 16 36 28 62 81 55 98 54 27 43 90 8 1 94 66 5 32 67 90 100 31 11 96 80 94 92 69 91 29 5 6 7 57 1 47 35 18 57 5 80 7 13 92 26 50 5 21 65 65 91 79 77 27 23 59 88 36 37 72 51 90 39 17 100 22 36 32 67 65 27 77 74 56 90 10 22 62 86 38 26 41 64 35 52 83 51 80 12 28 13 85 19 40 25 92 11 31 18 90 75 26 21 85 29 79 17 45 11 20 93 48 38 60 42 61 57 33 13 94 37 16 57 55 42 44 15 93 0 24 87 85 56 36 36 75 91 9 6
91 59 42 69 88 3 9 94 76 61 34 73 12 75 0 30 82 6 90 75 50 0 68 61 74 85 15 23 14 18 11 64 39 6 16 73 92 26 41 45 46 16 97 43 64 96 87 59 64 45 71 87 36 8 45 13 29 81 66 30 93 34 13 88 34 76 58 4 4 87 16 3 73 85 22 96 82 23 93 98 33 65 84 81 26 29 37 70 50 50 22 100 8 47 63 63 37 31 7 12 41 64 95 33 71 77 36 35 57 85 45 30 6 86 87 41 90 98 97 79 20 60 60 11 20 18 2 69 52 50 26 90 27 3 67 3 61 49 97 53 96 49 69 40 38 40 79 95 39 89 78 73 63 16 62 62 30 9 3 88 23 32 88 83 78 77 70 8 96 77 78 21 68 75 37 18 98 25 3 49 3 52 2 55 2 73 39 91 73 83 73 65 96 83 87 97 89 64 75 78
52 13 61 60 94 60 88 32 44 51 65 57 1 45 66 6 59 88 35 71 22 92 38 25 11 34 77 12 36 35 56 2 9 48 80 45 8 19 9 31 50 29 53 90 67 60 59 69 40 49 52 92 57 29 19 18 70 74 59 40 16 43 82 53 97 41 23 16 40 16 98 71 59 98 83 2 30 30 90 97 61 85 16 89 62 4 11 42 51 33 13 19 13 13 64 3 26 7 48 41 10 56 49 27 49 96 23 93 8 45 11 45 100 2 39 87 35 50 54 51 75 7 87 31 39 56 5 6 45 50 77 16 27 8 57 80 17 15 31 42 90 31 71 76 90 49 78 68 70 58 60 42 34 89 45 52 57 68 9 64 87 61 71 30 24 76 99 58 72 81 16 20 100 54 37 30 35 23 89 32 11 69 80 97 96 34 26 89 33 96 12 85 9 4 21 74 18 91 16 92
50 96 29 13 88 92 8 94 84 29 76 67 47 47 49 61 32 13 83 41 46 70 25 97 72 46 60 45 25 89 15 75 37 48 88 51 83 32 79 73 3 85 71 67 8 100 22 15 9 62 80 53 41 87 88 42 88 85 100 2 83 52 22 11 5 7 97 97 5 53 53 81 98 45 31 15 85 98 19 7 25 79 99 33 43 95 9 51 24 98 78 35 82 78 15 27 47 56 48 49 53 10 43 17 19 8 25 12 35 84 62 30 50 16 51 74 44 82 18 27 95 83 74 44 21 3 12 15 96 15 39 80 10 21 8 78 15 65 0 91 92 14 17 41 15 72 5 51 34 12 72 54 68 7 49 89 77 74 53 24 90 60 43 22 78 84 74 77 80 60 3 50 6 54 0 38 28 55 15 99 75 100 13 56 20 11 29 45 2 91 58 29 7 75 99 23 41 95 82 7
97 25 23 64 11 3 85 71 66 33 58 66 98 29 13 34 1 94 93 56 72 50 54 61 76 10 67 52 66 12 1 50 3 45 27 8 80 54 28 85 18 35 27 88 13 17 89 64 96 75 59 2 38 82 94 61 93 74 71 87 83 68 14 72 74 90 9 40 53 47 4 64 96 84 91 15 20 30 95 6 8 71 49 100 87 48 8 33 11 59 16 45 51 69 37 44 26 65 57 17 12 52 50 28 49 62 41 12 67 86 1 54 61 90 65 10 59 38 34 85 93 17 98 32 13 44 97 64 91 19 77 100 29 53 1 94 16 44 6 90 36 3 2 6 44 60 15 68 12 95 7 32 91 79 43 99 80 29 86 0 16 88 36 71 64 2 4 40 99 11 8 70 34 49 97 58 19 53 39 69 50 7 99 16 3 97 4 77 17 53 46 77 1 90 55 25 24 33 56 84
62 3 1 39 56 20 67 79 21 19 30 51 27 82 50 77 92 33 58 78 63 8 36 49 10 12 67 69 82 14 89 14 68 81 86 3 69 51 83 71 92 32 8 57 0 68 65 53 51 82 30 56 2 92 99 9 32 84 100 56 96 85 24 65 3 74 53 76 24 100 48 7 48 23 90 47 30 86 3 33 4 47 52 56 49 12 37 50 22 91 6 95 46 64 99 40 41 91 56 3 9 97 11 16 42 98 58 11 21 94 25 35 10 47 17 5 0 38 51 75 15 34 18 64 29 44 41 89 40 44 60 62 92 80 3 37 54 80 21 54 63 68 11 84 25 96 37 11 4 7 64 83 21 42 5 89 89 43 83 29 76 58 15 86 92 27 10 67 15 30 0 12 49 66 43 4 61 60 14 30 2 0 64 6 3 71 73 87 89 62 93 21 9 98 75 90 31 82 84 25
38 5 76 88 27 38 20 58 88 15 46 7 44 38 52 38 62 49 76 60 78 86 63 28 76 97 0 21 35 86 13 69 86 88 23 90 17 99 1 3 93 15 90 46 24 41 18 75 37 6 61 91 51 57 26 50 4 8 54 89 100 98 55 67 22 52 48 50 17 13 39 79 19 81 63 59 42 51 84 97 6 93 85 72 27 72 63 3 61 87 52 97 9 4 45 74 41 73 27 1 6 15 46 1 83 67 48 69 71 24 19 23 81 97 77 29 54 59 94 11 52 41 70 74 53 31 90 41 77 58 72 91 69 61 64 16 16 40 36 40 22 56 40 25 13 38 20 79 32 96 74 16 56 2 79 60 11 78 58 45 10 3 99 8 11 16 29 60 20 41 85 65 94 1 59 51 28 99 24 33 66 12 11 75 57 20 60 97 51 47 70 62 31 54 18 11 64 40 29 68
10 98 29 41 3 95 1 16 92 99 73 49 92 38 50 67 76 27 92 55 9 67 22 88 34 41 0 20 86 60 99 92 49 67 89 98 67 24 26 85 95 50 43 50 33 10 3 91 20 49 14 90 36 88 71 98 55 92 10 19 2 53 41 75 91 64 65 18 78 77 84 4 82 19 23 53 72 54 87 12 12 98 20 86 30 17 50 5 18 85 40 41 62 54 93 9 20 77 91 93 59 61 44 37 16 20 21 51 37 9 63 94 64 65 99 67 98 93 92 83 6 80 89 58 71 64 97 10 18 7 14 50 3 47 15 83 41 69 1 57 53 30 18 84 81 9 17 69 85 53 15 98 2 19 75 11 89 100 60 33 14 55 93 29 12 15 86 23 1 3 17 8 1 38 69 56 53 50 93 66 91 58 92 85 87 96 52 30 20 23 82 10 46 72 90 32 50 59 42 35
85 77 72 51 55 16 84 48 11 67 75 85 59 85 49 48 28 6 75 71 10 84 39 57 69 53 17 86 15 64 3 0 53 74 66 64 99 59 29 72 86 83 19 24 55 56 13 32 6 78 41 12 2 50 32 68 34 17 55 31 56 67 68 78 95 89 71 86 48 14 42 43 16 73 3 51 2 88 82 58 74 50 8 19 45 92 73 25 54 13 52 55 14 15 13 82 6 42 97 88 60 14 22 89 77 6 65 99 9 21 76 90 67 11 56 96 21 45 49 25 83 72 56 19 60 41 9 74 94 6 10 66 44 68 66 59 5 57 1 10 62 32 74 28 22 31 5 84 33 54 25 68 12 19 40 18 91 38 16 76 19 4 68 7 79 65 86 14 66 46 59 72 8 95 99 57 91 0 87 16 61 56 6 47 62 9 11 0 58 26 55 36 34 84 45 91 76 6 7 70
87 59 20 65 62 43 72 62 90 31 61 94 22 23 63 72 37 52 92 0 11 63 47 40 81 85 49 43 69 60 27 94 99 30 10 87 6 63 93 77 2 73 23 20 81 0 32 59 15 90 70 65 57 85 11 82 0 34 50 99 82 91 68 35 76 41 76 41 47 68 57 57 75 76 50 22 92 61 62 96 48 12 19 82 88 81 43 0 68 35 61 94 44 65 71 18 64 79 74 46 2 38 95 100 100 23 42 3 19 80 28 55 97 74 92 74 42 56 82 91 88 19 7 18 17 74 61 41 5 56 96 88 71 62 75 77 39 88 9 64 61 75 20 50 64 26 27 45 35 99 29 87 54 94 68 19 36 33 67 44 37 43 24 10 92 0 9 26 32 71 85 51 6 83 65 75 75 41 38 85 5 7 88 80 85 15 15 83 15 14 83 67 70 76 70 21 32 82 35 94
81 5 11 15 20 25 77 60 39 10 19 87 8 65 78 68 35 89 64 66 56 31 71 53 12 10 70 43 7 36 44 94 68 36 74 88 45 81 79 40 50 70 90 92 66 75 6 11 77 49 38 1 85 40 40 47 23 0 12 95 47 35 100 1 8 84 55 89 53 25 20 16 85 38 14 47 74 15 91 81 24 29 14 69 34 69 78 76 23 48 58 82 58 67 58 75 6 86 95 26 22 44 10 9 29 41 77 60 86 0 38 69 41 91 50 49 30 26 63 25 44 95 62 16 80 29 67 97 25 76 17 32 19 25 29 77 76 86 44 66 2 78 68 93 57 84 23 63 43 58 57 31 7 13 71 45 28 60 4 98 70 52 18 79 27 48 55 99 14 20 0 83 37 73 100 47 73 69 50 61 100 45 33 85 6 21 63 5 46 90 58 13 56 99 70 79 89 60 55 67
35 23 87 14 26 36 10 33 68 47 95 34 9 10 11 93 13 37 52 57 82 24 8 79 57 48 47 14 4 85 75 15 60 24 42 17 90 87 37 69 66 21 20 90 17 70 4 29 87 20 64 32 96 79 31 99 83 67 10 92 35 85 7 11 17 49 30 20 79 3 85 55 10 100 35 47 8 47 74 47 84 33 5 14 76 79 50 96 66 91 0 29 53 57 54 49 36 7 14 72 83 6 0 34 15 10 89 28 36 51 39 67 64 72 18 52 17 26 10 38 72 23 28 32 72 82 80 40 13 95 1 71 85 57 88 45 96 30 11 5 64 25 68 19 76 38 5 50 58 96 40 64 10 96 54 84 53 27 55 29 90 49 85 63 0 39 100 52 22 60 100 68 17 17 43 96 13 56 7 8 92 40 55 49 26 16 80 58 67 77 95 19 83 93 14 89 87 85 37 95
97 36 6 52 96 46 68 42 5 23 88 8 7 14 46 61 45 30 97 68 80 4 30 59 4 49 56 60 89 78 23 16 4 38 2 71 99 4 9 42 15 84 84 10 69 29 100 99 45 69 64 47 56 49 6 28 2 18 12 39 62 39 11 15 21 25 64 96 25 20 94 46 65 10 34 89 31 78 44 40 84 25 3 14 79 56 28 78 86 50 55 31 88 27 68 75 74 27 58 37 100 92 54 30 96 80 9 59 88 28 6 22 46 9 40 90 82 92 8 74 69 55 66 79 8 49 68 38 41 42 83 17 78 32 69 64 69 37 86 46 25 93 53 63 18 62 29 7 87 19 72 88 92 10 100 58 86 83 1 62 58 82 24 8 70 96 89 55 88 30 18 48 38 67 25 59 53 8 98 83 46 100 3 25 47 28 55 81 49 51 60 4 15 13 51 85 39 2 27 40
31 5 87 98 6 93 8 21 86 19 41 84 36 34 78 14 33 87 92 18 23 4 65 64 22 27 16 3 43 85 38 84 5 62 29 63 19 81 28 83 93 87 49 31 35 48 63 35 26 11 12 78 55 68 83 19 60 73 64 95 64 60 82 84 8 98 26 12 69 1 23 44 47 31 13 92 39 25 46 93 82 56 9 48 84 40 41 97 44 65 19 23 15 75 14 8 25 55 95 66 19 66 98 1 54 40 19 68 9 90 18 19 31 87 57 25 21 82 64 96 44 4 93 3 49 86 24 47 59 7 58 41 68 87 0 39 86 15 39 74 62 68 21 84 14 72 36 52 49 99 6 60 94 17 75 67 3 83 8 63 37 17 39 58 23 89 25 38 87 21 28 64 65 62 30 13 63 86 55 82 80 61 45 16 53 57 25 74 1 30 81 37 13 50 33 62 39 100 4 7
84 4 22 18 94 69 38 36 87 10 88 30 48 26 30 16 73 10 31 68 94 76 23 96 87 48 40 8 84 53 71 62 75 88 27 80 30 99 80 68 76 32 56 7 0 89 6 98 20 70 60 65 75 23 41 6 48 35 92 21 30 30 18 86 99 25 97 80 26 23 86 55 14 20 58 40 2 34 88 75 92 18 76 89 18 59 6 84 77 32 79 73 45 54 27 69 98 26 12 31 26 67 95 1 46 99 53 12 92 69 88 78 63 1 14 82 75 20 9 24 32 39 42 80 97 90 71 13 80 83 7 51 31 32 31 71 91 32 47 19 27 58 17 14 90 19 21 6 25 97 12 2 4 68 20 29 85 4 6 36 51 29 72 66 6 13 86 77 16 99 25 61 60 80 60 33 63 31 13 39 69 38 100 85 45 7 65 38 27 6 93 14 50 14 29 100 10 88 79 7
11 39 22 11 92 11 61 61 8 34 16 17 18 3 45 49 14 54 51 21 48 60 58 51 65 18 94 92 51 7 78 94 99 83 55 56 25 48 76 83 96 57 1 14 27 52 79 8 3 34 80 28 4 69 40 61 30 80 74 44 53 59 83 43 95 31 32 20 65 91 92 15 72 100 83 14 100 27 74 63 81 78 36 7 59 61 72 57 99 12 36 39 52 54 79 27 46 77 4 71 66 43 59 13 33 46 5 100 10 44 79 43 89 47 94 77 17 29 19 42 74 33 70 46 82 57 27 46 96 77 80 39 59 30 94 100 24 19 84 47 27 7 59 34 60 86 29 45 79 70 7 57 48 86 86 25 68 69 80 19 41 8 83 41 49 12 27 15 89 20 90 78 29 59 27 14 90 72 8 21 4 28 48 51 43 54 14 33 56 41 74 65 25 80 68 64 87 56 12 15
15 88 61 37 18 93 62 15 42 44 18 19 38 50 5 22 88 51 36 56 93 27 27 77 71 34 63 68 56 52 96 41 24 67 9 39 65 19 29 57 64 97 62 60 100 21 22 9 79 43 47 54 39 79 67 37 9 74 5 50 30 31 100 26 12 73 74 51 2 6 36 46 23 93 55 13 63 28 14 35 86 46 7 100 31 42 74 15 40 28 79 40 39 18 7 77 33 68 67 86 9 71 77 71 51 57 81 2 28 46 73 84 100 82 81 10 94 93 83 13 10 64 89 36 34 82 78 0 34 61 78 96 67 36 55 45 50 54 58 77 70 63 91 47 58 81 72 83 100 36 55 88 92 91 88 62 3 38 18 93 75 70 97 18 75 12 98 50 36 7 67 16 2 7 39 65 28 95 42 33 79 98 39 10 63 94 98 92 4 57 74 18 83 68 32 27 98 53 59 34
5 94 48 28 87 3 35 70 1 40 90 14 34 68 44 35 30 80 90 95 96 91 97 80 3 11 82 23 62 29 21 0 23 90 99 59 14 41 26 50 49 11 32 49 88 70 48 48 72 11 70 23 35 5 24 81 15 83 61 89 49 97 55 36 29 2 45 94 25 82 4 94 63 13 30 47 36 95 30 50 69 10 32 14 99 80 59 21 48 9 60 20 50 100 36 12 27 88 29 74 56 82 71 81 65 45 73 7 25 21 61 21 57 14 81 92 26 19 97 4 37 90 71 92 35 35 2 84 3 85 3 31 73 31 36 34 20 93 69 92 67 88 18 98 69 66 63 71 36 81 31 77 70 93 29 65 60 43 93 56 52 50 20 79 16 3 100 58 44 23 28 47 96 72 33 44 21 37 9 91 72 98 69 76 11 35 62 25 66 18 66 87 37 52 72 42 95 97 46 19
57 66 64 58 76 10 36 87 1 50 58 49 42 88 42 10 26 50 78 81 90 39 86 39 90 100 14 13 17 81 31 93 80 68 83 95 14 44 64 12 84 66 58 64 64 52 52 27 64 81 25 71 13 70 73 46 79 78 50 93 43 59 13 80 48 18 83 97 2 99 71 77 89 2 41 67 50 53 50 75 91 87 90 6 11 77 37 48 35 6 49 75 97 76 89 60 64 25 73 45 72 14 37 63 41 27 20 8 41 37 43 65 70 8 83 30 91 87 14 71 36 12 49 44 30 57 0 12 14 84 48 99 85 57 87 32 59 78 19 84 38 18 23 99 15 80 17 7 50 84 8 9 32 72 50 44 61 31 98 1 34 11 77 92 71 93 95 12 20 81 39 14 20 68 28 92 69 64 33 95 84 78 77 10 35 76 88 54 57 10 54 69 96 7 37 85 1 38 25 27
99 49 20 85 15 6 53 34 74 32 80 84 6 48 78 5 35 92 71 39 71 54 59 88 47 95 5 34 53 58 84 13 20 25 40 42 37 56 59 57 61 45 20 85 96 21 43 3 91 85 75 42 88 68 10 83 46 83 53 5 87 98 85 87 16 25 0 81 1 29 13 46 68 1 52 3 68 48 32 76 69 93 85 25 14 76 42 33 40 3 94 71 65 93 72 2 82 34 6 73 98 32 97 50 69 56 62 19 56 55 45 33 75 42 77 97 57 66 25 52 62 82 6 46 28 10 42 41 22 77 60 99 1 93 74 64 63 100 43 1 84 33 88 98 60 48 59 89 3 0 54 16 1 41 81 7 18 45 28 8 84 66 29 56 71 20 90 49 55 68 96 54 38 65 61 63 7 56 81 19 29 8 32 88 51 59 63 45 37 16 33 35 64 44 8 49 9 24 54 33
54 88 98 92 83 22 58 21 77 70 78 63 91 99 91 12 72 33 96 2 100 32 74 38 68 4 35 52 15 2 83 48 70 51 100 73 60 51 32 42 49 97 100 87 22 25 31 65 40 4 54 86 59 47 46 13 6 97 32 79 16 93 8 8 82 2 90 31 84 73 81 70 18 78 29 87 90 65 82 81 4 53 80 33 91 24 82 92 40 6 88 18 3 21 83 42 62 22 84 78 78 60 95 0 83 30 8 43 99 91 9 7 62 2 14 76 22 6 19 70 62 20 9 73 47 26 21 49 97 80 41 16 66 14 87 75 26 24 42 36 96 6 31 24 70 1 56 91 99 13 84 2 83 34 10 41 48 34 72 38 15 34 66 44 76 39 79 9 37 2 34 48 97 43 50 35 23 49 78 28 97 2 98 9 96 18 57 31 28 66 4 46 32 84 40 99 72 32 31 8
40 11 93 62 23 14 46 60 16 0 70 69 27 99 87 98 66 86 61 6 69 83 73 33 30 68 12 30 84 99 74 4 95 82 16 87 64 77 24 51 67 74 53 96 17 65 29 5 38 76 50 85 79 49 30 76 33 23 30 86 3 91 9 41 83 13 42 74 16 2 20 87 48 56 81 52 2 94 91 53 88 21 46 82 97 50 9 69 26 15 17 45 81 79 20 22 10 99 63 48 20 66 5 64 20 45 100 100 100 8 19 69 88 77 21 83 54 38 81 7 98 75 16 59 50 35 36 81 9 39 95 100 99 3 62 34 89 97 22 6 91 73 40 40 20 97 54 38 62 73 12 25 15 16 44 55 70 54 64 47 27 54 0 84 22 89 18 75 88 87 85 18 17 80 65 90 67 93 79 10 50 71 69 47 29 63 67 29 100 14 70 42 40 88 73 63 62 65 37 97
85 38 55 11 35 1 52 22 45 3 61 60 31 64 44 71 79 89 22 24 53 13 79 55 17 67 47 97 100 11 44 63 49 41 43 63 92 59 22 49 12 87 34 7 41 47 14 46 70 15 96 99 31 41 92 51 41 31 33 10 0 15 72 1 100 29 100 52 90 81 96 10 63 98 19 22 16 91 22 73 65 24 0 33 79 94 41 85 31 66 0 56 45 84 32 34 60 59 10 68 39 2 52 24 61 50 87 44 39 66 60 47 63 54 2 3 77 44 77 49 54 45 16 80 26 16 81 24 55 12 47 81 36 26 81 46 90 11 11 42 62 59 42 41 86 78 99 16 95 100 92 75 5 100 42 14 44 32 34 42 97 87 14 4 99 99 95 10 92 89 43 80 6 13 57 18 67 29 92 99 32 99 16 88 32 16 99 77 70 86 32 45 32 97 56 49 17 92 34 26
68 44 72 19 70 9 46 27 51 53 30 80 71 32 77 51 57 5 37 3 88 13 50 49 94 3 18 80 62 76 72 29 45 25 6 84 85 45 7 14 52 47 15 44 72 3 99 33 89 11 90 31 54 49 36 57 41 29 27 78 49 79 86 34 39 12 72 16 48 8 86 80 4 85 35 53 13 27 46 32 56 36 39 48 93 12 65 100 33 67 22 97 70 56 89 89 53 6 57 90 80 56 85 39 65 61 76 62 24 58 55 76 72 64 18 75 32 97 3 50 35 53 52 89 53 51 45 12 89 46 52 50 23 0 5 11 40 0 21 61 45 13 7 96 14 56 90 44 35 87 82 20 62 15 84 54 14 72 42 93 20 4 64 34 72 56 32 38 69 15 17 0 67 67 57 23 81 37 12 94 18 4 95 66 50 53 84 89 85 57 4 69 52 70 30 23 90 54 100 1
62 57 36 21 8 37 29 38 83 18 29 54 84 96 42 56 66 33 26 87 33 4 59 75 92 42 50 83 12 70 1 80 42 34 15 52 16 4 57 23 26 82 0 79 87 92 95 80 70 40 87 24 41 43 53 72 97 81 61 65 94 46 95 81 7 90 74 45 10 83 10 70 55 49 24 68 8 32 97 25 26 93 97 96 45 93 21 95 82 17 27 94 97 72 13 66 81 16 47 84 68 72 76 86 25 10 12 22 5 0 75 11 92 4 6 22 23 98 67 11 85 3 15 89 47 58 2 81 54 63 97 92 33 48 69 89 32 89 100 75 56 10 64 81 29 0 1 35 64 60 40 16 5 90 69 91 95 35 33 56 25 88 94 73 66 17 41 82 19 15 61 57 30 28 83 57 59 73 14 9 28 28 23 12 98 46 15 83 93 93 11 68 31 46 27 75 97 65 58 79
31 47 79 99 92 41 2 57 75 77 65 26 65 65 88 14 12 86 64 33 37 61 96 29 54 62 77 62 100 93 54 90 84 50 98 92 26 46 29 93 1 6 90 67 28 58 24 65 8 73 89 8 25 48 54 23 100 74 38 1 11 11 45 86 5 80 45 82 44 35 19 13 67 54 41 58 27 74 76 32 72 0 66 33 74 46 4 9 22 55 100 52 36 88 33 43 51 17 68 54 33 77 5 15 91 9 32 50 63 97 89 7 48 54 24 42 16 33 99 47 62 64 8 30 12 18 85 0 37 88 1 21 30 59 89 17 14 99 3 71 38 85 24 96 46 19 37 32 7 76 11 23 99 92 7 62 17 29 35 18 52 21 90 43 56 98 73 47 24 59 78 77 60 21 15 77 33 42 74 48 54 36 16 54 32 52 30 73 29 26 61 77 54 94 23 26 87 96 51 100
20 89 60 15 43 0 46 69 78 56 19 69 54 70 64 27 24 76 71 37 76 45 81 61 15 88 21 20 53 55 7 9 9 83 47 4 70 12 5 67 40 18 17 9 40 67 73 94 18 99 44 6 14 25 70 69 98 1 90 76 3 77 18 99 46 86 32 4 37 25 15 100 14 64 20 57 91 56 28 31 96 24 87 18 27 34 72 47 93 46 5 84 78 37 77 97 96 10 98 82 76 78 9 87 47 94 47 7 92 50 66 28 2 36 38 100 15 57 100 62 50 71 67 78 91 76 48 1 39 33 78 2 50 38 69 44 82 7 95 66 18 44 71 96 46 55 10 2 38 65 45 64 10 35 68 18 67 64 99 12 89 90 55 41 47 83 74 83 61 58 0 8 95 61 3 4 85 75 13 28 15 67 85 21 90 58 64 83 74 29 58 61 72 19 26 23 10 28 35 9
94 55 10 27 25 0 22 12 18 26 53 7 14 36 27 84 1 77 42 10 76 77 32 71 14 89 70 4 56 81 68 26 67 10 10 38 0 76 65 63 87 68 44 22 3 40 19 23 4 85 45 13 11 99 52 24 81 59 89 41 24 50 15 50 39 45 62 21 2 99 36 56 66 27 91 43 78 89 57 30 17 5 71 74 77 16 25 43 36 66 55 43 81 38 54 77 28 38 79 56 78 2 24 48 27 20 58 95 26 64 100 64 45 80 7 72 16 37 52 94 82 97 87 69 37 22 19 41 85 68 98 100 14 46 25 68 84 38 42 41 92 18 53 30 75 50 20 36 33 74 68 60 11 44 70 68 4 16 49 70 15 45 96 36 91 4 86 3 11 36 23 71 34 5 57 12 63 50 16 80 54 77 82 6 88 27 95 11 5 9 66 16 61 6 86 77 85 26 89 99
88 98 26 75 56 61 8 77 54 78 44 83 41 80 23 74 82 8 28 89 28 63 64 19 87 61 9 31 86 46 99 28 61 41 55 56 81 95 56 71 35 58 86 78 23 62 24 14 36 43 31 38 25 84 44 34 41 5 41 36 27 39 42 0 23 35 91 63 94 67 59 99 93 49 4 28 75 40 99 20 69 9 17 95 64 16 55 29 55 50 84 89 77 87 73 85 18 27 20 74 87 61 15 89 2 16 65 30 57 20 100 95 22 52 87 32 28 62 15 36 97 72 68 22 67 0 59 92 6 64 18 3 37 14 25 2 14 12 71 77 81 22 49 52 36 66 8 29 8 68 52 15 68 53 86 56 49 72 72 3 20 8 38 45 26 80 37 100 6 6 38 47 0 12 41 30 60 49 19 76 99 95 75 53 74 43 53 49 92 90 37 8 54 70 69 14 83 89 61 41
79 53 62 8 30 87 9 25 4 58 96 33 40 3 71 41 61 13 47 99 81 95 10 51 57 22 60 70 46 86 72 10 56 11 15 60 21 1 58 6 52 68 38 49 35 65 79 94 59 5 93 58 16 53 31 30 23 89 18 86 33 15 48 14 76 3 34 56 32 44 28 29 86 23 85 49 26 51 61 10 96 5 64 13 86 84 18 0 38 92 36 95 74 21 36 98 0 79 67 100 13 15 11 11 81 64 45 14 12 77 77 5 56 90 53 51 39 69 23 6 59 0 77 56 30 24 6 0 7 23 96 4 4 27 45 16 13 60 22 2 55 92 11 25 88 65 67 40 45 15 44 92 34 1 55 45 96 32 31 49 51 52 34 45 21 69 34 69 52 79 6 90 42 8 53 61 31 5 74 57 68 13 83 87 18 9 62 52 53 80 52 58 71 39 7 71 42 61 91 36
64 35 12 44 86 30 16 8 59 12 83 41 58 72 62 83 87 99 31 6 68 90 51 63 89 89 13 95 100 66 25 66 90 92 17 23 47 10 4 25 22 20 71 88 19 18 29 53 67 75 81 14 88 64 1 12 16 49 42 84 88 19 69 2 77 82 36 73 48 70 73 8 76 26 27 79 71 63 65 15 36 19 10 73 66 76 18 58 44 0 100 70 90 70 0 81 20 90 15 100 49 88 34 32 79 14 13 73 6 88 67 79 13 53 84 28 35 31 71 32 98 97 69 1 81 32 39 24 80 47 74 58 11 30 74 59 92 98 83 82 45 59 84 87 69 13 5 49 60 100 33 3 61 88 58 22 80 47 44 67 1 72 46 34 11 29 27 100 36 85 31 73 42 77 22 9 81 47 11 14 79 78 70 37 42 26 55 83 89 0 88 28 61 28 36 46 71 95 10 91
72 77 82 97 37 29 81 37 40 59 46 55 83 40 74 95 7 90 15 96 32 36 55 96 23 31 19 31 57 64 23 11 5 32 20 73 37 47 72 89 13 95 62 38 66 83 0 11 54 85 97 71 79 61 14 91 17 21 71 51 24 7 44 13 58 39 69 0 67 65 95 74 77 7 84 81 33 34 43 47 100 53 65 32 33 73 100 67 2 99 25 56 69 88 53 18 66 75 54 89 69 50 23 30 8 87 37 91 8 97 43 27 87 65 43 51 16 86 7 72 75 10 98 9 26 84 46 26 17 93 49 51 91 24 38 47 83 87 91 60 33 51 68 24 80 91 31 58 0 42 3 19 12 15 81 40 8 18 63 65 10 93 6 62 80 71 5 18 14 76 93 48 53 72 49 64 97 80 54 75 8 20 84 33 81 40 31 89 34 24 12 91 58 53 72 2 44 91 46 37
38 25 61 82 31 26 96 55 3 9 96 100 70 73 71 67 38 73 84 60 4 79 61 26 63 21 28 65 99 58 98 76 47 47 81 25 100 29 57 16 0 13 40 37 53 47 86 36 39 66 30 42 56 53 56 34 27 79 3 94 33 33 40 96 24 60 21 91 51 28 45 24 36 70 71 2 21 29 14 37 65 8 71 31 63 83 92 11 35 90 89 33 68 74 72 34 53 10 94 12 33 50 71 97 96 51 63 45 35 2 61 10 75 77 46 76 32 60 26 77 81 63 87 91 56 30 83 77 73 91 86 10 29 39 75 93 39 77 82 15 44 41 51 0 54 88 17 94 60 38 5 91 73 33 69 85 94 3 1 38 91 24 9 73 8 89 48 81 27 52 50 71 95 48 36 80 8 16 99 38 43 47 58 12 2 84 98 37 63 18 97 19 45 47 23 14 89 80 69 15
21 69 47 61 10 19 67 40 23 58 96 60 71 24 89 57 97 47 97 45 6 28 41 56 64 56 9 25 22 72 33 85 63 84 59 60 2 87 99 13 78 42 32 9 29 37 29 8 26 64 46 41 31 85 76 6 8 18 36 15 32 36 67 40 13 85 5 68 94 81 33 62 47 28 4 36 41 22 62 12 69 53 31 85 58 37 24 6 81 80 27 45 67 5 99 18 53 35 17 2 49 22 96 33 29 90 40 60 84 13 16 45 16 14 10 24 65 49 38 60 26 51 76 20 38 37 24 69 44 79 93 38 97 46 51 48 2 34 96 17 51 93 50 76 25 26 22 78 91 5 82 63 72 47 67 56 25 77 91 17 49 25 64 14 51 56 29 42 38 30 77 84 61 13 25 63 88 5 46 89 31 72 71 46 50 86 77 2 79 32 21 47 84 52 26 43 22 40 50 8
71 88 37 93 17 23 86 41 48 73 77 40 27 21 36 39 60 69 94 0 43 46 56 0 37 19 29 71 59 75 85 37 23 13 84 67 50 8 84 79 58 26 46 35 40 12 62 98 64 73 36 30 14 67 89 15 66 26 19 31 1 95 21 45 76 41 2 63 74 15 97 94 2 94 97 95 21 96 98 64 11 97 65 86 94 9 59 93 2 42 60 7 36 51 17 69 71 45 32 40 28 52 19 91 55 27 70 80 60 55 90 15 19 42 22 31 79 39 1 88 15 48 6 50 95 53 42 48 69 94 30 71 3 18 49 27 60 86 11 56 66 48 0 81 37 7 38 65 11 71 55 82 46 16 41 85 38 60 71 24 38 7 92 10 91 8 15 95 63 84 96 39 43 3 43 7 86 43 89 28 38 0 91 31 10 98 54 46 17 14 13 92 58 16 36 96 5 28 33 85
27 51 74 27 71 42 33 76 38 3 51 77 22 27 32 24 7 91 26 27 21 32 97 72 91 37 91 69 55 41 7 47 38 63 4 3 50 0 11 28 64 77 12 36 50 93 4 23 80 7 98 27 4 87 13 34 60 26 52 41 97 44 50 53 13 56 87 67 30 59 32 37 86 9 14 91 12 19 27 14 76 56 40 1 15 33 29 59 92 18 65 88 22 35 40 42 57 2 67 48 84 6 74 94 44 63 0 92 89 96 8 63 62 63 32 25 56 47 89 21 78 57 8 95 51 32 2 9 46 25 63 79 30 30 5 57 47 45 56 98 45 66 95 31 18 73 65 66 47 41 4 28 28 16 3 70 70 64 59 61 0 62 53 60 100 62 25 28 2 10 33 1 4 3 6 86 87 57 95 96 40 41 9 59 58 1 69 13 45 55 39 86 92 47 93 39 47 27 56 57
67 26 55 40 65 85 88 28 100 46 84 49 7 92 95 91 47 87 22 21 66 33 23 25 81 74 91 98 46 75 35 32 83 50 55 50 12 66 19 70 98 60 99 72 86 63 2 37 67 8 98 89 77 58 11 51 92 33 35 100 73 95 80 51 56 22 65 18 91 64 71 29 73 33 45 87 78 46 12 70 95 26 82 65 53 75 11 97 65 62 32 27 85 20 54 48 89 75 85 41 87 5 99 86 12 84 24 14 99 37 35 53 58 93 41 86 10 64 76 20 45 65 22 48 100 76 43 72 25 7 26 57 48 90 4 94 72 48 83 17 8 41 15 2 69 72 15 91 11 23 43 64 0 45 75 27 86 29 51 37 2 13 55 88 53 96 42 1 88 38 41 40 58 2 50 24 55 99 68 75 29 26 45 15 31 49 100 79 87 43 70 49 44 76 52 63 47 91 93 99
6 37 27 94 22 24 34 58 76 97 22 63 86 18 40 80 67 44 22 86 67 64 45 55 15 12 67 39 72 56 66 70 36 66 4 16 93 100 29 77 71 82 32 47 61 0 46 21 80 14 38 97 52 97 79 45 97 98 48 24 86 39 99 86 28 30 75 13 13 72 70 62 64 10 100 4 91 11 15 25 75 23 41 80 24 91 79 1 41 54 5 67 22 70 7 23 68 93 18 42 10 68 46 91 35 23 89 74 10 14 86 93 6 43 13 10 33 95 84 0 73 5 83 58 91 37 69 88 20 11 65 57 68 70 99 52 18 98 70 89 78 98 49 41 92 91 89 75 66 78 3 94 39 44 65 50 8 1 36 22 90 36 10 17 18 57 4 61 47 23 87 80 92 34 58 6 91 87 12 40 88 70 72 91 83 20 38 16 17 97 37 89 34 10 86 55 30 12 6 86
66 29 22 27 71 56 80 5 6 41 89 74 99 20 79 62 37 58 51 0 39 68 94 16 21 56 42 18 59 37 8 62 70 17 67 35 24 78 19 78 75 85 100 68 16 30 66 95 78 83 63 25 43 93 30 9 65 78 70 60 83 53 30 60 53 28 68 25 33 50 0 87 42 0 84 43 74 24 84 61 56 87 84 23 46 56 83 33 82 10 42 98 31 27 22 86 83 58 88 67 15 94 55 8 39 24 94 75 8 79 70 1 75 80 48 38 84 4 73 81 72 51 96 9 46 51 79 21 87 98 8 59 32 68 49 49 84 37 72 13 86 22 98 51 90 64 76 27 67 73 93 18 44 19 72 0 34 33 18 68 9 0 75 22 56 58 14 61 39 55 74 24 11 51 33 51 11 31 25 31 71 34 4 21 95 100 89 70 53 93 67 84 82 66 29 41 58 15 71 73
16 15 39 31 42 93 69 78 20 59 38 60 65 57 68 84 18 8 8 95 68 24 56 37 90 50 63 38 55 76 26 89 61 83 81 53 56 83 25 51 62 88 96 64 27 38 52 34 35 43 74 93 23 66 37 47 48 38 45 14 94 64 62 13 52 11 21 0 30 14 98 28 29 26 64 66 10 18 46 92 51 16 23 63 11 53 29 89 42 53 23 71 85 27 64 79 87 41 71 0 83 44 84 30 70 47 53 30 55 40 88 38 15 16 29 58 40 47 55 34 63 95 71 74 100 85 93 27 41 69 8 27 35 59 26 94 36 30 47 21 65 9 21 78 64 50 84 72 73 21 76 3 24 72 51 44 14 43 12 88 100 23 46 61 55 65 80 43 35 37 61 19 71 53 60 75 61 88 95 0 48 89 88 81 96 63 9 73 58 38 17 97 70 4 12 49 71 45 89 54
7 3 31 67 99 4 24 94 52 98 88 58 2 30 100 72 17 3 90 5 88 89 26 30 52 94 73 37 39 25 9 32 6 16 51 79 14 13 72 5 15 93 3 24 26 66 77 3 65 50 2 51 85 75 37 46 90 64 48 1 14 37 85 43 39 80 35 31 8 66 38 58 22 95 54 62 42 48 54 54 41 77 70 31 4 3 71 31 50 96 17 59 33 28 4 5 97 5 0 30 97 23 17 7 8 36 28 27 74 35 58 20 99 42 81 15 12 92 54 47 54 74 12 53 30 17 29 93 25 61 27 32 12 79 25 85 44 91 11 6 2 93 47 19 13 31 87 42 33 54 20 25 18 60 58 37 23 96 79 2 16 49 83 22 74 9 99 11 60 16 91 99 0 35 81 17 73 50 35 78 87 90 26 26 48 6 64 23 5 42 19 100 87 97 16 7 61 61 65 17
52 60 1 13 59 47 28 12 93 44 25 56 51 72 30 56 22 98 9 64 25 24 20 77 15 37 65 35 92 28 97 93 80 39 32 11 33 40 10 38 46 85 15 47 24 37 11 32 19 57 70 97 54 93 76 97 48 62 64 13 11 82 90 39 52 64 16 63 91 60 0 53 72 45 54 98 34 75 88 40 76 2 95 83 9 53 100 43 78 53 46 31 74 57 64 96 74 48 12 63 63 93 39 0 96 92 85 33 28 69 66 47 34 40 17 75 28 83 88 36 56 99 53 24 45 93 80 97 33 9 40 54 61 70 42 41 47 57 86 29 34 72 67 12 11 47 60 67 59 57 30 12 35 15 55 38 44 72 24 39 66 48 23 94 76 62 17 93 72 64 32 60 97 15 95 7 39 45 46 66 68 20 28 45 78 12 1 0 61 32 99 32 53 1 3 24 71 75 26 91
63 45 14 34 55 95 79 29 19 38 54 16 4 16 64 68 27 32 80 21 9 74 92 45 43 19 35 97 68 5 56 13 33 55 66 2 61 11 66 45 51 98 37 80 24 20 83 71 74 54 99 23 37 60 71 14 81 30 41 73 61 10 75 58 71 35 66 71 36 40 17 26 57 34 53 33 82 68 20 88 81 11 28 35 23 17 15 6 53 21 37 85 55 8 85 75 53 20 54 48 34 90 42 30 38 38 56 17 97 55 84 95 60 46 15 83 74 38 41 16 29 5 59 28 25 13 26 33 94 41 54 71 15 13 56 62 6 51 89 81 37 53 17 66 83 87 57 44 91 55 56 61 37 12 40 78 50 68 48 34 4 26 60 43 100 46 62 54 24 92 68 73 39 31 16 10 50 68 18 73 26 44 68 7 32 96 89 39 94 9 48 37 86 37 42 51 75 94 89 30
63 69 12 85 61 63 82 75 26 68 54 24 43 25 64 42 88 83 33 95 14 87 24 61 69 12 41 84 55 86 23 79 68 8 2 58 95 6 30 54 35 90 61 69 28 66 7 73 34 5 14 79 57 42 5 91 100 64 80 28 9 27 38 6 44 95 32 39 90 69 68 43 20 85 31 60 37 78 89 13 84 42 88 73 24 31 76 50 2 56 77 16 65 93 44 77 5 84 11 61 2 100 35 51 51 57 78 75 79 62 0 34 45 73 44 16 31 27 72 100 42 91 18 16 52 26 45 69 74 50 89 6 76 75 90 51 76 53 98 25 37 3 82 18 100 74 97 52 21 46 13 29 32 36 9 76 25 4 72 1 70 50 50 5 74 51 46 76 53 66 7 100 68 3 40 65 35 56 85 77 83 48 40 24 7 16 60 97 85 67 62 19 57 64 48 96 35 26 75 60
0 92 51 12 90 68 91 56 80 85 37 84 57 43 52 4 40 19 10 9 82 26 2 25 36 69 35 37 87 91 58 39 43 31 34 41 25 62 99 33 45 11 33 53 11 89 55 75 9 34 46 31 14 40 78 11 76 43 32 96 11 56 87 58 95 76 27 85 54 38 100 61 74 29 20 14 38 46 21 93 67 37 88 12 13 53 43 77 92 59 85 40 19 96 76 91 67 56 49 66 24 88 46 19 3 35 77 39 42 95 87 18 24 70 100 81 41 3 62 23 16 70 63 5 25 33 62 33 72 13 51 59 51 45 69 41 42 85 76 66 30 29 99 44 5 61 9 79 18 98 48 91 8 96 53 74 3 61 1 48 21 41 78 6 79 44 96 41 57 87 50 55 91 67 63 8 1 94 66 60 22 57 15 84 6 71 70 97 17 98 93 3 80 67 82 24 15 0 64 25
84 84 100 79 99 86 14 83 88 80 95 5 100 66 6 81 41 82 30 65 22 100 3 90 78 9 34 75 90 12 71 31 38 9 52 93 59 27 98 91 2 53 2 84 73 6 81 51 54 48 84 73 51 75 38 51 27 2 74 98 59 95 53 80 58 24 9 38 88 43 43 90 21 73 89 14 95 51 31 47 60 19 60 39 77 5 23 15 4 26 3 20 28 69 93 23 33 98 77 24 82 61 27 23 40 3 1 1 63 48 77 28 51 39 55 100 30 37 67 71 48 28 20 81 84 47 16 69 56 43 63 12 86 64 17 49 51 27 51 60 17 5 31 11 41 66 86 89 86 40 77 1 36 96 60 55 85 67 56 81 6 0 87 35 69 89 0 30 21 55 81 87 82 81 90 5 60 15 15 7 4 22 82 40 29 80 78 56 41 78 85 33 88 99 0 72 70 47 87 32
