62 19 10 52 75 6 97 98 60 86 13 65 91 70 5 78 44 6 98 57 93 16 72 6 11 60 84 48 21 39 19 45 87 45 65 97 58 3 86 20 57 68 11 92 93 86 62 8 53 90 93 4 17 28 87 99 30 21 35 25 18 46 13 97 88 54 21 53 78 88 58 28 82 67 40 86 64 19 68 37 51 67 17 10 4 51 34 9 11 10 97 70 21 52 74 99 99 99 45 88 50 53 80 0 40 18 1 17 13 33 100 58 5 29 82 62 21 20 16 11 10 56 86 16 68 93 81 26 70 100 51 100 15 28 26 61 27 10 32 90 19 88 87 90 82 86 18 32 89 28 66 66 33 35 43 58 64 24 20 54 73 68 32 41 83 65 67 38 68 4 84 35 73 97 47 54 26 20 70 1 0 31 23 77 99 8 27 29 58 83 31 44 49 92 29 0 44 12 65 89 48 24 52 67 50 63 54 57 18 1 35 80 2 30 22 63 19 3 60 3 40 3 15 45 68 20 40 21 18 28 23 49 12 2 16 49 87 94 6 37 55 30 86 75 80 86 79 58 43 82 62 25 62 34 7 56 19 83 38 65 41 60 57 51 93 0 64 16 59 70 14 85 54 99 87 14 82 2 83 83 62 57 52 46 44 52 15 39 36 99 48 47 42 61 12 46 88 93 68 20 76 17 100 43 54 98 44 71 7 90 67 87 68 89 56 71 40 76 98 20 58 45 23 57 94 40 75 89 28 86 59 44 69 79 9 32 85 21 72 94 87 64 36 10 36 96 37 73 69 62 21 27 96 1 92 3 33 69 93 33 26 44 92 44 21 13 80 23 88 9 8 12 42 60 46 43 7 87 100 28 42 52 14 69 23 57 27 41 35 94 40 81 25 15 32 21 96 53 50 81
78 86 1 90 25 47 0 53 1 81 30 75 71 53 64 71 16 54 28 35 66 11 34 13 85 53 64 70 66 83 64 52 93 7 10 36 21 29 55 77 81 44 60 3 98 55 84 100 59 99 33 52 29 42 2 53 5 15 48 37 26 22 59 15 82 55 18 80 39 19 94 98 17 48 35 1 49 42 81 22 10 48 2 44 85 19 35 67 50 9 38 62 9 61 74 16 36 84 85 1 63 6 11 49 12 94 36 11 71 9 90 49 87 77 3 97 65 99 72 2 11 14 14 18 61 72 100 49 0 0 39 70 84 41 47 39 67 35 27 71 75 29 100 55 17 55 12 41 70 8 81 80 2 24 61 65 81 29 14 86 14 93 97 40 2 49 99 31 9 73 87 30 0 20 68 93 67 6 42 94 61 63 32 7 91 98 48 74 3 21 86 4 94 96 34 75 83 13 13 28 49 1 29 80 47 32 91 26 85 2 31 95 88 21 76 53 12 33 70 74 10 49 60 12 36 75 78 51 67 13 46 76 11 26 36 9 31 58 42 3 11 18 21 8 50 41 17 61 71 25 7 20 20 23 53 55 88 76 93 52 38 46 35 82 11 58 26 24 98 20 92 57 37 4 75 21 12 66 49 36 20 8 49 35 72 80 96 70 25 63 12 71 15 73 94 10 8 33 58 46 87 3 92 18 87 59 2 41 61 47 39 15 97 50 95 78 0 31 88 84 55 1 78 69 85 30 70 59 0 83 73 94 29 44 24 70 70 81 68 57 2 90 99 8 19 8 2 25 2 6 65 40 36 23 83 39 92 22 16 92 11 22 40 1 46 35 60 95 56 81 39 88 81 67 66 7 34 4 84 2 99 6 12 37 38 84 18 44 62 92 62 62 81 88 33 23 55 82 25 5
77 30 8 31 96 59 30 13 67 31 73 59 53 71 86 63 12 59 51 55 41 31 14 46 73 65 96 96 14 70 55 71 90 87 72 88 97 1 24 37 76 52 46 84 72 80 49 8 18 38 24 21 13 5 52 34 98 75 37 37 24 78 14 36 56 73 22 93 91 68 68 15 96 22 66 15 100 24 86 5 32 44 17 97 7 17 57 81 53 16 99 25 66 46 42 47 25 79 65 73 2 30 5 60 50 1 13 23 93 91 93 73 70 85 81 8 18 54 77 74 73 2 75 59 15 29 59 7 21 39 39 58 3 81 19 8 45 61 34 6 54 5 5 23 97 40 25 22 28 9 53 71 46 0 5 48 2 72 21 81 53 6 45 52 42 36 33 49 13 3 82 63 38 15 62 100 81 67 88 38 6 75 73 55 32 15 63 69 13 47 96 3 55 52 68 71 33 42 61 80 79 66 34 51 37 26 93 95 84 54 95 23 57 70 66 34 83 71 16 11 30 89 9 12 53 5 96 57 87 2 50 11 75 37 24 46 23 74 21 17 80 69 100 56 13 38 54 31 38 17 86 95 87 82 36 13 40 76 89 35 2 53 65 83 34 61 8 9 89 20 67 43 92 13 29 50 96 88 97 43 51 68 16 12 3 45 36 81 26 73 35 18 61 19 1 53 58 76 96 9 47 22 87 18 23 4 91 93 6 15 56 20 83 37 45 13 75 90 93 66 35 32 17 34 7 74 80 56 14 34 67 7 10 12 49 61 33 51 14 82 31 32 94 0 29 47 76 95 21 12 87 71 30 49 30 37 81 60 66 3 96 88 96 55 61 42 23 4 56 5 66 39 92 28 57 94 25 67 99 75 17 21 55 51 23 48 97 18 64 46 68 69 84 98 86 48 48 80 3 99
61 14 87 83 72 89 89 10 48 26 9 51 7 43 88 95 28 26 60 25 32 53 20 26 73 17 7 10 15 90 1 62 54 75 46 18 81 13 64 30 40 97 52 86 5 23 36 94 34 51 50 24 1 74 62 52 66 28 72 82 77 12 45 52 47 1 71 59 50 79 50 97 31 67 44 86 75 27 62 17 80 80 48 24 34 46 77 97 92 70 88 98 95 50 87 26 80 21 29 54 95 5 47 1 61 51 49 61 82 62 20 97 39 94 34 21 96 27 13 100 23 65 62 31 39 3 61 82 42 40 76 91 8 35 30 9 43 74 36 72 96 38 14 25 25 51 54 54 0 6 57 30 82 98 9 80 17 15 87 41 41 72 65 18 70 91 86 50 68 28 56 84 22 70 64 79 26 57 7 27 98 43 90 16 65 50 73 78 75 77 23 5 46 77 50 17 53 60 58 67 9 27 15 12 98 88 68 43 42 27 67 2 91 10 31 27 45 32 95 91 91 6 34 61 67 96 55 61 6 42 9 95 79 84 10 3 59 10 57 99 54 90 2 43 49 98 42 42 2 98 77 6 61 0 68 1 85 81 21 80 50 7 6 100 65 45 55 37 93 28 3 13 96 53 63 3 14 24 10 45 87 68 92 86 79 1 28 83 17 68 14 82 24 47 51 62 33 0 15 43 95 45 96 18 26 25 46 28 76 35 77 95 74 88 67 78 99 46 80 17 4 82 87 61 80 42 26 90 35 89 20 31 57 10 82 53 15 14 89 12 88 85 9 32 98 43 42 93 81 36 71 87 49 30 37 76 89 7 97 28 3 64 44 66 74 41 31 13 64 78 63 21 43 8 54 45 59 94 38 34 40 85 1 94 51 60 41 79 39 92 20 89 1 47 13 27 72 53 37 27
3 80 39 24 54 0 34 94 65 9 22 22 44 1 40 83 82 94 71 71 98 97 12 100 23 98 86 35 68 22 81 89 7 80 60 56 50 34 66 20 26 0 27 49 95 46 71 64 94 84 24 77 21 77 86 52 37 31 22 63 66 75 22 28 9 99 66 99 23 91 56 52 63 23 82 48 78 71 85 87 97 64 63 91 90 55 9 28 98 56 86 31 23 73 39 64 80 85 85 4 36 65 54 35 99 72 66 51 78 72 40 66 100 34 67 99 6 23 52 88 21 84 82 9 69 48 89 85 47 84 19 52 16 1 17 25 4 36 60 95 47 25 22 87 16 9 32 67 49 59 68 61 8 89 20 58 99 57 92 9 33 10 87 75 82 62 45 35 75 67 74 12 40 21 83 90 48 17 31 94 40 1 97 63 89 53 29 74 73 10 1 46 95 24 54 3 89 20 88 73 37 22 60 69 92 14 92 22 29 92 15 4 1 58 74 82 15 46 67 11 9 71 69 50 0 90 92 73 43 40 23 59 51 45 21 100 67 96 21 13 96 75 16 40 3 32 86 21 32 93 83 10 21 95 81 77 21 93 20 91 43 5 96 11 78 76 96 77 53 32 5 16 20 16 99 18 11 82 56 47 42 65 94 90 50 47 51 6 69 76 24 32 4 34 54 0 9 26 71 53 47 38 17 47 76 40 16 99 31 21 90 28 68 55 35 86 61 98 34 24 40 51 0 0 55 21 51 59 74 29 69 49 53 67 33 97 46 3 9 10 43 33 77 95 75 26 1 29 74 29 68 50 36 82 53 27 94 77 58 42 23 79 87 35 11 46 98 39 56 1 16 94 14 66 16 4 40 19 51 12 98 75 1 34 94 29 95 24 48 41 43 53 7 90 16 57 32 43 1 71
85 96 63 81 90 0 0 80 0 15 85 58 51 6 63 28 48 16 83 24 51 60 51 92 93 35 19 85 61 43 33 4 80 56 98 19 80 83 59 38 7 59 51 10 2 96 51 62 6 60 91 16 33 54 32 23 71 32 23 63 80 47 29 69 61 64 38 68 40 98 86 67 52 11 87 85 80 73 97 44 89 19 9 48 92 64 77 95 33 98 38 4 86 77 63 24 88 22 99 66 87 86 45 68 67 36 78 19 85 33 20 72 42 81 11 60 79 82 47 68 3 100 42 86 86 71 29 33 31 55 72 27 10 6 91 38 38 27 35 47 53 16 37 60 70 97 37 47 26 69 86 38 99 68 99 28 66 27 86 64 79 42 94 50 99 27 34 16 61 45 97 2 49 9 37 8 76 67 60 10 22 46 99 58 30 69 10 34 11 60 18 42 23 25 39 4 34 3 51 79 71 49 51 37 97 46 91 89 28 94 22 96 44 51 85 3 71 5 67 27 8 13 59 81 81 53 97 60 19 4 5 73 66 24 60 50 56 83 85 45 12 23 70 8 14 84 84 25 27 8 8 2 62 10 71 76 59 41 11 61 48 4 25 60 37 89 61 70 53 5 46 72 56 12 3 36 10 57 67 48 93 16 99 21 37 80 32 51 36 19 9 47 7 40 27 14 81 86 46 22 89 2 27 67 60 78 52 76 28 80 62 86 2 33 31 35 43 61 58 26 74 62 51 28 5 56 50 52 33 94 55 93 62 85 64 44 54 62 90 83 40 38 0 17 2 26 9 69 23 67 62 35 98 31 70 88 51 83 19 50 53 61 48 77 58 6 83 7 87 22 21 0 63 66 100 81 41 54 78 34 47 61 87 43 82 71 73 81 30 87 5 42 7 82 20 71 69 2 90 26
14 24 32 92 4 14 16 69 67 48 53 16 83 62 70 26 38 28 72 0 1 5 25 12 93 26 41 53 52 27 44 9 64 10 16 14 46 41 55 44 47 92 97 77 58 18 64 98 41 4 88 81 6 51 65 81 17 64 35 86 46 46 54 30 33 61 95 72 76 27 53 46 27 0 91 59 86 84 79 44 20 42 89 69 7 67 50 12 42 72 75 41 53 56 38 24 11 22 6 38 56 21 66 31 33 68 31 56 65 76 26 38 62 79 2 2 26 53 31 3 37 59 97 30 30 21 54 14 95 84 43 83 74 17 41 87 40 25 13 74 53 94 5 97 32 8 9 94 86 33 26 45 46 82 90 28 49 54 62 29 49 12 88 40 55 40 30 47 71 69 26 53 91 92 94 35 59 21 77 31 43 100 97 15 41 76 14 90 54 22 22 42 17 33 63 46 49 24 89 75 34 73 17 82 33 55 74 86 22 33 82 15 62 80 26 99 18 69 54 60 19 40 45 90 76 28 14 71 24 32 11 90 67 68 22 12 79 81 52 22 90 63 2 0 66 80 5 60 0 58 63 11 57 19 92 14 80 28 26 65 82 100 8 23 6 97 32 69 89 22 46 87 89 85 49 11 41 62 50 95 97 48 2 55 53 99 95 53 42 87 43 92 41 35 54 24 51 34 8 10 44 2 89 99 3 97 81 8 9 56 7 26 66 66 71 90 56 92 65 51 86 44 48 20 91 95 16 29 18 34 80 20 54 85 68 65 92 35 38 31 86 88 40 0 82 32 8 6 72 22 61 93 3 94 64 23 26 20 42 67 68 12 22 45 47 33 76 35 71 24 91 40 37 45 51 72 45 83 43 70 42 98 2 47 80 72 27 20 65 41 82 29 62 32 6 38 31 63 55 19
99 31 12 65 15 70 23 88 71 97 47 45 2 46 97 2 25 48 66 24 79 24 69 92 92 3 79 48 20 39 33 65 92 33 62 38 8 8 89 21 64 72 92 92 90 51 74 86 61 3 44 76 4 15 25 13 43 73 66 10 67 59 99 2 32 30 75 35 31 77 19 16 63 24 85 10 51 28 85 13 83 65 16 11 55 79 81 56 79 99 64 39 87 88 47 26 43 3 14 38 14 17 77 75 5 35 79 38 9 22 49 48 4 52 82 66 0 89 0 37 78 18 47 85 9 35 31 24 73 69 23 85 87 78 7 62 6 59 1 85 43 69 68 56 81 7 68 63 10 23 8 58 92 56 47 22 10 41 28 4 55 84 11 69 67 80 92 18 11 79 11 64 0 60 56 100 16 5 70 69 34 71 61 99 17 51 61 38 4 83 67 35 51 100 59 0 59 25 14 25 30 35 97 87 99 21 72 59 19 67 24 25 91 85 14 15 25 26 35 77 48 76 49 14 75 12 24 13 63 33 93 73 2 29 60 87 12 53 67 68 39 51 89 11 88 73 33 8 61 59 97 84 4 1 52 79 42 46 42 7 97 19 25 36 15 60 3 21 74 78 86 83 15 57 83 27 0 0 13 40 16 20 66 64 81 94 67 71 33 34 41 17 61 90 54 41 13 57 45 58 31 24 57 79 28 82 89 7 48 100 94 95 41 59 39 54 48 61 97 85 8 5 66 9 78 11 37 99 86 57 25 48 91 2 30 32 75 9 74 4 48 50 26 22 100 54 38 57 80 20 40 50 91 45 69 41 38 90 75 99 29 3 37 32 91 31 87 13 10 53 39 77 63 94 79 7 73 34 30 69 79 33 8 43 36 89 25 40 12 36 91 27 26 32 73 72 94 78 24 51
43 71 65 44 0 93 18 14 81 84 61 36 73 4 98 24 18 75 97 13 64 33 9 34 59 100 24 47 58 60 79 25 67 10 70 11 52 79 71 89 72 42 77 32 86 0 6 28 91 71 99 73 26 12 44 14 86 29 77 15 64 82 71 59 44 73 22 71 79 39 80 74 13 77 84 6 10 89 23 53 20 88 22 93 69 77 38 26 15 6 86 98 50 59 33 65 77 2 49 12 41 92 84 20 98 10 73 93 18 81 9 16 16 74 70 72 44 52 26 38 5 100 44 11 26 10 59 81 5 59 28 27 67 100 27 41 9 70 83 68 53 34 6 55 94 59 24 19 0 78 37 72 38 42 30 90 63 47 27 78 18 9 87 20 67 50 55 94 40 97 86 32 0 54 77 96 47 81 92 75 58 45 93 11 70 66 36 27 10 86 39 58 90 78 52 30 29 76 1 75 60 7 33 18 51 48 97 39 65 53 48 63 34 37 16 24 12 98 9 22 77 32 48 73 24 6 93 28 2 72 84 7 9 0 62 62 33 50 56 70 95 97 92 32 45 69 9 79 22 85 12 40 34 24 73 81 52 34 7 36 28 33 97 91 33 80 62 87 73 77 74 12 14 17 53 81 46 73 0 91 38 3 74 43 56 28 100 60 30 27 31 39 40 38 7 83 57 83 16 5 16 83 67 29 85 81 17 49 76 94 29 34 17 59 32 34 29 53 100 54 9 23 7 7 80 45 91 5 87 90 13 48 8 17 13 34 77 100 84 79 1 64 10 6 84 40 67 79 91 6 66 71 12 67 44 51 23 0 92 49 51 89 58 25 46 28 77 60 10 36 43 11 74 55 3 93 99 9 60 70 26 16 62 45 79 43 64 25 96 9 42 46 16 74 95 68 41 8 31 31
68 98 29 82 80 29 60 33 65 66 79 54 85 12 94 87 92 51 16 6 37 92 66 64 93 26 59 85 56 19 60 8 38 47 78 7 38 30 16 25 74 70 95 42 57 59 27 24 19 81 30 79 6 68 70 13 74 6 90 69 31 94 78 44 34 43 50 41 7 83 50 37 98 32 12 75 94 30 52 75 65 36 66 11 97 30 22 3 78 86 3 1 46 81 4 17 84 32 13 28 69 63 30 96 15 5 46 88 17 54 51 1 34 32 19 26 6 35 95 31 81 85 40 80 87 34 47 20 88 87 59 19 71 4 75 11 73 1 18 5 59 36 83 19 34 60 87 7 0 56 48 100 43 34 28 47 32 99 65 36 76 68 86 47 83 21 76 89 50 66 68 61 49 69 83 39 88 33 15 23 85 45 22 35 37 23 93 93 3 70 100 69 25 77 54 39 28 89 59 35 93 93 73 39 15 91 1 23 30 48 36 76 62 91 0 16 30 59 8 82 72 33 88 35 81 87 21 23 25 91 18 82 21 74 92 33 83 2 78 95 73 6 69 11 63 51 45 81 76 94 77 86 3 27 25 11 1 19 22 87 14 31 56 78 80 30 12 83 63 42 94 11 84 86 73 97 40 25 26 3 5 75 3 8 95 68 12 26 45 7 4 44 65 37 9 79 32 64 88 85 23 32 54 62 14 19 4 28 39 61 94 13 30 40 30 78 9 36 3 74 97 81 40 12 47 95 77 93 4 76 22 4 50 62 41 2 62 100 92 48 22 2 89 1 25 72 33 8 9 66 51 18 55 21 60 13 37 66 13 16 42 45 16 64 71 34 32 89 29 73 2 58 87 5 31 5 89 36 54 71 59 43 91 56 90 7 33 64 70 58 28 81 13 63 43 53 19 85 83 4
57 13 8 21 69 53 22 75 67 1 99 39 3 86 91 2 64 2 70 79 42 30 100 95 97 76 16 36 48 13 48 6 74 63 14 94 71 17 29 41 12 35 50 85 96 84 8 10 61 65 27 42 17 31 90 12 4 74 52 25 12 13 91 44 36 64 74 61 27 17 22 73 38 4 29 17 72 51 45 87 89 69 52 48 41 34 49 89 31 65 23 98 70 36 51 80 39 53 21 39 39 29 71 54 70 14 53 68 7 55 6 77 77 90 47 46 33 10 10 47 73 21 40 94 87 97 6 95 85 6 31 21 52 47 64 85 21 2 64 47 81 7 9 37 63 63 46 64 20 99 78 19 66 16 5 7 80 18 89 69 90 13 35 81 49 4 98 17 16 96 71 67 11 4 10 87 4 82 29 2 80 17 55 64 51 40 79 86 38 9 33 69 42 66 77 6 36 67 25 83 11 26 31 66 22 85 23 26 91 16 42 100 16 64 10 12 44 85 33 23 38 7 65 4 74 95 17 21 53 97 64 67 69 91 43 0 90 25 22 73 14 36 55 35 50 7 12 44 77 98 67 58 62 65 90 87 38 50 16 48 15 41 57 70 95 81 31 99 57 64 9 13 73 17 82 14 58 55 38 73 87 92 20 73 19 67 53 48 26 100 81 100 64 82 89 1 34 15 49 69 41 62 28 5 75 72 99 81 37 34 59 25 85 21 62 35 41 63 28 7 34 64 64 17 82 56 68 28 42 98 34 19 39 20 93 78 5 73 51 6 53 41 68 22 88 58 15 68 23 82 11 64 93 9 73 21 17 46 77 63 15 4 38 76 95 7 62 79 64 28 13 45 20 10 52 64 41 35 84 83 9 54 63 7 98 82 19 20 63 42 9 53 8 85 72 90 81 49 88 60
96 19 29 70 30 69 47 98 49 98 1 26 64 8 48 68 82 58 33 64 4 73 47 98 93 63 81 28 4 68 95 54 17 73 80 76 99 64 23 29 38 47 59 82 93 32 73 85 96 86 92 28 53 8 26 84 19 57 31 51 9 89 38 43 19 11 90 73 97 48 31 86 0 34 72 80 45 67 20 79 67 65 74 87 59 27 12 22 96 1 24 14 43 10 85 2 92 38 21 48 67 77 62 80 12 84 45 18 7 0 88 93 41 7 68 13 35 42 9 55 32 72 14 88 92 17 74 68 74 69 33 93 21 13 15 98 47 24 67 91 93 35 76 61 80 96 40 41 10 59 32 87 92 39 13 7 0 64 95 48 2 80 36 12 90 36 32 22 35 76 43 48 21 35 15 78 53 47 34 52 9 37 75 55 2 76 32 34 76 87 37 44 95 45 29 96 48 56 80 44 65 73 27 37 12 39 45 25 69 67 94 30 78 23 35 78 35 46 87 62 8 7 57 19 5 74 61 39 67 51 73 72 20 89 15 81 14 98 60 43 77 80 31 6 74 74 10 60 96 1 40 66 41 55 47 93 65 21 3 82 19 96 92 34 75 33 87 98 50 57 96 93 57 80 76 51 27 74 87 33 14 30 19 52 87 20 23 40 78 78 80 6 72 57 53 70 38 56 84 59 44 52 51 25 8 91 10 70 82 62 75 90 16 84 29 83 25 83 95 89 91 35 59 81 12 49 27 67 58 86 37 29 8 13 8 70 9 65 35 38 88 84 85 46 85 66 83 0 58 12 91 2 25 4 37 24 74 95 15 11 89 70 69 35 83 28 71 31 9 84 11 99 100 49 23 35 87 3 86 8 73 83 7 30 19 17 94 54 64 37 79 38 66 10 74 56 83 99 26 56
9 38 93 47 48 31 0 38 81 73 30 45 93 56 54 22 1 73 39 60 88 21 63 93 49 50 39 9 27 43 61 76 81 25 5 65 10 87 36 10 44 42 40 30 42 10 60 67 84 6 4 38 47 57 78 78 61 36 55 41 50 53 64 68 96 6 26 22 81 53 81 100 36 77 94 76 90 12 11 16 3 9 27 66 76 3 90 92 66 8 35 27 89 50 47 26 79 28 70 25 68 65 9 37 60 13 71 50 84 80 1 46 22 38 71 20 79 3 33 41 95 64 56 10 45 78 16 78 47 66 91 48 86 17 14 83 39 46 26 30 9 94 3 3 51 2 57 52 68 10 85 68 61 68 46 86 79 12 19 31 20 84 17 46 10 75 48 69 29 44 69 98 89 23 43 36 98 21 7 8 95 9 67 73 19 9 77 92 72 72 88 71 92 53 79 73 8 3 58 47 46 100 74 8 83 31 50 8 28 34 39 34 20 96 10 84 90 19 2 59 1 56 16 67 83 31 45 30 63 54 13 46 87 24 63 12 84 3 47 36 34 63 47 27 32 18 26 68 87 57 26 29 7 80 11 65 62 37 60 91 46 3 53 12 0 67 61 48 20 77 17 93 33 60 48 72 63 55 4 81 75 59 98 22 58 80 69 50 64 2 38 97 18 24 27 77 65 85 66 83 99 14 86 7 48 90 3 88 61 35 24 75 64 70 77 65 50 60 23 13 54 62 82 85 31 91 28 80 20 90 23 3 43 76 34 88 18 26 79 28 78 12 38 66 86 56 33 75 68 62 6 77 32 68 30 89 33 84 2 90 84 95 80 94 64 95 69 30 79 1 79 61 42 55 70 69 29 55 16 96 22 11 97 2 92 61 29 67 3 15 50 0 56 45 89 13 38 1 69 14
65 4 38 46 30 16 55 14 82 94 21 28 25 83 81 95 80 72 32 63 46 86 92 49 28 98 41 32 6 10 71 55 87 65 63 13 19 94 33 68 97 53 99 67 8 38 2 19 65 86 13 61 70 56 7 31 42 4 79 7 48 12 26 93 40 56 24 65 38 2 97 57 17 66 76 4 77 93 53 27 93 13 70 95 78 67 99 78 44 26 48 62 15 22 94 30 84 45 88 69 67 42 6 39 86 73 43 90 64 21 15 41 36 43 53 62 90 83 91 13 89 84 4 77 79 52 84 19 53 83 98 66 66 57 81 70 68 13 93 41 11 63 96 86 52 14 75 74 13 36 42 34 62 87 51 60 35 30 5 46 5 38 89 13 50 4 52 46 20 38 3 1 36 52 39 95 76 34 5 94 70 87 61 75 99 60 38 9 32 99 67 30 90 29 11 16 49 51 4 46 54 100 57 34 78 42 88 12 80 32 10 42 48 87 57 93 87 26 74 15 77 69 21 43 36 87 5 60 70 18 32 68 13 25 78 34 12 87 98 87 69 53 25 1 56 24 62 76 82 71 100 60 90 94 53 17 36 20 22 19 58 49 46 45 74 45 7 71 80 54 36 77 69 74 29 12 25 74 75 40 11 62 100 66 28 92 49 70 9 58 72 11 37 87 85 23 37 25 22 35 10 91 58 81 28 79 82 40 91 8 77 93 91 77 23 89 86 4 46 81 86 9 77 18 12 5 23 42 76 9 93 30 4 71 35 99 75 51 64 17 52 72 65 59 90 100 50 68 36 8 76 8 22 68 29 7 24 37 75 88 42 76 39 25 39 24 87 89 85 96 16 23 69 46 19 28 87 9 85 9 62 57 37 8 32 6 34 4 6 9 36 4 24 97 24 81 77 5 18 43
35 37 7 70 99 7 99 16 96 70 13 82 47 10 69 10 23 57 58 44 80 52 67 83 66 20 1 79 38 14 38 81 28 37 18 27 57 70 26 93 82 50 82 15 47 16 31 1 53 2 95 92 77 22 71 58 77 31 89 71 70 91 5 95 67 52 67 58 13 81 11 17 14 96 43 26 3 34 47 43 90 100 9 23 23 26 4 69 94 64 27 51 75 8 92 5 84 37 91 23 28 59 99 21 74 69 32 69 64 29 39 71 49 27 0 94 28 0 97 72 78 82 37 24 96 43 30 69 4 96 87 14 22 10 58 45 25 36 17 29 46 13 59 64 98 15 7 16 10 66 56 37 15 16 13 55 33 56 41 52 41 71 12 32 54 63 95 27 62 67 60 19 86 23 26 72 50 68 7 36 75 48 81 98 54 85 29 11 26 89 44 77 88 34 15 24 11 58 81 24 38 63 84 16 45 56 48 10 71 4 77 17 21 19 98 40 72 20 76 42 28 85 66 37 41 15 85 53 35 31 44 13 6 47 93 42 86 18 6 77 84 85 43 62 49 66 51 28 38 96 94 19 57 20 71 6 24 32 35 75 50 24 22 98 14 96 0 2 79 59 46 59 12 61 93 11 78 51 92 65 31 91 20 98 43 36 62 94 21 81 23 45 77 100 29 55 58 95 24 30 72 62 30 17 22 10 50 79 65 0 72 81 88 30 8 27 93 5 46 5 88 28 18 43 55 62 10 62 93 1 18 46 27 49 46 13 74 71 21 44 10 11 93 29 14 6 30 57 40 99 43 13 0 22 50 87 23 4 21 90 67 86 58 85 81 48 80 59 26 25 31 74 95 69 53 85 12 59 70 23 0 98 68 61 13 5 81 81 12 64 99 83 15 72 29 23 58 27 21 89
47 52 0 16 15 64 55 59 43 91 86 47 61 18 36 47 87 9 44 99 35 70 100 99 30 92 66 21 82 63 98 5 31 74 69 35 29 59 50 24 2 81 59 33 14 37 76 81 92 26 86 78 39 85 61 84 24 63 50 67 68 35 100 86 5 31 64 81 97 35 89 41 76 18 89 95 22 21 6 7 69 100 13 67 5 35 53 6 27 42 92 20 37 42 68 13 82 78 9 75 49 10 7 2 19 71 29 47 2 86 84 12 90 69 31 3 63 74 45 27 35 63 27 100 46 35 41 4 25 75 91 93 11 97 2 2 12 0 27 2 62 67 65 2 62 81 99 96 5 67 4 8 71 55 9 77 87 59 88 14 39 23 58 90 10 68 69 23 63 39 72 11 54 50 45 32 61 58 81 30 47 90 58 91 89 51 38 59 47 70 56 60 0 33 2 45 80 55 17 95 69 30 35 74 66 81 11 97 11 71 37 56 82 78 29 29 74 36 85 100 78 65 92 30 46 45 32 96 58 97 53 58 56 79 59 63 26 9 69 58 14 21 47 49 52 89 12 87 58 86 92 15 27 18 51 4 80 60 44 90 94 80 24 36 91 17 73 8 16 12 72 68 44 19 68 76 68 78 32 13 71 81 41 96 21 13 15 98 71 19 53 42 23 83 80 39 20 9 37 5 91 19 7 51 20 72 20 39 57 17 75 9 79 89 30 74 8 7 74 38 88 71 10 28 24 91 19 62 77 67 95 22 57 51 16 78 25 99 76 78 55 63 57 96 6 87 60 18 1 59 41 0 83 27 51 39 39 49 54 69 27 5 51 36 86 41 94 56 80 89 5 74 94 91 86 28 95 92 1 52 15 95 54 22 16 26 22 11 77 47 4 62 92 80 32 79 28 92 72 27
85 57 38 64 50 58 64 56 43 77 94 30 59 59 68 19 63 98 53 40 7 22 100 66 42 15 63 94 74 17 76 33 55 34 20 38 49 6 94 33 46 78 32 98 51 37 9 55 6 70 26 97 48 80 16 92 15 52 20 70 39 38 55 26 94 22 60 19 38 87 37 71 19 43 8 31 23 56 35 88 68 85 58 54 24 10 91 24 12 51 85 31 12 24 70 92 82 33 51 4 70 75 14 13 51 29 27 25 42 37 23 35 9 84 59 86 36 23 94 56 36 60 71 83 80 91 51 64 11 51 29 80 39 52 100 86 22 87 17 41 20 37 63 19 92 21 99 43 6 19 88 76 0 62 26 4 25 11 79 87 62 95 70 8 68 13 93 24 62 51 18 37 27 70 80 46 0 48 56 20 17 0 35 84 91 69 19 79 2 2 55 27 61 72 12 62 73 52 95 59 58 17 72 96 40 55 92 9 6 78 13 4 56 4 45 83 79 92 3 61 62 13 8 71 12 49 95 12 81 4 91 84 77 84 41 23 73 29 80 58 95 96 6 25 60 34 9 88 63 62 100 20 37 37 85 75 22 38 51 68 31 0 62 46 19 99 34 49 40 56 48 11 79 68 45 18 45 88 81 73 74 98 35 4 25 37 22 57 69 66 56 8 54 40 76 41 34 49 67 4 24 18 89 32 38 19 97 79 76 81 57 63 100 25 7 16 58 4 19 12 67 64 16 63 24 31 23 83 56 16 93 14 55 74 79 77 47 53 27 30 11 67 11 48 90 13 80 37 86 59 91 82 57 4 33 9 14 72 70 93 41 3 64 36 65 49 40 4 44 100 86 99 44 35 67 50 87 66 96 25 66 50 37 69 23 88 17 39 4 95 36 31 29 97 69 71 12 25 38 36
45 98 100 67 35 22 27 98 0 20 90 69 36 46 63 14 21 99 1 69 88 16 70 3 57 12 90 3 21 76 14 39 60 44 43 25 30 1 52 50 53 53 29 9 83 52 49 89 86 67 81 7 69 24 52 89 94 89 18 24 45 85 26 21 85 66 41 29 28 79 58 86 42 87 82 93 14 29 73 62 13 53 3 57 54 92 43 63 29 50 4 3 10 1 59 38 70 92 92 27 100 91 52 10 57 5 42 37 69 5 14 75 85 74 42 70 89 38 76 4 58 85 46 73 65 82 26 92 47 81 88 97 30 87 2 17 70 65 47 22 57 29 13 27 62 8 77 5 26 10 58 37 57 79 1 80 92 66 66 61 50 74 58 7 61 49 95 2 43 74 69 74 12 91 99 77 14 0 84 1 90 90 1 96 88 92 35 10 53 16 52 58 51 27 73 41 12 24 77 72 27 37 57 54 31 48 92 86 77 55 83 2 39 24 67 17 76 36 34 95 67 7 7 63 23 49 1 65 46 90 9 86 23 91 55 18 63 86 81 40 47 3 53 76 63 48 68 12 80 28 24 79 74 75 21 79 61 32 25 99 46 24 97 47 12 65 41 1 15 54 39 89 75 32 0 7 87 66 31 4 49 29 77 13 53 7 50 79 69 32 44 21 8 5 46 65 29 47 83 26 80 21 93 45 27 0 61 13 77 10 3 19 74 95 92 15 26 62 25 31 83 76 99 86 75 64 69 68 24 79 12 60 48 63 44 44 45 81 21 80 26 91 97 23 10 54 53 43 4 44 99 51 75 85 67 25 67 77 51 49 94 54 42 67 63 17 78 19 16 75 17 21 45 77 37 85 9 58 40 92 22 90 8 65 68 93 42 0 56 52 69 31 57 27 37 95 24 76 80 99
15 67 25 0 38 45 48 8 55 82 88 75 14 77 11 12 23 29 100 90 76 56 51 82 38 43 5 84 72 9 24 88 88 64 47 29 34 79 37 31 16 95 65 4 29 27 32 54 70 52 3 97 19 38 47 33 20 20 86 50 55 5 93 25 87 80 15 32 61 9 98 62 89 27 76 5 7 79 41 4 33 46 74 26 8 76 34 89 37 20 5 46 64 31 7 74 69 78 1 77 96 1 26 98 24 69 50 8 24 18 89 55 47 38 18 60 57 1 4 27 20 92 65 66 77 46 24 12 13 93 68 87 62 89 52 68 26 21 98 0 72 14 13 10 11 46 60 44 54 26 54 67 66 70 56 66 25 22 45 24 92 69 87 82 15 5 35 45 6 8 28 33 100 29 2 73 89 50 97 70 53 31 96 64 51 25 6 8 74 59 69 96 27 1 8 39 3 24 47 33 96 54 0 57 58 89 97 22 3 61 62 91 44 59 42 65 51 35 60 69 57 9 34 19 93 85 24 18 6 86 86 80 38 65 34 52 74 88 82 1 61 15 92 19 100 6 68 78 54 26 63 82 74 0 13 90 48 95 29 67 39 93 25 49 62 67 24 52 20 18 13 69 40 70 78 33 36 26 84 33 12 77 40 49 96 83 5 19 68 70 55 36 2 52 19 40 99 78 84 64 100 36 86 16 43 91 78 64 36 81 83 86 91 19 86 88 65 74 71 87 79 2 19 86 21 53 98 78 48 15 77 49 59 69 45 63 100 3 84 74 42 74 73 4 63 25 97 82 83 39 69 38 56 32 3 23 88 88 81 31 22 70 83 40 89 74 88 39 20 39 20 61 30 67 60 8 56 71 78 46 68 86 95 53 11 93 2 2 51 90 83 63 73 38 70 16 35 76 30 80
29 92 16 28 77 73 87 28 5 38 6 43 43 37 94 28 86 15 56 83 89 19 12 44 79 44 91 56 94 97 49 31 54 87 64 45 1 91 79 28 53 91 22 90 8 36 1 17 63 35 75 69 48 43 0 7 80 38 11 95 53 39 17 17 41 60 16 66 2 79 19 53 3 32 46 10 26 50 19 12 35 66 59 57 86 17 35 24 88 63 48 46 19 25 32 70 99 92 59 80 73 89 66 70 16 100 24 23 53 44 57 99 27 6 67 12 15 72 45 32 89 68 63 40 6 18 64 24 56 78 19 5 43 51 41 16 33 71 99 34 5 78 64 90 7 52 78 36 3 68 66 46 43 9 36 16 16 67 25 9 52 22 97 68 57 23 35 68 89 44 72 74 89 81 47 23 67 100 37 34 95 34 10 55 51 81 84 21 13 25 54 69 75 49 95 60 26 74 1 84 54 73 67 10 18 31 63 9 4 64 43 83 51 25 83 68 68 95 54 76 19 61 34 28 19 25 100 56 70 57 79 98 62 10 81 56 8 98 19 48 81 69 52 74 97 33 75 31 37 94 83 4 15 0 57 52 45 96 66 42 1 30 3 68 99 68 77 54 72 32 2 69 10 70 45 2 69 94 44 98 8 10 34 43 18 20 48 23 69 36 33 68 81 71 25 10 44 84 4 75 33 86 33 43 74 89 49 82 32 7 68 84 69 18 60 55 16 55 37 4 68 95 22 31 99 63 32 82 19 77 8 4 20 2 87 77 83 84 20 86 91 41 55 85 77 94 4 40 35 79 41 75 1 21 39 59 79 19 91 14 100 61 88 0 96 73 100 24 60 78 67 52 66 66 80 74 13 56 100 94 96 50 87 94 96 45 65 49 69 96 15 76 27 50 57 20 27 42 99 18
13 87 54 84 40 96 39 93 73 65 64 3 73 4 1 25 6 3 40 80 96 22 72 75 4 24 55 0 21 26 41 36 6 76 9 94 79 81 60 59 83 54 41 43 64 69 22 59 84 10 35 100 58 37 23 35 55 92 49 51 38 14 62 17 98 36 5 75 36 44 47 100 1 86 100 12 22 55 57 77 5 24 82 21 44 35 47 42 82 69 15 20 50 72 16 39 12 8 32 66 99 73 97 1 46 30 1 55 21 37 28 2 26 59 81 43 60 49 19 86 42 39 54 93 75 41 47 70 84 34 46 47 46 42 71 75 87 52 47 96 5 68 7 62 100 34 69 18 44 55 46 36 9 75 71 77 99 42 68 80 25 52 100 91 9 28 10 19 6 29 18 22 22 48 77 79 51 93 87 54 98 56 97 69 21 78 17 87 34 3 34 8 71 35 93 72 60 60 21 22 46 97 92 38 96 88 87 78 23 52 84 73 34 56 92 86 90 9 68 42 70 13 67 95 97 47 53 6 70 33 52 62 50 95 88 80 99 33 20 44 32 59 75 40 92 36 4 96 58 93 50 25 93 65 62 15 66 62 4 68 72 23 6 92 3 75 42 2 32 31 88 61 35 22 37 96 9 59 12 22 73 69 49 64 33 56 9 51 98 74 53 79 5 14 87 73 99 91 23 97 17 1 96 36 85 70 46 95 13 7 34 23 29 15 46 37 52 62 92 44 52 17 64 60 1 98 47 48 72 79 93 23 43 40 83 55 37 8 25 92 75 52 65 45 38 84 91 0 42 54 95 7 76 48 6 13 0 55 57 3 5 83 3 84 74 78 32 18 54 88 53 18 34 57 12 68 24 83 35 20 83 37 66 86 98 92 94 89 25 78 70 69 37 100 53 79 64 8 77 5
61 1 75 71 42 82 39 3 63 3 85 56 23 0 74 59 33 77 65 6 12 7 42 55 27 43 9 60 91 63 10 57 21 18 93 23 49 18 20 48 60 63 72 27 29 74 83 68 23 63 82 2 86 9 27 21 80 45 41 77 60 8 66 6 57 48 38 9 89 15 17 4 39 52 71 22 88 19 98 33 29 58 84 1 64 13 19 42 59 88 38 39 15 80 53 63 62 74 69 16 61 49 31 85 22 0 0 27 2 84 68 91 19 48 29 78 40 17 92 14 45 33 2 85 41 100 64 96 16 46 94 32 19 28 59 70 63 65 53 7 18 42 36 9 33 56 22 23 100 5 20 26 95 3 32 69 63 81 67 14 62 78 87 12 76 71 29 20 80 69 95 70 85 86 1 28 41 97 72 40 25 4 6 84 33 5 39 31 79 8 81 85 59 56 49 50 35 74 5 38 16 50 9 76 86 85 53 93 97 78 40 93 18 22 34 67 56 0 20 90 81 32 69 1 53 71 76 20 93 70 81 26 69 79 44 46 18 77 80 65 43 33 30 88 85 66 67 80 99 83 70 67 42 23 67 57 9 23 56 84 46 98 53 45 74 26 16 87 19 55 10 78 75 82 100 21 33 82 26 47 17 66 39 19 46 100 91 10 89 52 100 55 21 13 59 87 53 8 21 4 72 97 65 92 0 88 43 15 22 52 72 71 57 62 94 91 41 100 73 24 54 47 91 46 71 0 36 75 23 87 74 31 8 88 9 21 81 25 57 3 66 47 95 9 18 62 64 37 17 22 39 73 46 64 45 27 67 89 53 10 45 82 7 90 56 6 100 64 57 29 38 14 30 38 13 2 90 65 41 53 29 97 81 65 99 17 13 55 15 62 31 43 74 89 18 64 45 100 88 8
65 66 14 87 4 12 30 17 67 53 21 57 24 78 64 94 93 83 64 1 45 75 87 16 9 52 77 18 79 95 82 68 0 23 45 74 59 13 72 36 81 36 9 70 38 58 39 93 38 31 95 11 93 23 25 10 85 100 2 58 82 16 1 88 71 83 62 9 17 29 85 11 52 6 4 16 55 53 51 56 23 40 49 91 98 98 51 39 50 33 70 99 91 48 29 99 88 11 24 65 27 73 67 14 58 21 72 41 96 35 96 50 1 50 29 72 91 95 8 40 75 55 32 60 1 25 4 30 91 93 86 51 38 100 44 5 76 74 9 73 63 18 19 56 22 12 27 94 55 53 1 86 47 85 63 22 91 13 66 59 5 3 19 9 58 46 82 0 84 89 59 78 22 65 95 33 50 32 59 96 34 100 87 0 51 3 72 52 57 6 24 91 69 76 88 47 5 97 17 69 14 93 76 44 60 60 94 99 17 67 47 38 12 83 49 9 37 49 20 66 79 96 14 5 67 31 88 70 28 96 90 27 63 60 65 83 66 96 79 59 23 35 92 78 92 64 9 87 28 7 97 58 98 32 34 37 85 3 25 63 8 31 10 94 15 10 94 83 25 26 99 22 70 92 94 91 9 93 100 97 100 72 88 53 39 44 93 15 6 71 85 100 25 8 6 70 83 64 68 68 34 62 48 86 39 3 1 66 35 34 29 35 40 49 0 45 86 52 54 41 23 78 52 44 17 77 16 20 41 1 84 90 75 12 39 99 66 26 66 47 90 37 34 18 40 53 82 62 73 10 71 47 14 65 49 83 90 42 15 64 13 44 0 16 61 45 88 2 6 75 44 88 37 69 82 46 65 30 48 89 24 73 95 18 37 66 10 40 44 77 0 42 69 15 47 96 27 67 98 84
10 79 85 23 28 57 91 80 26 17 8 34 46 30 16 63 94 5 72 99 16 96 39 100 27 23 44 25 84 6 18 30 42 64 32 48 58 29 72 17 55 88 25 34 70 8 83 68 57 30 98 22 21 70 25 76 11 49 98 6 16 72 56 22 49 3 97 46 54 58 67 8 35 90 20 64 7 35 1 69 26 43 5 78 6 53 98 7 44 62 17 76 16 19 16 66 60 12 17 94 32 67 90 8 54 39 98 9 8 71 20 51 9 86 18 34 1 89 54 86 0 20 98 73 56 84 30 85 88 33 26 100 18 13 68 33 30 94 33 59 1 0 63 99 52 39 63 52 35 30 22 66 15 94 34 48 61 8 8 43 64 91 87 73 70 9 86 13 0 12 42 64 35 15 51 47 33 23 81 61 5 27 86 91 42 8 52 15 31 16 46 76 52 34 53 84 69 2 3 26 91 9 72 81 92 68 12 63 22 30 57 36 0 25 55 12 15 51 46 62 22 98 91 33 59 66 73 22 83 72 37 34 53 2 92 74 51 51 74 58 8 96 60 45 45 76 7 13 50 74 84 96 83 49 12 95 1 94 26 23 0 77 81 9 100 53 44 8 85 11 44 43 79 37 60 73 75 41 68 83 74 0 92 6 94 9 68 22 61 15 78 51 21 30 98 67 77 8 38 76 20 47 39 96 40 0 64 51 68 94 40 4 37 27 23 86 7 25 52 83 79 75 98 99 62 13 23 44 85 37 16 34 84 28 0 29 73 15 65 97 87 37 70 59 87 6 26 35 2 77 56 45 38 4 58 30 40 89 77 49 9 29 39 12 44 37 69 19 78 43 15 81 30 40 10 85 31 42 28 49 25 5 25 7 54 28 100 47 87 27 4 60 40 48 89 13 17 57 21 31
63 60 64 36 0 83 36 36 84 10 56 17 95 82 7 23 24 66 84 47 74 61 6 99 47 51 51 85 44 1 81 100 33 24 67 23 91 73 98 54 66 44 22 64 15 18 38 54 24 18 65 100 10 3 86 59 63 13 66 39 92 74 12 76 37 5 87 32 40 85 59 80 51 83 38 42 2 32 35 80 9 31 84 33 88 25 25 62 6 2 18 90 56 84 35 54 89 8 32 40 66 60 32 95 76 33 26 52 48 31 8 80 8 94 50 12 7 55 59 23 77 71 96 89 43 87 84 61 94 45 75 30 87 89 13 61 82 4 73 25 93 84 53 18 9 68 45 68 43 54 43 13 7 82 73 30 21 96 15 19 45 8 72 100 47 95 93 3 86 25 71 72 96 72 52 9 28 5 5 96 7 90 93 7 43 46 76 77 73 99 100 65 64 0 1 57 100 100 48 68 16 49 53 42 72 23 13 49 82 14 33 60 52 39 14 26 93 69 48 39 2 11 19 7 90 76 54 20 40 14 28 76 42 76 100 10 44 33 54 34 1 99 14 80 85 52 80 84 80 5 83 42 45 93 45 64 61 6 92 85 53 7 30 37 6 51 75 50 52 14 41 31 52 67 55 37 31 73 98 97 77 33 1 38 87 39 32 96 9 4 58 77 5 70 48 48 3 74 34 65 69 42 18 76 63 95 59 94 41 0 74 98 13 88 93 16 61 100 8 54 89 61 76 56 45 53 39 57 42 11 60 14 95 42 68 90 25 99 74 92 0 95 47 88 77 69 46 6 40 44 17 23 89 48 70 15 8 65 25 78 40 59 92 52 100 61 36 29 20 60 22 27 35 35 90 84 6 20 97 43 89 24 16 21 48 72 42 30 42 1 33 23 13 54 53 77 15 91 46 33
100 45 69 12 87 47 96 3 49 80 66 51 94 88 68 20 48 4 25 13 60 25 54 58 73 59 82 2 40 79 44 23 65 27 8 4 59 63 87 33 46 26 79 62 46 87 87 63 81 49 78 99 99 82 75 59 2 65 83 9 36 55 71 17 82 98 72 68 53 95 57 29 98 17 33 70 31 19 100 42 83 1 98 75 82 55 23 37 61 38 61 62 20 50 26 46 30 31 79 71 27 52 10 56 35 93 36 12 6 93 10 83 49 11 89 5 35 26 6 50 19 15 59 87 93 55 9 16 55 76 44 71 76 54 23 61 31 4 94 25 6 45 51 57 11 37 73 80 69 1 53 36 85 96 32 9 86 53 21 84 38 82 85 98 42 90 27 20 51 83 1 45 11 39 39 98 56 67 86 8 45 79 70 75 26 57 19 62 89 69 11 66 66 73 73 12 4 76 22 75 21 0 16 4 1 63 55 17 16 32 100 68 99 27 4 47 93 42 47 75 50 24 43 4 29 57 27 78 83 94 84 84 94 70 54 82 30 87 90 69 3 22 92 69 63 11 100 7 69 98 62 52 19 11 13 100 27 91 22 7 34 80 85 89 38 37 51 64 84 37 50 88 68 72 15 10 14 49 29 27 66 15 89 25 54 47 58 82 91 17 15 34 48 19 11 57 45 44 45 44 3 69 6 51 97 39 56 71 6 35 100 61 70 100 7 19 58 9 86 3 3 37 1 23 86 39 14 0 25 50 90 9 46 16 87 43 15 94 49 79 7 34 10 56 86 85 40 39 44 12 98 54 85 46 48 4 6 44 23 45 12 95 24 7 85 21 93 53 8 10 36 49 98 93 96 34 53 83 47 40 63 29 37 46 10 4 34 6 9 74 42 8 4 41 34 99 41 6 28 12
16 13 27 50 39 17 24 30 46 11 26 8 43 19 33 92 47 27 47 36 96 62 50 16 4 76 9 37 67 30 84 71 46 7 4 39 83 20 94 47 26 68 84 97 32 39 32 8 77 37 19 55 58 6 90 4 48 100 80 52 26 57 99 8 84 92 87 88 43 66 87 16 72 19 22 15 82 28 37 2 86 82 20 74 36 22 19 96 25 32 63 56 55 59 85 42 8 81 23 24 39 20 48 74 22 38 45 26 82 63 29 21 51 41 87 92 13 65 8 70 97 8 86 6 38 95 55 79 51 75 92 0 31 60 65 32 69 7 79 73 38 11 31 14 58 5 12 27 55 39 50 72 43 96 44 8 50 17 9 24 17 70 76 79 41 37 57 79 62 92 37 90 99 73 30 33 100 23 33 32 12 80 73 70 42 80 31 68 46 58 79 95 23 15 84 56 54 78 30 44 53 61 84 28 31 56 42 30 36 59 61 30 49 10 14 92 21 29 2 99 44 92 91 45 61 64 71 37 12 12 80 22 55 21 8 100 56 33 81 27 54 6 87 65 81 26 65 97 73 96 48 60 52 51 25 3 8 73 36 62 12 15 45 21 79 96 58 74 51 81 40 14 45 71 6 1 92 99 56 22 10 98 16 1 98 7 85 41 85 35 56 76 53 11 5 76 83 88 46 41 7 34 65 37 64 49 79 90 96 72 68 21 23 78 82 85 72 3 56 6 99 80 75 66 81 65 97 73 90 79 23 66 98 64 92 41 32 9 13 0 59 57 30 9 44 80 63 24 73 6 64 67 87 86 75 59 80 2 76 50 90 62 9 33 18 45 58 14 26 32 73 42 1 37 16 58 99 82 11 81 16 1 66 6 30 80 92 50 9 26 32 96 47 30 81 24 5 67 77 34
3 64 10 72 78 39 74 4 71 15 13 47 5 27 20 41 51 46 57 67 70 68 28 24 58 81 74 19 0 29 81 86 19 21 76 50 16 72 19 96 32 68 89 54 41 96 43 19 74 70 68 48 59 50 82 12 90 90 42 54 62 12 60 96 26 46 0 60 8 25 33 54 62 4 81 7 9 18 88 14 12 45 41 56 61 82 51 13 46 15 59 4 16 32 29 53 49 95 54 28 84 13 27 42 29 93 58 13 26 33 31 38 32 64 14 85 2 46 95 81 67 69 66 87 84 40 74 59 81 72 11 10 99 34 36 20 57 18 52 77 96 27 29 42 75 11 0 52 74 57 13 99 50 57 16 61 44 65 3 90 56 57 87 16 66 69 18 11 19 88 83 95 84 46 84 73 87 52 76 100 89 2 58 15 30 31 69 73 78 97 35 97 32 52 93 49 6 75 93 25 23 94 16 9 26 83 83 91 20 2 22 37 16 7 81 79 18 85 76 50 59 65 70 66 96 36 86 83 20 33 46 32 83 4 20 45 74 100 10 27 34 5 24 49 70 92 56 82 97 14 89 96 35 54 40 12 42 55 19 16 49 79 2 87 32 89 72 37 77 74 55 6 42 65 61 52 80 87 84 35 81 70 81 48 62 65 96 76 52 19 14 44 31 66 95 32 4 77 77 60 24 22 26 90 53 32 35 96 16 12 75 57 54 63 50 5 14 65 4 55 25 47 70 61 75 97 58 50 65 50 26 47 12 51 55 48 48 58 61 57 95 38 66 47 21 22 92 86 53 22 99 16 97 9 52 77 30 72 62 35 66 58 42 19 87 97 23 71 24 36 29 65 65 54 45 100 52 93 18 21 95 73 68 95 91 13 77 69 13 19 5 80 63 30 60 71 49 69 70 33
84 2 71 69 20 1 1 76 87 82 73 21 79 77 22 47 79 52 18 35 49 44 33 60 71 59 4 12 62 60 98 11 36 90 69 27 92 7 79 37 23 8 68 8 69 39 50 82 6 3 8 16 95 35 88 93 77 46 70 40 13 27 52 9 66 58 55 96 95 92 11 89 11 50 35 99 86 82 20 68 87 26 91 61 90 6 88 54 87 3 8 51 76 66 45 12 47 28 53 94 17 11 9 36 95 48 94 53 3 16 75 62 65 74 34 75 63 3 76 53 51 15 87 100 4 86 32 77 34 73 61 81 65 38 17 19 48 23 13 68 4 31 61 20 89 2 21 17 85 42 97 23 92 50 95 24 44 71 20 81 25 61 43 11 10 25 38 47 36 11 13 89 74 67 23 8 55 81 39 66 53 66 90 4 33 2 95 15 1 48 87 18 33 71 63 51 91 78 4 91 72 84 79 3 2 16 14 60 76 0 15 43 41 12 46 45 73 44 94 93 41 42 66 24 24 48 39 66 99 14 47 40 59 2 8 11 2 47 70 49 80 28 27 72 0 14 77 54 91 83 85 50 97 19 7 48 34 79 76 78 63 2 79 5 83 88 94 20 53 39 71 53 1 53 47 63 94 50 37 54 84 92 94 32 47 67 93 86 52 52 61 7 38 70 86 83 64 25 78 43 47 34 62 81 20 25 83 52 54 81 18 13 52 49 29 48 87 63 98 13 72 1 39 41 34 51 50 85 4 18 35 56 66 2 77 50 34 34 56 91 66 97 60 14 76 64 19 18 34 88 39 92 55 52 42 11 89 96 36 0 31 35 72 52 23 90 2 31 33 14 44 66 28 12 97 8 99 77 45 59 59 46 11 62 31 51 39 11 91 81 28 12 97 29 18 74 38 17 52 43
0 62 93 58 47 6 36 98 20 28 90 24 49 99 24 81 23 24 33 16 28 9 54 96 40 22 31 61 19 99 18 17 4 47 54 76 13 64 74 94 15 50 54 78 57 71 44 81 56 42 93 15 9 40 96 85 42 82 100 23 96 30 96 76 57 71 98 0 83 23 82 47 90 88 50 91 3 56 0 70 97 64 53 86 52 91 90 22 9 63 43 80 41 55 39 31 48 54 52 80 65 80 84 9 22 63 71 81 10 41 20 99 85 68 92 72 21 94 42 69 18 91 71 71 64 93 40 6 57 3 49 96 21 47 43 39 45 81 99 39 85 98 27 0 78 39 93 13 98 29 13 24 68 89 90 71 24 76 5 93 95 8 73 87 25 90 24 27 34 65 79 70 34 1 53 42 5 96 14 1 31 76 1 30 92 80 89 57 39 17 61 36 53 42 82 27 50 6 57 57 30 75 30 100 46 15 85 34 80 10 64 81 32 90 40 88 64 32 87 96 49 51 40 11 100 68 21 16 64 9 55 75 45 79 25 5 36 60 77 51 90 33 63 7 80 17 0 56 16 86 100 56 3 61 94 56 1 57 10 96 23 62 28 67 100 50 83 40 70 13 65 96 24 6 96 26 1 34 51 20 95 29 5 42 50 47 77 44 45 39 88 98 41 51 11 54 52 49 49 70 68 75 94 19 21 69 76 15 22 17 64 65 7 48 4 27 68 14 4 5 40 97 83 73 54 29 73 79 20 71 100 55 74 61 50 14 93 57 11 3 92 19 60 80 46 9 28 14 99 57 81 15 89 10 76 92 7 48 43 56 41 72 63 15 74 61 61 33 41 11 64 85 55 88 83 100 84 17 21 35 4 10 42 6 66 67 39 59 67 23 48 57 42 0 49 55 41 16 84 94
97 92 54 2 85 34 90 75 11 88 0 15 81 98 11 67 46 88 17 90 32 50 1 100 70 7 14 4 83 81 70 84 22 23 1 96 36 57 71 7 44 69 75 14 15 32 83 29 80 17 7 24 17 47 41 16 41 19 99 1 41 77 95 99 22 69 8 43 84 41 39 27 25 62 92 0 44 9 46 33 68 49 86 95 53 58 1 7 92 95 68 28 84 65 71 6 22 79 90 17 78 43 57 48 21 89 41 76 30 16 88 71 98 13 12 66 4 61 37 28 71 60 56 25 97 78 44 57 92 99 53 35 46 85 82 98 29 99 42 27 16 18 52 44 18 56 5 66 69 5 62 62 8 84 10 39 89 50 18 42 68 51 74 84 34 14 33 60 16 76 32 92 64 48 47 98 75 34 28 90 43 83 16 22 97 37 51 36 7 6 43 17 43 94 23 27 14 30 21 36 36 54 21 32 23 36 24 58 52 95 90 58 39 69 94 30 55 48 50 78 88 94 98 100 60 39 92 47 61 5 11 10 65 58 94 72 32 45 64 52 33 52 58 18 23 18 11 69 80 77 46 45 26 6 87 66 64 13 36 89 25 43 97 76 81 16 36 32 52 6 34 32 6 63 1 20 81 7 2 57 62 31 61 79 37 90 81 20 40 14 22 69 51 36 92 87 9 76 19 70 80 72 80 98 80 1 40 1 12 62 63 15 47 72 72 84 50 18 13 66 49 34 4 17 92 97 73 34 15 50 54 2 38 14 3 57 4 63 0 57 42 21 56 32 10 48 6 67 71 96 74 32 97 27 75 10 71 66 76 64 3 84 11 47 15 45 91 6 35 66 58 49 26 77 2 63 91 63 81 68 10 42 79 90 44 47 4 68 54 73 97 89 41 48 45 12 81 20 42 10
57 55 12 53 23 13 51 26 42 24 38 34 7 7 36 1 66 60 52 70 54 39 8 4 99 39 44 76 8 51 39 98 79 73 18 43 61 43 19 67 4 17 43 44 12 41 56 40 30 4 45 9 51 56 3 64 15 75 71 12 13 14 57 49 63 46 7 78 64 7 52 50 86 89 43 47 90 10 89 52 60 49 52 0 95 30 21 30 62 47 73 100 24 94 33 85 12 48 25 42 56 17 42 75 60 41 79 67 85 60 38 65 30 40 91 32 20 59 17 80 55 46 52 73 60 0 51 33 13 29 73 93 91 57 24 78 42 69 1 95 28 22 42 36 79 36 65 2 58 36 24 73 66 65 65 95 83 91 67 33 67 19 80 7 17 8 23 41 94 27 43 13 4 92 11 72 80 72 3 42 53 44 77 36 48 36 4 58 74 53 32 9 25 76 60 46 76 71 9 46 34 49 97 76 18 76 78 74 89 1 62 31 41 62 60 42 76 25 57 64 64 3 22 49 70 3 69 5 49 37 41 15 31 32 37 15 85 88 30 44 82 55 34 25 50 92 42 90 70 8 95 43 8 25 40 26 42 93 95 9 48 56 98 61 100 37 57 49 8 90 73 88 98 46 52 83 35 95 51 38 71 18 49 69 99 83 22 63 3 45 8 6 15 34 21 23 86 86 22 91 14 36 62 43 33 67 81 91 94 18 44 45 88 98 34 18 37 7 21 35 40 88 18 39 45 23 16 87 78 81 91 43 2 63 9 22 44 34 66 38 89 89 94 13 63 65 36 30 26 37 24 42 47 84 52 80 22 18 54 15 85 35 100 15 44 12 33 33 2 38 41 63 37 59 68 54 57 65 100 16 78 88 16 8 77 12 0 37 39 75 15 7 3 39 60 67 51 38 42 22
28 54 74 86 4 71 55 18 15 79 36 61 13 5 7 11 91 61 59 77 70 37 61 81 17 21 64 22 64 76 36 26 42 19 85 2 43 1 38 42 100 82 49 88 88 98 2 44 67 66 52 52 86 41 67 4 13 59 2 82 71 85 18 7 87 66 99 8 63 45 44 42 45 63 87 90 64 71 53 29 31 70 0 84 34 55 52 50 78 67 84 35 10 50 84 53 43 6 1 36 21 69 97 99 81 19 61 29 5 20 43 27 65 77 92 25 70 9 65 66 44 14 94 42 55 9 46 52 86 20 9 15 21 0 36 66 92 79 27 0 5 44 90 79 91 10 21 17 2 12 22 29 38 40 85 64 88 82 98 65 51 82 16 29 95 81 17 100 71 60 64 73 53 6 24 77 19 37 83 76 64 26 36 93 62 100 100 66 92 62 64 81 49 39 36 87 35 94 83 46 70 37 55 33 12 83 97 34 28 76 8 50 82 12 100 18 19 89 25 21 21 53 92 35 44 22 64 10 14 6 63 77 54 3 60 72 31 30 93 84 42 62 57 95 64 75 31 23 4 97 11 41 65 40 25 37 63 55 11 73 44 34 12 6 52 9 16 28 40 66 39 63 58 31 24 14 80 97 10 7 8 90 14 99 47 1 47 19 85 16 60 96 11 30 38 83 90 89 40 2 56 42 7 37 48 0 96 35 28 34 3 86 21 62 38 83 65 20 11 92 22 95 88 25 74 23 67 20 45 57 32 19 24 3 17 98 41 38 24 64 66 25 31 32 61 82 27 39 34 77 63 82 44 37 41 70 21 19 83 11 61 40 67 76 53 76 31 5 15 1 36 40 78 47 71 88 93 34 8 86 63 81 30 10 40 41 54 76 3 76 61 24 7 31 69 74 85 38 55 87
69 80 96 96 34 64 47 90 89 25 19 58 9 49 3 76 53 67 77 16 1 33 53 50 11 18 17 68 1 66 39 91 84 73 7 88 48 97 6 47 8 100 85 93 82 57 41 38 34 32 4 67 67 42 68 18 72 25 11 98 20 39 68 60 48 25 10 38 88 76 99 42 13 10 12 57 35 21 33 12 16 89 97 100 94 16 40 0 37 7 73 16 85 6 0 95 48 86 35 2 18 72 59 93 26 43 60 53 25 34 64 31 99 56 85 59 15 0 97 59 25 88 16 35 2 51 95 54 9 73 25 55 93 7 69 72 57 93 80 87 66 67 63 100 59 78 96 45 3 50 43 93 51 62 63 58 88 62 86 47 71 7 73 44 97 93 24 42 96 3 54 50 100 86 51 11 69 21 26 36 96 39 66 38 4 80 51 89 79 55 59 80 54 19 27 89 66 84 82 9 48 53 4 6 59 8 26 36 59 75 23 73 21 99 50 69 32 99 71 70 51 12 64 57 10 99 21 94 79 30 49 69 21 21 32 51 17 89 3 82 75 42 69 7 10 88 60 54 12 29 6 70 87 88 95 4 36 57 71 65 70 1 72 48 70 93 45 88 92 99 31 22 46 42 41 51 65 71 63 77 34 71 73 74 6 59 58 73 13 20 17 57 75 28 55 56 69 38 17 57 40 25 27 17 90 68 12 38 43 2 68 71 90 80 81 51 55 86 16 60 26 80 65 23 58 12 68 96 33 96 64 43 96 94 19 61 50 90 32 19 2 58 6 95 92 76 69 40 99 9 60 12 81 13 92 37 22 14 60 81 72 45 68 35 12 30 0 50 30 75 20 51 75 28 38 100 5 69 11 45 88 90 66 97 95 5 73 80 13 91 75 11 79 7 9 46 63 34 4 96
91 94 96 20 37 91 75 9 81 10 63 3 3 40 83 99 53 57 76 21 81 81 59 70 10 25 14 47 32 28 12 87 40 10 72 27 14 100 37 66 58 87 3 56 96 86 36 44 11 82 37 10 62 12 25 60 64 84 9 99 49 84 31 73 70 41 2 60 96 21 55 61 32 69 55 4 1 14 93 62 9 32 50 7 41 76 18 9 44 46 22 98 57 52 42 77 71 89 9 43 65 96 25 59 60 55 49 95 21 14 78 31 22 28 33 11 84 11 72 21 18 88 83 71 70 0 64 45 3 11 94 53 58 34 35 96 32 54 83 59 35 100 33 65 59 86 67 0 73 12 93 96 62 51 11 45 95 47 53 1 72 83 3 65 32 50 24 47 14 66 69 66 97 12 89 18 1 23 48 54 48 8 8 81 75 3 80 32 96 34 11 81 1 89 43 62 73 50 76 83 49 20 32 78 29 62 36 13 80 31 17 83 55 11 26 60 100 74 74 34 78 70 81 53 82 20 20 66 21 21 42 41 68 55 24 95 82 59 23 89 45 6 14 84 92 26 16 17 40 78 68 43 80 11 76 51 21 69 78 12 70 31 71 94 12 36 25 58 89 45 5 6 82 96 20 66 95 94 21 24 31 48 10 36 14 89 28 89 47 75 36 39 14 42 39 58 28 44 28 47 46 6 24 93 70 61 83 36 76 34 84 54 37 46 84 14 9 99 34 100 53 100 68 49 0 39 68 70 32 83 96 17 97 69 27 71 46 28 11 29 47 90 91 51 90 88 90 22 40 75 56 15 24 40 41 82 34 96 47 85 14 30 84 57 87 33 64 80 23 50 1 4 87 29 74 77 0 62 45 61 9 41 89 79 66 17 36 34 18 82 86 99 96 84 63 85 90 78 63 19
8 96 64 58 60 12 7 93 90 86 51 29 83 79 0 94 36 12 92 97 9 4 75 96 58 14 46 0 16 66 12 23 67 83 23 37 97 15 90 53 56 23 71 97 1 95 85 76 88 22 94 37 13 91 74 22 83 20 64 99 60 32 43 79 90 11 90 8 74 86 21 21 14 57 29 67 55 15 28 82 58 77 10 51 43 51 23 49 66 19 0 42 27 43 77 4 87 79 89 74 42 55 17 74 43 73 25 84 73 21 93 2 90 95 30 38 37 25 34 87 30 14 71 36 31 73 65 43 34 18 4 41 82 82 18 37 91 23 70 36 49 45 41 4 13 79 16 37 0 63 66 20 31 29 44 87 48 78 53 62 46 37 100 66 6 39 36 43 0 90 94 48 47 54 93 54 75 94 81 89 97 22 98 78 80 73 66 58 99 16 43 83 28 0 30 52 30 55 24 92 94 42 94 17 32 34 2 66 15 54 79 36 31 12 26 97 64 45 59 45 80 53 44 63 4 73 54 8 36 95 82 33 39 65 84 100 73 26 69 64 27 27 8 43 40 88 45 49 42 18 17 1 14 72 3 92 54 13 82 17 77 16 39 83 40 98 61 62 2 66 34 39 6 29 84 0 32 36 93 58 80 98 20 15 61 34 42 42 88 35 28 48 82 83 81 100 90 37 22 93 60 65 83 65 81 93 38 50 13 39 18 22 0 74 77 39 100 67 4 91 56 70 64 73 94 28 18 66 65 92 0 46 100 17 75 81 92 45 55 33 64 93 72 68 46 35 50 31 56 67 33 71 94 69 54 84 6 16 72 35 26 1 14 4 87 0 89 29 69 76 36 13 82 100 65 1 63 41 38 62 24 89 59 54 14 90 5 58 91 28 70 31 40 35 39 31 68 81 25 24
28 63 20 41 71 89 49 29 90 46 88 72 81 46 4 4 78 40 40 26 61 14 79 83 54 54 55 44 15 35 8 45 67 56 49 99 29 54 65 33 11 8 60 4 18 27 44 50 45 86 39 68 57 27 29 34 63 54 68 36 17 97 69 22 89 95 56 72 44 9 71 85 19 34 74 53 42 48 35 36 38 30 50 90 61 59 44 59 37 31 61 59 28 2 60 93 77 95 42 99 59 28 75 51 18 29 65 2 59 72 4 90 7 89 93 92 16 35 71 89 89 94 33 5 74 67 59 53 30 31 88 60 19 18 83 73 50 29 19 41 71 18 5 13 49 78 71 5 96 58 54 11 18 24 22 29 98 91 74 32 80 92 41 38 41 93 60 69 91 77 78 66 21 95 99 96 83 59 11 37 96 88 98 33 31 100 42 34 68 67 19 13 95 79 29 38 65 26 64 11 49 95 56 60 93 36 4 97 84 18 42 13 43 61 11 79 35 64 71 7 16 96 12 65 5 42 93 34 25 99 1 99 42 88 65 23 7 86 10 63 42 62 42 75 53 80 31 78 26 77 5 52 98 73 45 91 70 11 95 1 13 88 88 75 24 100 67 25 16 18 33 1 83 40 76 99 10 5 81 3 62 85 69 20 65 15 2 6 14 28 14 11 22 94 6 63 15 51 64 57 60 94 76 21 8 11 21 36 85 37 58 7 22 2 42 1 92 2 65 55 3 55 79 93 7 40 79 64 59 95 61 10 6 5 29 74 57 32 32 57 35 19 56 9 66 59 80 54 24 23 64 84 27 85 50 51 16 71 85 97 51 78 34 40 46 99 33 38 52 44 91 89 45 20 67 62 94 4 47 95 7 4 64 39 93 24 73 49 40 64 90 2 6 10 44 67 100 14 48 33
53 55 49 95 0 37 74 82 2 17 85 41 6 46 26 97 92 15 59 81 100 12 28 2 26 100 58 11 38 77 97 80 57 31 57 100 22 58 42 7 74 12 3 41 36 97 31 63 88 18 41 12 7 44 2 85 40 57 58 69 85 55 78 67 98 36 82 57 55 9 29 41 76 16 33 18 0 36 92 66 19 7 88 72 33 44 34 48 96 81 1 51 92 10 88 81 69 62 89 34 60 39 92 44 86 95 44 96 100 90 92 70 32 3 10 46 47 68 55 80 83 22 76 73 27 76 26 78 75 0 28 7 98 12 90 25 82 85 72 50 85 91 31 89 38 8 46 20 71 33 10 71 3 19 82 2 44 63 19 68 54 39 90 80 39 26 77 78 8 26 73 52 59 72 27 62 46 50 97 24 89 20 81 61 8 17 35 55 2 45 3 17 36 85 80 34 32 68 97 59 84 46 62 46 4 86 70 11 16 7 50 24 26 34 9 21 87 44 51 14 17 82 67 72 54 89 66 72 58 52 0 51 30 58 68 90 66 14 12 27 3 87 38 30 74 1 17 21 5 49 40 48 39 51 26 30 38 71 95 66 41 89 13 83 78 54 12 60 56 71 47 25 9 10 33 88 28 48 15 37 53 41 55 95 39 91 1 18 99 47 20 33 32 2 29 81 9 84 36 99 74 77 12 97 20 25 15 95 77 75 31 1 38 54 19 4 35 58 95 3 18 70 51 1 46 97 79 89 19 68 25 92 14 81 52 14 22 5 90 65 89 67 25 68 97 55 33 96 71 87 76 26 88 30 62 67 52 86 21 77 71 46 83 74 75 17 60 29 26 12 2 35 89 4 16 98 24 72 69 38 83 17 26 95 41 53 55 24 35 44 79 45 47 77 89 36 69 35 59 38
55 49 56 60 93 60 72 75 23 70 42 93 21 36 48 92 24 31 28 33 97 26 42 27 51 93 12 1 15 43 83 55 45 92 4 52 12 4 36 45 47 80 66 68 26 75 31 0 56 8 2 92 70 42 60 28 38 10 63 31 25 73 96 20 65 75 27 22 35 92 21 45 93 53 26 80 22 91 17 87 23 92 7 30 52 19 13 65 30 3 60 10 98 73 83 59 4 64 30 2 24 2 57 21 40 39 77 22 86 63 22 15 35 95 27 50 5 14 20 19 64 11 72 45 85 61 63 19 83 94 61 28 35 56 2 36 51 73 82 84 51 31 13 26 49 34 52 34 88 7 81 7 34 34 56 94 89 81 30 31 40 48 60 30 24 44 36 67 55 36 63 47 18 85 16 78 84 10 90 77 52 96 50 77 93 91 40 5 89 13 27 91 9 44 14 0 15 95 0 79 62 99 84 23 68 26 20 37 37 35 60 26 27 11 31 90 90 66 100 60 66 54 43 35 34 33 6 57 23 35 27 39 34 99 96 53 45 57 73 42 11 81 41 8 26 24 30 42 97 13 100 73 9 98 40 63 60 28 29 88 30 32 3 95 56 55 87 81 41 43 77 19 21 64 67 4 93 5 29 18 3 52 46 18 40 89 91 40 14 62 80 71 23 26 75 96 34 83 49 3 48 69 85 86 47 11 40 72 16 87 47 20 42 74 12 62 41 81 28 62 51 29 45 30 17 73 31 2 50 70 86 63 90 93 57 33 82 77 63 76 63 28 38 7 81 53 6 29 73 50 44 99 93 48 10 82 6 48 89 92 40 59 80 18 76 33 55 66 82 89 75 52 36 92 0 92 18 88 94 88 18 66 70 3 33 3 57 11 85 92 43 62 34 61 57 69 20 0 85 71
31 93 75 85 88 12 90 52 23 26 31 84 72 36 7 68 31 79 87 77 63 66 8 33 75 81 19 81 22 46 10 28 69 52 90 35 26 30 88 46 22 17 39 19 25 35 30 48 61 56 53 27 95 14 73 59 29 43 84 21 53 77 35 18 75 16 60 84 50 16 29 19 56 43 38 77 44 62 95 11 25 19 95 58 36 4 58 99 16 66 50 2 69 80 98 37 3 59 98 2 3 87 70 33 36 18 8 60 71 15 6 8 67 40 71 96 58 64 99 45 37 77 23 70 63 43 15 0 35 18 77 43 70 70 93 95 23 18 22 45 66 87 63 94 41 18 60 57 26 34 48 52 10 28 41 46 36 60 1 6 75 6 9 38 81 12 4 62 68 64 88 8 5 42 64 12 77 13 1 63 12 37 27 21 43 100 18 22 90 75 13 94 43 46 14 54 8 61 53 41 74 5 75 32 74 4 64 54 2 77 92 81 44 47 90 51 94 97 99 13 1 36 2 100 40 88 90 84 23 25 78 88 6 65 85 66 10 54 24 4 82 19 5 69 45 39 80 98 21 92 91 66 69 65 87 15 56 9 90 52 93 84 56 73 73 8 77 43 92 16 78 27 15 67 55 27 75 28 40 33 37 84 37 88 5 55 99 43 95 34 92 93 3 30 93 65 17 55 65 1 28 97 39 72 85 23 27 12 73 39 18 31 94 52 54 31 39 36 67 43 36 80 21 97 64 44 43 54 96 90 12 90 91 94 16 98 71 50 80 30 29 19 74 26 32 92 88 70 27 13 22 96 74 2 51 90 56 38 10 79 89 13 64 40 9 75 28 70 87 32 23 95 27 40 33 28 42 44 50 96 94 13 5 75 78 47 28 71 93 8 88 2 20 6 32 8 3 0 6 100
39 42 65 83 42 88 100 26 25 50 89 44 40 65 24 62 90 43 19 4 51 43 78 21 4 65 7 72 80 70 73 96 3 18 60 6 60 5 22 99 7 18 69 4 2 68 48 9 32 48 29 1 66 13 49 36 31 37 47 51 85 85 6 84 90 31 28 26 3 13 89 11 88 48 85 94 81 12 75 19 70 94 97 85 61 36 34 45 38 87 83 60 80 53 62 44 13 66 5 34 66 6 20 100 39 21 3 75 82 77 42 84 47 42 94 22 39 52 44 43 28 41 13 61 84 15 1 16 14 31 88 93 31 74 34 17 84 15 60 13 35 58 65 77 19 34 85 70 48 14 29 28 64 31 96 61 16 86 5 69 49 7 18 77 36 56 59 50 64 72 41 29 91 19 92 6 81 10 9 98 97 19 69 85 60 82 76 58 75 75 41 15 79 17 90 40 47 76 58 20 28 66 2 92 68 14 1 1 85 31 84 13 0 1 77 41 8 91 46 54 71 5 58 11 36 34 25 92 77 95 15 23 18 55 14 2 25 76 2 69 63 20 61 55 23 49 45 18 75 70 11 14 5 37 49 23 0 16 85 22 18 83 7 77 44 58 98 87 90 52 61 60 46 95 48 22 99 35 36 48 20 75 24 57 15 92 70 15 43 23 79 17 35 80 83 33 30 82 88 25 47 25 97 3 78 20 44 59 82 80 92 56 46 38 91 17 57 29 27 47 79 21 34 92 91 41 46 16 19 80 83 3 68 46 2 85 60 31 42 62 34 52 34 6 93 69 6 11 82 78 76 10 44 51 13 96 7 25 96 76 74 82 70 49 13 40 2 16 5 88 7 88 81 50 70 37 61 4 3 95 58 20 94 43 1 5 75 69 24 69 59 88 42 25 94 87 10 57 17 53
92 20 36 61 52 68 24 42 66 86 28 89 28 33 81 65 97 55 33 63 24 75 40 91 79 85 34 25 5 59 20 66 84 39 32 66 58 60 79 86 49 56 81 52 38 30 71 89 61 30 40 79 18 64 7 44 68 4 36 39 4 20 85 1 20 97 19 34 66 42 30 64 25 59 79 72 32 56 12 28 68 77 100 9 18 18 68 20 61 85 14 76 46 60 7 63 38 77 71 61 27 37 44 80 16 42 36 39 7 65 4 54 70 2 21 27 59 10 76 70 96 33 12 96 23 85 0 41 9 61 47 26 14 49 46 38 98 80 28 62 3 64 29 62 81 92 32 91 9 78 43 2 51 93 100 35 83 45 50 83 98 47 89 45 41 25 5 44 88 99 6 48 3 86 66 84 80 100 29 13 24 70 94 29 63 49 0 51 90 20 9 31 12 18 76 7 95 37 90 83 28 1 80 48 38 23 95 39 39 58 60 68 17 44 46 80 12 58 27 53 79 22 74 83 89 41 23 22 26 54 4 98 39 98 26 56 23 47 81 66 42 76 43 72 1 28 52 56 52 87 26 12 14 16 55 54 23 31 26 31 40 91 58 86 1 46 82 46 33 96 76 28 43 81 79 15 49 75 3 25 64 73 7 36 20 35 64 37 7 75 32 84 66 57 31 74 27 33 90 81 31 89 48 64 85 58 50 3 57 79 100 69 49 43 9 53 57 1 23 68 37 85 34 86 99 29 51 32 46 44 95 69 8 91 60 31 66 72 55 50 3 84 34 91 6 35 52 38 5 45 97 9 4 73 34 4 87 89 91 86 75 84 9 2 36 6 33 32 85 38 19 33 40 12 56 74 30 41 94 9 32 41 2 87 20 52 7 60 42 30 9 79 13 11 56 59 55 41 65 37
4 79 3 68 42 19 87 37 88 18 82 81 19 58 8 11 16 92 82 51 20 78 25 18 42 55 18 30 23 77 96 66 52 66 36 72 26 37 74 20 31 15 82 65 37 16 43 97 89 95 25 32 65 11 6 64 62 74 56 75 12 87 59 92 7 61 93 42 82 92 53 87 89 86 25 79 3 9 79 60 87 23 51 35 52 48 80 24 38 13 15 74 71 19 98 10 67 38 78 15 8 63 59 11 31 87 29 35 56 79 72 70 72 81 45 3 41 76 26 32 33 75 97 90 94 20 3 29 23 84 70 67 0 37 75 89 64 39 7 63 48 63 4 80 63 64 90 100 24 50 97 46 88 26 44 57 43 89 96 26 18 87 79 12 11 100 94 26 20 7 18 4 27 47 61 93 26 50 44 25 27 51 2 26 46 9 28 94 20 72 72 62 53 41 31 59 85 48 12 24 61 51 8 71 63 19 86 3 22 3 44 4 47 33 64 67 78 59 83 2 32 33 24 83 17 59 49 0 12 72 82 55 77 50 4 40 6 2 3 76 2 21 14 12 87 65 50 14 96 36 35 62 29 99 98 2 59 34 36 43 60 16 74 74 57 59 0 87 65 58 87 93 77 98 16 14 97 16 1 22 100 69 13 79 61 54 88 96 8 28 36 78 27 52 80 8 6 99 48 65 12 51 64 43 1 62 25 99 38 67 15 95 47 25 90 27 95 53 82 85 78 93 79 49 28 50 39 60 50 78 12 21 7 91 11 31 40 7 22 49 47 46 33 34 5 95 53 42 49 39 17 38 82 95 33 96 85 27 100 11 72 30 20 62 43 33 88 95 35 64 97 17 12 41 98 39 87 84 57 48 34 51 59 99 54 7 86 3 66 37 95 82 16 92 51 59 38 79 42 89
38 37 86 87 56 31 19 55 45 100 22 79 52 59 8 83 79 81 54 15 4 10 76 77 14 84 3 68 48 58 95 35 41 43 78 63 20 1 77 3 47 41 93 40 37 93 54 9 22 49 95 18 64 62 12 92 82 56 47 68 41 40 52 88 47 68 48 89 82 85 11 87 59 31 89 43 46 16 82 10 73 30 26 70 74 18 72 61 51 39 80 94 33 40 56 30 13 63 90 96 82 94 5 52 65 63 39 61 1 42 40 53 68 41 19 17 45 59 64 7 0 7 57 73 85 88 94 78 77 47 56 19 69 17 97 54 16 58 22 0 87 0 19 7 97 53 8 2 7 24 99 4 81 89 27 50 21 48 89 76 5 65 94 46 44 97 17 90 92 46 17 38 38 8 96 5 14 70 49 58 64 85 41 52 31 57 81 31 12 55 45 54 31 13 24 62 85 5 50 11 57 78 16 11 16 50 63 29 3 8 11 79 6 53 66 46 13 83 41 14 43 0 30 48 5 23 73 15 68 24 74 31 14 39 53 17 0 0 41 74 63 82 5 37 20 51 63 12 49 68 58 3 93 71 70 69 75 75 73 32 86 13 19 54 75 57 64 86 40 0 78 29 4 44 60 41 10 38 25 94 72 50 80 34 34 13 66 26 71 87 32 84 79 59 75 61 92 88 72 64 15 69 87 26 71 38 10 95 10 90 99 76 41 38 15 9 26 4 36 1 97 15 71 43 43 99 78 66 22 88 10 9 31 82 11 92 27 58 7 22 90 90 55 53 43 63 17 91 36 62 21 83 96 3 13 43 81 68 1 71 54 47 13 93 39 58 13 11 87 50 62 96 31 76 86 22 20 15 26 98 99 7 6 1 70 53 24 67 100 9 29 55 74 10 18 44 86 90 48 80
1 11 69 99 70 25 57 66 48 28 69 34 95 7 45 91 100 21 25 29 13 32 79 49 0 57 97 23 90 80 61 99 100 94 90 81 20 88 75 18 73 37 83 61 79 38 2 60 58 25 15 19 72 42 90 25 96 91 9 72 3 11 86 69 88 59 7 65 37 10 13 60 71 74 73 53 77 45 39 55 90 38 24 42 37 57 8 66 58 34 18 87 84 15 94 88 79 88 7 7 90 20 94 67 85 24 35 31 80 48 75 69 79 85 93 74 5 84 17 62 95 88 58 23 99 98 0 33 50 31 87 14 56 57 33 39 0 61 27 58 89 31 55 28 84 37 52 38 44 30 32 55 71 42 93 98 97 42 62 17 33 85 51 96 8 83 48 32 16 91 7 18 92 52 4 81 35 51 97 12 38 68 62 33 48 0 94 66 41 75 54 89 28 87 57 56 29 41 70 25 93 64 41 51 45 54 47 27 28 54 7 19 60 43 12 72 59 95 59 53 9 8 43 73 6 16 20 37 52 82 42 77 85 2 4 97 45 14 41 77 56 96 72 22 17 99 25 15 16 74 79 7 26 64 86 9 65 35 43 86 64 95 89 9 69 39 29 21 30 64 35 78 83 91 21 1 75 17 53 48 36 15 57 93 88 22 16 21 3 88 64 1 50 18 76 25 18 29 30 24 74 90 94 5 48 33 69 2 36 52 87 36 13 100 30 12 14 93 52 44 78 83 84 13 34 12 65 10 21 27 62 76 72 45 75 12 31 20 71 92 92 98 7 60 61 95 63 69 37 74 21 50 66 37 43 76 37 84 20 47 35 37 76 7 33 100 79 15 66 91 43 54 83 42 29 49 44 87 87 5 88 3 69 37 27 32 97 43 90 19 40 59 8 39 84 53 72 98 99 32
78 11 6 94 40 66 75 58 24 100 34 18 73 37 37 11 45 61 100 26 63 44 45 90 9 26 45 100 63 40 3 76 23 1 47 94 76 61 44 17 62 22 67 36 8 92 13 42 74 16 63 16 97 21 82 73 62 62 49 32 91 63 78 47 51 31 93 9 99 55 23 28 97 21 100 37 38 49 52 36 40 17 62 82 96 36 19 53 90 74 97 55 11 84 90 20 59 17 33 44 45 66 73 89 6 25 91 43 14 83 40 23 62 23 75 39 81 60 25 20 36 34 18 35 87 61 0 98 18 71 63 85 87 65 95 8 66 5 24 30 41 13 81 91 8 87 29 59 83 91 75 31 5 40 75 65 7 0 12 48 23 19 56 75 43 7 35 62 0 52 5 69 68 20 76 54 80 25 1 7 32 92 91 4 52 87 100 15 61 91 19 62 6 78 29 57 100 41 30 81 20 78 71 28 72 29 7 22 3 96 95 60 15 84 19 68 52 75 28 63 59 14 100 8 44 8 83 76 27 93 23 34 14 74 34 36 12 73 83 92 78 54 11 47 89 93 18 33 25 79 33 59 97 68 91 55 77 35 89 58 4 18 3 96 20 19 39 98 13 46 3 68 86 93 18 22 93 19 77 25 100 62 92 90 62 42 73 95 51 98 46 85 30 12 73 34 82 61 12 75 34 25 59 12 46 0 100 6 71 61 75 62 74 57 91 32 61 84 93 89 19 4 100 76 58 8 61 11 9 44 72 90 49 90 81 89 1 46 96 35 2 85 35 4 11 3 4 79 35 24 71 21 56 83 14 44 96 55 8 28 83 16 100 76 85 99 51 1 51 13 23 81 16 45 38 48 32 69 2 75 59 16 32 34 22 2 2 67 1 56 7 58 55 1 77 21 69 53 35 96
3 96 57 58 22 99 75 84 65 94 33 14 90 43 56 37 11 25 23 63 19 92 25 52 60 65 83 36 75 43 45 15 36 56 53 66 76 51 92 35 87 20 71 15 71 54 86 54 53 92 61 17 99 75 98 30 99 34 31 82 48 44 51 61 55 21 63 29 56 95 80 5 76 89 70 23 11 59 66 11 20 54 3 20 3 62 52 84 1 6 38 37 94 72 64 47 20 15 57 94 31 10 21 70 73 67 23 29 57 27 83 57 7 56 30 56 83 41 98 48 9 15 54 2 68 33 72 73 66 28 90 57 73 83 65 0 8 46 40 53 2 87 23 54 47 92 67 73 70 34 40 75 34 33 36 40 80 92 44 51 98 61 54 80 95 83 54 23 48 83 48 49 40 94 50 27 13 84 64 86 16 5 70 45 87 82 91 66 95 16 49 23 46 56 29 64 14 6 0 63 76 65 93 13 73 78 65 13 80 75 93 17 43 22 50 97 25 23 75 5 66 55 66 35 0 86 25 15 25 24 88 32 61 91 63 84 7 88 16 1 77 80 46 29 16 21 41 90 52 20 23 18 44 94 27 88 8 58 26 87 7 36 50 93 31 72 31 68 56 82 64 72 86 64 19 34 0 92 6 15 79 68 85 62 99 95 14 71 18 27 38 10 21 57 7 82 15 25 27 93 5 15 88 72 27 58 35 28 7 65 64 62 45 100 13 37 77 32 66 100 35 38 20 64 99 48 63 9 83 54 56 64 61 6 82 87 93 36 17 51 68 5 36 26 17 45 4 25 83 31 37 34 96 80 44 98 48 83 55 18 17 57 50 92 98 50 4 4 85 11 49 13 62 98 2 37 44 42 82 22 45 84 13 28 70 10 2 8 75 25 58 5 73 58 14 13 6 80 20 80
21 89 2 54 79 88 57 69 35 65 62 76 66 51 89 43 100 96 3 46 45 37 18 38 32 10 64 27 1 80 26 10 10 68 82 2 46 75 78 59 100 36 94 78 78 37 32 1 58 7 21 53 40 97 95 24 27 93 38 12 41 22 17 53 21 84 34 19 41 31 19 61 43 96 59 11 67 79 58 17 41 39 79 84 79 3 95 0 50 78 54 33 50 34 28 29 39 8 43 68 97 16 7 80 8 56 97 36 20 95 79 62 14 56 11 57 57 22 32 48 74 19 88 24 15 28 45 48 31 10 14 94 67 19 61 92 37 25 61 0 100 52 90 82 85 16 10 90 1 17 6 71 92 91 98 34 52 69 63 18 68 93 50 97 43 71 5 90 1 96 56 33 63 15 34 93 47 33 56 59 85 6 12 9 67 61 79 80 72 33 65 75 11 97 66 64 2 14 44 46 91 38 46 76 52 78 19 75 26 77 64 57 98 86 85 67 58 54 39 53 25 22 18 56 36 92 32 24 96 73 29 12 86 60 92 32 41 51 65 87 82 90 65 17 8 0 86 81 61 1 51 23 3 94 20 64 9 95 73 78 64 1 19 84 92 59 77 23 52 9 99 50 93 39 26 99 10 51 2 18 43 81 11 22 95 7 6 35 15 89 36 56 15 0 87 49 26 37 12 5 47 30 54 86 20 30 90 68 74 86 2 92 11 63 40 89 0 2 42 96 64 37 7 2 98 85 42 9 61 80 11 28 63 28 69 73 100 61 77 68 38 83 18 87 31 20 24 99 73 20 38 62 43 94 39 10 15 91 3 69 42 18 14 82 29 13 90 90 53 90 66 25 79 8 53 85 31 80 9 97 73 70 43 96 62 68 54 89 40 6 35 40 98 0 54 0 48 99 78 13
23 55 54 35 58 23 63 38 51 20 97 67 76 13 11 46 16 78 42 65 19 74 28 93 89 13 47 36 18 58 54 74 86 77 1 72 11 38 68 77 11 4 13 90 32 28 11 11 92 51 34 67 41 38 26 37 60 36 12 78 97 83 47 21 96 20 32 69 5 30 56 97 32 5 25 58 54 72 63 99 95 91 74 24 18 92 56 54 91 77 24 93 69 48 15 49 42 73 52 86 34 31 85 94 11 78 92 5 23 100 31 67 10 88 81 48 84 41 87 11 19 21 57 4 97 63 26 29 25 61 67 47 35 68 65 21 40 8 25 53 37 90 2 17 65 40 61 31 85 32 36 12 6 39 83 93 26 6 57 62 31 25 60 93 52 82 66 11 24 31 71 24 0 87 65 97 99 28 84 84 50 62 31 85 67 58 97 17 93 34 20 72 39 29 35 20 40 83 67 46 9 50 18 67 65 62 37 86 20 86 32 15 45 15 15 31 11 35 82 97 33 25 82 29 98 31 46 67 50 94 23 92 21 39 43 41 60 45 72 35 20 57 44 1 82 87 73 72 85 82 96 78 6 25 12 25 87 87 94 79 19 63 60 52 99 11 25 15 54 35 85 30 80 46 98 45 16 93 85 4 0 82 39 35 5 59 6 99 88 80 38 53 93 45 95 20 25 5 79 44 33 58 16 22 70 14 90 93 81 21 88 86 84 92 55 88 9 94 88 7 59 89 8 30 44 81 26 36 66 32 51 17 93 92 13 31 1 74 15 29 65 21 41 52 100 54 89 61 14 23 86 25 36 92 64 15 13 51 42 48 31 85 80 38 5 18 33 90 65 47 19 100 49 27 53 26 45 26 48 97 95 96 23 95 72 97 42 22 33 35 99 0 49 92 47 6 54 33 32 13
86 32 78 53 79 20 8 64 91 13 83 27 4 74 1 81 45 3 55 55 40 15 22 100 84 70 58 11 42 95 77 71 63 27 33 40 22 53 41 32 41 59 50 65 56 33 68 11 78 14 62 97 41 70 76 31 93 33 83 74 65 85 50 67 86 5 8 35 6 75 26 49 91 86 51 97 95 72 91 64 91 83 66 12 69 3 43 50 82 88 6 82 55 91 89 60 9 41 46 96 56 37 8 62 48 47 91 55 27 1 60 43 18 75 24 89 45 14 70 3 91 48 52 12 51 99 29 59 60 42 28 16 29 37 14 88 71 74 36 18 55 22 95 79 48 51 45 24 97 62 20 26 83 51 19 16 8 55 34 97 54 60 6 36 12 98 60 76 66 47 72 14 84 58 55 5 29 91 10 55 27 82 49 10 99 9 97 61 10 34 87 96 25 19 79 97 34 31 26 0 68 29 6 57 77 3 84 34 23 74 19 94 48 32 27 45 95 82 72 82 63 71 94 70 90 25 46 48 61 41 54 89 89 99 79 24 70 14 48 88 44 67 85 77 47 94 59 23 77 6 13 0 91 81 95 22 71 68 39 81 83 57 32 51 26 43 47 18 39 36 23 23 63 32 71 12 55 44 100 19 69 64 30 10 22 5 91 1 22 42 19 28 18 89 42 58 4 19 59 100 87 31 46 3 13 53 28 40 89 8 88 56 95 83 96 55 81 61 100 22 52 76 75 99 95 59 2 97 1 38 41 18 72 95 28 26 82 1 25 24 77 84 36 74 81 66 43 60 60 0 78 69 26 35 23 70 65 18 83 22 30 62 69 17 53 13 51 49 15 94 54 90 6 8 84 92 21 38 30 21 14 31 83 2 35 100 64 39 81 33 21 5 68 95 12 80 22 16 36 66
9 81 76 8 46 69 4 65 18 4 14 9 97 68 60 27 15 68 51 58 73 74 54 72 33 1 46 5 79 0 91 77 15 82 79 62 81 12 69 67 49 58 100 47 8 0 0 55 36 29 30 21 56 42 56 37 76 63 28 38 0 63 89 32 77 51 12 5 18 25 42 1 15 18 57 87 42 49 3 94 17 99 10 69 93 73 31 70 90 98 43 1 86 66 72 32 74 7 4 95 81 84 66 80 79 85 38 67 52 31 87 31 96 23 78 71 2 75 29 6 92 16 6 19 53 82 71 75 71 62 71 5 37 57 35 3 94 54 55 9 69 76 67 84 97 67 36 78 84 84 2 73 63 0 10 38 29 49 31 34 6 37 100 72 8 14 29 92 28 58 81 16 5 48 62 36 94 4 66 96 89 22 28 85 66 84 4 69 76 90 54 82 92 60 78 52 32 4 85 1 57 98 94 90 58 50 17 86 90 12 30 50 0 26 47 86 0 3 71 70 24 57 71 84 67 80 39 46 79 48 77 49 60 56 100 95 56 86 58 75 99 11 76 100 90 55 31 72 63 93 90 77 68 19 1 3 72 98 20 17 30 45 60 4 82 53 48 0 83 37 51 54 76 42 77 73 97 18 15 20 54 63 52 74 14 75 40 78 26 25 83 40 69 70 42 5 75 28 80 15 5 40 51 14 22 43 80 83 41 48 73 10 71 70 64 75 49 73 48 88 53 85 8 75 25 14 100 88 35 12 93 57 48 99 29 6 23 50 29 16 51 3 85 80 44 68 42 100 26 27 76 31 39 38 26 36 7 67 5 53 63 56 46 4 46 91 34 84 36 39 69 8 19 54 65 90 4 26 100 80 40 34 4 84 12 53 37 85 25 30 88 17 84 52 10 90 5 82 9 69
43 88 39 48 46 48 58 47 70 89 24 38 5 60 97 77 2 66 36 41 87 69 37 37 19 48 4 41 15 52 91 32 6 23 48 87 28 14 29 82 96 28 53 69 28 25 82 96 6 71 71 79 23 77 96 43 45 35 23 22 38 60 4 47 12 34 57 34 9 52 43 18 93 13 78 98 65 52 35 74 56 32 72 84 73 91 52 63 98 65 94 34 10 74 80 46 60 95 50 8 71 70 39 50 23 0 78 15 8 42 21 12 77 27 32 55 42 9 29 38 78 92 74 16 17 29 29 16 84 19 73 17 26 22 52 38 4 55 91 92 84 43 50 4 95 73 89 23 25 83 76 43 57 36 99 72 7 32 82 59 59 93 50 4 28 39 73 93 0 5 42 37 14 9 11 29 67 42 71 72 17 56 87 44 83 26 96 81 66 30 39 64 31 50 23 11 71 63 93 61 7 86 19 39 0 9 73 94 54 81 18 28 95 34 75 41 13 81 30 1 91 19 70 53 30 76 33 29 87 83 30 95 18 0 56 53 29 20 90 71 27 34 17 1 4 73 17 42 30 41 38 55 79 32 50 25 62 98 86 88 100 89 54 57 57 89 63 22 45 55 37 43 20 94 51 7 38 10 54 99 46 0 68 62 41 56 21 20 12 97 17 74 24 46 40 79 96 61 2 64 30 62 62 84 89 83 16 66 73 65 92 11 73 96 27 74 73 74 3 20 15 82 79 88 13 54 25 39 45 72 83 52 74 67 73 11 1 9 40 32 48 26 78 76 58 59 16 48 45 48 64 63 80 7 63 13 86 44 1 20 46 3 32 28 80 38 2 57 52 99 18 38 67 87 92 90 29 39 22 82 14 8 78 88 76 56 35 45 69 10 66 100 18 84 42 59 2 62 10 24
72 81 1 32 42 97 3 70 8 13 74 66 89 72 19 48 79 13 65 22 60 45 39 87 77 62 96 83 78 50 1 93 3 43 26 27 87 16 94 91 16 93 40 52 49 42 38 44 10 27 93 27 51 82 43 59 49 21 25 62 55 95 44 0 23 54 18 34 50 59 11 40 24 84 87 24 54 78 57 27 72 59 89 100 59 87 81 0 83 37 74 78 48 27 27 22 59 9 54 32 67 1 3 2 73 66 5 28 41 49 76 31 21 12 34 16 40 100 75 0 93 36 38 86 3 50 83 61 79 33 19 65 62 50 20 45 81 60 12 31 94 44 65 76 14 97 23 18 24 98 66 71 84 80 62 73 36 72 8 55 12 0 73 86 64 19 14 82 56 43 6 20 2 72 34 67 96 46 28 22 96 0 71 17 16 57 7 93 14 86 97 36 87 11 45 85 0 4 39 34 25 40 48 19 33 19 66 55 28 32 18 94 47 100 83 59 36 90 86 66 36 49 69 18 6 80 0 44 30 93 20 18 95 62 4 52 97 95 74 60 47 17 39 93 44 80 59 76 82 40 84 79 43 91 16 62 62 66 80 43 98 44 50 79 73 6 95 69 42 87 67 81 31 6 0 60 11 38 73 55 60 32 11 94 84 79 59 54 9 67 80 45 54 19 41 22 80 82 99 20 52 13 28 64 100 4 80 62 7 49 46 47 17 15 37 9 58 8 15 20 54 27 23 85 18 68 27 16 24 87 78 80 38 22 20 80 70 66 18 42 33 49 15 53 5 38 3 83 63 71 17 93 95 42 95 47 36 99 85 61 54 76 74 13 85 10 69 39 20 41 85 21 82 53 66 51 21 93 61 36 82 94 47 50 71 47 95 30 69 50 91 36 81 30 68 11 68 79 59 1
12 73 96 9 26 71 5 57 97 37 78 72 19 72 67 38 14 91 89 12 72 45 46 74 35 0 81 5 65 57 89 36 3 3 86 4 3 49 51 85 88 67 36 70 84 95 88 10 19 40 35 14 72 67 18 12 85 40 48 30 79 77 24 26 70 77 98 84 56 61 6 0 94 47 23 73 36 92 0 12 43 69 57 92 73 5 96 89 57 55 20 97 72 89 76 30 11 60 91 45 37 27 61 27 99 96 97 95 23 93 4 11 28 89 67 39 21 8 95 78 45 49 90 15 6 18 79 3 27 51 35 79 30 35 0 56 43 29 31 70 67 31 49 86 57 58 59 26 29 54 33 16 33 82 13 21 66 17 74 49 24 72 21 62 37 4 67 57 66 100 99 82 62 86 72 97 42 63 49 95 91 95 88 9 25 6 34 16 55 98 96 31 46 52 48 70 10 90 35 69 48 15 80 44 37 69 25 65 14 92 35 41 61 10 86 6 44 25 65 75 100 6 26 98 67 48 30 85 5 56 80 67 2 79 29 54 29 78 36 65 41 76 51 98 91 71 55 59 51 98 52 40 80 98 87 37 62 27 75 33 93 100 47 22 28 87 55 92 82 13 87 68 61 95 28 78 67 44 63 9 14 65 96 18 19 76 2 77 35 54 58 3 31 26 83 67 7 51 54 48 29 90 68 66 37 60 6 13 94 82 59 49 31 61 89 91 37 26 2 84 37 23 43 63 7 87 62 16 20 55 33 70 0 21 28 51 23 33 22 89 46 81 76 47 100 24 35 97 81 81 49 15 76 46 73 16 27 20 30 24 63 20 28 96 26 8 38 45 11 4 93 81 29 49 63 29 15 63 24 39 24 60 44 16 60 3 40 71 51 1 19 9 10 6 86 12 59 10 20 46
98 63 20 44 62 31 2 24 21 71 86 0 15 61 48 69 0 88 51 26 57 35 39 80 51 68 40 92 97 59 32 87 71 7 28 65 37 34 47 84 26 23 72 52 27 30 13 29 71 81 49 8 2 61 61 88 75 7 15 70 83 63 33 82 87 93 72 95 4 82 17 92 5 100 100 32 7 18 40 1 48 60 75 48 40 42 84 22 30 61 76 100 40 57 63 81 66 34 23 31 36 64 5 84 96 8 39 67 38 59 30 48 90 58 17 67 20 71 75 31 98 16 35 15 78 16 83 72 76 33 89 57 83 40 36 90 48 48 32 32 92 24 55 59 86 25 4 44 28 11 72 2 35 17 60 84 75 42 17 66 69 48 75 28 57 93 16 66 48 63 91 76 1 46 78 91 91 18 45 34 10 77 72 79 64 38 42 34 40 59 78 26 53 25 88 19 12 50 58 98 88 4 28 75 6 53 1 73 20 69 54 98 5 74 13 90 81 49 23 55 70 13 17 42 2 36 32 4 73 87 9 71 41 56 2 2 54 21 88 50 83 4 3 81 65 21 43 8 7 4 74 25 4 37 54 56 67 88 70 56 40 72 94 65 25 40 36 38 22 78 54 48 52 88 27 39 40 35 56 49 88 38 55 9 38 58 26 41 61 75 66 16 99 67 53 30 84 35 10 80 41 64 44 28 52 25 98 92 17 11 17 73 66 88 47 28 16 12 84 56 59 70 68 59 47 48 35 2 89 74 37 79 100 41 94 26 32 57 94 63 61 34 8 74 63 17 90 21 79 95 23 40 95 23 31 65 84 99 62 85 89 100 4 69 96 94 61 45 14 80 40 91 53 93 15 69 24 50 68 43 10 6 38 87 92 82 71 65 85 27 9 87 6 4 88 97 55 58 51 66
17 87 51 11 84 5 37 37 89 35 94 24 42 69 8 64 94 80 54 17 10 88 81 94 26 85 79 4 25 71 77 23 32 64 50 70 33 84 75 66 80 62 14 41 62 41 86 10 2 89 9 79 12 61 23 76 94 26 75 5 48 84 46 53 87 51 49 74 9 98 44 21 51 79 22 51 4 44 80 87 52 85 100 28 64 37 60 16 27 7 53 85 50 3 61 5 56 48 76 92 31 39 46 3 74 41 29 16 92 8 12 2 97 72 98 48 80 68 3 2 85 33 72 18 75 27 9 36 81 15 94 44 93 73 3 79 87 43 75 10 8 69 67 18 46 6 52 56 69 7 22 35 71 55 100 72 97 9 6 17 74 0 66 53 35 14 82 52 21 82 69 66 6 76 65 33 75 61 47 35 99 48 58 83 45 0 66 43 53 20 52 36 69 68 8 92 50 38 94 72 91 60 100 19 45 66 51 86 54 45 52 76 51 62 27 61 94 3 1 25 64 76 82 22 8 59 90 18 13 2 34 63 60 43 62 44 51 27 47 16 45 24 54 33 89 91 48 6 2 41 46 12 98 18 66 30 3 76 18 13 84 24 33 56 47 62 24 89 10 17 43 32 93 10 96 14 4 79 25 51 73 35 51 17 11 51 32 66 48 14 3 28 30 30 39 36 49 2 32 27 31 80 51 53 4 73 18 21 81 76 83 19 79 9 4 47 37 34 60 39 61 83 19 45 71 86 46 14 88 0 68 30 82 36 87 61 47 79 2 40 59 41 95 55 85 22 89 1 44 64 14 18 69 86 53 54 49 10 5 97 99 49 89 74 33 61 37 95 19 52 26 14 1 92 52 32 95 7 30 5 76 58 93 30 26 66 6 46 36 87 96 45 39 50 3 30 29 51 81 8
34 47 30 65 74 20 13 38 21 2 4 99 98 78 51 12 35 73 6 97 43 23 17 39 78 46 66 1 71 39 80 10 8 90 3 33 92 59 43 53 88 27 65 23 44 47 15 23 75 85 83 24 51 40 82 65 14 50 64 72 14 1 8 16 6 16 46 69 80 44 18 10 12 25 69 62 47 48 96 2 14 34 1 79 33 10 69 61 42 44 8 80 29 82 78 69 49 59 33 36 66 76 75 63 75 95 66 41 62 67 78 17 2 4 23 72 81 35 37 63 31 48 71 9 13 47 46 18 20 41 33 22 79 18 81 3 24 80 55 5 10 33 90 64 60 47 81 54 53 65 17 64 92 4 8 43 33 71 78 2 4 22 71 0 8 5 54 42 26 13 67 29 91 5 55 30 52 41 59 85 66 70 81 64 6 40 62 55 76 1 31 24 53 19 37 25 86 97 75 37 17 27 66 74 25 5 25 23 94 7 99 80 41 38 75 18 18 58 13 2 91 24 20 63 21 95 49 62 68 96 100 37 40 60 52 9 86 87 16 69 19 4 24 24 64 84 98 57 51 80 18 2 52 51 89 97 30 64 85 79 1 78 53 69 48 9 73 35 94 85 77 25 10 82 9 72 3 42 10 18 31 62 5 44 83 38 80 19 56 95 26 51 59 85 6 35 88 63 61 75 91 59 99 2 82 0 18 88 14 43 94 51 74 10 13 90 39 80 89 41 4 48 73 84 39 40 90 59 92 68 31 21 11 18 90 44 59 79 94 90 36 78 20 94 37 85 27 18 62 82 93 48 25 9 93 22 49 17 1 1 38 14 49 80 87 21 48 63 69 56 88 40 21 69 33 5 82 4 77 45 86 11 51 63 30 23 1 97 55 92 92 61 100 39 96 47 57 97 32 72
34 86 65 2 36 73 40 50 41 41 36 46 26 94 77 37 57 4 15 35 92 70 1 8 32 39 0 59 99 1 29 15 0 3 58 99 14 59 40 0 26 47 52 93 93 12 95 7 60 88 0 75 80 35 15 0 49 48 55 43 74 35 45 79 78 89 67 92 78 10 15 81 93 0 22 37 43 40 75 24 93 69 96 2 0 13 40 76 12 14 61 80 66 86 75 20 52 2 19 44 11 26 75 82 89 35 74 62 85 25 100 32 75 58 48 26 31 79 38 32 71 33 39 38 58 23 12 1 89 23 44 12 50 43 5 45 79 70 71 89 49 16 48 71 75 93 3 34 16 64 47 9 75 98 28 100 89 85 99 70 7 16 46 66 98 0 45 51 33 69 31 3 88 65 76 60 48 48 94 8 27 42 82 80 3 82 52 98 59 45 95 97 49 1 19 71 30 17 94 17 100 80 29 65 50 1 66 81 82 15 89 64 93 80 34 90 31 2 93 17 80 31 43 78 86 10 38 7 81 95 82 62 42 74 31 72 6 10 35 94 41 76 94 22 69 27 32 12 16 22 34 37 14 25 47 96 4 49 89 33 55 55 98 95 1 36 33 89 80 82 98 32 92 49 27 21 30 53 29 53 50 31 35 47 99 67 49 39 37 80 1 60 16 45 81 80 30 28 39 19 3 47 66 34 96 28 87 69 64 91 60 8 57 13 37 2 22 70 44 89 96 53 30 22 100 72 96 82 97 41 8 37 56 29 43 89 2 41 33 64 1 79 22 14 86 51 37 25 46 75 79 28 19 40 81 69 89 19 20 92 22 55 41 98 54 76 97 32 9 10 71 65 93 63 82 63 21 22 35 81 53 43 18 53 31 99 43 75 30 18 12 95 97 28 30 96 10 68 13 24
97 97 89 54 34 50 88 4 34 54 44 97 99 0 19 40 93 10 6 45 51 94 35 75 98 27 91 56 94 34 100 79 1 72 15 77 77 83 60 30 25 52 4 17 94 31 18 47 0 92 3 68 37 50 11 93 74 12 46 35 8 58 1 38 38 83 42 46 87 85 47 2 30 20 98 37 86 10 21 67 4 12 71 80 30 16 63 63 40 29 4 79 51 31 100 3 29 14 78 16 62 82 8 18 40 2 69 7 14 66 29 95 0 11 86 62 13 47 36 56 14 13 87 49 52 59 21 55 7 17 34 3 48 63 30 98 26 20 16 51 52 92 94 95 94 38 75 34 82 16 49 35 6 97 54 100 72 28 63 61 48 93 33 64 53 42 91 99 82 32 41 31 96 7 81 55 44 11 66 39 69 10 100 82 74 48 26 41 48 54 51 89 46 76 2 82 26 2 71 3 29 2 36 0 4 72 5 3 7 11 78 73 92 27 33 38 92 56 14 61 32 11 65 64 84 52 39 79 35 73 3 3 61 19 32 57 37 68 2 19 94 55 89 11 57 31 30 72 14 56 43 95 0 67 39 62 69 54 81 79 29 8 50 38 62 60 19 72 38 95 74 29 3 71 40 91 76 20 63 0 64 100 6 14 58 22 63 18 75 50 71 84 78 32 42 95 60 26 43 72 98 88 35 26 56 99 70 99 5 4 23 67 11 40 71 80 9 77 56 46 31 26 98 91 49 41 73 42 84 17 14 66 67 32 94 49 55 91 18 61 66 90 40 70 5 4 79 65 68 42 70 21 38 44 29 45 13 59 61 60 12 38 21 5 26 93 76 97 70 59 21 89 3 74 93 77 75 13 12 62 44 26 41 31 62 0 68 48 76 96 99 48 75 61 8 75 60 61 17 90
86 9 4 54 86 4 65 42 93 35 75 94 98 28 34 36 94 21 33 99 30 71 44 4 34 69 4 15 6 24 12 28 37 35 97 31 89 47 36 72 15 98 74 27 100 69 88 89 13 94 47 44 27 43 38 61 68 71 70 91 3 24 19 49 51 78 12 14 69 26 35 70 79 20 41 86 95 52 61 58 56 53 45 38 88 5 10 11 14 22 67 27 43 59 48 47 77 97 57 26 42 29 24 10 71 94 5 82 87 85 42 55 62 57 49 7 72 27 79 43 10 44 31 55 6 95 40 27 21 52 38 43 81 57 92 7 41 54 65 87 19 98 28 40 94 64 57 32 27 69 43 5 88 7 0 63 29 42 100 75 80 96 49 57 75 58 61 81 85 54 75 2 51 32 67 55 100 92 99 99 25 24 76 53 21 28 22 32 73 12 85 31 3 62 29 72 45 51 21 47 46 63 97 18 68 88 57 75 91 51 48 59 6 78 24 67 49 7 68 75 21 13 92 15 44 95 30 89 50 16 36 27 61 90 91 16 14 100 31 16 35 46 44 25 37 80 33 51 94 10 84 16 77 90 61 36 91 65 85 83 100 30 88 75 61 46 18 7 82 36 90 34 37 65 27 84 59 34 62 46 0 34 59 95 11 16 75 32 47 98 71 16 10 14 31 51 98 87 80 40 6 6 17 87 18 12 0 87 2 18 72 5 96 85 31 19 10 71 38 64 84 52 48 76 91 95 68 54 86 16 37 38 68 99 95 95 2 83 44 80 83 89 5 25 58 22 79 25 84 71 37 94 59 46 62 52 86 46 47 25 3 24 65 4 24 82 23 65 6 28 63 37 52 83 76 64 92 99 23 44 56 42 14 62 83 16 60 76 42 58 44 92 38 73 15 65 100 48 3 24
2 41 15 21 57 57 19 52 86 27 31 43 49 13 75 50 24 95 89 43 25 48 89 30 25 2 76 0 24 33 40 37 14 42 22 84 90 32 0 66 85 4 59 67 63 63 60 1 82 84 94 97 13 80 20 95 28 63 63 69 31 5 83 52 14 40 99 72 0 33 35 80 5 10 90 100 72 55 4 4 63 60 67 57 78 0 36 81 72 26 64 78 0 44 78 80 46 84 43 89 45 73 45 76 53 60 98 11 12 80 67 94 75 44 70 50 61 13 19 6 84 45 54 34 64 76 98 81 37 96 8 79 39 23 50 39 65 33 87 61 76 21 81 46 27 37 90 97 83 32 23 62 57 7 45 52 54 11 8 52 29 10 38 75 15 89 83 8 36 5 20 27 96 91 0 19 20 2 53 55 76 70 79 16 13 22 76 22 5 22 37 30 14 0 3 17 11 37 88 54 62 80 66 53 44 79 59 70 42 6 7 77 23 44 19 33 78 17 69 22 92 14 34 30 15 88 41 36 99 75 67 55 13 36 21 15 11 56 6 100 9 11 100 47 54 1 83 13 17 46 100 88 57 92 34 25 69 64 96 43 68 65 55 74 72 38 41 53 70 41 61 38 48 15 59 28 6 87 1 17 77 6 11 43 78 48 66 24 94 56 6 72 53 91 69 88 28 83 7 87 63 41 0 69 82 26 88 98 50 92 57 15 42 47 92 7 90 78 21 14 32 78 94 73 16 37 80 26 85 92 42 74 4 45 91 16 62 0 100 9 13 11 81 24 93 48 12 48 95 38 11 28 74 14 39 88 27 71 73 22 61 86 14 69 92 57 65 55 3 96 60 58 59 8 99 51 79 46 30 8 23 44 89 37 88 27 59 16 18 44 96 97 6 68 68 51 37 78 28 0
57 33 63 2 42 83 15 28 19 59 15 40 11 6 88 27 98 91 5 33 65 34 50 20 87 94 1 84 76 61 90 35 90 21 92 70 42 7 19 16 66 55 32 26 74 54 46 95 62 1 22 81 13 54 4 62 20 59 90 24 74 92 0 70 2 35 54 99 24 8 6 72 75 59 39 79 21 97 45 78 60 8 62 20 18 29 63 100 96 61 90 66 28 82 9 52 6 11 4 95 46 5 63 96 28 89 86 12 99 64 65 11 100 51 63 9 47 62 51 91 49 88 57 67 89 86 11 60 71 41 99 71 21 83 15 25 77 27 69 37 84 9 6 72 27 22 81 82 2 65 42 13 94 95 97 42 27 51 86 47 17 18 100 45 91 16 60 55 16 45 62 36 8 26 55 69 18 28 54 28 58 47 4 96 71 53 10 37 17 43 2 44 60 81 88 87 37 75 89 0 20 67 44 0 27 23 60 29 56 12 43 85 26 23 52 22 17 92 6 43 73 8 38 78 78 84 98 17 55 91 78 80 3 45 61 71 76 26 71 90 77 9 47 7 80 31 97 55 87 28 78 46 3 41 42 6 36 56 6 14 65 34 85 53 34 26 83 22 69 27 64 100 50 31 10 71 3 68 77 95 18 79 74 85 33 31 17 38 84 26 74 76 37 2 95 93 46 64 13 61 5 21 6 42 57 71 13 59 72 34 96 86 14 88 80 38 94 58 22 88 23 80 88 86 90 23 23 51 71 57 10 71 50 19 43 32 7 100 10 59 1 70 93 37 60 98 41 55 18 74 31 44 58 86 66 27 96 98 99 16 12 52 39 15 68 21 68 68 14 16 73 71 84 68 80 81 44 27 88 65 95 89 91 89 1 81 10 95 31 53 22 20 79 73 56 39 65 25 76 67
73 83 20 80 51 11 15 66 7 56 14 20 28 76 80 56 14 29 87 60 47 3 53 72 45 47 77 1 43 83 99 68 39 71 87 50 29 66 24 28 32 72 2 6 63 90 66 86 48 40 78 39 21 60 80 26 13 37 1 42 15 93 89 32 27 39 20 8 27 25 58 99 4 67 95 32 35 36 83 1 49 100 71 5 70 57 5 48 7 39 62 90 25 81 74 57 10 31 17 84 9 23 29 26 91 79 53 8 46 37 35 4 46 63 20 73 32 81 64 75 81 59 91 68 1 19 84 23 30 39 29 32 42 36 13 26 12 66 85 97 21 14 8 83 30 3 61 92 91 5 37 87 68 14 16 68 1 86 58 62 36 46 64 90 71 24 13 28 36 57 59 12 87 10 80 91 80 5 49 7 45 55 60 37 87 40 58 82 72 11 65 54 76 90 48 93 68 52 40 47 29 32 24 50 50 88 21 30 10 39 2 30 5 84 92 47 3 87 78 87 81 98 13 88 67 12 50 42 23 26 97 85 7 95 32 22 55 99 74 23 95 80 32 27 33 85 63 98 53 53 28 56 69 85 52 11 56 98 22 93 21 93 12 11 86 76 31 96 18 27 34 45 48 79 13 40 94 12 90 16 64 85 17 44 48 99 13 43 58 19 66 1 22 1 14 63 10 62 99 24 50 26 64 76 45 98 95 22 30 89 15 1 26 61 28 70 70 41 79 80 94 12 23 83 34 94 31 30 26 32 97 84 7 29 51 2 21 5 42 74 5 62 99 58 1 67 8 79 14 8 11 56 79 77 60 45 96 50 1 15 48 7 94 61 36 35 14 16 7 52 46 21 83 41 18 2 62 84 86 55 46 44 9 9 54 0 100 93 78 2 84 4 1 42 61 17 59 12 57 7
23 47 94 39 12 63 0 47 59 61 20 12 18 21 55 89 81 51 0 79 64 64 51 23 65 28 1 19 20 55 17 48 23 51 27 0 88 31 57 31 43 57 98 96 100 28 99 44 50 75 31 87 79 27 1 22 27 52 98 54 92 78 18 59 89 79 49 5 36 6 74 3 72 60 38 49 36 40 47 33 42 60 46 70 98 12 41 82 83 48 35 49 20 12 16 7 89 55 41 90 14 63 57 43 23 19 52 49 98 19 4 65 98 51 25 87 35 33 32 34 48 47 79 86 50 3 54 9 56 5 75 66 28 15 78 63 8 37 61 94 70 16 9 66 100 10 56 96 100 89 38 0 8 29 69 73 50 33 56 99 13 6 17 44 49 50 77 99 19 49 70 61 53 38 9 40 37 94 41 83 36 77 90 14 89 35 24 52 23 14 70 35 51 20 30 42 78 36 53 94 77 76 23 55 31 52 67 14 97 60 56 37 30 38 38 29 14 76 32 17 22 24 63 80 43 10 48 83 1 70 91 51 46 0 85 86 71 72 10 99 31 55 65 25 14 20 84 83 10 11 42 65 25 98 63 58 13 4 16 74 3 6 6 62 14 92 24 63 92 48 75 23 25 51 69 38 14 94 45 73 17 5 52 91 44 17 22 67 44 98 84 58 71 99 43 21 8 19 83 0 99 7 90 41 50 51 40 88 28 99 16 63 5 57 12 65 30 4 59 21 78 88 94 12 54 25 44 14 65 43 75 19 75 97 31 3 28 51 16 14 59 6 25 85 5 75 40 84 80 1 46 71 55 1 32 65 16 13 48 17 65 26 41 54 11 61 5 51 39 88 21 93 54 23 49 100 38 90 92 28 44 2 80 33 82 71 13 49 19 63 37 5 53 3 39 56 27 71 82 81
74 49 83 25 50 13 50 72 1 45 12 67 84 9 35 61 23 70 59 27 85 4 10 85 33 58 89 86 97 22 77 35 96 15 56 65 43 61 25 68 81 28 99 53 48 53 20 31 14 38 30 72 71 34 95 45 13 42 42 33 35 49 40 10 89 50 94 89 82 76 72 67 80 5 63 41 77 40 35 53 100 5 27 93 49 1 31 56 92 66 11 5 31 80 84 14 88 71 0 24 75 55 45 16 84 62 25 52 6 45 45 56 47 75 31 89 64 85 0 56 54 52 16 76 92 83 33 4 2 19 23 40 20 80 55 82 7 6 38 39 21 89 90 15 48 100 54 7 69 53 12 2 14 6 1 66 55 97 92 50 6 40 84 63 29 93 58 33 15 87 86 33 50 91 12 93 48 21 68 84 40 100 65 59 93 100 88 79 29 74 82 51 91 28 17 21 27 68 20 71 76 34 68 40 48 95 0 88 41 50 26 34 77 78 64 59 47 13 71 38 61 82 33 10 20 81 24 28 75 81 57 100 96 75 50 47 92 87 6 76 55 5 52 23 12 73 24 38 39 68 82 14 10 37 17 26 76 28 85 59 23 52 3 53 52 10 44 92 61 94 86 41 98 78 74 68 53 90 52 13 74 90 56 65 85 94 78 85 97 89 87 68 94 37 54 86 70 88 79 55 16 12 34 93 84 34 42 53 16 79 49 16 8 56 77 14 81 56 97 99 48 49 88 83 91 71 76 62 64 13 15 65 82 93 92 68 4 30 79 32 16 33 57 57 27 41 43 89 13 88 9 80 16 3 31 42 84 80 88 1 100 23 47 69 36 80 68 92 3 4 96 18 44 54 32 69 7 22 80 89 65 32 41 81 64 63 77 39 10 67 44 95 57 99 94 65 56 29 50 95
77 16 40 66 93 40 15 43 55 40 74 9 17 72 66 100 44 12 79 23 1 62 70 43 59 99 55 7 83 2 20 77 57 18 18 78 44 22 19 64 98 51 48 27 89 17 79 15 26 30 90 18 97 14 91 14 73 70 49 27 83 100 78 28 36 50 56 39 69 75 98 96 88 0 64 8 81 23 83 99 94 58 45 39 22 40 67 0 75 82 10 68 13 40 52 71 17 9 42 40 1 67 39 51 66 34 29 16 0 38 31 1 0 6 12 35 100 95 36 82 1 20 17 87 35 20 86 47 71 70 48 5 63 100 59 39 45 41 39 80 21 35 55 11 5 57 45 40 23 37 52 97 8 48 22 98 36 15 56 27 35 83 54 48 9 78 64 83 15 32 76 42 75 38 66 65 67 79 94 17 62 27 35 89 48 18 59 97 94 69 22 54 91 74 12 77 58 88 51 70 84 15 52 20 30 72 49 46 41 55 36 49 8 84 28 84 77 89 0 13 1 88 73 60 47 28 36 38 46 0 74 86 90 38 1 6 13 99 20 41 32 48 67 80 85 51 68 88 55 45 51 31 3 20 55 37 27 54 26 37 52 42 12 13 18 1 16 30 37 6 93 51 96 43 51 44 48 95 56 56 85 32 70 23 86 65 49 60 33 62 12 40 8 21 21 84 82 74 52 68 62 22 39 21 98 89 0 68 74 7 31 98 40 48 82 75 6 42 42 97 25 89 43 73 37 71 26 99 57 99 67 42 35 25 50 99 5 39 31 14 18 90 19 71 73 90 55 26 75 55 74 17 13 44 67 48 15 92 100 93 73 98 26 68 34 58 42 14 65 4 92 57 75 89 5 0 1 44 2 19 69 63 64 97 23 22 3 38 31 13 82 62 23 70 71 48 31 62 49 40
89 81 78 23 83 88 13 36 19 1 2 68 87 11 60 82 92 97 12 66 60 97 94 55 64 90 19 13 95 5 80 16 45 57 91 33 87 8 95 58 48 42 13 79 18 45 49 10 14 99 61 3 16 12 50 86 7 15 15 61 68 78 87 51 98 31 2 37 42 59 37 87 99 52 100 1 10 17 90 94 32 23 74 75 41 100 47 8 94 73 7 4 45 89 58 22 91 15 74 17 51 23 77 54 87 16 34 47 16 27 7 16 50 99 99 29 60 17 100 93 71 11 59 4 37 29 12 4 15 93 55 53 72 8 45 89 34 40 41 43 81 63 82 73 92 30 98 60 92 35 78 97 61 72 29 50 49 74 23 97 82 56 81 42 78 2 30 85 2 22 35 41 94 42 86 57 61 45 47 72 40 90 61 27 9 31 58 17 20 17 68 53 96 3 8 18 3 2 1 35 55 82 23 4 81 53 40 3 67 73 66 49 20 19 0 90 59 53 55 75 10 59 4 4 42 100 87 66 24 86 15 3 0 6 98 52 98 87 17 29 38 53 6 62 92 55 86 26 38 69 59 85 34 26 7 70 70 98 49 62 76 41 86 27 15 33 61 86 98 0 27 76 17 19 33 59 19 82 90 92 93 16 95 18 34 66 51 13 25 78 36 53 17 18 59 33 82 47 86 23 18 100 70 53 26 86 57 82 8 23 79 73 96 27 33 26 39 68 11 97 36 63 88 82 26 29 36 51 42 90 59 85 99 83 24 4 27 39 49 22 80 61 72 13 6 4 45 23 29 39 78 35 1 57 3 98 84 100 73 53 3 40 71 58 90 15 70 33 40 37 43 53 39 47 7 98 25 18 61 99 7 31 36 65 50 23 46 69 20 11 92 48 53 64 75 11 96 36 40 77
34 76 77 47 9 28 89 79 65 51 65 68 82 0 55 62 26 36 29 63 56 9 50 88 94 18 94 78 30 41 68 1 95 25 52 22 90 81 72 87 82 23 14 15 43 27 71 51 31 51 80 27 78 45 60 53 36 22 51 92 98 30 20 0 46 0 73 43 78 88 1 27 99 23 85 75 63 35 35 51 38 50 75 49 18 0 19 71 35 29 72 4 77 88 57 37 78 38 63 82 41 91 73 26 54 99 57 49 96 49 14 7 6 1 48 84 88 77 11 42 80 98 70 57 72 27 96 36 92 86 34 19 28 78 9 43 1 90 30 17 82 58 94 22 2 16 76 8 50 90 42 94 7 17 5 4 15 64 49 15 29 4 38 27 27 57 24 79 35 68 15 36 9 54 8 11 43 1 34 92 52 64 12 50 74 86 100 41 88 66 43 27 16 29 93 42 92 67 33 36 42 15 7 32 4 94 1 92 18 17 12 49 96 69 92 45 88 3 23 57 21 4 56 86 71 7 65 73 91 99 73 64 46 55 67 96 27 11 88 79 16 60 50 24 0 61 18 16 81 83 35 47 58 94 41 95 17 22 28 68 41 30 74 29 57 17 49 80 21 25 78 53 20 7 51 10 28 84 74 26 15 66 12 64 91 36 90 96 81 42 81 62 37 0 53 23 61 0 39 24 95 44 13 65 4 6 86 33 61 87 81 18 15 65 39 17 70 10 24 0 7 2 37 53 33 81 46 13 73 57 54 2 47 61 71 74 51 5 55 91 73 9 4 90 24 41 31 65 9 85 0 15 4 78 16 59 76 46 30 98 62 30 56 95 29 55 20 77 90 10 83 1 38 96 80 6 17 75 11 26 3 67 96 44 6 47 82 41 23 63 96 33 31 3 15 70 16 39 4 91
38 15 81 54 77 74 45 72 93 47 19 40 22 27 58 53 15 19 71 46 27 59 94 50 26 25 0 91 51 22 16 6 45 11 22 80 64 34 11 17 40 75 36 13 4 23 3 40 92 36 47 16 37 19 59 3 94 22 66 59 15 32 40 56 28 91 44 85 61 30 94 2 69 54 68 54 68 84 91 92 16 93 29 55 91 76 54 72 99 25 59 43 78 55 64 92 55 44 34 9 55 0 67 36 54 47 86 52 89 96 20 5 8 25 23 20 97 4 27 61 6 29 8 37 11 99 49 41 3 45 19 72 41 56 17 89 63 57 15 76 24 37 0 16 37 26 100 20 41 3 73 0 45 41 74 82 69 64 75 87 24 94 64 72 88 40 2 33 7 47 19 99 88 40 93 51 74 75 14 53 97 63 92 23 96 95 26 28 60 54 30 65 51 96 69 14 59 23 2 12 63 76 69 57 88 93 13 6 53 86 38 2 75 17 76 23 19 72 27 93 35 89 41 79 85 73 94 67 58 75 7 72 61 28 72 74 61 15 49 58 35 55 82 21 59 58 30 13 73 6 88 87 97 93 51 9 30 6 76 76 89 68 69 74 67 72 81 32 69 25 56 46 93 36 38 87 94 18 20 88 12 95 80 43 79 81 40 40 64 54 78 59 70 96 56 83 58 55 29 3 16 85 94 64 73 100 60 24 41 35 45 87 19 37 12 38 20 48 1 70 32 35 74 46 68 93 30 5 38 41 80 90 53 34 83 84 62 61 37 41 1 42 51 52 63 46 43 2 98 41 55 31 71 79 15 45 2 2 89 27 87 51 61 20 23 34 5 22 9 7 16 72 10 28 88 17 59 20 95 91 24 36 100 79 31 22 8 43 9 80 68 24 67 61 26 83 25 75 0 99
87 69 13 39 40 43 1 87 52 0 41 0 79 90 89 46 98 77 62 94 96 56 77 95 30 7 92 38 11 85 35 27 68 62 79 67 30 75 10 18 51 35 88 40 70 4 73 29 10 56 54 80 12 23 40 27 47 63 79 91 40 94 71 84 81 65 98 59 16 71 3 74 54 8 40 36 70 5 53 9 92 57 27 9 35 99 33 41 3 63 78 61 62 25 100 89 52 57 96 27 79 83 0 78 100 81 6 19 28 78 49 87 58 37 30 49 30 1 3 96 35 93 40 4 35 71 37 73 64 76 34 7 90 95 24 68 87 92 100 99 19 25 80 46 24 10 51 53 67 84 63 55 20 12 45 43 53 95 49 57 85 85 20 83 8 81 88 92 66 22 4 25 70 60 61 26 69 70 5 97 69 96 34 7 36 54 91 99 63 72 43 88 6 1 16 65 14 23 1 40 48 10 67 61 66 51 33 15 32 61 68 36 67 76 86 12 64 9 80 57 57 13 2 18 8 19 16 23 90 49 7 38 31 81 59 33 80 4 90 73 1 25 100 88 5 14 68 60 51 93 50 72 90 31 33 63 19 28 22 70 56 67 0 53 64 32 48 57 91 48 68 30 33 33 97 48 92 14 82 72 27 5 8 1 88 59 75 62 72 13 33 50 72 85 86 66 53 36 11 47 74 66 4 48 81 51 24 74 82 6 38 15 9 40 29 13 37 73 6 22 82 92 18 1 52 89 22 88 3 48 34 57 5 17 12 81 24 50 81 32 93 47 60 73 99 28 20 85 81 45 5 82 38 22 11 100 9 47 27 94 88 72 87 50 89 36 3 96 36 56 51 60 84 41 98 66 88 54 44 77 79 55 80 67 39 89 40 0 62 69 6 73 94 64 61 49 20 46 32 88
56 13 56 65 24 23 81 62 55 37 30 93 56 28 95 87 45 66 71 68 88 71 6 67 61 43 43 58 51 25 57 6 91 15 45 2 36 42 98 38 23 86 85 59 25 18 75 26 80 37 40 57 5 36 84 84 48 37 48 85 93 91 3 68 6 57 62 12 18 52 10 72 62 86 55 57 82 49 89 16 63 46 40 77 60 57 6 0 40 45 60 68 35 77 4 42 28 4 64 6 21 99 10 30 45 82 28 87 4 86 29 99 61 21 39 3 60 33 48 45 31 50 78 29 31 5 27 52 98 32 22 69 85 7 53 6 35 80 88 81 76 49 15 64 33 23 46 33 1 34 73 100 77 26 53 72 5 53 17 12 71 41 65 14 20 88 80 5 81 32 51 51 71 17 85 19 17 93 73 19 70 70 37 26 9 11 0 96 76 30 72 88 17 14 83 88 26 36 1 79 80 39 81 80 44 78 26 81 51 91 21 29 79 27 12 99 42 21 94 3 92 12 94 75 88 84 58 28 33 41 2 80 15 31 51 97 77 67 32 96 25 23 16 55 36 7 95 42 2 2 66 86 39 2 34 9 79 5 10 40 59 17 2 47 37 3 7 26 25 38 6 22 19 92 40 46 98 80 62 2 48 52 21 55 6 55 50 32 27 40 71 69 86 25 92 16 23 67 38 26 87 49 50 69 59 6 73 76 11 37 57 17 37 89 14 99 80 24 6 60 76 98 0 7 1 66 29 49 62 59 22 67 9 4 34 35 60 15 46 51 32 3 95 24 10 33 31 33 7 79 76 17 86 30 41 76 90 58 5 37 81 99 46 41 75 31 44 26 80 85 48 90 7 73 100 76 37 64 38 27 34 59 52 41 70 10 86 95 23 10 72 100 71 3 86 35 75 54 67 71
91 30 38 22 64 66 35 57 42 57 20 47 25 31 81 58 95 46 100 75 25 1 54 51 35 33 56 76 39 1 31 19 78 55 4 10 3 3 28 46 76 32 72 74 50 9 77 84 18 73 44 93 61 98 77 66 95 85 38 43 93 75 63 48 9 44 3 55 97 10 42 33 36 30 27 39 71 95 38 15 22 93 4 23 5 25 3 98 42 0 89 63 62 59 65 14 82 35 69 36 76 87 30 3 79 39 56 81 44 76 30 95 72 62 40 17 57 11 64 67 98 13 89 1 44 75 22 57 36 50 70 97 40 94 44 10 40 86 70 63 37 68 70 22 71 34 7 77 45 73 61 93 9 2 21 30 42 95 76 57 13 68 15 67 49 87 92 67 19 4 25 37 30 64 91 36 81 66 90 89 95 40 41 73 24 3 53 95 52 97 73 83 83 37 66 100 36 88 77 81 22 61 50 1 60 7 80 93 45 66 21 5 19 98 2 96 50 84 24 59 6 45 8 91 62 27 19 82 12 2 99 9 9 31 81 28 33 66 72 24 76 87 16 55 60 83 40 41 21 4 57 2 12 59 74 12 37 95 61 0 86 68 69 40 71 11 8 13 81 27 92 67 18 46 32 17 5 27 97 30 48 9 84 46 90 45 97 5 62 67 52 12 68 80 30 19 53 17 100 97 2 65 55 20 55 77 57 18 93 56 62 100 94 38 42 81 98 61 79 10 3 24 27 79 49 31 63 55 11 39 84 5 6 53 26 32 98 14 4 27 53 26 94 35 95 74 56 21 6 36 62 21 92 70 77 11 12 5 52 95 75 35 52 44 42 60 68 79 46 11 81 69 81 76 35 4 52 50 10 68 74 33 3 81 77 79 12 10 48 47 5 37 98 49 81 90 81 5 3 66
63 34 44 78 94 67 59 8 30 24 73 98 74 14 25 92 89 74 12 52 41 21 90 0 67 72 57 26 14 8 29 81 31 77 51 49 67 20 70 88 55 71 12 63 30 52 44 48 56 86 48 60 87 62 91 27 95 3 59 16 57 24 59 99 16 68 18 13 8 41 32 99 27 78 36 2 63 55 50 60 93 57 96 82 96 4 50 51 46 14 63 54 63 98 53 99 27 86 40 39 20 69 42 36 76 85 90 42 36 2 31 78 94 8 3 15 37 27 39 40 9 74 31 50 94 40 66 86 27 93 21 89 14 13 68 33 81 29 34 18 83 13 39 93 67 52 55 74 27 86 18 78 94 71 22 56 27 49 76 33 97 3 91 16 34 41 20 68 99 22 55 17 16 48 5 72 10 28 19 11 41 28 21 55 75 91 4 16 55 97 38 35 66 91 70 58 47 40 86 71 76 73 81 52 69 7 55 1 57 14 73 45 18 2 91 5 91 21 95 1 48 33 70 71 26 12 12 39 10 36 28 36 16 40 21 92 27 84 45 91 43 53 32 47 32 37 38 84 48 36 41 47 50 93 69 76 38 20 33 51 51 77 9 82 0 40 93 13 98 88 94 2 49 27 92 19 0 92 53 27 76 8 91 88 81 82 39 71 69 46 80 2 77 8 39 70 78 49 2 44 15 8 15 32 100 19 28 39 45 78 45 73 35 47 2 71 27 60 70 8 62 57 78 40 78 27 72 90 70 71 27 48 60 100 39 69 51 24 35 26 45 47 42 6 21 86 70 24 84 9 94 97 75 10 67 55 60 76 88 51 13 24 54 37 54 37 81 11 48 29 72 14 31 28 9 65 11 95 79 94 86 77 38 58 55 99 21 2 77 51 78 52 21 75 98 0 66 98 42 6
44 39 10 42 72 73 97 45 6 74 55 52 56 76 36 84 70 40 70 32 65 31 6 96 26 43 23 42 46 25 31 49 76 32 15 83 19 24 40 81 82 78 77 22 93 68 71 51 97 66 50 1 88 99 87 44 39 43 18 100 10 75 89 28 23 12 64 55 69 7 66 93 25 3 94 66 91 34 13 75 41 70 5 6 22 71 89 15 80 8 2 21 33 98 39 13 96 16 44 79 51 97 26 47 19 54 73 10 14 78 98 15 31 69 70 97 17 26 92 14 24 64 66 87 74 14 23 67 59 47 70 42 34 41 70 43 31 50 83 44 28 78 86 82 39 34 91 78 25 94 35 58 17 24 76 75 87 49 22 39 97 59 17 4 16 56 1 24 2 4 7 31 11 85 83 1 81 72 27 39 76 45 5 50 86 21 73 50 11 86 60 38 12 82 23 1 14 66 95 27 79 59 17 86 74 7 65 52 47 71 66 59 10 8 98 37 46 24 65 76 37 12 15 82 51 7 38 91 57 9 40 79 87 80 73 3 69 38 26 33 91 40 13 66 19 99 40 29 22 51 78 91 36 79 52 93 88 14 24 99 88 4 60 94 65 85 76 4 51 7 35 20 97 89 7 100 11 49 87 52 99 79 74 87 97 75 47 73 40 79 66 68 86 47 63 23 80 41 65 15 55 85 46 59 9 66 75 19 39 37 31 67 80 41 74 45 46 50 4 18 41 34 2 4 11 22 27 14 33 51 71 8 68 34 91 90 17 85 2 52 29 79 78 28 32 38 86 15 11 99 12 15 92 20 12 92 62 68 55 92 97 22 4 5 25 26 59 31 27 53 37 91 34 9 8 82 56 92 56 33 88 14 31 78 80 21 66 54 19 58 71 20 6 40 63 40 27 88 61 46
74 0 55 0 87 72 26 72 20 91 99 12 63 40 23 90 1 86 49 47 72 38 96 40 13 67 3 71 78 89 31 39 95 32 63 11 58 13 15 28 27 50 48 59 27 43 96 89 65 2 37 17 60 34 10 85 49 57 30 52 80 32 90 80 85 17 23 19 27 9 70 69 19 92 16 66 52 96 25 70 30 52 74 96 91 6 18 64 5 87 3 43 71 33 32 25 44 25 94 65 31 75 0 66 22 3 99 35 39 15 76 62 99 69 44 48 98 75 99 4 11 31 51 83 88 46 18 39 12 5 14 41 14 40 6 87 85 100 71 7 99 88 48 90 61 24 98 41 30 45 54 46 34 8 1 82 99 23 84 46 74 81 100 30 3 44 82 37 18 47 72 17 78 44 35 5 1 27 95 30 72 30 66 57 41 59 40 8 16 79 81 66 59 11 6 10 30 47 78 9 11 63 18 63 80 53 28 89 36 82 3 69 36 76 94 29 53 22 89 9 23 47 32 78 65 26 62 95 13 14 12 94 37 64 37 91 21 27 47 47 19 43 87 20 7 45 9 1 95 80 41 4 57 16 88 88 69 78 24 32 15 77 70 5 14 38 70 62 86 96 68 28 95 30 83 0 90 3 89 46 34 12 41 3 51 44 88 97 35 42 79 32 26 41 71 80 2 22 4 47 8 80 63 76 1 52 42 66 19 0 17 44 23 15 70 91 99 77 63 51 32 79 44 10 68 57 80 30 95 5 100 37 35 39 40 29 40 25 29 65 46 44 19 26 1 60 1 53 97 56 30 40 51 73 100 66 38 87 60 52 43 4 8 82 69 52 66 78 33 68 78 37 33 23 5 20 97 54 89 70 30 50 66 74 2 44 31 97 31 35 96 34 40 46 32 14 72 99 18 95
13 36 56 23 47 2 86 82 59 71 81 67 98 60 79 95 62 27 92 36 34 18 75 72 87 55 2 51 41 94 25 8 77 72 77 67 54 83 93 17 43 2 21 5 29 1 76 44 57 3 80 80 40 16 25 52 1 25 85 86 28 40 43 36 32 85 40 34 83 3 93 19 71 46 61 87 44 59 75 16 12 96 20 18 13 6 70 89 82 96 27 15 41 39 97 92 36 57 89 10 13 26 13 97 79 52 95 91 59 95 80 42 34 80 20 60 80 82 38 7 8 41 82 31 54 53 100 23 8 27 98 27 21 1 24 78 96 68 5 54 23 49 10 43 62 25 2 41 17 75 21 53 82 83 87 56 57 46 28 6 30 7 49 43 59 35 74 96 98 36 61 91 37 52 19 88 36 13 5 56 47 91 40 59 12 55 8 51 36 35 27 51 13 83 66 89 54 89 51 79 67 27 9 7 18 50 80 74 7 9 21 100 57 79 20 88 99 35 28 83 37 5 1 27 11 38 60 17 94 46 46 30 12 54 95 50 32 57 39 20 47 29 12 42 88 60 90 82 68 81 61 38 31 59 20 89 81 48 0 89 12 50 83 25 23 21 85 74 49 32 40 51 9 85 56 18 1 56 49 35 12 27 19 78 86 87 58 20 92 93 29 64 28 71 13 35 88 81 36 50 45 79 34 91 8 30 1 52 49 16 94 41 6 19 20 12 38 38 86 90 17 55 84 39 72 27 11 81 54 21 62 67 24 3 66 89 4 62 56 56 75 97 78 79 2 39 57 63 78 13 44 37 97 83 5 17 18 89 10 50 83 55 97 99 67 78 38 98 0 58 57 72 67 27 91 55 43 10 57 95 98 94 98 73 60 85 23 70 55 82 41 48 80 76 65 100 7 73 17 61
68 72 5 15 68 98 97 53 65 31 7 82 80 28 5 84 78 42 51 98 19 79 21 4 18 92 75 10 41 83 43 79 98 55 67 27 78 32 81 36 37 94 87 62 98 8 91 64 83 44 3 53 81 97 27 32 9 7 40 30 88 41 44 54 89 16 65 95 48 17 87 38 28 53 20 50 25 52 92 1 29 13 43 75 31 42 45 96 31 21 41 81 5 29 24 98 84 87 11 79 32 16 78 90 43 78 92 21 64 27 12 44 27 33 47 35 33 88 49 60 32 88 85 96 85 5 41 83 57 33 44 48 67 81 12 37 94 44 18 84 49 0 54 95 36 64 69 67 42 68 70 14 89 50 95 61 18 20 8 90 74 46 45 92 80 86 91 38 1 62 41 58 99 26 40 40 48 35 58 60 32 7 92 33 52 87 89 43 40 21 15 39 65 91 69 26 2 82 69 64 42 95 16 17 33 22 49 48 92 74 87 14 54 22 51 96 71 37 83 35 63 84 80 24 19 44 86 31 31 63 6 89 43 32 77 29 80 1 73 7 72 94 69 37 41 82 24 50 25 64 97 82 16 42 26 40 45 31 11 38 17 84 23 60 40 2 95 57 56 14 99 2 29 51 5 12 46 76 100 31 15 6 11 98 27 59 8 17 65 29 80 3 22 19 84 48 64 78 81 1 45 36 77 70 55 12 45 45 28 62 33 20 43 95 31 87 8 47 50 60 100 39 28 25 89 86 49 21 52 74 31 21 2 62 47 72 62 7 30 22 75 68 99 97 11 10 75 92 43 59 87 75 87 68 5 33 85 94 76 87 98 47 31 0 43 79 69 88 40 40 93 30 6 58 8 81 20 88 93 65 78 18 18 88 20 46 73 11 96 85 40 86 8 7 85 88 53 83 28 77
87 4 37 12 95 2 89 9 0 46 88 3 93 95 19 33 6 98 89 49 82 91 36 35 36 20 4 7 59 96 89 49 57 78 2 27 53 18 2 78 40 4 93 39 19 47 60 80 68 49 1 64 23 10 55 37 93 39 39 43 66 64 51 81 84 40 77 37 92 26 56 90 27 21 6 50 31 18 38 66 24 24 8 53 35 93 60 78 33 62 25 44 44 71 32 100 43 5 8 26 78 63 73 89 40 41 58 47 63 17 93 65 84 79 85 94 82 32 84 80 66 79 86 17 17 20 47 65 95 11 72 41 5 57 21 35 68 86 33 53 96 25 70 27 16 74 90 73 1 57 8 82 56 3 19 0 100 96 44 94 88 98 3 10 36 96 51 86 47 52 31 2 93 28 12 3 36 71 27 92 59 50 3 20 99 16 44 27 74 60 55 75 79 38 42 47 67 33 69 58 1 36 12 43 37 74 64 8 4 48 59 86 23 3 29 49 99 11 88 81 80 73 56 72 24 71 79 87 95 17 76 69 93 98 19 67 60 51 22 67 81 21 59 50 57 49 4 87 52 39 13 8 75 57 98 74 49 61 30 11 56 53 96 98 75 41 28 51 5 73 60 57 34 88 88 61 79 25 57 57 94 31 45 45 61 30 13 9 26 57 86 42 32 2 21 7 39 65 32 53 51 45 84 57 32 88 71 98 82 78 26 55 0 0 10 35 34 9 79 69 66 62 3 81 12 81 6 4 48 48 67 34 17 45 34 39 11 46 22 31 3 54 57 73 9 4 36 80 14 9 24 62 11 1 28 35 87 58 100 61 78 38 22 76 41 25 73 67 23 74 86 31 39 27 10 72 5 81 38 99 54 10 11 18 56 65 79 10 21 85 93 41 36 15 71 36 15 33 17 73
95 23 48 76 36 42 93 89 4 34 71 42 70 43 51 49 56 78 31 32 52 78 1 63 5 14 85 22 79 99 20 6 66 24 17 98 47 51 77 38 67 28 27 44 46 28 17 92 12 93 27 28 48 3 50 42 18 39 79 53 2 28 66 72 67 46 22 25 3 74 0 32 92 53 20 27 95 93 68 30 62 69 85 75 34 23 88 67 69 1 97 56 26 72 86 15 20 64 80 24 48 12 76 0 59 21 35 91 38 71 9 79 50 37 80 80 49 90 38 26 84 75 51 49 73 47 98 98 61 56 66 58 34 75 71 26 73 72 75 82 49 14 92 99 53 21 85 37 9 94 56 89 44 49 49 10 87 76 43 73 8 13 28 64 75 2 73 64 76 3 60 73 37 8 83 97 31 59 39 21 11 75 69 98 11 97 34 19 43 64 16 49 45 70 85 49 97 57 31 72 88 38 12 0 39 51 38 95 89 46 9 98 9 49 98 27 84 22 4 29 41 30 58 51 58 53 38 27 56 26 64 78 60 70 94 49 16 76 97 79 18 24 29 70 47 13 21 36 2 94 64 95 56 35 69 85 11 22 15 92 57 34 57 64 97 35 50 74 54 68 31 67 70 23 68 30 55 84 16 83 50 96 46 70 3 94 75 9 10 66 86 55 61 51 64 10 4 73 32 4 85 46 96 77 37 50 53 7 84 10 56 86 79 15 66 92 3 7 92 99 44 34 91 38 73 42 3 31 97 77 46 88 65 97 96 52 70 7 39 64 14 59 73 90 97 77 45 32 37 39 61 11 61 11 73 37 25 49 2 77 50 21 51 30 69 89 59 26 30 42 66 91 9 11 3 64 57 39 22 12 70 40 50 47 33 36 70 20 28 30 93 96 42 36 93 40 94 95 98 24
23 82 43 54 80 59 86 74 62 67 19 99 0 70 52 92 15 20 1 5 74 84 25 81 42 33 48 33 48 66 32 11 45 99 78 60 59 88 39 40 26 34 4 56 10 59 92 4 89 89 37 83 12 29 39 21 6 70 90 76 1 89 31 74 64 13 98 51 6 18 95 48 6 8 30 6 40 9 34 43 68 79 5 9 34 99 49 39 4 61 67 60 2 80 75 44 51 62 26 31 28 53 2 43 57 5 35 82 6 19 81 80 8 96 48 81 8 85 78 41 55 35 3 62 0 28 94 36 78 69 81 12 99 86 93 57 26 77 3 22 12 65 2 15 11 92 1 84 90 8 76 68 78 48 35 17 13 18 87 96 45 64 73 28 26 51 24 54 24 7 14 7 89 11 71 72 83 29 27 42 36 44 4 75 76 39 1 29 72 41 20 42 46 81 68 46 76 5 46 2 1 41 17 96 80 47 40 56 52 10 57 15 63 53 60 3 62 41 28 21 81 46 87 54 7 72 95 94 57 95 70 90 41 29 68 15 39 9 99 77 57 58 99 24 88 79 31 19 59 99 99 70 64 18 13 99 81 66 14 37 21 95 52 17 98 46 81 77 33 9 25 29 72 40 71 61 78 98 82 78 45 22 84 50 62 4 7 27 25 70 16 91 41 82 88 6 86 38 16 100 28 13 68 12 59 25 51 24 81 86 16 8 1 57 82 66 3 2 27 42 58 80 7 12 24 59 89 96 74 24 98 51 92 47 86 24 51 89 64 38 60 48 83 90 29 31 47 75 76 97 19 52 12 76 11 89 89 41 16 49 69 28 3 79 3 34 28 51 74 25 93 94 1 63 86 26 80 58 23 14 61 68 25 15 31 72 13 28 6 34 14 82 10 38 0 66 28 82 13 24
84 82 85 87 63 64 22 28 16 53 14 87 79 73 43 100 89 87 93 42 78 100 33 16 53 36 83 41 78 76 71 21 54 45 92 65 37 50 3 44 95 66 7 44 60 6 92 51 46 57 32 94 72 4 58 80 77 48 64 73 26 1 55 95 40 8 17 64 84 39 6 6 82 25 3 38 37 99 15 6 31 2 87 64 35 56 91 21 75 98 33 12 99 26 4 60 3 87 90 69 58 18 94 65 55 17 68 10 5 68 96 19 69 77 35 97 100 3 93 27 48 32 70 75 22 83 99 0 28 46 98 67 77 81 3 9 48 1 50 43 18 12 98 63 79 51 80 56 92 60 25 68 88 87 10 53 45 16 40 61 62 64 82 59 50 74 20 82 19 16 72 100 24 11 46 33 53 86 56 96 71 87 33 52 7 55 66 3 95 48 45 22 53 62 79 12 76 33 89 87 92 21 73 79 92 44 69 38 78 20 20 80 46 7 35 37 37 2 93 30 56 79 20 19 51 32 83 4 40 31 73 62 98 80 88 72 10 39 14 39 75 48 71 20 92 44 24 62 0 80 51 5 34 30 94 87 80 30 77 73 64 45 83 94 90 71 88 56 12 9 78 20 20 28 77 26 27 68 11 77 45 73 81 37 15 59 73 75 98 2 89 62 58 42 48 15 31 12 46 6 54 64 39 18 42 58 82 82 13 54 95 64 86 87 10 59 5 77 99 98 0 23 2 10 39 6 94 18 11 46 75 5 39 67 0 86 89 67 26 26 89 39 30 78 9 5 68 54 69 43 88 78 43 26 90 17 73 93 13 71 25 19 75 40 76 71 76 98 49 86 91 37 34 40 13 11 93 39 90 0 70 4 47 12 34 59 8 40 96 89 0 39 9 75 86 15 58 51 12 55
0 10 40 90 91 23 95 28 7 35 71 75 45 99 63 73 57 74 40 66 30 15 32 63 32 70 29 5 73 82 85 18 86 15 89 73 14 78 45 2 38 17 98 82 21 39 97 51 42 61 7 35 39 63 10 69 86 66 13 99 85 19 78 62 86 90 17 21 32 20 36 83 7 8 43 49 65 54 30 54 55 93 11 60 53 96 19 7 25 63 24 100 24 78 55 6 82 17 34 38 23 17 100 51 95 19 28 63 20 48 16 16 13 48 57 11 22 10 67 5 11 82 98 94 8 7 91 11 94 7 16 61 64 88 83 23 81 81 0 0 66 23 57 2 4 82 61 30 2 59 57 13 20 65 38 92 78 33 38 64 2 36 82 13 61 27 3 53 49 50 59 1 26 28 92 82 28 46 90 15 36 58 33 24 96 47 93 45 5 37 80 30 73 34 29 89 71 22 81 17 59 86 30 77 28 82 9 69 71 86 38 20 12 18 85 59 4 75 74 87 94 90 74 57 76 71 34 1 95 10 75 22 60 6 85 92 95 85 82 1 8 6 32 27 89 13 10 89 57 60 14 99 60 2 1 74 38 83 24 16 93 60 60 47 92 91 22 49 8 25 55 62 76 61 87 42 69 99 25 37 66 42 32 93 2 54 92 52 39 37 94 39 56 6 3 21 75 11 91 28 71 97 6 30 89 21 43 34 5 83 20 39 99 23 23 25 30 86 97 45 61 23 48 34 84 23 92 57 71 1 32 50 21 60 71 5 11 39 6 24 62 10 82 48 37 58 4 35 70 44 20 11 46 9 78 64 11 80 23 7 48 8 95 77 24 15 68 68 94 68 94 12 50 27 98 73 39 86 85 92 52 11 23 61 75 25 22 62 87 6 4 89 0 44 12 8 79 24 84 38
61 32 64 68 46 94 40 93 39 70 98 29 0 5 80 48 43 7 63 90 24 5 91 58 21 81 92 40 21 69 97 27 98 70 60 73 90 92 37 26 91 79 41 94 66 80 93 2 87 23 24 23 23 48 96 68 83 64 62 83 3 68 13 56 77 28 3 40 3 88 4 1 10 91 92 96 100 53 59 23 95 3 83 24 30 90 62 11 51 5 66 17 58 24 82 5 94 43 66 95 93 99 72 34 91 6 16 62 96 50 30 64 46 15 8 12 26 66 46 36 21 41 87 13 53 84 68 82 77 24 17 47 23 64 53 88 92 18 43 60 55 77 51 67 50 36 96 0 66 51 17 27 49 78 38 21 10 69 17 32 68 21 97 90 86 53 12 22 1 95 22 73 20 33 86 59 43 46 42 92 41 33 72 14 57 52 62 91 67 25 8 72 33 15 14 65 72 69 56 42 3 22 20 70 95 78 97 29 49 48 38 86 7 42 0 40 58 59 58 97 55 28 34 37 73 92 88 70 82 91 5 28 64 69 7 5 83 8 53 49 21 37 34 95 37 87 84 76 35 1 23 13 15 76 98 28 94 66 71 90 38 66 48 18 3 21 14 15 42 49 47 88 10 58 76 33 55 93 11 78 44 80 27 55 98 30 22 8 8 81 89 40 23 55 60 38 55 64 89 39 3 95 39 52 12 25 49 61 39 25 40 5 36 42 61 69 8 18 0 33 83 19 83 77 97 44 9 14 24 93 69 59 40 37 40 97 71 33 33 47 17 14 75 9 72 6 98 31 22 14 91 36 75 76 27 69 100 16 54 51 20 75 78 9 6 62 39 54 50 32 44 16 43 75 84 21 56 39 67 88 2 88 48 70 91 37 51 38 82 75 28 18 51 33 100 63 39 11 55 72
57 32 69 40 85 40 78 43 67 72 30 64 67 36 12 43 62 28 31 82 74 25 76 79 72 84 60 80 6 92 42 47 32 42 29 70 94 81 74 59 14 78 68 86 35 59 69 27 83 42 43 2 65 18 1 85 24 4 16 100 44 98 67 33 39 75 42 99 70 17 25 69 65 57 57 49 0 16 49 19 66 51 79 94 9 57 94 36 93 100 96 16 43 77 37 88 83 47 89 90 74 91 14 24 45 11 1 68 100 38 36 74 53 74 53 71 17 72 77 26 49 78 73 86 55 95 49 4 75 90 23 2 50 21 60 1 69 16 84 98 28 76 34 12 40 63 2 13 67 84 60 78 32 8 31 47 13 38 54 100 11 33 36 71 23 24 52 98 93 71 52 8 34 78 15 82 84 79 66 61 82 33 85 71 61 4 2 89 100 42 76 18 94 61 96 84 6 48 7 76 10 61 39 30 95 39 50 42 73 47 30 38 81 33 63 79 13 99 70 24 28 54 26 65 17 67 26 36 64 92 94 59 14 11 77 43 32 22 83 57 17 43 69 40 16 1 35 26 3 79 15 19 26 8 8 52 79 59 25 82 51 44 35 13 56 33 13 2 8 87 29 78 58 93 87 1 15 94 8 78 41 41 46 87 100 80 65 17 9 24 54 86 34 47 100 78 44 70 20 49 37 14 80 30 91 31 6 71 22 65 5 64 33 55 33 41 58 100 77 52 98 76 50 36 32 45 84 62 34 2 5 80 78 63 91 52 11 2 62 27 37 5 87 43 75 90 67 46 61 28 51 74 9 70 69 66 22 2 32 74 8 64 85 8 28 67 55 83 75 16 41 78 45 15 2 62 56 5 42 29 39 20 94 79 57 63 26 29 49 13 25 36 87 7 69 80 69 16 26 2
82 97 2 93 29 9 90 56 36 72 100 31 2 48 53 29 21 41 73 77 88 1 38 25 60 9 74 29 3 1 41 95 9 18 95 96 55 46 74 3 35 43 66 91 58 45 16 28 25 21 10 16 34 14 87 33 77 93 4 22 13 22 61 98 77 58 50 80 93 16 26 22 55 94 33 53 20 2 53 28 83 79 5 82 13 59 37 73 1 21 63 5 41 42 79 90 85 47 79 45 3 55 56 7 50 33 11 2 22 35 81 20 19 8 99 60 38 2 94 39 3 60 47 63 46 34 82 71 66 99 74 36 98 76 83 61 17 61 65 64 56 9 66 28 95 35 75 24 54 58 7 2 5 22 80 28 41 91 71 10 14 37 62 38 6 74 27 98 79 80 82 76 93 52 0 53 18 0 61 4 69 1 68 16 51 82 84 48 47 16 79 10 17 12 78 44 4 75 88 77 52 57 29 98 31 17 15 100 3 66 59 53 2 68 35 54 23 81 75 9 13 31 23 6 26 13 87 38 27 0 26 9 60 45 36 90 79 11 27 10 78 6 68 59 52 2 36 25 77 0 59 60 51 85 21 9 36 16 39 82 26 57 54 29 60 18 25 27 87 13 3 27 64 42 44 72 14 100 75 63 61 71 51 76 20 1 17 50 81 57 18 12 13 65 45 23 76 13 77 10 24 98 40 39 69 88 79 66 75 9 21 5 17 61 51 56 12 72 19 41 40 24 73 16 96 99 83 80 62 12 56 55 82 36 60 82 84 57 52 15 69 78 54 83 25 47 69 67 88 45 84 80 83 76 66 83 40 48 50 86 57 80 28 87 4 76 42 36 15 21 13 32 2 69 11 72 77 22 97 93 53 7 10 66 87 97 59 57 86 84 34 10 79 96 31 61 65 9 83 19
0 14 20 15 45 36 57 91 69 15 33 39 72 91 65 4 90 47 95 80 85 95 47 39 32 40 46 28 27 72 83 90 15 65 34 41 18 42 100 71 14 18 0 37 93 64 97 23 21 0 48 46 67 53 15 88 64 42 30 39 10 46 38 93 35 52 97 37 56 26 61 8 83 2 89 4 20 7 96 96 77 26 60 65 65 59 60 37 88 7 8 2 52 58 81 60 28 23 8 82 6 21 79 58 61 46 15 42 20 6 71 99 14 55 99 16 67 29 25 14 52 13 0 17 75 76 47 44 78 34 47 95 25 58 53 65 0 46 57 86 29 84 46 20 32 86 31 84 90 100 61 30 24 72 90 39 68 98 68 67 7 18 50 71 44 23 62 75 38 5 42 6 89 26 47 20 42 19 3 56 94 63 24 79 64 98 95 51 61 91 53 80 65 84 100 30 17 36 24 87 85 48 48 40 64 85 42 81 14 84 29 76 89 69 41 82 0 82 48 16 95 91 38 5 72 13 34 14 8 93 90 81 53 68 75 93 62 27 14 27 31 43 22 56 75 99 25 43 0 31 39 63 76 12 15 3 1 74 72 79 29 99 51 60 29 53 83 95 23 92 25 58 15 18 6 14 96 56 50 22 34 85 36 52 18 12 78 8 68 28 24 74 68 38 62 97 0 37 34 46 71 4 21 12 29 8 34 60 62 23 44 42 85 66 71 13 56 13 24 36 8 30 85 71 3 83 41 39 17 5 92 20 41 75 62 7 23 31 79 10 80 93 35 53 87 49 77 38 46 88 59 37 55 42 40 78 96 11 13 100 41 22 72 78 53 36 26 96 65 46 90 19 99 93 32 55 9 5 87 55 89 76 98 42 33 62 8 4 31 7 7 81 31 56 70 67 57 25 5 93
80 16 57 64 38 98 87 13 40 62 38 27 22 27 42 54 97 62 73 46 58 15 64 60 1 69 83 51 50 6 44 12 72 2 6 62 97 12 28 68 3 32 23 31 56 23 56 22 86 53 33 68 12 76 12 44 49 24 5 66 79 89 8 75 85 25 22 60 93 45 22 26 95 77 87 99 50 29 22 97 36 79 79 93 28 87 0 10 58 3 7 48 10 88 10 1 81 74 13 6 94 33 1 98 99 63 23 14 83 8 19 60 7 99 99 25 87 81 83 14 92 98 48 79 56 21 16 80 5 5 76 6 41 43 54 70 26 100 99 20 99 77 25 91 83 7 51 43 46 23 16 84 47 62 56 73 14 52 76 97 82 57 8 99 24 88 5 92 76 65 88 42 44 20 12 94 83 63 9 86 9 14 49 15 81 25 28 24 81 10 65 14 39 88 11 71 47 4 66 91 23 40 65 43 50 61 26 90 82 20 6 10 76 100 68 71 65 35 54 36 46 40 78 52 54 48 37 5 30 9 77 2 6 57 76 9 58 16 1 64 8 35 9 8 72 74 99 100 23 25 77 57 20 23 63 74 27 3 39 53 46 38 46 15 11 54 52 77 28 46 8 67 70 76 58 89 81 29 21 25 82 88 10 43 71 100 90 25 61 22 9 53 39 43 50 89 91 89 32 20 40 16 91 12 31 22 9 20 80 27 47 70 11 44 70 34 6 92 83 77 15 47 98 4 84 100 64 98 3 18 51 11 12 55 34 7 55 60 89 75 50 52 5 37 56 46 57 8 64 53 91 80 8 64 50 1 48 47 36 6 10 61 12 2 77 2 26 82 100 31 59 11 47 78 9 78 5 57 17 47 18 43 70 64 50 98 19 36 63 60 55 22 38 63 15 80 68 50 25 41
56 49 90 13 58 28 6 75 1 70 31 92 19 39 83 43 53 64 98 75 63 19 20 48 95 69 61 88 83 31 66 83 37 92 74 35 68 26 70 99 60 42 61 77 30 68 40 41 16 1 76 74 84 17 43 43 54 57 0 86 69 21 87 48 53 96 66 6 0 8 58 9 67 22 16 28 9 66 82 96 78 81 55 75 87 36 33 22 83 99 8 0 98 53 80 8 3 15 83 8 40 99 4 24 39 40 32 2 19 52 73 66 97 47 100 13 1 26 23 40 16 72 40 41 61 28 54 77 3 94 30 1 5 96 56 60 51 2 3 6 34 56 22 44 72 62 56 69 85 99 94 69 39 77 2 88 86 84 32 92 76 33 55 4 51 82 48 47 78 30 27 88 56 34 29 91 7 65 79 50 54 52 14 88 30 27 92 59 41 39 51 20 30 59 96 24 40 71 34 52 34 44 52 49 83 54 87 77 51 4 11 60 63 31 63 59 26 29 22 76 5 18 86 60 44 85 2 5 91 30 81 76 60 58 100 53 68 79 2 40 35 57 47 41 67 13 79 68 50 52 9 24 100 68 24 49 99 91 29 70 55 91 4 47 100 65 35 17 10 16 97 82 20 96 39 89 22 51 28 63 98 3 74 76 33 34 57 77 84 85 46 16 29 68 72 31 19 36 84 11 24 33 81 29 86 96 38 52 29 94 18 6 86 2 21 2 73 85 96 81 91 54 26 81 82 30 44 0 72 15 94 51 37 1 90 51 7 15 58 93 16 56 65 76 40 66 56 90 64 92 32 83 47 83 60 24 3 19 97 89 49 74 99 10 100 55 84 2 52 37 23 11 81 6 59 80 11 30 41 19 68 24 14 10 96 4 80 100 82 17 72 46 70 68 33 6 91 100 89 90
0 28 4 13 18 69 10 3 83 18 39 75 64 98 92 71 19 26 9 6 8 96 74 68 63 0 80 77 24 2 99 4 29 69 28 57 24 5 10 26 26 99 13 71 81 94 92 48 76 24 55 53 64 19 77 35 34 63 99 53 95 4 26 38 61 96 41 24 29 67 16 93 89 8 96 44 80 100 77 19 51 56 18 36 0 70 71 47 17 44 77 65 98 40 70 13 49 28 12 97 91 9 6 76 57 96 52 84 28 68 23 38 41 72 34 7 89 93 42 12 35 87 54 44 37 96 68 96 78 91 11 6 5 22 97 74 56 13 58 80 100 98 2 97 97 29 89 59 49 9 92 1 54 5 62 41 35 23 60 51 46 96 30 10 41 84 86 19 63 79 93 92 94 42 34 91 99 53 90 15 76 19 26 88 10 2 24 83 44 33 75 5 48 95 30 59 15 54 77 68 9 58 73 29 42 56 0 59 35 0 96 16 96 3 27 46 100 0 75 52 72 23 44 23 45 35 28 12 55 71 57 55 64 69 43 65 96 47 36 64 47 41 30 32 0 22 10 8 15 49 56 33 10 58 14 48 13 32 45 65 32 77 52 29 75 88 33 59 67 32 47 41 16 92 77 36 45 71 54 37 95 4 14 62 8 1 97 51 96 24 39 30 78 5 71 15 75 6 25 68 62 24 27 76 55 41 30 93 58 24 52 89 8 49 19 18 40 33 21 89 54 63 51 95 23 35 14 60 10 16 18 8 94 28 66 29 24 6 64 44 98 47 7 73 32 66 94 83 50 43 84 40 67 57 36 93 61 18 52 87 93 66 42 72 73 15 33 42 67 85 25 19 4 76 59 67 62 70 51 75 69 31 35 49 12 7 83 1 68 99 5 13 41 88 97 71 64 58 95 41
49 98 81 5 24 11 55 67 5 64 92 99 44 11 79 39 81 45 3 57 61 6 47 9 61 81 66 36 38 82 74 16 80 63 40 55 49 67 30 98 14 8 80 6 74 89 38 42 74 58 33 22 86 20 65 7 1 87 7 13 57 31 92 39 62 64 65 2 11 13 84 53 52 67 21 83 71 94 77 39 90 33 55 2 68 2 99 4 98 24 19 53 71 7 36 77 59 11 86 4 8 29 60 54 15 24 9 51 60 68 53 37 71 50 99 64 54 22 64 77 63 63 51 81 46 88 55 82 65 48 67 75 35 11 44 79 5 8 81 90 95 99 24 57 12 0 37 69 0 91 57 40 89 93 98 98 10 4 83 7 60 7 11 52 60 6 25 15 11 58 93 34 24 26 91 39 66 96 16 84 58 77 12 34 89 35 15 4 88 33 46 94 94 63 18 81 5 53 21 9 56 46 1 56 41 88 69 80 98 69 69 95 14 29 85 45 16 43 40 48 1 13 71 64 13 51 53 77 77 17 18 27 93 88 5 55 29 59 74 9 39 44 75 83 88 30 70 60 6 15 2 100 99 3 11 63 79 92 15 26 100 76 78 57 40 67 9 33 25 82 18 57 73 57 51 43 79 31 98 27 54 56 47 11 97 79 25 40 23 5 66 11 41 57 26 49 6 24 75 55 17 19 93 80 17 72 15 40 89 10 93 65 36 42 4 42 88 17 59 81 89 46 60 46 9 42 42 73 49 67 11 3 26 2 96 35 54 40 5 5 13 38 94 91 48 74 82 0 83 41 33 97 15 65 36 11 22 43 65 71 53 38 43 55 78 20 13 22 68 65 84 14 70 38 37 27 70 97 100 37 3 41 94 27 28 57 4 13 50 83 47 84 91 65 94 61 8 84 14 57
37 95 98 64 87 98 42 75 5 9 28 19 3 90 38 40 85 80 78 88 45 8 56 53 29 74 53 74 39 17 14 60 28 37 21 31 12 59 67 80 43 88 33 6 26 83 98 63 0 44 38 82 27 76 64 15 59 51 41 57 83 73 76 10 86 97 77 73 84 10 63 50 90 68 64 61 30 33 56 27 59 97 14 17 80 3 89 50 91 61 72 19 69 63 39 15 16 45 4 4 23 95 85 96 66 65 63 72 43 64 45 89 72 12 28 32 32 76 65 55 88 36 37 71 46 63 22 8 31 64 73 4 82 44 100 38 55 26 65 21 47 34 18 43 42 8 21 21 84 40 22 88 46 48 78 51 64 52 34 18 68 12 12 66 78 33 77 84 43 90 46 21 19 29 31 35 67 60 63 17 28 47 6 66 19 75 63 3 44 53 6 1 25 89 59 77 41 57 41 2 21 34 87 9 90 13 55 62 6 60 60 88 69 52 59 39 97 97 6 1 42 5 39 47 95 4 34 64 27 2 74 85 89 57 54 73 38 50 31 11 63 74 95 51 76 32 67 52 4 35 27 36 36 71 11 49 79 3 11 0 38 91 1 75 43 78 14 4 18 40 95 10 65 53 41 93 79 41 57 96 22 14 79 23 10 88 12 2 26 97 8 100 2 7 84 60 50 39 93 25 25 80 5 10 25 16 97 41 52 91 54 14 6 7 100 38 48 53 61 83 33 8 2 57 38 79 78 64 24 97 39 42 45 60 15 95 97 40 38 46 45 33 71 85 75 72 0 89 16 47 56 57 82 36 41 99 36 67 57 1 62 35 27 20 21 96 13 87 2 7 58 71 0 47 63 1 35 52 67 10 17 51 95 12 62 73 12 27 85 31 26 60 36 52 75 30 2 19 86 93
64 87 99 44 75 77 88 98 64 58 94 27 10 82 27 95 9 59 23 85 9 58 57 48 13 5 52 0 2 19 28 2 100 88 69 58 68 44 45 13 87 57 81 53 61 74 44 97 19 99 86 62 90 59 1 90 49 72 13 97 90 92 73 95 28 57 29 6 34 90 49 78 1 80 70 96 17 23 48 47 80 18 11 14 3 42 10 95 99 48 4 84 87 83 81 48 55 31 44 11 42 42 4 24 99 6 54 66 46 61 27 74 4 100 13 42 2 58 52 10 66 30 46 85 25 87 30 79 8 89 46 8 78 86 26 57 5 93 53 40 26 37 54 80 68 64 57 36 23 67 52 42 46 44 98 23 76 45 89 56 42 15 26 60 85 58 2 6 1 27 100 51 53 87 7 65 31 46 40 23 44 44 100 23 71 44 90 30 50 54 56 67 37 76 39 80 48 34 66 65 54 3 96 16 59 94 76 50 78 69 48 8 9 100 96 15 93 50 20 8 36 86 58 57 0 23 3 3 32 95 45 25 28 45 41 66 75 38 9 40 2 31 89 84 100 31 95 44 4 82 68 93 39 27 41 43 76 43 73 29 28 69 30 79 40 25 99 61 50 47 48 45 65 94 61 15 90 48 33 41 75 48 12 93 25 58 67 0 55 35 78 81 25 57 21 87 2 53 94 39 83 19 55 47 32 5 32 18 33 8 10 84 82 83 98 31 70 31 5 67 2 43 71 99 24 50 6 90 55 81 25 42 11 71 39 53 66 36 28 33 16 84 15 64 59 23 92 31 92 27 70 81 38 8 9 36 40 65 16 31 31 91 1 8 2 85 84 15 78 87 85 77 32 60 1 50 19 56 71 67 5 39 54 43 71 25 9 48 9 36 60 55 65 94 60 71 60 74 58 82
10 64 32 39 55 99 57 71 79 1 62 25 52 5 81 22 50 8 21 57 15 58 61 80 35 21 65 88 84 30 2 35 48 2 26 39 23 31 52 88 21 46 7 57 7 20 76 31 38 87 45 8 29 5 99 12 75 88 16 12 65 3 92 80 15 42 19 66 15 19 72 29 88 41 87 70 19 56 93 43 21 83 70 62 9 40 46 90 48 22 97 53 22 12 73 77 51 43 74 80 94 73 1 25 84 90 28 27 14 24 33 48 62 92 43 20 70 97 95 97 70 39 96 29 83 27 87 59 13 10 31 60 28 86 12 86 61 34 0 80 71 93 26 67 32 22 44 80 9 99 26 89 51 45 7 92 5 4 47 16 22 62 44 43 24 70 83 53 48 98 30 21 74 70 54 83 27 32 2 48 62 93 2 69 93 31 86 98 23 49 32 28 66 36 78 58 21 0 11 54 100 5 16 74 96 49 23 27 98 100 9 52 64 36 14 7 9 91 92 77 93 11 83 6 23 59 48 98 90 12 98 8 79 40 97 88 11 52 91 0 25 50 81 25 34 7 95 96 19 59 100 64 39 86 93 1 80 76 20 15 15 74 3 52 92 97 14 40 3 2 24 64 1 65 49 73 41 51 75 57 85 37 43 51 78 87 51 23 64 11 36 55 89 31 36 89 96 59 38 99 65 56 79 4 98 13 15 14 18 95 90 73 43 1 62 5 99 14 9 73 69 35 100 49 2 23 72 86 42 97 74 19 92 43 45 48 67 50 15 92 91 99 75 90 60 80 45 14 86 0 94 80 22 10 28 38 6 25 3 51 60 72 80 27 9 67 65 50 80 4 53 14 78 65 87 71 40 13 58 29 99 85 93 42 43 36 85 45 30 78 74 84 93 65 27 31 37 22 14 38
34 59 78 43 81 61 17 1 26 66 82 3 29 34 48 8 61 42 27 58 7 18 63 61 94 57 52 29 5 87 79 20 33 89 29 34 81 82 93 21 24 48 81 7 96 58 94 35 51 65 86 7 40 42 28 70 43 54 5 51 48 4 55 41 72 89 86 39 75 36 66 27 89 93 18 97 82 27 86 40 11 0 6 5 42 54 72 54 40 88 21 71 73 94 20 56 75 89 39 97 11 2 7 60 41 64 3 23 91 38 93 44 24 45 78 56 37 26 14 64 30 22 73 83 37 40 30 69 79 46 47 39 75 26 6 31 56 2 67 38 86 62 2 37 21 65 45 6 42 8 94 93 0 58 67 3 57 79 59 58 34 68 67 44 58 16 38 15 24 67 14 58 12 59 59 27 88 57 62 86 98 13 10 5 68 83 62 84 13 20 56 81 93 52 19 44 93 56 36 9 1 42 31 18 8 18 6 76 53 68 16 65 84 43 9 95 60 63 57 72 36 50 70 90 84 38 7 22 69 99 0 10 0 9 65 85 6 85 11 81 10 77 52 48 2 43 35 42 20 38 27 7 40 74 52 21 59 91 40 78 51 84 32 37 36 96 53 94 60 40 73 97 88 2 98 2 60 17 29 55 33 23 21 22 64 27 52 41 63 50 14 85 20 27 51 34 34 3 65 100 50 40 41 17 18 50 92 40 57 43 34 8 20 9 18 22 52 89 78 11 24 8 58 0 64 75 84 25 84 76 21 39 68 51 97 11 97 72 13 4 94 53 98 25 24 21 90 59 53 20 10 95 61 61 50 49 61 8 68 67 79 8 82 75 9 75 60 22 29 0 31 31 16 37 16 17 79 24 35 15 51 70 92 67 28 98 62 64 63 78 75 11 7 91 97 96 8 14 53 30
85 33 1 51 2 11 53 45 86 52 59 13 84 19 21 88 23 50 43 42 37 56 9 61 90 73 22 83 30 6 99 26 68 29 88 18 19 43 15 1 1 79 25 10 33 7 100 53 21 79 20 38 11 24 71 35 52 7 83 20 60 65 5 58 42 2 43 75 12 59 72 57 78 90 45 15 49 22 0 10 81 62 23 7 31 45 38 11 16 17 87 60 34 64 58 10 55 0 37 44 81 97 51 6 71 96 97 93 62 70 62 95 89 73 51 37 16 51 87 42 1 13 55 12 30 71 11 7 4 27 15 61 37 74 50 47 54 65 14 62 7 53 71 53 0 45 15 40 25 67 5 54 21 14 94 77 50 73 30 12 38 75 67 35 71 24 51 65 13 33 14 50 12 84 8 12 5 12 23 68 98 46 88 46 59 58 2 0 52 33 92 19 34 40 87 76 4 99 36 75 88 42 12 34 6 28 76 59 98 26 44 24 30 18 15 60 45 75 18 19 42 37 70 42 91 77 87 33 27 67 18 31 86 97 71 94 98 89 95 14 79 9 65 87 74 93 32 57 56 93 96 29 54 31 43 8 68 66 66 67 3 89 29 79 43 52 22 79 73 68 80 70 47 13 3 2 95 76 0 34 29 70 67 39 94 74 56 80 51 78 19 58 78 49 7 54 11 78 68 9 42 90 69 90 50 65 16 83 4 20 49 37 2 67 46 33 39 87 32 83 0 75 69 43 31 97 50 60 62 35 14 20 29 31 45 14 52 69 53 50 99 75 82 80 62 76 14 27 54 38 69 77 67 56 97 25 73 78 93 40 12 39 54 6 41 41 36 35 92 11 59 18 93 65 60 24 0 75 80 57 85 15 6 94 66 28 74 88 30 38 23 56 26 2 47 15 38 98 5 25
30 86 70 22 35 77 71 98 58 74 79 62 31 20 11 96 8 86 82 67 23 61 13 5 55 27 86 77 83 27 3 68 89 10 99 97 66 19 56 75 90 98 14 42 68 60 99 72 90 1 59 27 85 19 95 80 50 31 40 85 31 70 32 92 2 24 27 78 98 23 76 39 100 57 96 14 62 45 7 29 98 13 58 11 66 22 10 94 5 40 13 66 43 89 75 41 60 2 13 86 91 9 60 99 50 36 0 73 94 48 99 89 37 57 73 29 26 78 78 49 2 44 13 17 65 98 33 24 44 9 83 39 60 48 16 21 2 44 21 22 79 0 83 63 57 1 63 33 67 27 11 30 35 34 83 44 13 72 38 93 30 49 67 25 81 84 94 4 20 97 98 63 92 97 24 64 90 7 87 42 54 29 26 61 7 19 72 66 77 9 16 93 89 12 1 37 34 67 37 51 80 66 20 57 1 51 44 18 53 10 2 86 15 61 92 54 0 79 25 9 81 7 86 92 75 8 30 54 88 14 12 85 69 1 33 16 69 30 66 50 12 11 26 31 38 15 52 22 91 16 79 40 5 61 41 44 66 3 75 87 20 85 71 60 70 68 74 60 84 77 8 73 73 47 45 57 83 59 24 36 39 52 91 4 41 50 38 9 22 49 35 25 98 16 28 10 52 69 18 90 28 8 43 0 83 85 87 69 75 30 57 29 88 60 30 89 73 63 60 15 27 8 51 43 90 58 90 53 53 42 93 8 85 37 23 17 93 80 42 93 87 12 92 87 4 45 5 33 50 59 51 89 78 98 5 8 75 8 32 21 48 80 10 62 88 68 71 72 15 88 51 31 45 69 85 40 53 70 84 30 34 42 38 88 50 43 61 15 36 100 74 25 17 24 84 31 73 82 82 10
36 72 59 43 68 11 64 22 18 99 6 89 72 76 25 20 67 11 56 98 72 81 94 79 75 27 38 65 2 20 72 46 43 60 59 64 59 56 5 69 23 51 59 9 3 11 83 79 43 27 39 57 51 66 25 94 29 28 27 78 81 65 84 39 93 74 3 45 61 5 87 13 33 54 3 88 12 5 38 99 95 49 60 15 80 1 13 16 33 45 90 33 53 18 38 83 69 30 97 1 80 14 68 31 5 76 5 33 99 32 68 0 85 19 59 93 63 4 28 99 70 46 69 2 60 24 64 96 58 32 22 60 98 39 69 44 54 78 84 10 21 88 28 62 70 47 11 98 24 9 0 50 51 37 82 27 56 5 71 42 77 69 48 3 36 21 83 41 42 57 36 96 25 80 63 89 58 7 37 5 50 97 66 35 43 41 76 55 34 81 62 26 42 67 34 37 90 3 52 33 100 38 4 90 40 76 82 29 49 36 92 68 13 13 91 65 90 98 72 90 1 87 3 93 84 29 11 8 37 40 54 19 73 22 7 41 25 0 67 25 14 30 10 96 55 5 71 88 58 27 80 7 11 77 41 9 71 81 9 100 15 13 87 9 67 13 74 49 87 66 100 45 36 40 27 97 49 95 32 10 30 14 71 10 72 11 10 2 66 27 0 68 25 7 88 64 80 61 44 55 2 25 30 88 45 36 94 84 25 95 2 3 44 92 39 13 35 27 94 7 18 97 26 39 87 65 99 40 88 73 49 72 70 75 4 83 49 76 74 29 69 61 70 57 89 79 30 33 79 65 23 41 91 59 30 91 57 15 44 59 92 78 4 36 65 97 35 80 15 46 62 33 9 73 41 56 0 92 21 4 16 79 54 27 73 18 33 85 85 1 61 44 55 33 64 9 25 5 88 39
22 3 78 66 36 27 99 4 96 63 34 95 61 63 79 71 62 10 5 51 46 83 9 12 90 87 95 7 72 36 98 97 36 74 73 19 48 49 41 47 68 41 3 49 10 91 13 42 79 84 77 96 49 1 77 51 75 42 51 22 88 44 54 20 92 60 44 50 45 31 80 38 67 91 8 43 45 34 68 85 94 69 14 90 16 49 7 12 19 88 66 12 21 7 84 42 77 38 81 95 90 25 42 66 83 0 8 37 9 62 5 44 11 7 57 88 44 58 26 83 8 59 35 49 58 52 40 15 72 29 35 32 69 8 87 17 54 34 70 7 18 69 60 62 11 39 83 58 33 96 28 21 97 18 65 20 82 96 18 87 54 89 79 27 92 71 56 78 3 85 25 97 32 29 48 83 48 44 13 51 35 38 68 85 58 49 34 70 0 60 27 45 86 66 96 2 19 24 51 18 96 85 50 4 74 35 95 53 33 82 39 35 10 71 8 7 27 37 37 46 37 37 32 62 22 83 59 42 81 57 89 41 83 43 30 84 25 45 37 28 28 26 8 30 13 84 46 62 70 11 49 5 54 11 47 5 37 95 45 92 67 6 90 22 14 33 21 10 43 37 20 81 43 57 94 4 93 50 68 15 75 11 69 59 95 11 83 21 85 88 28 32 10 19 52 87 29 17 90 69 66 63 5 11 40 18 62 69 22 50 73 89 94 10 64 16 21 48 72 24 97 82 90 59 14 44 86 89 99 4 41 50 96 14 90 40 21 15 44 27 90 46 83 79 40 4 66 24 17 94 76 81 34 52 82 93 53 66 19 18 86 37 71 40 30 98 33 86 55 72 29 27 20 5 80 62 82 28 47 13 24 31 58 97 43 27 66 99 84 56 77 79 82 68 2 86 42 87 54 74
58 50 55 68 42 85 36 18 7 66 5 26 76 85 43 5 39 46 24 100 29 22 90 38 78 35 88 42 17 77 83 82 5 59 11 0 85 30 22 63 36 65 72 29 67 44 81 60 69 89 40 51 64 1 5 32 20 62 24 35 48 46 57 17 74 61 85 29 71 86 35 38 90 63 88 34 12 46 87 4 72 84 11 26 56 50 37 22 13 67 100 9 34 51 96 76 75 64 60 57 16 71 5 19 45 6 51 70 38 35 98 36 70 71 96 76 0 91 34 21 63 67 49 74 52 47 46 76 6 9 23 47 41 10 61 69 51 76 2 57 51 27 37 22 40 54 70 22 29 97 73 30 28 62 69 82 57 93 51 33 76 87 36 97 63 22 72 36 70 73 100 44 54 20 45 63 100 31 12 53 54 93 100 51 79 94 46 1 91 63 22 77 87 93 38 54 64 68 34 65 70 47 5 73 13 49 73 98 30 91 2 0 60 62 40 99 100 47 50 72 10 75 50 6 34 86 58 40 84 68 55 52 16 29 82 52 42 35 48 35 23 84 9 15 48 93 95 17 37 32 21 35 72 49 60 21 47 42 60 28 81 71 86 54 33 12 98 64 77 82 38 91 64 70 31 45 63 85 23 73 25 56 90 82 62 3 82 100 96 38 23 46 0 11 4 29 9 56 79 96 51 19 69 70 38 43 48 41 28 6 21 72 58 75 13 89 3 97 3 39 13 47 32 100 1 85 38 22 5 51 44 66 17 69 27 100 7 21 44 66 14 6 91 34 91 35 14 30 84 1 75 47 62 100 7 82 46 64 100 95 87 26 58 89 94 54 67 70 51 71 40 94 84 6 52 42 37 17 63 32 97 16 59 83 52 36 34 19 62 26 21 14 51 54 82 86 96 11 33 14
83 67 51 13 54 72 86 90 10 72 57 69 31 21 34 75 12 18 42 46 36 24 14 14 52 64 51 94 38 46 14 100 55 15 10 81 31 70 4 5 41 44 45 59 49 34 82 49 70 9 86 75 62 91 58 11 24 91 12 13 46 3 32 8 0 4 22 25 22 51 67 72 99 77 43 84 99 13 93 26 35 55 14 7 36 33 57 41 83 66 54 77 4 29 92 87 18 51 54 100 29 59 46 26 29 82 30 35 21 79 69 68 85 94 40 80 11 58 60 87 20 5 42 89 49 65 28 95 21 68 59 39 7 67 5 64 55 29 26 25 35 65 11 6 6 13 97 25 50 16 93 53 88 33 15 2 61 1 86 46 5 96 99 29 95 19 37 85 97 78 87 25 84 27 85 0 88 7 70 19 14 82 42 40 30 53 88 81 71 48 42 22 22 41 24 5 8 1 9 3 30 4 85 17 87 63 98 67 14 14 40 88 0 72 48 37 35 91 75 63 60 85 73 20 82 7 91 58 20 36 76 9 12 5 14 4 9 36 5 99 30 79 49 64 10 87 64 88 11 36 35 73 86 30 78 33 28 29 23 60 5 54 43 42 62 64 85 84 86 11 31 2 37 35 66 21 70 87 62 30 100 91 99 42 95 73 64 14 16 81 79 52 76 59 93 44 7 51 4 31 25 53 18 84 14 53 58 23 71 79 43 98 50 37 99 0 12 4 94 2 78 73 80 83 17 68 23 58 61 37 33 27 21 45 75 27 48 74 31 1 20 3 78 32 69 17 26 60 42 80 10 88 59 63 65 67 41 73 11 32 64 15 20 2 8 72 82 78 98 100 88 71 2 64 90 56 24 96 58 76 7 16 36 67 99 57 48 48 53 4 37 90 44 2 2 80 1 80 29 76
65 28 43 11 74 45 99 52 34 53 43 32 85 14 80 99 95 38 69 5 13 90 78 47 13 47 60 49 14 19 30 74 65 38 52 64 77 25 46 28 26 0 30 30 20 90 23 65 53 59 3 2 88 7 27 40 45 19 29 29 9 86 64 6 22 96 55 9 63 50 10 32 69 85 70 30 74 7 39 25 8 80 52 83 85 94 92 41 27 54 16 15 11 62 0 82 82 27 84 8 39 13 97 2 38 0 87 15 25 23 86 16 24 40 55 31 1 46 53 19 77 64 64 37 46 7 32 96 84 35 45 85 96 46 68 26 69 68 66 59 95 99 31 80 15 20 57 0 70 9 67 9 98 53 7 24 73 74 56 11 56 95 81 81 99 70 66 52 31 96 73 20 45 1 4 92 44 90 16 3 4 89 21 42 47 47 76 37 54 93 15 9 80 78 64 3 24 48 66 62 32 22 90 98 15 80 99 68 56 66 62 97 76 80 96 99 88 54 28 54 92 70 15 27 100 77 94 3 20 42 7 57 92 49 80 44 29 44 52 99 88 29 2 52 95 2 58 16 93 37 15 29 4 94 6 34 86 13 70 67 5 37 53 85 37 61 23 62 99 66 13 83 54 86 82 79 13 93 65 18 79 29 61 71 59 96 85 50 80 38 48 32 98 71 51 65 94 72 1 35 20 64 94 31 32 34 60 38 59 94 72 81 87 10 65 17 69 45 44 94 47 17 71 8 39 72 67 85 16 58 31 48 91 2 94 25 28 74 11 90 90 4 27 11 69 20 84 39 86 97 97 63 75 5 5 66 97 16 27 47 75 89 51 4 45 59 9 20 8 50 92 100 23 25 16 0 52 99 21 56 99 20 67 76 25 2 14 26 10 100 89 78 68 72 52 73 4 53 87 31
17 21 15 94 77 92 4 19 29 84 21 11 100 40 96 10 41 96 35 28 63 33 67 80 20 49 23 20 51 69 89 75 27 20 6 30 44 24 6 62 51 59 52 74 52 13 70 86 95 44 86 84 27 65 43 58 95 78 79 82 24 9 86 25 34 94 31 79 66 73 39 87 95 0 47 98 38 4 49 7 0 75 96 29 1 39 33 88 40 24 69 61 72 52 68 64 22 87 7 41 22 61 83 4 89 89 1 95 41 45 16 68 18 64 59 45 0 44 71 60 72 62 70 4 97 24 63 1 81 26 90 17 22 76 55 88 46 15 72 9 46 60 33 40 28 12 47 27 26 38 63 35 31 2 16 33 13 96 87 97 41 44 63 97 59 94 34 1 97 44 68 33 99 78 63 52 58 70 34 38 50 20 52 18 63 93 94 44 59 45 46 20 1 40 72 38 3 28 26 87 46 90 61 11 37 67 7 34 84 50 29 22 4 26 29 92 54 63 98 64 14 42 64 22 87 95 55 64 0 30 85 48 4 45 25 53 26 99 29 48 72 26 63 63 99 76 55 55 20 89 98 91 34 1 59 44 14 73 62 35 51 32 86 87 32 63 36 23 2 53 85 57 98 50 55 14 39 91 66 44 83 95 14 28 77 78 30 72 1 29 50 98 33 30 32 76 19 0 6 72 81 60 1 7 17 59 2 36 28 87 0 82 36 61 20 89 39 11 20 76 26 41 92 97 62 33 57 54 76 15 53 92 42 69 66 50 15 92 86 93 91 56 1 59 30 17 19 2 74 87 94 14 0 74 13 44 40 22 4 14 33 98 27 85 86 7 38 47 55 46 0 0 83 12 8 57 46 31 100 71 61 32 3 73 33 1 34 77 53 70 38 20 93 24 87 15 87 1 53 16
83 19 45 64 20 1 78 40 11 33 85 96 44 69 93 28 99 28 41 22 72 92 5 77 24 3 40 78 93 0 37 94 97 15 3 19 41 16 9 71 22 82 21 48 73 25 60 27 16 58 91 72 50 14 92 1 45 60 45 67 48 56 95 98 66 14 100 27 44 39 83 83 10 85 10 94 92 70 54 42 49 68 54 75 81 99 26 51 85 59 29 74 7 95 98 94 14 31 40 64 91 8 45 18 58 71 64 82 97 8 70 18 28 77 31 5 65 22 94 8 36 51 91 64 13 10 94 48 53 94 78 60 60 26 79 58 64 0 35 81 92 48 24 82 43 70 57 51 54 62 10 31 73 4 52 19 84 55 46 89 73 88 9 41 66 56 19 17 52 44 71 73 98 99 86 3 80 18 38 57 3 2 20 79 77 6 9 23 86 8 21 11 87 95 18 85 61 6 93 38 32 15 92 71 15 68 29 92 32 48 74 84 48 8 93 15 65 43 30 36 42 39 48 47 23 10 28 8 18 89 42 18 27 75 73 44 88 32 38 78 66 19 79 68 4 32 82 92 62 21 0 100 21 80 53 24 71 87 63 62 21 15 53 40 65 66 100 10 90 1 82 53 49 42 31 38 47 89 22 1 65 74 24 18 77 74 93 42 14 72 77 51 88 80 18 9 55 47 76 74 43 47 48 55 99 76 91 58 24 77 96 77 65 32 59 16 61 83 61 2 10 53 64 10 90 91 76 25 79 44 25 98 64 46 1 47 86 85 6 88 37 72 30 73 81 38 45 19 70 96 48 82 99 96 8 81 13 69 15 21 31 70 38 13 59 70 25 96 75 69 1 5 2 60 71 93 72 51 10 21 12 98 30 3 25 71 33 80 6 49 21 95 86 66 55 42 47 20 17 94
30 5 46 66 39 31 80 3 68 47 28 2 75 37 73 91 92 8 40 63 60 93 51 83 87 68 53 27 84 38 88 34 12 53 38 41 10 28 17 22 71 51 65 82 36 17 36 64 81 73 23 9 21 68 32 13 92 89 95 60 35 28 70 57 20 36 91 89 12 65 66 80 53 2 26 55 27 73 5 84 12 90 98 27 77 94 36 58 93 3 55 99 8 5 78 25 27 17 38 96 92 65 89 34 55 96 98 31 98 5 77 65 66 86 86 6 7 96 56 5 60 50 78 4 11 6 50 33 97 52 82 53 54 38 18 52 58 49 39 22 53 78 53 98 2 14 21 90 21 31 40 89 83 83 42 40 73 62 82 27 7 75 62 91 74 51 32 2 90 32 54 2 84 55 96 34 66 67 18 4 85 93 5 30 32 62 44 39 58 7 34 22 37 41 95 52 40 100 41 46 54 68 69 93 37 55 31 58 60 3 95 81 96 64 80 84 15 10 34 37 79 4 92 91 2 59 20 58 33 85 8 50 54 31 41 100 44 44 73 94 3 98 52 72 60 64 62 50 63 24 16 43 93 86 93 47 98 14 75 85 100 49 40 24 79 38 52 89 56 24 10 38 53 76 47 2 14 15 53 50 5 54 96 43 5 30 41 14 12 74 13 11 5 7 63 26 19 25 28 14 14 60 42 70 45 26 10 82 34 62 10 0 14 30 76 53 10 14 73 49 9 98 50 77 45 78 70 59 15 2 93 34 2 42 11 48 96 83 62 65 64 17 71 12 59 8 11 36 91 5 66 7 3 53 93 93 86 58 37 41 48 67 14 54 78 95 2 86 95 36 64 1 14 55 29 71 61 3 65 49 0 66 45 17 58 92 52 59 94 65 11 58 76 52 22 93 95 40 24 2
56 51 69 36 96 4 90 66 76 18 100 90 84 17 83 29 24 59 5 99 3 62 70 16 38 15 99 8 99 58 55 36 3 21 46 82 3 83 40 31 9 16 80 5 99 8 49 56 42 86 40 94 21 92 48 48 31 11 60 69 39 57 92 86 16 73 72 29 91 25 41 89 9 24 58 61 74 99 88 30 58 79 42 78 14 13 39 38 50 1 95 71 11 25 37 94 96 22 45 47 39 82 21 51 29 49 75 22 80 92 36 32 33 52 30 93 55 70 58 35 31 10 99 46 28 11 88 82 62 82 100 82 65 43 31 100 16 37 17 92 18 86 86 27 5 0 79 89 56 18 52 13 84 82 35 29 65 66 93 29 26 44 35 46 11 4 39 37 96 60 70 38 8 66 5 23 1 19 56 1 49 96 67 59 24 50 80 35 65 8 44 85 42 83 77 88 46 57 87 82 41 43 23 6 51 27 82 56 95 1 28 97 37 47 9 3 8 31 71 3 95 62 58 78 33 7 28 88 50 82 25 57 93 90 98 29 0 34 71 10 84 72 0 75 16 39 82 39 24 25 53 74 52 3 86 58 64 49 11 6 61 70 69 15 53 92 94 65 19 41 11 2 67 76 35 89 70 79 28 23 9 49 65 64 27 39 23 33 79 65 19 70 29 59 58 96 70 7 9 37 97 82 37 21 53 49 43 24 2 42 5 49 12 62 68 89 89 94 28 95 77 16 34 0 61 87 10 26 82 54 27 0 88 13 7 93 12 11 1 87 59 25 51 34 58 94 68 53 90 83 78 62 38 68 80 70 2 32 35 37 67 35 78 53 0 1 55 2 47 78 16 82 73 21 65 88 37 63 94 98 66 95 37 19 80 83 84 79 76 94 35 94 90 20 16 30 86 81 57 30
19 21 69 92 50 54 8 79 2 38 2 58 35 5 41 80 100 32 65 56 55 28 50 25 93 12 48 45 41 48 0 6 49 48 12 91 41 64 76 3 36 64 62 72 7 16 21 83 36 73 86 6 73 63 11 4 81 97 44 41 26 9 55 22 19 35 96 73 100 77 80 54 18 98 98 26 79 96 42 99 9 34 16 86 75 78 3 52 37 11 77 29 18 88 9 92 65 78 73 29 66 70 67 56 71 6 35 6 10 7 28 60 45 68 42 28 49 59 74 10 34 59 53 36 78 69 53 29 31 98 1 21 60 85 11 74 29 56 87 47 71 41 66 89 1 42 60 64 38 88 65 9 68 3 17 33 1 11 48 32 60 72 73 84 31 1 15 25 4 30 42 15 51 22 56 34 34 53 47 15 28 99 12 61 34 55 43 48 17 4 81 16 58 87 88 62 94 54 84 94 93 33 21 4 88 32 76 76 69 26 42 81 57 68 39 31 100 5 62 74 41 24 7 82 93 4 25 5 25 87 33 12 11 4 94 41 71 82 46 88 47 71 22 80 51 95 96 68 13 84 87 86 10 58 23 11 45 53 42 67 96 7 56 63 82 18 93 65 13 66 50 54 53 78 84 56 9 51 78 29 85 5 46 4 52 19 68 78 69 59 93 34 24 100 80 31 27 69 68 98 24 60 74 99 33 8 72 60 46 99 34 96 49 74 25 3 59 86 86 53 67 42 85 16 49 70 3 96 12 52 68 58 4 10 49 76 44 73 21 63 37 35 65 40 17 33 41 23 66 36 17 70 85 21 82 16 43 36 90 75 84 9 11 34 70 87 85 10 77 87 49 91 59 43 5 54 10 42 71 57 45 71 38 93 42 51 4 97 1 74 57 81 98 28 70 68 41 94 88 6
55 27 82 91 20 46 37 16 50 69 78 98 62 84 52 54 46 9 12 25 100 65 71 37 25 11 55 44 75 11 37 63 58 13 40 83 73 23 46 21 70 39 87 26 48 7 69 60 18 55 29 81 47 61 56 5 52 96 40 49 0 46 44 16 53 97 92 38 43 20 83 37 98 75 15 36 55 91 47 64 74 40 16 21 74 94 73 68 1 62 72 93 56 35 51 58 41 78 86 94 24 19 74 36 1 16 26 100 36 74 17 11 74 71 8 33 56 78 19 61 97 35 17 29 32 96 58 19 86 47 79 83 18 14 30 86 61 7 91 6 36 23 74 58 96 6 14 72 48 40 65 5 93 75 1 31 84 1 71 85 31 3 41 37 41 86 71 24 8 50 97 30 3 81 76 85 67 3 56 0 61 45 66 3 2 21 42 6 17 41 50 16 31 78 97 19 49 21 26 18 27 88 81 18 31 43 83 75 67 84 44 80 18 44 12 94 10 80 25 95 16 80 55 74 34 84 3 44 57 96 21 40 85 14 16 39 46 64 42 86 82 46 74 77 39 54 2 8 89 10 42 97 56 54 27 79 86 80 13 20 87 89 69 59 2 73 77 20 3 13 23 93 50 93 58 50 29 46 21 1 69 32 36 15 86 46 62 30 79 59 98 79 68 16 14 50 95 66 95 56 42 65 35 32 87 57 88 24 49 94 79 46 67 68 60 5 45 43 10 59 63 53 12 94 50 10 21 9 32 41 3 39 78 7 23 0 16 61 54 15 100 35 57 29 70 66 47 53 95 65 89 52 60 57 93 11 29 99 33 81 63 94 66 67 80 94 17 64 39 38 10 92 66 58 61 41 89 61 45 52 5 57 58 38 34 14 55 21 39 25 58 68 75 95 37 43 55 56 63 10
91 42 2 53 100 92 31 1 40 31 50 53 0 84 42 19 61 89 44 74 42 36 19 5 76 89 23 52 79 25 26 31 37 97 82 58 37 16 81 10 49 47 92 2 81 18 74 60 29 95 69 51 58 92 35 88 58 92 74 58 32 20 57 43 46 59 45 4 54 2 100 16 51 8 72 35 81 30 36 91 65 65 72 73 19 73 78 57 59 32 100 36 15 87 88 65 32 86 74 42 77 80 46 68 89 17 93 79 80 14 50 53 94 39 38 20 67 87 83 64 9 7 49 85 44 9 69 30 63 70 13 0 41 1 48 100 73 80 55 45 3 29 16 20 70 86 96 61 42 94 65 49 24 59 81 15 21 55 44 21 15 34 91 87 58 38 16 66 44 98 83 25 20 12 48 76 2 99 59 97 39 85 54 17 59 36 41 78 61 99 90 12 11 9 71 40 64 43 25 15 96 36 52 86 99 68 100 47 24 55 17 16 77 3 18 61 11 90 92 29 25 35 16 33 4 45 57 94 88 15 81 35 6 67 85 81 26 8 82 39 54 70 21 40 82 46 40 17 70 10 0 87 96 35 72 79 3 94 78 64 45 55 5 56 99 43 3 10 21 98 94 40 42 73 25 83 32 97 7 37 24 21 90 41 73 51 49 24 40 56 96 22 37 53 1 24 50 92 50 11 94 62 61 71 93 58 55 95 98 43 65 56 88 43 64 33 13 56 65 6 58 99 79 6 37 50 66 35 63 26 83 91 76 70 99 0 10 17 69 86 88 50 92 39 84 72 52 49 98 80 57 19 1 95 55 77 80 48 19 76 30 70 25 37 18 2 97 78 94 89 2 24 38 26 55 61 48 51 14 52 55 20 71 44 82 50 92 59 6 96 57 58 6 11 98 57 81 4 87 57
83 18 27 22 70 85 97 62 58 50 62 6 59 6 29 71 18 9 28 92 6 4 96 56 67 44 90 99 62 52 84 51 44 5 100 50 52 70 60 1 80 32 46 87 98 90 10 45 7 85 89 41 57 13 53 6 56 39 57 4 5 41 62 72 57 88 34 11 20 31 58 20 3 82 96 74 34 32 65 81 100 57 31 79 43 57 68 27 45 39 76 70 89 9 3 16 54 46 64 49 35 88 36 10 93 90 83 74 63 89 70 80 78 9 58 80 76 7 0 38 24 4 23 6 88 9 78 45 100 4 7 77 21 69 36 88 45 56 0 30 62 15 37 51 68 37 58 32 59 36 97 38 40 75 71 57 40 51 58 63 56 84 0 82 65 4 8 84 5 38 78 74 3 32 70 1 13 13 64 63 14 2 89 92 78 52 53 6 21 48 76 6 10 32 52 99 93 55 53 12 98 63 47 8 98 58 31 50 96 55 29 48 74 5 40 100 37 67 69 8 70 93 49 45 55 83 16 3 87 99 8 61 83 51 39 13 42 92 46 49 8 35 42 50 4 47 14 98 46 23 79 50 5 1 78 55 84 0 50 2 53 8 26 7 63 1 78 76 58 0 1 81 15 41 25 49 18 35 43 97 47 6 19 14 80 80 53 61 26 33 72 72 87 13 58 74 9 82 77 23 81 68 62 59 85 12 61 53 58 98 36 46 91 27 74 86 44 50 100 91 6 74 19 52 90 36 33 1 60 23 20 43 29 17 71 11 10 90 73 3 99 77 91 51 59 85 53 0 76 35 15 54 81 71 95 14 83 29 76 86 11 84 30 79 85 3 39 13 10 24 94 47 53 86 97 88 29 96 31 41 35 32 34 84 49 1 37 39 43 13 96 77 46 75 33 17 14 82 18 14
7 4 41 38 88 9 59 75 57 96 51 31 33 47 65 6 29 7 19 84 20 44 40 88 37 17 3 73 23 92 88 58 47 95 33 28 12 90 33 26 90 0 65 6 79 9 23 82 6 30 71 17 5 50 11 4 72 98 15 32 12 27 4 33 59 92 61 4 21 43 94 28 61 33 91 5 80 50 66 53 41 52 43 59 88 76 1 92 95 38 84 78 48 95 83 93 95 18 51 57 68 95 96 84 100 81 69 46 18 43 77 3 84 77 36 87 83 5 7 89 8 78 100 68 13 46 50 64 69 99 37 15 11 100 52 35 60 19 98 36 61 26 76 24 66 72 94 100 82 27 76 37 87 10 83 34 1 65 32 49 67 34 91 80 87 62 52 33 97 51 60 66 47 69 15 0 47 32 44 73 27 0 15 14 24 4 65 65 14 74 20 95 23 36 79 91 53 90 10 96 69 36 62 88 70 9 92 54 99 94 41 91 7 28 69 65 74 58 37 73 20 81 53 62 73 5 97 73 44 58 17 53 63 16 30 35 99 47 51 66 56 0 11 68 26 64 20 87 69 14 94 14 98 25 31 88 16 0 59 14 73 10 95 52 17 98 94 78 97 71 64 5 40 99 91 64 54 27 93 6 50 98 22 10 89 92 99 41 83 84 46 53 25 24 63 96 96 7 72 11 44 82 60 40 20 64 43 15 68 75 53 44 83 17 81 3 94 48 69 90 26 17 13 50 54 94 66 32 94 69 82 93 16 68 41 45 2 26 28 52 100 18 86 76 42 83 15 0 3 91 62 94 37 10 86 38 41 30 11 12 93 88 83 49 63 81 30 37 70 7 1 7 78 32 93 45 41 56 70 76 74 39 65 63 82 64 94 64 70 33 41 22 1 33 29 16 70 43 19 13
16 46 2 66 95 53 61 3 22 69 36 87 97 98 88 90 38 20 63 64 36 12 75 57 41 44 87 62 96 79 11 22 83 49 19 40 29 10 82 99 58 80 52 53 30 52 70 57 69 100 42 81 6 12 78 44 82 12 85 83 55 22 95 61 88 87 74 7 88 95 13 27 38 45 37 87 74 48 57 7 19 97 87 52 19 64 79 83 70 78 88 68 81 85 92 17 46 77 53 43 0 25 92 49 74 41 83 50 51 77 89 96 72 49 11 77 58 1 1 66 41 13 90 10 60 60 33 51 74 0 40 9 6 21 41 64 80 17 80 54 31 77 43 77 23 92 4 49 89 66 82 55 95 88 21 81 66 3 98 34 95 50 81 42 57 90 30 16 32 29 5 28 28 45 49 48 52 59 25 36 87 43 36 85 5 76 24 69 3 77 76 86 97 33 44 16 3 99 5 24 69 74 7 35 41 10 68 37 82 98 20 71 4 23 98 8 43 88 58 25 54 75 16 61 26 57 70 47 76 46 71 68 6 70 69 35 37 16 11 77 70 53 89 2 51 93 42 8 54 7 60 63 26 44 9 79 48 32 7 37 88 76 6 23 11 65 23 21 20 27 55 72 98 97 85 65 85 69 80 89 57 81 62 35 89 76 19 97 99 51 37 54 88 79 7 46 85 48 50 17 36 38 23 46 41 40 12 68 67 75 39 62 54 98 56 72 50 65 62 71 79 34 39 41 34 3 52 0 43 23 45 57 29 14 23 6 49 29 71 4 60 83 1 42 76 58 87 10 93 94 96 69 65 4 83 25 18 92 20 43 59 40 98 30 63 49 83 89 76 94 45 23 33 30 34 31 33 90 20 19 8 47 12 55 55 45 24 88 73 35 35 27 28 85 82 62 55 28 12 63
3 53 16 20 38 14 92 20 96 8 87 98 15 18 73 88 16 12 24 58 19 29 15 46 1 69 0 80 51 84 58 27 69 93 58 89 91 62 27 12 69 90 17 11 5 22 65 8 93 92 6 22 71 25 34 58 11 9 9 55 54 59 52 42 68 3 53 58 12 77 82 12 31 23 48 16 71 26 34 96 82 5 30 24 24 63 65 15 99 62 18 51 52 0 73 31 3 78 60 61 63 10 98 5 26 86 80 90 5 0 17 74 81 35 23 99 59 82 65 5 23 29 5 9 64 82 16 31 49 16 61 70 12 16 4 20 58 67 57 36 33 83 88 17 69 41 100 37 85 28 55 16 11 74 70 42 16 55 29 94 96 34 11 79 49 1 53 57 57 76 51 57 99 81 4 33 90 37 64 78 0 72 69 51 69 95 90 42 48 4 3 72 78 22 42 6 28 40 60 79 90 79 70 11 7 87 27 57 40 76 41 47 25 52 47 22 76 82 51 2 9 27 6 66 96 39 5 15 99 29 36 11 40 90 14 39 53 52 24 1 30 16 7 40 96 25 20 95 14 26 57 28 98 88 54 45 92 83 87 36 18 24 78 63 55 6 5 89 82 47 31 18 46 34 54 63 68 100 37 10 2 10 82 87 8 81 9 26 44 93 16 39 86 44 26 93 95 12 13 24 83 13 31 24 47 83 14 11 50 67 42 44 48 22 96 92 33 46 89 60 78 42 51 45 91 4 16 11 63 15 28 27 66 99 90 93 64 48 33 86 3 99 31 8 57 17 85 29 74 87 58 37 11 74 16 62 72 84 46 67 32 20 36 72 5 59 6 43 30 72 80 25 31 72 99 57 55 80 18 46 24 19 25 59 32 35 84 51 57 46 39 76 20 37 21 42 57 71 8 86
37 17 76 30 63 35 100 70 30 78 6 90 98 6 60 80 81 10 43 88 28 57 4 32 80 26 30 10 10 11 65 0 26 85 12 5 94 61 2 79 13 37 75 21 72 10 31 24 34 11 96 96 39 18 14 32 32 61 4 80 78 91 37 78 49 68 71 25 65 14 98 67 65 52 76 13 44 82 83 24 16 20 79 30 41 82 13 34 25 52 64 86 32 91 41 52 57 67 13 74 95 18 68 34 42 19 65 19 25 44 90 43 57 42 34 59 5 11 5 75 98 6 58 1 91 73 88 4 48 61 86 15 82 94 74 32 43 57 98 8 60 48 85 92 16 57 63 52 80 79 52 30 22 50 4 20 49 74 4 88 66 0 52 44 36 61 54 100 0 21 99 16 94 23 87 81 43 74 9 66 7 83 90 30 59 51 40 31 30 59 86 14 80 36 13 66 92 12 26 51 30 27 71 92 56 44 73 28 43 4 56 46 93 87 34 93 87 21 41 65 53 71 94 49 64 43 59 93 52 98 35 59 100 15 96 75 30 45 15 27 34 42 26 37 36 57 75 44 75 46 61 72 48 97 68 31 76 68 67 4 61 81 84 16 46 9 54 64 13 70 71 19 85 55 31 43 6 69 61 24 60 58 93 32 95 100 42 2 99 20 88 31 23 38 40 93 44 81 59 31 64 82 17 3 19 97 1 11 33 32 39 56 36 84 87 14 91 41 14 96 28 44 80 93 72 0 28 84 3 11 29 100 68 97 90 78 56 45 22 83 95 99 6 58 12 75 54 18 0 22 0 97 34 48 5 19 10 60 15 81 70 30 85 59 39 11 23 2 31 21 66 20 73 90 4 51 57 88 67 56 95 98 30 96 97 62 16 14 6 7 30 21 37 85 53 16 28 46 40 30
88 88 72 89 29 39 30 69 81 25 39 67 98 1 73 38 13 26 58 23 42 59 53 96 74 64 7 98 34 13 97 75 10 82 72 94 39 67 89 100 26 60 47 23 88 55 56 92 61 77 37 28 23 15 65 93 6 50 64 51 9 59 2 96 93 100 81 50 48 88 8 55 10 71 52 45 94 3 58 60 52 25 46 74 66 32 79 15 72 24 7 3 85 30 69 23 52 24 42 72 93 32 26 15 76 23 42 91 52 0 87 35 11 93 38 59 19 13 31 60 40 95 32 10 96 60 62 44 23 48 3 56 18 41 78 77 50 25 90 44 10 35 87 22 32 68 22 2 21 66 4 83 93 43 65 35 7 2 41 41 72 22 84 49 44 20 9 61 61 91 76 67 96 6 58 30 100 32 5 28 55 76 72 92 35 84 50 22 84 79 58 29 17 53 2 91 11 15 36 34 14 3 48 60 17 8 89 64 50 0 80 64 0 55 93 48 33 65 72 80 83 41 44 7 55 9 68 61 55 86 85 62 70 65 95 8 78 37 39 73 93 60 35 68 32 21 44 11 81 66 66 97 35 83 99 87 53 63 87 47 67 8 45 8 100 32 76 64 77 14 29 78 20 18 90 9 29 14 90 27 39 45 49 7 73 7 4 73 58 65 8 64 63 72 78 32 18 86 72 33 41 65 43 9 5 33 65 52 25 63 91 94 6 16 42 79 88 24 95 36 79 94 72 66 69 51 48 20 15 81 67 63 28 24 7 16 20 97 90 89 72 26 71 71 5 8 57 5 49 2 75 70 24 49 31 83 22 79 71 11 66 48 95 7 71 93 45 60 33 65 81 25 80 71 68 73 24 12 18 91 76 72 63 41 26 24 100 16 79 77 80 24 12 56 9 100 33 17 67 24
81 3 13 43 2 30 80 1 30 70 77 46 88 61 97 93 79 23 63 71 72 34 83 4 25 98 59 20 62 3 53 82 6 100 11 37 1 45 79 71 70 28 34 8 89 58 37 36 70 59 65 35 50 100 73 38 59 91 3 74 54 99 65 32 97 82 79 98 50 53 87 87 82 32 34 44 84 54 36 58 68 94 5 53 64 46 46 72 86 42 86 45 82 89 32 34 89 18 48 6 80 18 20 20 55 39 11 75 65 25 57 52 30 40 19 93 28 25 69 85 4 68 18 99 86 8 54 47 49 96 32 90 82 2 32 11 70 22 99 26 71 68 26 25 75 42 23 81 37 31 55 40 51 96 41 30 88 2 16 11 82 14 33 49 43 61 28 8 33 89 52 79 7 29 72 2 40 9 87 66 96 51 27 30 1 34 56 8 10 9 22 42 48 82 85 1 46 55 58 15 53 23 46 19 69 33 95 21 20 25 33 16 24 88 53 63 8 95 85 61 77 24 17 63 4 44 49 19 7 92 1 40 55 6 80 26 53 46 47 38 31 49 64 66 57 26 78 96 56 20 39 63 75 38 70 62 99 69 16 97 74 39 24 52 26 84 29 3 65 50 96 75 61 72 15 2 87 40 54 99 43 29 11 46 98 70 36 18 59 55 91 53 45 82 100 61 53 39 58 43 45 60 20 55 20 13 84 27 80 15 15 82 74 73 89 48 20 95 36 19 98 95 97 7 58 53 77 23 23 39 65 84 31 24 30 30 66 55 93 92 0 99 8 43 90 59 86 26 7 57 96 30 82 98 2 25 41 87 18 44 16 98 23 13 3 20 33 75 8 75 53 50 95 48 26 1 31 86 86 36 47 74 41 9 49 9 53 19 57 86 83 45 100 61 87 60 72 67 69 37
44 8 34 59 20 100 76 32 21 20 49 4 93 64 94 59 72 94 55 99 97 9 15 17 21 34 96 61 31 83 28 30 76 39 71 5 29 29 45 19 87 26 53 82 51 74 56 56 47 39 99 0 83 17 34 0 37 41 80 13 90 96 88 85 81 2 1 55 31 24 97 13 59 71 60 56 79 77 100 39 81 79 39 56 29 89 27 92 88 23 66 19 76 75 81 62 76 53 38 9 55 74 80 44 37 71 41 35 22 80 73 30 32 100 54 10 21 73 59 44 68 39 32 85 69 83 61 75 77 14 60 3 37 25 87 57 68 81 27 78 72 41 90 59 98 65 23 58 35 46 47 66 55 94 12 23 94 65 87 42 41 75 93 15 76 97 13 49 87 76 15 18 60 88 9 23 61 37 77 87 41 91 24 70 29 47 36 5 95 76 32 80 2 48 50 48 96 32 78 35 81 40 89 67 16 57 67 32 96 92 29 45 67 2 62 46 48 1 67 72 33 79 94 71 23 65 63 24 44 93 34 14 47 60 16 60 86 100 90 79 78 20 6 7 79 39 35 68 84 75 45 50 76 80 35 71 71 18 59 43 70 22 12 1 63 42 60 50 59 57 95 38 93 73 78 11 21 60 59 85 61 83 42 36 58 9 16 43 49 7 20 77 99 32 88 35 65 85 68 73 70 23 89 70 6 76 70 38 30 65 81 33 98 41 77 42 64 43 19 87 59 75 0 82 65 96 60 32 67 62 32 31 47 58 52 42 13 97 7 37 56 35 35 37 25 77 27 38 99 68 98 29 85 35 7 99 54 90 29 9 41 62 55 90 81 23 48 51 83 99 33 67 10 27 42 89 56 96 76 0 13 60 5 37 44 10 38 23 91 15 12 94 70 8 51 18 59 35 61 84
78 65 42 73 15 59 83 4 91 88 8 33 81 66 24 28 41 39 71 13 0 14 59 82 34 68 13 58 4 38 72 65 49 68 89 56 14 50 42 42 47 33 49 7 31 40 98 18 71 13 16 3 25 79 33 16 84 73 83 74 0 98 27 43 60 9 37 9 62 65 53 20 68 38 61 19 12 95 31 55 28 75 35 11 1 97 40 99 93 90 15 15 48 79 38 44 71 81 92 2 48 9 34 64 59 11 12 69 29 78 87 42 0 58 61 67 29 54 48 62 87 98 17 89 35 73 80 80 10 27 4 80 13 83 62 30 95 71 20 30 24 75 43 46 12 27 18 74 96 7 33 21 27 38 26 29 6 45 49 10 32 9 39 64 23 78 89 1 15 30 29 29 43 2 73 11 73 16 73 100 75 9 62 73 76 92 72 80 86 49 91 4 56 83 39 53 89 81 15 95 0 19 91 5 51 76 67 6 75 36 84 29 85 7 98 99 27 27 64 57 36 97 52 78 74 37 46 56 77 11 71 56 98 91 36 87 21 41 17 90 12 95 62 49 34 51 84 64 69 79 51 9 5 49 45 67 21 100 16 59 53 51 19 96 62 60 65 19 58 76 45 48 29 51 94 64 68 48 22 33 15 69 17 25 64 23 7 77 26 31 0 13 66 1 7 92 91 23 74 11 19 62 74 66 92 64 20 24 43 22 52 13 49 34 35 99 14 94 19 5 58 56 89 91 57 100 43 12 0 55 37 22 16 23 25 44 51 15 85 67 86 62 17 38 45 66 88 45 24 53 27 93 29 27 91 74 59 10 58 42 17 11 72 6 95 91 9 41 73 36 44 96 22 74 44 88 68 60 7 33 58 61 31 29 74 81 21 99 86 0 55 36 11 32 51 39 75 15 85 58
33 53 93 30 52 55 8 12 79 70 86 47 72 13 93 30 97 54 92 6 78 69 66 76 56 9 43 64 70 61 66 13 2 95 31 45 21 82 5 58 42 53 100 66 3 1 13 65 89 86 99 58 0 26 94 14 89 61 8 88 65 37 13 28 52 39 85 75 73 71 73 57 46 13 42 5 84 52 75 11 7 3 33 86 80 76 6 22 84 47 93 38 78 94 55 54 39 26 37 43 96 8 28 29 91 44 94 52 64 89 59 44 6 0 93 39 76 72 86 10 55 90 34 82 46 72 93 89 43 40 72 74 8 35 84 93 1 48 8 65 92 92 30 53 52 100 96 33 21 41 48 89 95 26 10 46 43 52 69 24 9 74 56 83 83 57 68 43 93 78 30 97 70 90 61 57 5 90 93 83 22 58 88 60 65 24 64 40 45 79 97 33 87 14 71 69 29 17 81 81 14 44 56 6 8 39 23 29 82 49 63 20 7 97 39 86 71 11 59 56 70 78 79 10 97 85 98 64 49 34 55 99 26 32 15 10 78 32 15 7 14 38 87 58 34 0 55 70 33 94 77 47 28 17 19 99 11 34 51 80 92 93 36 13 75 41 25 87 29 67 78 75 10 70 51 57 23 33 10 76 71 95 39 94 94 77 87 45 57 54 38 52 16 39 49 90 92 69 88 83 38 96 68 44 0 63 11 49 63 37 23 85 34 71 53 20 83 63 22 40 67 2 92 84 6 35 99 43 48 22 47 7 73 28 46 55 57 27 57 26 84 39 87 4 15 23 28 15 27 63 15 29 95 11 10 93 65 24 76 65 19 51 20 6 24 77 30 32 66 42 33 23 44 97 50 46 18 72 42 49 89 53 28 6 6 37 46 82 77 79 26 26 47 8 42 90 41 20 24 62
99 74 15 46 94 42 15 59 22 53 60 25 36 38 80 1 92 29 65 88 12 61 76 27 68 75 47 6 13 88 28 26 63 28 84 20 19 49 21 66 96 68 25 53 35 94 69 41 12 32 9 88 4 84 93 35 57 40 35 19 25 94 24 53 40 10 68 9 33 26 91 21 1 28 77 1 78 99 46 53 42 37 14 9 3 22 90 58 45 49 88 12 73 44 48 3 90 33 78 84 71 79 44 92 85 53 30 95 69 41 14 64 45 31 17 39 31 19 15 66 13 54 4 64 62 58 50 2 76 89 19 12 4 18 75 91 5 66 43 72 62 37 97 40 32 10 87 12 77 34 2 84 34 88 19 77 48 99 82 73 13 78 40 20 18 50 48 27 38 62 57 61 7 92 74 96 32 18 100 86 53 18 84 94 37 26 65 33 69 74 82 30 99 88 7 83 75 61 59 6 52 31 37 94 59 80 38 59 65 84 74 71 62 53 97 50 97 85 28 33 51 76 1 23 42 20 85 3 90 70 59 11 41 3 64 70 15 42 31 6 35 80 3 32 31 67 67 78 28 63 14 76 79 66 49 89 60 20 96 34 90 59 19 80 49 46 49 47 70 60 5 78 24 26 27 80 72 46 54 100 64 52 23 70 89 6 61 56 44 70 16 13 83 10 0 16 2 50 84 54 80 54 53 16 86 82 26 13 59 61 80 22 62 83 46 43 82 89 96 23 96 46 48 55 49 14 19 27 43 26 100 1 23 71 14 31 9 73 57 85 46 92 24 98 69 11 2 35 64 96 33 44 76 69 53 10 84 8 58 33 53 68 96 32 96 4 68 57 75 70 40 81 12 18 79 55 8 12 87 14 77 78 0 35 30 60 67 84 27 71 2 58 70 48 70 91 17 96 67 43
42 75 75 30 55 71 38 95 70 92 11 5 37 67 79 72 47 63 67 95 25 91 65 55 83 46 32 88 92 86 25 96 46 70 7 95 32 23 60 90 28 13 90 42 39 62 90 49 41 14 47 81 98 31 94 65 53 26 15 83 7 8 56 93 86 85 4 15 76 48 75 86 65 20 82 62 63 81 96 48 52 14 71 3 26 18 49 92 70 48 14 93 71 13 55 84 17 18 55 91 56 11 17 22 25 96 94 100 6 50 19 21 82 51 27 19 99 100 98 7 41 4 39 72 13 14 72 47 98 35 69 58 3 73 74 86 82 60 59 94 96 83 94 60 79 64 28 46 86 65 66 75 55 42 73 33 92 30 12 9 10 49 55 7 52 23 12 46 79 33 8 61 45 72 73 99 24 69 96 75 48 97 90 25 92 97 35 27 80 54 69 74 94 29 76 28 94 45 12 78 51 32 96 87 35 18 53 34 14 56 39 59 50 81 23 20 46 30 84 75 15 9 94 71 77 60 75 93 65 97 4 23 30 29 28 26 6 2 60 21 75 66 42 93 51 81 45 79 34 27 60 22 45 45 21 28 98 58 21 31 92 34 79 14 31 76 98 9 19 55 55 49 53 88 2 63 89 6 18 99 35 74 5 79 77 11 41 53 57 55 35 48 43 5 42 3 96 53 25 58 30 4 49 1 16 58 70 9 8 29 45 60 53 40 6 99 88 82 17 34 50 95 67 8 39 26 38 84 62 30 66 68 27 62 77 74 20 14 59 98 54 6 3 65 75 35 22 27 52 18 13 24 53 100 5 57 69 92 91 9 41 97 43 100 39 63 7 94 87 7 48 80 52 94 60 99 64 7 68 52 43 96 42 67 90 73 59 58 7 10 60 27 93 35 61 50 40 32 75 73
75 32 87 34 76 77 54 46 90 76 58 81 76 35 10 23 53 33 91 70 21 82 65 81 19 74 79 1 40 76 21 3 66 44 5 98 0 62 44 76 14 73 97 94 80 20 58 20 22 16 38 81 61 73 97 91 39 41 42 33 99 64 46 23 12 77 56 96 97 70 58 38 19 52 85 43 66 35 12 50 52 39 80 44 90 49 50 80 93 90 85 0 77 1 11 100 36 76 89 32 82 70 62 65 60 61 29 8 14 70 43 11 100 43 4 0 95 19 49 19 41 74 87 5 2 28 27 16 98 25 76 4 22 51 32 96 98 77 97 12 56 21 75 58 91 35 62 20 73 18 4 44 64 55 31 76 10 67 9 72 18 80 98 74 18 42 13 97 94 46 39 85 76 17 2 13 86 75 19 33 22 69 10 63 38 3 19 97 72 81 64 46 3 86 59 20 46 24 57 53 68 53 52 0 26 81 18 56 89 5 33 15 80 17 86 21 62 75 26 56 45 27 55 91 64 36 17 28 74 58 39 46 77 73 53 24 35 73 37 10 68 67 46 28 55 72 52 23 85 82 81 91 32 38 24 32 35 27 30 12 39 77 29 52 31 61 30 69 90 57 95 95 14 20 64 58 15 20 28 39 24 39 10 68 29 86 23 30 7 78 24 96 45 31 89 63 73 76 42 45 95 95 95 74 59 43 21 86 28 37 23 97 42 15 99 13 98 0 51 52 34 99 36 95 74 28 20 43 95 93 67 39 17 96 7 70 19 28 79 57 81 79 8 65 41 36 10 62 35 84 89 4 52 85 100 90 47 84 56 48 1 72 60 39 28 33 43 35 22 37 25 35 62 48 13 38 51 41 40 57 47 1 98 97 30 29 63 93 15 56 20 32 30 36 99 74 47 87 68 59
82 17 57 26 85 22 25 27 18 98 33 65 16 4 1 76 49 3 22 3 99 81 51 13 98 43 75 70 65 82 83 11 32 30 19 84 65 9 44 9 4 56 28 33 91 91 97 25 90 93 36 34 24 86 81 73 59 100 12 69 7 94 42 71 59 40 74 30 11 45 22 93 17 0 31 52 11 42 68 34 51 43 92 13 0 65 47 77 76 92 6 39 14 69 99 12 35 21 20 50 22 37 32 78 77 62 84 45 22 48 89 99 56 47 44 78 27 13 20 14 86 60 27 65 7 27 22 84 19 70 65 33 59 52 1 88 28 33 84 13 81 41 89 31 24 96 8 76 53 53 96 5 65 55 3 76 57 74 60 42 36 55 62 7 39 39 11 86 12 80 58 21 26 52 12 13 59 4 39 20 70 13 39 36 45 10 65 37 50 63 96 80 63 62 88 13 49 80 2 68 69 65 26 92 33 85 52 69 43 87 77 28 49 19 36 15 9 89 0 68 32 90 38 12 17 51 50 31 29 40 27 54 55 81 33 80 61 28 75 88 84 43 16 92 49 22 49 88 20 11 88 92 48 91 40 37 43 96 93 84 91 83 78 88 70 60 92 70 23 20 78 22 0 37 49 98 37 5 52 13 77 51 10 8 76 90 49 46 74 6 51 86 93 40 1 61 61 21 13 87 76 72 55 75 17 93 98 20 76 100 14 36 55 20 100 89 26 70 26 17 85 53 97 70 49 44 83 67 1 58 47 23 62 70 33 86 23 99 9 55 87 20 28 17 25 84 19 4 68 25 63 100 9 15 20 55 43 89 37 75 16 78 17 62 76 15 79 47 70 74 80 96 62 100 74 26 83 84 61 98 23 80 7 38 92 7 22 22 51 1 33 45 50 12 92 5 54 29 10 55
93 84 62 81 37 38 22 28 88 25 24 65 19 42 65 39 94 4 7 99 44 56 54 71 40 32 12 16 9 98 93 13 76 71 16 71 20 63 89 34 97 94 29 29 63 9 34 95 13 91 45 27 32 58 37 13 58 40 75 75 21 72 79 84 60 98 43 28 3 61 48 13 91 95 59 65 4 13 12 71 27 76 77 73 33 18 79 64 100 50 59 24 60 37 93 77 55 51 4 1 49 83 4 87 23 27 83 3 33 3 6 51 73 40 60 60 13 17 22 71 100 80 90 16 16 58 56 16 81 1 44 31 55 53 73 72 67 70 9 89 53 26 96 9 64 22 16 32 26 57 41 86 27 65 15 19 83 50 75 70 76 100 34 17 68 12 85 46 63 19 64 62 21 92 92 72 88 2 60 77 63 22 30 89 59 48 23 19 98 89 78 3 6 73 85 1 25 72 14 31 28 43 72 59 100 23 75 61 96 73 67 44 74 19 33 68 12 57 47 40 28 94 72 4 86 63 94 75 24 40 2 58 84 71 66 89 61 18 12 14 14 65 71 95 34 18 53 10 88 70 61 91 4 41 51 90 35 92 75 97 62 54 77 94 78 4 76 40 22 50 68 34 1 49 14 45 50 30 78 77 28 6 59 22 100 37 63 92 94 91 2 19 70 40 24 19 0 57 72 56 85 13 76 54 81 36 47 74 59 49 31 71 57 66 53 2 89 25 49 20 62 20 26 55 98 75 81 31 31 79 34 19 35 60 6 75 4 29 0 44 19 51 66 34 48 46 45 53 38 74 13 7 40 58 66 65 72 45 77 54 52 22 6 32 30 0 82 22 16 52 43 55 50 2 87 86 95 81 18 0 85 12 56 58 46 86 53 10 82 64 28 50 89 11 89 42 42 48 15 63
16 37 38 6 65 70 9 79 37 61 97 46 100 18 3 31 13 44 100 8 59 44 40 54 68 90 25 92 12 41 94 25 37 69 74 37 90 33 26 20 43 16 1 76 28 27 82 15 64 47 7 23 66 51 41 21 26 38 91 62 10 61 3 23 50 31 17 55 62 44 43 94 11 71 30 14 86 93 64 22 18 73 55 91 60 81 6 14 24 43 23 40 73 82 34 21 19 35 19 0 38 43 29 15 56 75 68 37 12 12 42 79 25 7 48 60 48 16 17 64 75 56 55 61 17 61 67 97 51 23 3 62 2 83 60 52 70 17 80 36 56 6 10 72 55 46 14 40 11 44 71 81 98 10 14 83 52 93 22 82 35 27 47 38 18 100 85 43 26 39 64 93 93 9 10 67 95 88 39 13 91 64 51 73 33 45 45 87 18 73 95 68 93 17 27 93 70 73 95 11 95 29 88 89 34 68 54 70 100 87 94 100 92 34 18 85 96 63 60 99 43 10 37 77 23 63 6 71 85 38 86 14 65 85 64 71 19 66 8 42 85 65 83 7 9 23 27 91 29 97 6 43 20 66 13 82 41 12 14 77 7 35 60 38 76 39 12 9 70 13 33 55 23 75 29 51 25 55 89 77 40 66 93 46 93 73 21 34 38 1 29 24 18 96 36 14 94 58 9 18 11 96 22 55 63 3 47 44 95 90 13 4 78 47 16 63 99 83 28 94 70 100 38 62 36 18 90 81 52 66 25 78 66 76 49 26 65 92 68 56 52 95 98 21 81 23 89 92 89 52 63 71 7 62 96 41 1 85 50 3 85 39 33 73 73 81 89 13 70 82 34 47 42 75 93 44 15 29 90 50 18 68 75 25 0 43 5 95 73 59 46 91 22 45 30 55 4 82 16 52
42 71 75 99 70 22 34 44 84 76 27 73 44 33 8 85 25 6 5 0 13 13 98 81 61 1 68 25 14 65 7 66 73 90 29 67 33 34 75 70 76 13 82 53 66 73 71 23 21 12 91 76 6 49 47 49 66 31 8 9 26 91 10 0 19 7 6 89 7 51 63 17 3 21 57 45 25 57 46 88 5 66 78 95 6 28 24 63 90 94 97 48 10 22 70 69 73 58 1 6 72 74 53 86 48 47 4 76 32 49 52 44 83 41 32 27 64 6 15 83 12 9 18 7 47 95 13 100 53 26 75 2 65 15 17 78 33 51 54 47 3 23 91 83 70 59 79 37 2 39 20 63 33 53 60 75 89 57 55 54 66 19 25 49 77 61 70 73 23 18 43 63 17 6 87 94 18 22 69 85 68 66 19 57 90 28 79 92 6 51 85 8 24 5 53 30 34 15 51 41 63 69 26 44 62 17 86 84 93 58 90 88 94 77 70 43 31 97 7 98 75 94 86 38 69 51 9 66 55 35 43 93 48 18 91 78 20 94 13 51 75 18 83 50 86 56 82 53 97 97 11 29 31 90 13 100 75 80 96 78 31 76 88 89 26 81 44 68 41 34 11 41 41 88 10 9 36 8 24 75 35 51 96 94 81 79 75 58 78 65 10 7 13 17 90 9 1 48 9 50 30 88 8 65 20 10 53 71 2 25 10 72 44 93 36 3 37 89 97 13 40 28 10 2 68 3 66 9 73 7 63 77 33 0 74 68 22 40 3 51 54 20 98 16 22 83 2 87 49 61 83 96 35 89 53 62 19 86 1 80 51 53 14 9 67 43 79 87 26 58 96 92 4 35 48 45 63 28 81 21 13 11 24 86 15 36 58 22 20 75 65 4 70 80 85 20 51 31 10 22
80 79 1 0 78 54 94 98 75 43 11 99 68 8 0 69 31 82 4 90 83 9 39 68 4 31 58 38 36 55 27 78 82 95 60 82 89 74 6 75 22 47 90 11 24 65 75 91 89 8 73 59 19 29 48 9 68 77 9 17 65 96 27 79 22 4 36 62 47 65 47 68 52 18 78 84 62 36 80 34 87 2 17 67 72 49 86 13 72 98 6 44 68 8 57 9 49 19 25 34 43 9 87 19 81 32 76 83 27 49 87 99 100 26 6 32 8 8 18 1 84 60 83 76 58 100 79 54 47 94 63 49 74 47 44 50 58 71 10 87 56 31 88 64 43 13 5 13 98 43 5 10 93 33 56 2 26 30 5 28 64 76 60 67 16 23 81 48 72 89 13 98 36 67 71 98 24 8 59 49 100 10 36 80 19 4 87 99 23 63 92 61 7 31 38 93 32 8 38 17 39 27 81 28 6 20 79 65 94 50 30 75 39 16 10 98 27 23 81 67 80 11 66 9 67 33 59 42 14 56 62 73 46 16 62 16 58 83 92 94 91 81 80 17 62 14 74 17 87 61 3 7 82 48 6 23 57 83 44 31 55 42 64 13 61 97 15 84 29 27 88 88 88 23 89 96 87 7 47 65 74 63 78 26 84 28 12 1 66 89 49 8 8 21 46 13 88 8 39 41 19 35 66 23 69 10 97 84 88 74 65 36 64 39 42 10 81 99 72 27 81 22 83 34 49 45 9 8 6 64 5 22 27 50 57 89 30 70 46 46 25 25 72 93 26 61 27 5 1 74 51 5 56 11 80 61 48 5 34 35 4 61 29 57 7 77 10 21 25 67 61 95 85 3 53 74 23 100 66 49 29 12 3 49 4 23 82 42 84 85 58 72 68 88 26 93 26 46 71 38
46 17 54 77 43 95 98 2 7 20 43 63 11 67 5 43 51 16 97 59 80 63 38 91 85 93 52 89 40 6 80 64 0 86 19 72 14 89 73 72 77 56 28 3 41 86 29 26 53 89 66 46 49 28 83 94 99 38 80 96 21 81 29 83 42 41 14 72 71 66 4 64 26 63 36 47 5 46 46 99 25 7 66 29 87 98 67 35 30 62 12 93 33 92 18 25 64 8 70 11 18 92 49 99 88 40 47 55 98 41 56 62 66 36 19 62 50 91 11 28 36 70 72 79 8 9 86 3 15 35 66 58 45 26 67 95 66 21 88 7 33 37 95 51 26 99 63 21 18 40 88 28 61 11 87 21 74 72 26 0 87 4 8 73 22 71 84 95 76 32 82 66 72 37 37 64 0 72 68 36 64 12 32 90 89 100 48 42 1 46 15 45 33 97 27 25 14 0 41 62 93 53 78 67 6 82 30 41 26 96 48 13 9 15 97 29 33 49 87 24 11 28 96 99 48 33 77 10 39 41 91 96 37 29 80 48 94 46 56 0 55 63 84 28 37 3 76 63 16 30 96 98 27 90 97 85 74 5 82 38 91 35 6 1 21 25 57 89 8 7 64 15 17 5 75 71 4 42 83 85 1 99 29 33 11 69 5 63 6 6 38 14 84 70 56 97 7 42 15 18 81 71 55 76 63 35 92 72 98 54 17 58 55 0 19 58 33 1 46 97 78 40 87 39 21 30 96 4 47 14 1 62 89 33 14 87 51 76 51 18 98 69 23 61 83 58 83 88 87 87 59 83 70 48 40 49 85 3 10 54 58 58 59 94 7 87 67 87 46 2 54 58 34 50 25 63 73 100 60 11 5 21 3 16 48 87 95 4 98 64 98 25 10 2 89 56 92 86 45 8
55 13 96 63 86 72 77 18 42 73 96 88 70 1 92 15 90 87 78 27 34 59 29 73 40 38 25 7 93 27 52 93 35 77 26 93 84 3 78 98 80 85 7 70 56 54 13 95 97 42 86 46 19 24 78 86 73 86 4 100 57 2 4 55 28 34 4 52 45 88 49 28 45 28 38 97 7 21 19 23 56 36 32 11 38 32 52 54 69 87 32 73 1 43 75 78 31 24 72 15 86 3 34 75 36 58 95 58 17 92 64 11 18 53 9 99 61 90 89 37 1 0 3 58 79 77 96 23 20 75 2 41 16 14 56 31 41 2 20 6 27 21 25 17 61 33 59 54 100 14 86 65 4 38 35 81 17 88 42 45 31 18 48 46 0 59 1 75 86 39 88 82 84 2 39 41 70 94 4 69 88 6 88 65 34 1 82 98 16 37 57 79 27 32 8 51 95 74 36 71 68 20 43 28 35 91 36 99 79 67 42 55 61 52 92 8 25 100 78 0 2 60 90 71 50 7 67 53 28 56 54 85 32 89 98 38 7 38 22 1 94 88 11 14 83 56 5 68 22 96 58 45 56 58 40 22 54 57 87 54 28 3 97 40 99 88 96 95 1 19 88 56 30 85 60 39 25 85 54 15 97 80 93 32 69 49 34 40 41 68 64 39 99 80 9 33 65 51 74 55 41 61 4 60 93 55 98 42 69 11 42 37 47 29 99 55 29 2 49 12 77 27 33 85 35 80 37 68 94 40 71 55 81 33 92 8 82 64 61 99 10 38 43 14 3 48 70 54 35 77 51 40 75 53 55 47 72 40 33 62 29 27 58 72 100 41 56 99 75 7 8 20 55 20 86 82 15 18 59 82 93 85 48 21 14 88 62 23 1 8 19 87 79 3 92 2 32 55 30 0
54 96 48 66 28 94 22 74 35 33 69 85 96 20 39 54 69 71 36 73 83 91 59 20 51 69 84 24 86 32 20 13 13 90 4 23 70 69 15 81 70 22 3 54 12 45 46 90 31 96 6 51 29 25 90 18 5 14 34 32 10 45 29 8 6 28 6 37 84 73 48 79 34 6 53 20 75 86 70 32 66 71 29 72 11 7 100 75 68 56 66 29 52 27 10 86 19 84 97 44 82 4 78 53 73 75 47 36 97 93 93 77 39 51 30 54 66 22 51 70 28 34 71 66 47 93 92 65 87 80 1 38 32 96 24 33 24 20 0 6 64 74 2 90 39 68 66 12 26 71 32 66 52 87 65 67 100 80 25 96 40 95 53 69 59 20 76 59 2 97 26 11 28 32 8 97 79 80 71 53 99 81 80 56 50 59 53 88 88 14 67 66 5 21 84 27 24 25 6 51 34 97 37 48 14 54 95 2 67 60 1 85 31 5 52 85 48 71 16 60 62 21 68 72 49 90 10 46 82 52 21 15 49 64 68 25 6 86 50 85 77 92 86 68 28 46 62 89 78 15 41 56 24 79 45 50 79 27 1 28 71 47 68 81 83 19 58 90 86 76 30 24 49 7 91 33 20 59 56 22 6 74 88 89 35 54 43 53 24 67 29 0 27 33 67 80 70 73 0 28 59 92 85 80 23 21 34 62 92 64 26 89 85 67 97 95 7 26 100 86 44 74 17 90 84 38 57 5 77 82 24 19 1 57 46 37 27 57 7 97 13 90 60 17 14 83 92 21 92 2 38 98 28 78 4 52 68 26 56 98 52 75 77 64 6 27 74 28 87 15 59 49 21 41 43 83 81 71 79 37 87 91 54 48 93 3 54 23 6 50 87 28 66 61 6 65 50 91 6 22
2 72 55 50 2 23 11 71 1 2 85 72 58 13 13 82 39 4 98 57 96 71 77 40 48 25 8 26 91 40 80 71 2 68 63 51 24 12 14 83 79 21 35 7 51 67 50 87 55 17 56 76 33 21 73 47 28 87 84 11 16 80 5 73 15 42 88 66 50 52 3 65 13 56 37 51 69 95 41 14 34 49 37 87 79 72 58 7 89 80 40 88 66 83 15 58 91 92 94 2 19 3 22 68 88 62 13 48 77 49 67 53 55 30 13 79 78 41 98 82 6 100 58 59 35 77 64 24 20 16 50 23 4 11 10 54 31 43 75 25 58 26 26 5 26 18 64 60 40 69 17 72 61 83 33 81 1 85 42 44 54 40 99 57 42 62 90 43 36 8 74 11 27 20 59 94 74 31 55 54 76 83 87 87 66 90 64 4 50 30 23 99 43 18 33 78 41 24 75 26 71 78 35 99 3 85 80 96 80 21 77 20 68 35 30 74 36 30 53 18 97 51 3 28 36 63 32 46 16 6 23 68 46 39 51 82 24 33 70 77 100 40 15 15 61 38 31 63 48 96 81 38 48 94 35 40 3 21 54 16 72 99 54 65 52 88 26 81 60 13 79 7 54 81 28 77 21 47 9 4 11 64 40 97 44 20 8 50 64 11 81 1 26 36 37 54 93 18 69 38 22 19 43 2 45 100 36 98 76 20 28 41 66 18 88 6 94 55 74 22 18 32 78 1 38 19 89 87 16 82 74 64 98 74 67 27 98 24 74 61 81 99 94 95 84 85 94 43 53 14 90 49 92 75 87 28 64 15 34 12 71 30 16 70 34 20 3 20 45 81 69 76 22 58 57 58 89 66 91 52 24 48 8 90 77 67 42 60 8 9 4 56 65 74 36 66 90 66 21 41
53 32 49 100 63 52 17 47 89 48 67 36 68 15 100 12 25 74 64 38 87 39 27 61 36 83 54 24 12 84 88 6 9 16 29 6 45 63 28 13 6 10 78 51 85 10 9 37 71 90 81 83 98 26 86 23 0 70 67 21 82 63 48 9 7 69 42 100 87 3 24 86 63 40 84 82 43 35 79 100 12 43 12 29 5 24 82 45 76 29 100 87 17 9 6 84 74 32 89 16 68 4 96 52 56 9 95 9 60 83 24 88 45 14 96 97 99 34 54 45 7 23 66 5 47 53 5 76 22 3 45 29 25 88 97 31 77 44 2 13 63 78 80 24 100 62 53 50 13 88 11 96 92 26 48 73 69 29 0 53 81 81 94 53 99 55 63 86 9 82 33 11 6 53 70 31 63 48 57 1 51 74 30 57 37 19 47 63 98 18 43 42 65 5 7 26 5 9 27 46 57 2 34 15 87 1 22 50 73 81 80 37 49 49 47 32 50 70 60 67 21 21 59 46 7 17 62 78 54 74 91 92 78 15 3 97 71 11 92 34 61 50 46 37 79 26 31 51 4 91 23 55 21 88 41 73 43 32 2 22 59 6 83 83 98 94 4 67 52 50 28 86 12 76 88 82 56 32 9 80 91 67 12 73 61 91 64 54 12 38 58 14 56 20 1 87 59 40 31 11 28 13 72 71 8 10 28 59 18 55 44 45 82 69 50 58 45 36 8 46 38 58 94 29 74 2 67 30 80 62 59 98 99 97 56 23 37 28 74 95 98 30 10 30 34 21 22 23 95 20 93 3 63 95 38 4 16 81 37 76 99 21 27 17 72 1 91 40 43 29 30 15 36 34 46 88 63 98 85 2 7 99 82 39 56 17 48 60 73 57 9 83 61 65 47 4 74 7 86 14
77 44 43 60 93 2 100 26 25 34 65 46 3 99 62 68 54 87 11 34 33 80 50 45 100 90 29 45 90 100 48 97 62 46 34 47 59 68 41 96 33 5 32 85 4 66 84 89 62 57 45 44 10 77 51 5 83 52 35 40 1 67 46 10 18 79 94 83 37 15 8 41 31 74 75 38 95 53 1 32 72 77 68 0 55 15 28 71 7 91 95 77 63 85 37 88 83 88 70 82 30 10 51 44 44 38 40 17 16 51 100 33 28 19 22 30 51 23 11 49 58 45 36 99 37 25 11 7 1 60 77 60 6 31 26 10 17 15 44 100 64 10 38 40 79 10 19 80 38 25 46 41 45 76 30 89 24 5 13 26 85 94 65 25 7 33 26 78 97 0 47 79 85 63 5 79 24 88 32 95 49 50 75 46 57 65 54 88 83 84 77 75 52 73 81 44 29 5 4 42 59 58 91 62 2 0 67 19 62 32 27 82 94 47 82 97 50 93 27 12 97 55 0 61 32 9 84 57 28 52 16 88 74 84 80 2 95 29 71 49 40 46 11 93 68 80 31 98 75 16 50 49 26 92 37 86 1 88 28 70 2 82 56 61 2 91 66 100 68 3 57 82 45 52 36 24 79 6 92 1 75 94 98 60 67 75 12 7 77 57 20 40 9 83 13 47 87 50 15 81 17 44 58 70 93 62 80 97 45 90 33 80 32 75 58 84 15 76 24 10 61 33 80 98 13 29 17 67 48 28 46 51 17 24 64 68 31 79 82 39 80 83 86 14 23 41 40 88 90 87 98 37 6 21 52 75 100 74 87 29 41 39 91 30 13 62 23 92 86 8 32 4 0 61 95 49 35 2 24 89 13 89 63 8 23 12 72 66 19 72 95 32 70 3 24 53 42 90 15 87
65 75 24 76 51 35 57 32 55 43 21 37 1 11 89 88 60 97 32 66 22 41 19 76 57 69 3 65 38 90 60 15 0 0 61 34 32 72 94 81 64 23 87 51 90 73 70 41 97 0 17 15 19 10 57 57 57 92 87 18 70 1 30 84 24 69 81 94 30 78 35 97 40 36 53 5 93 71 30 86 2 65 75 86 84 15 96 5 51 60 47 70 19 22 12 70 44 17 95 73 84 87 23 45 81 60 67 44 64 87 68 45 17 51 45 13 48 44 64 46 86 35 98 41 95 0 10 8 3 94 41 71 3 97 24 37 32 79 20 18 5 80 89 37 64 73 11 70 98 46 28 59 17 79 23 60 88 32 32 70 41 42 21 24 31 91 47 43 86 50 64 62 25 4 24 38 69 27 37 18 31 82 5 2 83 6 81 22 51 38 3 96 10 28 25 83 91 81 68 78 56 55 89 38 14 30 82 20 56 23 57 73 67 90 47 47 45 39 68 68 46 43 15 90 35 99 30 68 40 75 45 0 51 82 100 93 40 52 61 38 9 76 33 95 28 6 98 80 52 22 55 55 59 4 70 12 25 60 85 38 39 63 85 51 55 51 77 28 50 64 85 15 35 79 27 100 25 40 47 18 90 61 82 33 55 19 76 93 56 1 8 40 27 64 33 2 4 26 62 2 42 38 86 60 97 82 14 78 74 69 33 31 1 13 95 26 29 56 25 13 91 25 8 18 1 100 38 42 29 3 36 70 79 29 62 34 4 11 52 69 16 78 50 2 50 17 89 2 92 91 27 49 94 90 33 96 38 23 56 35 5 93 4 61 47 19 22 62 39 2 13 99 98 85 16 11 82 74 95 68 66 10 10 10 38 69 48 5 4 51 52 17 20 2 49 89 92 6 86 98
14 68 77 13 57 23 68 23 13 25 76 58 59 70 84 67 23 8 88 79 26 24 57 93 35 37 69 42 10 3 58 57 6 1 46 20 12 12 18 61 95 17 67 94 56 80 32 40 32 29 69 3 13 84 3 68 46 24 49 23 81 80 49 60 46 86 49 9 12 34 79 90 91 46 25 22 61 60 44 38 9 10 36 13 23 65 43 25 25 30 79 99 78 43 62 19 26 1 25 24 47 57 58 15 39 73 27 6 85 52 17 28 46 45 95 76 67 52 84 42 13 98 71 1 34 80 14 95 24 22 70 45 89 71 35 40 35 45 49 48 3 67 14 37 25 65 70 30 12 67 52 62 31 47 26 6 33 80 62 97 91 26 9 42 14 91 25 33 78 1 20 52 90 14 63 64 64 10 21 44 46 40 30 1 82 45 14 80 90 85 2 8 21 54 97 89 38 81 33 80 47 40 82 0 83 59 56 66 66 52 55 34 6 53 77 16 66 31 11 15 53 64 9 66 77 97 94 55 96 85 75 64 100 37 24 26 91 64 98 100 8 88 79 24 0 67 2 39 8 27 77 33 39 62 17 38 44 31 10 15 6 71 93 34 78 44 82 11 7 12 90 69 94 94 81 42 21 83 13 27 68 72 10 13 23 24 4 56 74 25 8 66 73 38 31 30 6 64 36 62 16 14 76 24 17 58 38 76 29 98 97 62 71 90 77 98 97 16 58 80 64 50 11 41 76 53 72 15 90 64 54 93 7 34 4 29 58 78 21 41 73 7 2 38 55 49 67 81 84 37 91 78 60 91 13 83 73 48 0 42 15 17 66 38 86 0 68 7 87 67 63 60 19 63 47 40 16 97 57 22 66 44 95 44 31 24 62 93 61 13 29 21 64 49 96 50 44 93 7 40
7 12 16 69 32 20 45 52 98 13 79 70 0 97 18 15 77 26 79 57 48 98 35 82 80 59 8 2 80 31 17 40 94 14 9 33 18 75 66 2 100 73 22 86 63 24 15 47 38 56 35 28 90 71 26 33 33 69 20 89 27 69 68 56 40 13 41 88 0 38 79 82 77 58 95 40 21 76 1 51 61 10 66 76 34 43 19 83 45 41 34 22 31 36 98 78 67 26 52 21 76 59 52 57 59 52 94 51 13 43 15 91 37 13 97 59 1 83 33 8 33 89 98 47 20 77 5 87 55 67 82 27 96 26 76 81 48 41 54 51 19 10 6 76 87 57 7 67 49 6 65 32 67 90 10 68 64 25 59 35 39 24 19 91 0 78 82 39 0 11 72 76 43 45 75 36 47 54 3 23 5 26 41 84 82 44 65 55 16 18 16 77 11 69 94 34 33 25 19 27 86 99 70 25 47 77 34 16 93 88 73 31 12 8 84 10 91 44 18 45 25 64 70 84 61 54 18 64 23 84 68 65 2 39 1 59 63 98 10 39 17 46 59 34 31 74 9 6 68 63 25 6 80 35 70 76 66 55 87 4 22 73 94 30 71 99 24 87 100 44 73 77 12 79 5 73 27 68 72 7 53 5 44 17 68 98 47 43 97 70 74 61 63 100 43 80 66 92 85 86 78 11 70 21 91 29 36 47 21 88 97 58 0 81 77 94 11 43 44 34 35 81 47 68 13 75 58 64 84 17 22 28 58 95 51 55 76 68 86 86 66 3 6 22 32 1 81 35 65 55 29 6 81 89 29 81 69 39 49 43 80 78 75 76 82 79 4 71 80 93 23 70 71 10 22 2 36 80 49 47 60 18 31 23 6 46 29 12 86 76 75 36 41 62 56 54 62 73 90 12
54 21 4 82 2 41 76 23 59 92 98 26 16 49 94 99 16 55 95 70 61 14 1 99 23 96 7 88 70 51 53 77 49 38 88 27 14 95 76 42 58 97 88 16 56 6 23 39 64 35 69 96 41 12 31 30 99 54 77 36 48 36 56 58 48 57 48 65 30 84 94 100 73 59 26 27 10 70 43 32 12 28 61 69 40 10 97 80 18 66 62 65 43 13 16 4 30 46 9 57 27 96 7 58 85 49 18 37 92 16 90 17 94 52 41 54 25 27 12 14 89 93 68 43 59 93 28 3 50 86 85 82 40 45 95 88 32 51 62 68 77 43 67 98 75 87 8 68 65 69 86 79 62 24 9 45 73 90 43 73 84 14 12 33 92 58 90 7 13 88 97 9 30 35 18 39 76 97 68 65 25 35 57 90 24 98 59 29 6 29 76 54 43 42 75 85 30 89 22 98 28 4 45 38 28 80 27 7 86 24 83 3 46 45 1 87 85 100 46 95 28 15 74 36 34 84 11 18 72 74 39 82 53 7 44 100 5 1 10 0 72 47 29 79 81 29 77 38 70 69 66 47 67 16 79 22 71 39 69 99 21 52 10 80 69 89 67 100 63 57 30 95 39 58 18 77 81 40 2 59 92 38 26 15 63 81 53 38 1 34 97 80 38 8 41 33 70 31 41 24 70 33 75 28 61 67 65 31 14 74 23 14 14 68 86 35 50 27 90 35 7 7 30 0 50 39 22 28 12 49 70 12 69 87 49 1 97 39 42 27 21 56 56 68 87 7 82 16 63 15 22 70 89 19 39 2 81 7 92 16 72 5 56 2 47 47 5 10 52 3 77 14 27 76 25 11 75 44 90 93 93 69 53 26 65 81 6 3 23 15 14 35 50 10 70 85 61 21 93 37
76 51 38 29 38 84 44 4 30 53 59 37 63 57 73 90 54 88 60 37 44 88 59 65 22 5 81 39 5 46 35 9 48 91 54 90 41 81 21 55 13 19 97 19 47 64 19 28 38 72 44 82 94 25 14 53 59 20 13 41 59 9 53 59 87 52 5 1 47 18 17 69 28 3 14 64 68 34 41 66 24 98 61 34 46 47 75 73 88 75 14 88 90 100 86 64 23 41 7 85 92 13 32 61 9 75 21 5 74 33 43 82 95 29 86 4 22 8 7 70 100 30 69 59 78 44 92 34 79 91 1 40 19 67 82 27 95 95 12 14 2 27 15 37 52 45 52 25 88 43 49 16 84 100 76 80 60 46 43 81 37 45 97 33 59 51 18 66 2 0 91 10 80 70 98 75 35 21 79 33 56 89 17 71 15 92 77 84 11 0 0 64 88 8 48 4 64 10 91 88 23 67 71 35 51 92 47 0 44 97 39 11 69 90 70 8 13 29 68 69 62 2 82 65 20 9 3 89 52 56 75 5 45 7 100 44 33 84 3 35 78 2 17 7 95 6 17 29 50 40 0 2 0 82 7 95 41 19 5 55 92 58 55 83 11 62 82 37 75 82 74 54 98 89 76 17 26 72 95 16 96 61 60 64 48 95 83 83 36 20 31 27 25 74 61 73 19 47 21 26 80 95 23 25 51 28 29 50 65 41 95 39 71 52 96 84 25 100 15 89 10 42 62 21 53 80 24 31 60 85 60 14 0 31 100 46 6 48 79 89 2 73 89 39 93 23 36 51 17 5 78 71 24 70 38 18 87 96 81 87 34 55 8 76 60 22 64 69 46 38 22 44 44 3 86 49 81 29 90 83 10 70 91 18 8 80 18 33 80 72 33 55 34 66 18 92 87 73 93 32
38 68 70 25 18 71 36 99 4 57 73 21 24 73 90 12 98 24 44 34 10 0 19 85 65 32 9 79 35 83 93 61 35 99 77 67 64 21 87 19 78 53 5 8 97 10 0 29 47 27 30 30 55 34 73 93 99 54 66 72 6 55 100 31 25 66 81 23 89 98 84 55 71 82 9 16 28 42 40 28 93 61 25 24 88 2 76 1 24 2 87 86 12 81 57 49 100 50 15 60 75 24 3 83 96 20 87 9 37 60 26 96 76 19 70 25 4 83 16 35 74 68 67 72 99 79 17 98 97 49 85 33 83 11 22 41 20 6 77 79 7 64 63 21 13 61 2 35 31 32 2 88 13 12 9 61 12 87 53 84 43 54 29 82 83 14 75 94 64 78 15 13 35 40 47 10 55 72 60 75 24 30 21 12 22 19 2 44 25 38 47 28 54 62 42 12 62 46 26 73 88 98 75 88 91 29 76 38 63 47 26 46 45 27 27 63 80 85 58 84 20 76 31 90 60 75 29 74 97 6 61 1 40 79 53 75 84 98 41 47 65 62 92 38 68 28 1 30 91 82 74 14 2 23 9 35 41 85 97 57 44 74 66 44 53 50 91 39 88 61 67 92 93 26 33 68 71 80 78 10 59 13 45 54 61 46 73 84 95 90 89 81 64 81 30 35 40 9 82 16 92 91 80 33 67 77 84 22 95 38 69 14 63 91 47 54 100 38 7 42 22 49 68 49 0 4 89 31 9 74 83 27 76 7 69 91 1 92 72 86 28 9 6 72 29 58 36 82 0 95 5 0 19 15 86 23 76 18 96 86 63 99 97 77 25 19 95 16 58 8 26 61 94 61 35 9 4 20 41 12 59 59 78 18 21 92 47 77 51 27 11 91 76 74 76 1 50 38 7 12
76 46 82 95 78 26 65 56 35 7 53 46 27 26 69 45 37 89 55 42 91 77 65 49 35 48 73 46 91 57 0 60 71 87 32 64 10 23 97 72 89 23 47 59 79 31 53 28 70 37 41 52 65 13 33 1 80 16 32 41 12 7 58 11 71 60 18 32 25 86 38 73 51 57 0 45 88 4 55 57 80 72 92 75 15 28 16 26 17 65 87 1 45 23 12 66 5 10 78 64 47 33 53 27 32 66 55 7 2 42 35 38 43 73 99 70 87 38 44 91 2 98 0 6 88 11 42 33 89 93 99 84 35 18 92 99 56 96 69 1 12 79 75 16 99 82 48 9 48 48 29 15 3 76 48 69 43 78 95 3 28 81 73 22 36 59 79 56 100 85 81 25 43 17 100 78 0 92 78 69 0 98 53 46 55 59 50 42 22 98 63 65 78 33 61 92 41 70 90 55 23 20 59 25 32 19 19 13 25 1 100 75 49 49 94 48 54 44 13 31 55 67 33 85 0 4 16 74 2 97 52 54 11 32 59 29 71 16 82 75 55 66 91 65 44 64 100 23 79 36 5 10 57 38 97 8 2 41 14 12 15 13 59 68 71 55 14 32 70 95 100 49 91 4 38 88 66 71 62 21 16 69 34 37 97 15 75 46 80 98 71 80 29 84 41 55 9 54 61 34 69 92 64 23 40 23 33 90 9 72 100 5 48 100 24 27 85 53 75 81 25 71 52 30 15 52 24 63 39 86 64 16 41 77 52 25 75 35 72 66 6 80 25 47 98 6 96 69 64 55 37 39 99 1 21 72 72 41 56 54 91 13 96 32 95 23 29 73 83 58 90 73 51 1 41 48 0 21 51 8 53 30 21 64 73 25 12 28 85 27 13 91 1 37 96 46 51 24 11 3
41 65 72 1 37 44 71 51 65 34 44 12 17 2 44 12 96 87 96 65 83 76 93 0 51 11 53 30 65 66 2 20 31 78 100 24 75 85 59 71 10 44 29 86 10 89 31 63 3 45 71 51 45 33 23 16 69 4 41 22 87 28 25 34 72 64 58 64 2 33 90 49 47 53 54 0 17 8 58 9 77 90 20 37 54 87 80 22 79 84 37 90 28 55 19 4 91 37 75 48 50 12 32 40 27 8 49 100 90 42 26 7 58 63 39 8 26 41 27 11 6 12 46 4 34 91 15 55 10 9 68 9 93 32 46 69 68 67 20 5 15 31 69 14 74 75 15 38 1 89 97 38 66 48 32 83 44 0 54 54 61 27 79 99 4 96 38 74 94 33 54 49 10 59 59 98 38 93 24 2 13 56 81 81 66 6 8 85 34 39 43 80 26 78 54 87 60 4 0 70 18 73 17 22 94 97 14 71 62 80 45 87 74 29 84 60 30 87 13 92 54 69 97 3 6 72 45 55 55 8 34 42 46 56 2 96 13 45 35 49 91 98 88 21 76 26 27 1 53 63 85 5 97 68 39 27 44 58 63 73 20 33 48 26 22 62 0 7 46 50 65 74 79 13 86 97 34 26 28 94 9 81 13 53 61 11 37 73 83 8 50 72 100 98 56 40 25 48 89 3 32 72 97 0 25 33 47 50 76 59 83 96 42 97 100 24 61 40 93 48 45 46 91 67 60 6 39 22 57 62 45 59 57 23 42 74 54 56 32 36 52 72 3 57 65 16 30 76 80 21 73 50 41 64 47 52 26 78 33 4 1 61 26 38 55 68 16 89 89 73 25 72 83 33 84 5 44 80 1 69 31 24 18 99 67 34 77 48 89 22 17 40 19 39 47 10 95 86 93 51
63 3 68 30 62 48 13 33 51 64 57 97 85 75 14 15 72 82 57 59 76 72 39 80 23 1 38 80 51 10 87 24 25 51 95 15 2 94 19 10 31 79 57 87 96 73 75 71 66 5 0 60 73 34 28 17 30 40 60 42 21 93 52 17 55 11 36 96 28 37 21 76 77 91 96 8 31 97 92 4 5 62 54 86 37 5 93 43 26 54 95 13 29 40 29 55 83 49 15 0 87 75 94 6 43 82 60 39 15 66 67 33 12 19 85 56 61 15 16 17 76 66 68 40 81 11 69 3 100 77 96 30 3 78 3 51 38 93 9 65 94 6 7 8 18 52 60 92 20 27 10 33 64 20 3 65 69 13 82 54 72 70 30 100 37 2 37 52 22 68 71 56 90 77 31 93 38 38 58 31 20 15 88 23 22 58 20 2 67 70 50 84 10 28 85 62 93 20 27 0 64 14 4 33 11 56 15 82 98 55 37 18 66 87 70 21 13 50 3 72 39 1 33 36 3 1 5 34 86 36 8 45 39 51 38 84 43 53 8 47 91 0 39 20 89 85 83 0 63 87 67 10 47 22 35 80 73 85 84 31 96 21 61 12 25 34 47 19 37 9 92 46 57 42 41 9 41 58 21 92 46 56 54 66 50 31 84 75 43 67 29 48 33 62 9 18 31 74 4 83 33 45 33 18 94 87 6 35 5 59 32 45 1 79 57 31 69 24 35 96 7 95 95 54 51 34 14 36 58 54 44 58 90 26 85 73 51 39 1 96 83 58 5 86 45 18 36 27 18 79 9 68 27 54 89 86 36 33 38 65 20 19 78 70 85 2 71 98 6 97 25 57 25 11 50 16 19 34 49 75 19 97 39 4 12 88 7 11 73 34 96 32 79 87 30 47 82 31 87 70
95 69 36 52 26 8 57 47 7 39 33 29 94 76 34 96 36 22 98 36 75 45 81 89 33 95 93 12 95 98 63 11 75 44 25 27 6 96 10 72 80 59 2 23 33 26 98 15 81 25 70 94 70 68 53 62 35 2 59 38 12 68 12 20 100 66 88 12 45 63 51 78 85 82 33 72 81 86 8 49 49 81 82 1 35 18 0 70 4 32 25 55 53 3 54 74 99 26 35 24 31 46 59 76 1 37 78 9 64 19 6 82 31 50 35 92 84 39 59 3 94 94 54 93 20 48 49 71 88 19 76 20 31 71 32 22 6 0 7 31 44 44 20 82 97 59 44 2 89 83 4 16 0 80 88 49 37 92 12 39 67 66 52 12 24 7 96 18 1 12 44 2 50 43 79 57 65 62 60 63 60 50 65 56 36 90 41 68 64 91 71 74 42 95 10 0 57 62 43 47 86 8 82 7 70 35 66 64 1 48 44 37 75 45 64 88 25 47 66 13 2 100 43 74 51 100 33 99 46 12 47 83 52 51 56 77 41 61 94 21 14 81 83 35 82 76 43 64 69 14 32 11 10 62 16 17 42 68 29 64 88 23 49 54 59 13 63 66 98 35 35 17 55 56 73 82 83 80 54 23 56 44 25 54 40 45 34 72 75 45 67 46 72 92 98 59 55 91 47 94 2 13 71 82 15 66 66 81 23 27 63 71 2 99 23 84 69 56 27 67 23 63 34 24 18 29 41 85 86 46 32 71 99 57 55 78 87 6 5 78 53 97 52 90 73 68 28 76 61 29 3 57 14 21 56 41 45 64 99 86 49 29 66 59 83 79 49 82 52 99 30 79 45 71 5 54 3 48 66 40 28 77 9 47 97 22 45 49 83 23 65 82 55 7 16 98 43 91 63 69
35 100 73 83 80 39 82 46 53 98 41 28 30 36 81 48 25 74 25 90 65 88 37 75 3 86 42 65 72 15 45 3 77 38 68 100 64 77 36 45 73 64 38 0 98 37 58 44 13 61 42 31 92 79 42 69 31 76 61 87 46 44 38 21 50 73 18 43 15 90 15 60 12 65 23 0 20 61 54 10 38 50 100 21 68 54 3 83 72 13 94 73 93 97 92 99 42 51 81 10 35 62 70 15 84 67 45 66 1 52 71 95 73 21 14 16 86 4 43 30 70 6 63 54 51 13 58 73 85 30 33 54 76 3 43 42 86 32 20 96 90 14 69 45 55 26 33 75 39 82 47 33 12 32 84 47 32 43 54 97 28 91 44 51 100 75 60 48 52 7 93 56 63 78 18 37 97 12 43 29 93 12 22 67 66 48 75 63 77 74 94 87 19 18 36 35 71 64 8 1 95 44 54 45 33 100 26 9 15 27 38 75 27 28 87 80 87 95 26 37 96 77 100 20 100 95 72 52 35 34 16 32 100 36 53 75 30 75 0 1 99 24 88 34 23 100 99 60 13 16 98 57 71 80 79 23 20 93 22 47 14 69 56 5 40 21 1 61 72 80 71 50 76 7 58 25 6 53 96 98 44 6 9 26 73 96 67 59 76 30 12 7 59 58 52 46 30 16 50 3 63 55 69 39 77 79 78 57 14 76 38 79 83 57 49 44 86 22 63 49 27 85 42 19 87 16 85 45 97 78 16 42 5 74 29 40 58 1 8 21 97 15 93 79 85 39 37 66 15 81 20 64 100 23 90 35 88 71 4 65 8 12 61 27 94 92 95 57 13 31 59 96 52 48 79 15 81 47 12 48 10 58 22 100 96 86 19 90 92 74 49 22 28 98 37 90 42 17 51 67
24 79 72 100 32 87 24 24 82 23 46 71 89 9 84 56 63 66 96 61 60 69 5 27 90 14 9 79 86 48 22 34 8 93 11 25 43 56 94 42 42 25 49 59 18 2 75 57 47 78 13 13 92 87 89 69 61 24 20 7 18 49 54 50 35 24 82 11 75 89 2 59 5 4 27 93 59 15 59 22 83 63 15 46 100 98 51 73 13 56 97 13 50 1 51 76 86 45 26 90 41 96 55 88 59 64 14 99 95 51 20 100 9 74 8 15 12 65 81 87 63 48 69 75 94 44 43 89 7 50 21 89 100 15 48 39 79 21 52 85 2 60 53 11 46 50 34 43 15 4 18 89 12 95 81 3 92 25 96 29 11 61 63 79 48 6 95 53 8 36 25 67 62 62 1 78 42 77 43 20 53 41 95 5 66 78 63 32 53 61 71 53 13 79 60 77 63 25 26 67 18 62 1 64 99 84 70 8 6 13 17 91 81 4 22 20 14 67 35 58 47 79 58 12 18 95 44 20 70 16 90 54 20 51 86 53 38 84 41 84 25 20 35 38 28 36 56 65 30 10 33 48 22 88 43 82 32 72 23 23 74 74 48 15 97 62 31 80 96 22 85 38 6 62 95 7 5 31 100 92 33 42 9 71 86 82 25 5 88 4 73 95 54 36 45 13 1 91 47 53 30 48 9 32 73 58 69 43 34 4 11 17 35 99 36 64 51 7 28 92 74 22 59 53 38 22 45 61 93 75 82 72 14 15 93 5 62 55 29 46 35 34 86 99 5 61 74 100 40 12 59 7 67 24 10 67 80 33 57 32 19 80 43 28 80 35 61 22 18 33 72 22 76 89 21 84 55 76 6 76 55 59 91 92 8 24 66 49 75 3 12 92 20 34 86 51 50 44 0 81
51 38 93 89 6 2 1 31 27 41 41 5 63 77 81 41 54 54 11 49 47 83 84 12 34 30 72 72 53 98 90 68 44 50 87 96 36 48 28 60 6 54 3 4 32 77 68 74 41 45 14 54 69 24 35 15 11 62 40 91 83 72 13 70 42 76 86 85 94 47 90 44 49 34 5 12 22 63 95 2 63 66 26 75 22 32 52 32 71 10 3 19 53 6 74 12 50 33 81 33 53 71 65 70 46 87 33 13 44 66 18 21 14 97 82 91 91 89 2 28 50 29 61 38 92 33 83 33 34 89 23 50 6 78 57 83 92 5 37 25 84 73 54 72 6 62 35 98 11 68 9 23 16 44 26 46 90 4 27 77 72 79 5 15 70 47 100 44 1 93 90 83 2 36 73 1 29 79 74 34 51 47 65 78 23 28 13 83 5 30 47 72 78 63 18 99 85 58 88 99 43 37 96 84 13 29 34 31 63 54 67 47 21 44 50 84 23 91 61 2 82 3 32 98 81 99 50 89 2 14 37 14 77 10 20 56 99 91 89 2 39 87 51 59 54 2 54 47 48 47 80 70 95 44 64 27 0 39 48 50 31 41 65 72 54 61 49 23 63 50 48 26 13 84 29 17 10 34 69 52 64 32 100 37 57 100 41 48 52 18 15 96 35 25 44 94 3 16 23 60 81 51 50 97 64 98 7 37 95 84 35 5 20 28 15 40 86 50 55 96 0 90 69 100 92 86 26 27 51 31 15 53 34 39 36 58 31 60 94 50 73 8 74 42 3 35 94 86 9 69 32 77 30 77 28 67 19 69 66 80 20 78 53 12 63 21 98 40 45 61 4 66 4 28 38 7 23 10 25 50 4 90 3 83 44 87 80 51 6 95 16 12 90 97 49 40 76 38 98 58
74 82 98 13 66 82 17 34 18 42 64 8 60 57 32 57 3 53 54 26 4 30 80 62 93 50 100 21 54 27 58 10 74 36 56 53 99 87 72 78 87 12 1 87 9 26 29 54 35 96 70 12 91 33 35 78 99 53 94 65 29 46 66 53 28 86 3 38 90 44 58 82 71 5 25 81 45 37 87 70 27 79 84 97 50 38 96 82 29 78 67 19 29 9 42 26 61 96 70 41 92 70 39 66 82 82 88 20 7 84 78 5 69 20 100 10 67 68 72 85 53 55 75 48 13 72 54 100 95 76 22 40 64 17 94 17 5 14 76 91 18 53 12 17 21 65 0 0 57 6 61 42 62 14 54 73 35 75 52 84 77 9 60 64 0 35 57 58 68 47 15 36 33 28 80 80 23 38 72 37 19 91 7 25 87 68 20 46 54 27 41 97 86 35 70 21 90 63 65 5 83 19 67 69 72 21 86 76 21 82 54 26 52 20 99 74 14 58 4 12 53 94 41 12 53 90 73 58 22 38 10 20 8 14 57 50 29 88 9 43 67 3 31 55 79 33 68 45 37 95 89 64 98 69 95 8 27 49 64 89 94 90 85 60 60 54 92 84 31 44 22 41 22 86 84 99 14 28 70 57 93 78 36 4 77 58 27 5 31 90 50 76 18 10 97 25 14 9 95 63 1 63 54 46 99 28 20 98 90 25 0 28 51 88 49 70 26 89 18 1 68 20 81 52 60 39 19 35 52 35 26 32 57 68 15 91 59 79 98 79 31 3 28 45 2 100 8 47 66 29 10 15 84 70 8 16 99 38 35 6 8 79 63 62 53 95 31 91 23 11 75 59 80 25 21 51 53 60 6 36 100 61 66 100 66 7 23 2 73 57 79 83 65 89 15 80 76 92 97 74
71 8 36 57 10 89 80 77 99 41 69 40 21 34 60 67 13 49 76 51 8 70 66 40 62 99 41 32 82 67 79 98 31 67 27 92 8 56 32 38 94 76 7 80 20 81 25 65 57 84 7 7 43 46 42 98 87 51 70 16 84 76 39 61 33 65 6 32 2 52 60 22 97 8 99 24 43 91 11 30 97 5 42 80 73 86 16 32 56 73 14 52 33 92 57 49 92 14 31 48 88 17 57 65 76 89 9 41 52 1 44 73 5 81 51 63 1 5 46 47 22 66 14 32 13 73 52 79 4 66 81 97 94 73 13 12 36 63 70 50 80 55 67 42 96 8 84 84 58 72 30 12 61 29 45 8 74 92 2 21 87 93 72 55 57 23 28 25 37 40 48 51 94 43 33 81 95 79 100 75 89 3 88 51 48 36 16 40 15 91 87 12 5 40 78 21 45 74 95 30 65 96 35 23 28 21 64 30 36 10 30 49 48 13 25 93 75 56 75 45 72 8 68 10 43 12 1 28 69 53 87 98 98 34 36 3 66 17 95 3 36 12 14 95 0 68 100 68 26 39 46 2 77 45 40 46 10 24 17 64 63 7 20 2 77 48 52 25 3 43 41 55 46 54 74 76 67 10 10 81 84 0 58 4 53 85 23 63 24 19 37 43 100 88 53 20 6 2 41 95 71 82 12 38 56 29 40 12 96 11 40 56 32 4 88 75 34 16 13 59 53 5 0 86 59 48 88 35 43 44 10 1 44 88 3 57 87 23 74 77 47 32 30 3 61 34 68 76 25 71 64 59 57 46 0 48 22 7 27 7 95 11 40 31 1 93 88 93 41 60 39 99 99 52 83 93 46 62 43 55 64 77 40 93 26 52 88 68 17 75 42 49 63 82 62 63 12 59 36 83
82 26 45 5 80 100 35 99 8 17 4 18 20 83 45 42 89 73 87 80 32 42 17 51 84 46 27 96 50 74 11 10 20 20 42 13 72 28 32 30 65 14 21 40 25 11 94 6 58 29 93 60 56 86 31 91 37 36 87 40 79 50 59 12 21 61 22 73 93 15 96 24 88 47 30 19 74 41 30 49 24 25 79 14 24 75 60 98 92 56 12 31 12 67 64 19 34 31 39 21 63 55 69 97 63 65 24 51 66 5 33 77 49 13 2 64 37 77 16 35 86 72 21 51 79 87 0 84 57 81 60 63 87 67 84 45 28 62 62 65 57 0 31 40 30 90 63 87 12 35 56 55 84 3 99 24 50 19 14 53 18 87 61 21 63 13 38 45 11 55 46 76 18 22 69 11 51 78 20 3 59 23 35 46 49 45 29 33 83 68 45 19 60 37 30 30 44 74 97 47 46 10 14 69 51 92 46 85 69 24 35 13 17 99 31 61 65 47 88 63 38 13 12 14 8 92 45 99 42 58 80 55 17 45 87 74 90 64 94 45 67 32 37 52 55 33 90 93 4 67 29 21 74 24 69 100 51 95 46 65 93 18 16 11 48 47 59 96 5 21 61 28 87 35 44 81 55 49 20 38 71 35 86 53 92 15 35 78 84 75 62 65 7 93 82 55 98 87 14 4 82 49 95 93 11 80 14 19 68 54 36 87 99 87 87 8 97 74 81 6 46 54 53 84 71 9 88 56 8 2 91 45 62 43 13 8 79 8 17 94 36 99 95 74 14 83 72 48 24 15 96 6 28 10 94 15 80 94 40 39 83 53 58 82 65 80 98 85 24 9 3 92 72 36 73 31 99 55 83 7 18 92 94 0 70 19 31 0 95 97 47 51 39 61 91 3 77 88 90 9
39 10 13 40 42 82 43 29 0 45 76 51 43 46 94 85 46 2 70 21 13 39 6 15 86 37 68 32 87 13 80 16 48 44 65 41 40 66 18 2 9 44 80 83 14 62 3 58 61 30 38 37 38 40 18 46 64 22 13 42 64 82 94 32 82 60 73 83 81 55 96 93 66 83 45 64 42 97 88 17 39 92 63 4 11 45 71 23 91 40 3 17 69 78 71 50 74 44 53 90 52 12 48 19 43 37 73 22 73 19 76 54 23 13 85 99 31 59 23 40 14 25 98 88 82 0 85 20 82 44 46 7 92 77 20 92 25 13 2 19 9 29 99 54 18 36 1 81 9 93 14 21 80 38 1 73 12 93 25 24 89 67 26 53 44 61 52 55 73 99 58 68 50 21 29 30 67 37 36 49 96 69 46 52 93 54 27 24 32 85 26 32 95 100 70 21 91 86 90 50 55 74 13 19 25 26 62 8 45 61 16 89 75 39 97 29 47 52 24 46 43 21 33 82 3 60 83 88 6 92 70 96 45 52 1 15 97 72 56 45 72 34 94 7 65 52 35 72 0 89 26 61 87 93 32 76 42 31 86 74 96 42 80 18 10 46 100 34 60 81 76 8 16 86 22 12 71 63 59 28 87 14 69 70 57 37 58 87 21 52 95 5 92 31 30 67 79 3 74 37 25 97 41 4 43 65 44 89 1 18 32 12 66 37 44 88 67 62 47 63 77 46 78 46 40 11 65 2 65 18 22 13 1 84 59 26 86 30 17 88 45 80 47 46 23 12 64 87 31 1 39 20 39 79 77 3 63 55 27 94 11 55 42 82 64 81 79 6 19 74 75 8 37 88 100 86 73 40 25 30 49 8 10 50 8 76 45 82 26 50 9 16 53 55 53 18 41 73 29 59
86 100 98 21 88 21 46 66 45 4 75 47 98 67 77 54 55 95 30 50 54 65 55 8 38 26 19 52 75 55 53 26 0 1 74 68 35 77 0 17 92 38 89 73 20 33 76 13 45 60 73 36 19 32 82 41 53 15 8 95 60 5 15 66 50 17 9 16 33 94 9 33 30 65 61 60 46 17 86 80 2 18 53 63 19 44 8 47 26 32 25 29 45 14 85 38 59 15 60 54 72 16 72 67 90 46 82 33 65 15 49 27 10 79 19 32 84 1 16 67 20 57 24 99 41 79 27 23 52 84 5 26 95 10 78 79 5 94 27 97 69 14 26 76 43 64 65 69 22 12 31 41 51 77 42 91 85 81 12 45 41 49 27 0 99 92 13 43 78 96 47 67 81 44 16 87 68 78 7 88 97 18 18 92 25 22 97 73 7 5 100 32 52 80 5 6 72 21 45 87 85 9 4 67 94 29 21 48 50 85 65 12 86 57 89 76 100 85 40 37 30 9 42 73 73 2 93 58 17 68 56 98 62 57 78 100 39 2 46 24 71 98 51 46 7 90 73 25 56 96 23 10 80 2 58 96 32 7 72 6 69 63 54 64 40 73 30 59 66 54 88 34 30 81 88 15 13 56 13 77 29 96 13 97 52 3 54 23 89 20 72 23 43 97 70 28 38 7 99 94 41 86 72 70 72 23 69 47 50 56 3 97 38 47 36 25 87 83 76 91 95 5 34 100 74 29 82 68 0 76 75 89 68 75 90 68 49 51 74 42 59 80 53 92 96 77 70 83 72 50 93 13 99 37 75 33 84 6 65 2 56 30 17 41 31 18 34 22 81 88 96 40 66 64 82 38 60 93 30 90 14 85 30 83 51 15 42 30 20 80 100 90 9 42 62 50 60 31 26 19
43 13 90 60 62 57 79 47 68 91 73 57 60 73 61 11 31 25 69 52 68 6 73 45 60 34 95 36 83 21 24 58 19 93 86 60 96 13 34 72 45 95 23 34 4 57 95 19 55 53 36 5 42 3 39 29 50 46 85 89 98 38 65 34 56 45 87 96 13 25 37 84 89 93 91 85 66 42 52 83 28 59 28 92 79 84 61 86 92 4 73 58 47 99 95 33 44 20 21 57 69 75 42 38 46 76 98 51 16 91 54 19 72 40 69 27 39 31 51 68 33 25 98 13 80 58 99 65 44 62 81 12 33 85 10 98 28 8 52 1 5 47 13 41 7 84 17 92 79 22 17 56 39 65 24 47 56 73 93 63 17 52 61 67 72 81 42 87 80 19 20 4 43 39 78 11 44 83 92 80 51 42 25 53 1 24 12 73 64 55 98 22 63 51 82 75 60 97 74 41 46 8 88 91 100 5 87 26 81 29 30 81 89 4 75 100 2 69 21 18 69 19 64 65 27 17 17 40 24 26 7 65 6 70 100 54 35 30 19 36 55 36 12 35 73 57 26 33 4 49 60 52 34 7 52 84 31 12 12 9 66 88 27 3 43 85 25 57 80 90 15 14 91 84 28 91 18 89 9 36 10 71 42 17 44 74 97 87 35 10 59 50 45 73 40 71 65 88 13 41 35 4 19 52 36 23 78 86 19 20 2 70 1 7 27 33 45 18 49 64 36 41 65 35 77 50 6 14 18 71 12 2 99 58 80 49 4 6 46 59 44 33 17 60 78 67 77 74 12 37 54 100 65 27 69 44 24 23 97 37 41 48 63 17 8 84 100 56 96 77 18 24 27 96 47 53 98 83 65 77 22 90 26 4 4 17 53 94 24 21 24 19 75 41 86 93 21 11 5 0
13 85 11 38 60 100 47 74 58 94 29 95 64 96 31 0 34 20 18 99 49 73 50 94 37 27 47 40 27 81 46 84 95 39 18 78 46 25 83 26 24 89 50 86 29 80 60 94 23 94 44 71 97 30 2 33 38 48 13 92 8 94 68 0 63 40 17 58 32 41 56 35 94 54 35 91 95 34 83 66 61 76 0 20 17 12 16 60 47 61 33 99 65 5 11 88 51 77 48 5 12 14 54 30 48 90 1 58 72 14 12 40 26 95 24 45 52 26 82 34 49 42 80 74 12 50 5 87 98 52 62 86 8 75 66 93 15 84 16 99 91 50 35 41 65 23 69 20 41 38 31 90 79 53 80 75 11 90 95 36 81 93 76 31 54 30 93 90 43 69 43 75 14 34 29 88 21 65 93 99 46 61 19 49 71 65 23 13 24 21 44 15 57 79 27 30 57 27 66 9 36 23 80 72 26 7 15 41 59 69 78 28 22 92 47 86 5 4 77 56 9 40 93 44 46 87 96 11 35 47 24 66 55 67 30 29 94 2 44 26 23 61 11 74 5 12 94 98 66 81 35 84 44 61 30 20 51 16 29 31 78 56 4 5 79 37 23 3 30 48 33 10 95 31 3 66 56 50 59 93 14 53 91 34 18 58 80 81 74 67 99 96 91 17 64 9 84 59 65 16 86 82 4 17 95 17 26 53 19 5 4 88 95 54 34 35 5 79 34 4 52 83 32 8 12 81 81 54 27 14 82 56 50 59 69 48 24 12 14 62 74 39 24 0 14 61 93 10 13 67 71 11 100 49 63 82 41 35 19 3 48 8 92 58 75 42 69 84 48 77 2 1 30 8 77 93 2 60 42 15 6 20 88 66 13 31 49 5 12 62 62 93 99 18 82 6 17 85 46 67
36 91 72 74 26 43 98 72 10 81 35 89 33 56 66 25 60 94 22 50 51 20 87 92 51 75 78 83 94 31 10 11 26 62 43 59 30 87 96 64 9 80 82 50 29 55 10 98 57 62 84 62 78 54 51 58 72 45 48 14 31 95 30 89 90 45 98 12 32 62 20 47 92 47 31 74 7 34 36 71 100 70 0 62 83 0 63 55 43 91 55 36 34 62 83 96 39 95 72 2 75 99 76 51 83 10 92 30 71 27 74 51 37 30 53 4 50 50 64 55 14 24 21 7 21 86 53 84 25 53 62 69 12 91 5 60 50 31 70 63 1 60 5 47 94 11 92 20 99 82 38 72 64 84 15 2 27 0 93 92 19 43 72 90 91 40 17 29 54 34 89 32 2 56 59 65 68 6 58 91 0 91 69 10 19 99 31 42 76 60 27 23 53 16 99 25 76 81 34 43 41 71 42 5 49 32 93 57 97 99 70 48 20 89 51 98 49 30 46 79 63 86 42 78 75 43 72 92 11 28 93 17 37 83 84 35 18 97 1 70 14 33 60 43 10 66 82 15 6 100 40 14 13 99 4 74 43 38 55 44 48 17 9 5 46 77 90 59 0 82 78 93 51 23 9 29 7 85 76 18 63 13 21 61 47 67 31 59 93 50 98 14 88 89 71 99 95 22 83 64 16 4 51 42 100 52 76 82 11 54 56 86 32 68 3 15 9 100 43 99 78 54 31 6 53 23 32 83 80 30 30 75 67 61 36 32 58 42 22 75 21 43 12 10 69 73 70 89 37 44 0 92 13 60 8 72 95 6 89 46 15 52 39 69 56 91 0 63 63 40 47 89 7 19 31 11 75 5 66 52 71 36 58 68 40 45 93 98 37 52 90 19 99 56 26 52 50 74 87 34
16 72 25 79 70 34 22 79 35 1 34 41 15 12 47 91 26 15 57 5 97 7 77 71 6 78 78 16 3 38 37 66 23 25 50 11 23 99 58 4 18 18 65 97 70 100 85 17 59 100 99 94 90 91 21 42 81 73 8 20 17 42 34 79 7 77 40 66 55 55 3 3 38 79 9 6 86 44 9 10 70 2 70 98 95 92 41 70 89 34 35 20 79 58 22 42 30 8 86 83 86 63 40 59 60 35 93 45 88 43 37 43 29 60 54 50 96 61 46 74 82 25 86 70 9 94 38 37 74 31 82 25 81 5 20 23 59 68 56 35 19 54 98 69 25 5 90 78 91 18 51 20 24 77 97 95 96 85 34 26 64 79 12 90 10 4 10 35 2 14 56 60 66 65 26 100 30 84 77 43 21 66 12 24 9 84 69 15 54 55 64 64 63 17 85 97 70 31 52 78 3 55 81 62 33 48 50 74 50 92 63 79 76 88 85 94 19 80 50 100 45 6 84 83 58 42 94 55 3 80 100 8 6 75 12 20 80 73 6 57 38 86 82 2 44 100 37 18 80 54 52 36 61 20 87 84 4 21 64 46 67 51 20 53 74 27 40 39 32 34 67 54 68 43 39 42 86 58 12 48 54 98 81 15 60 13 0 55 9 92 26 90 48 70 70 78 85 82 66 44 92 4 14 20 65 26 84 91 6 75 71 55 0 93 17 71 44 25 35 26 95 66 70 89 67 83 1 63 79 61 30 95 88 98 79 43 0 34 44 62 3 76 53 27 48 88 85 30 47 52 37 27 45 70 3 97 79 47 75 69 16 47 9 53 54 44 56 8 97 15 99 83 59 4 60 95 71 19 57 44 64 31 77 52 87 84 96 41 32 14 82 26 72 0 1 77 73 30 10 22
13 79 72 41 11 15 61 73 95 20 5 30 97 7 76 51 58 55 95 81 97 52 99 61 84 71 32 79 82 18 70 31 69 95 12 66 91 32 62 19 31 82 22 75 39 26 76 43 74 62 49 33 5 85 63 69 92 44 44 77 44 93 52 22 11 89 45 5 1 24 83 96 56 84 36 83 43 7 56 77 81 6 18 79 73 29 35 38 78 20 41 74 97 2 37 17 87 19 83 10 27 22 29 98 4 90 50 90 70 94 83 11 95 74 78 90 84 12 84 58 39 7 54 43 42 93 27 86 31 39 23 8 12 29 2 87 80 47 100 80 3 73 16 60 89 28 55 69 14 93 72 7 66 45 53 93 22 32 10 46 54 71 78 89 21 84 36 81 55 36 69 16 66 23 47 40 72 17 80 81 40 52 90 82 9 38 3 49 7 57 92 48 79 75 37 54 76 88 24 93 90 39 88 95 49 32 28 82 76 63 95 32 40 8 47 2 29 21 4 75 97 14 97 30 9 91 94 12 72 73 66 97 2 15 40 61 50 2 68 95 23 83 50 92 93 46 0 56 35 41 92 43 35 88 7 58 66 69 74 33 99 50 39 63 36 100 53 30 53 84 20 43 22 71 77 76 50 79 0 44 44 50 91 96 46 15 31 7 2 47 90 42 27 69 66 7 69 11 25 61 55 25 27 93 87 72 44 54 38 27 47 59 78 43 84 47 72 27 52 67 87 29 41 64 15 59 24 44 25 88 92 36 43 90 98 99 40 4 80 69 61 52 6 37 0 90 19 29 55 47 97 18 80 0 43 23 42 58 67 12 96 73 32 25 46 33 54 61 84 3 37 95 47 36 70 55 55 89 96 77 24 3 77 93 41 66 78 32 32 76 40 57 83 76 92 23 7 18 35 96
22 59 87 8 91 0 84 75 99 5 86 100 32 82 44 3 93 61 61 43 85 21 15 42 25 5 52 34 84 90 88 3 71 24 34 9 73 98 31 44 89 89 18 51 90 4 56 38 24 15 57 68 45 86 44 35 80 25 65 64 37 3 81 78 55 32 16 100 19 10 66 12 52 29 49 85 100 92 37 80 42 41 19 28 37 84 30 80 98 85 4 59 23 83 21 5 87 58 51 60 32 35 22 14 55 32 99 70 62 99 69 94 75 85 71 24 62 21 82 18 50 58 35 99 18 95 80 24 74 85 94 35 6 33 69 80 4 71 43 62 49 19 12 21 8 79 60 28 59 35 72 69 75 2 72 79 86 93 50 50 2 96 69 3 80 93 56 51 61 88 68 44 15 66 74 57 85 50 35 82 17 29 52 53 93 93 70 7 13 95 70 58 15 10 91 96 83 53 38 98 81 4 14 57 1 10 15 84 58 40 3 53 40 18 92 71 85 97 32 8 41 36 92 59 92 5 55 41 75 24 43 35 38 58 46 8 65 15 94 48 85 43 84 48 99 99 98 40 41 20 3 61 48 96 53 50 10 9 100 11 84 20 90 4 18 48 25 89 28 30 89 76 29 56 83 58 99 18 46 65 90 42 44 48 95 32 24 97 47 20 26 93 70 99 74 74 84 77 27 87 43 91 79 81 27 30 72 9 44 87 99 54 38 57 78 35 96 17 16 51 8 43 87 12 96 4 97 30 70 56 67 51 14 84 76 19 27 72 73 78 30 12 45 34 26 59 11 85 40 93 39 74 23 15 0 81 7 93 8 26 98 81 8 44 15 58 93 47 68 88 12 10 0 36 1 19 74 82 40 91 50 20 56 16 77 64 97 18 83 35 79 23 66 65 80 93 75 39 99 17
67 17 96 21 7 90 2 66 57 56 1 97 30 81 84 74 9 76 71 65 49 11 41 81 14 61 45 60 27 82 99 28 25 31 89 11 10 75 91 6 23 66 18 11 66 10 49 50 82 62 27 72 97 19 60 47 65 44 53 97 73 29 68 26 52 31 73 44 2 28 15 12 11 53 13 19 20 32 60 1 58 82 77 65 88 37 32 55 100 1 54 33 58 37 59 55 67 21 47 55 69 56 60 40 1 37 1 83 59 76 53 69 16 85 72 79 96 70 14 60 62 15 58 65 78 63 66 46 94 26 0 62 32 83 29 54 30 10 36 83 59 68 13 53 58 75 9 18 43 38 27 38 55 32 90 82 91 51 82 72 37 26 66 34 34 23 72 36 77 46 96 62 18 52 6 3 61 37 7 23 68 2 24 13 45 7 88 74 8 29 96 32 2 11 48 80 94 4 88 1 99 34 89 7 8 84 13 36 96 39 79 73 88 32 92 74 91 51 41 10 98 96 4 81 31 94 88 10 74 32 7 37 76 59 44 82 37 85 90 88 25 54 99 4 22 94 50 13 58 3 100 58 56 78 74 22 91 65 94 32 24 38 92 6 83 76 11 45 36 23 20 18 2 73 10 87 15 23 13 45 19 30 26 18 15 32 89 95 94 91 18 78 91 91 56 1 75 42 94 30 34 3 49 27 35 56 93 35 74 50 5 95 68 38 38 9 89 15 62 48 74 86 98 40 62 10 95 49 87 99 94 0 2 47 39 45 100 56 37 4 80 80 37 65 62 86 43 15 86 76 70 97 28 61 8 74 70 13 91 77 51 2 8 23 15 59 87 50 68 29 9 70 65 88 39 30 74 75 2 70 84 24 11 7 24 83 4 1 56 38 20 82 7 34 81 4 83 95 61 7
6 73 57 47 1 23 31 44 60 83 5 32 76 38 22 96 20 50 2 49 76 71 56 96 79 85 16 18 48 55 89 3 40 42 37 34 73 1 94 31 66 33 1 86 64 6 18 61 61 79 8 88 30 13 15 90 41 36 84 46 13 59 75 87 50 23 91 48 96 21 25 23 55 38 64 55 9 96 85 2 39 45 88 100 74 26 95 89 28 4 16 53 25 59 63 46 36 11 50 30 77 10 32 24 90 50 31 31 68 76 58 53 47 88 81 99 90 92 49 32 90 16 22 32 68 40 48 6 16 0 87 44 43 41 61 34 90 0 50 40 40 11 12 27 41 4 84 65 56 7 19 39 17 83 67 1 79 81 48 19 88 25 78 38 77 56 77 75 87 0 74 7 67 53 32 23 88 0 12 65 97 60 7 65 56 44 55 82 81 88 62 23 72 39 52 27 85 2 34 87 42 45 99 11 92 66 2 18 24 84 26 46 53 84 50 65 84 79 29 97 69 45 98 48 15 70 7 99 77 75 96 14 53 0 5 41 85 60 66 62 82 49 44 94 26 72 49 3 81 48 22 82 73 82 89 29 66 90 31 99 70 19 5 91 96 24 59 91 74 40 75 3 81 1 100 33 45 28 20 65 38 39 10 14 80 42 83 55 20 24 35 1 55 63 34 82 70 95 50 90 42 40 42 43 45 84 64 92 23 1 28 96 74 62 5 22 80 58 0 45 68 75 93 84 48 92 20 66 81 50 16 9 57 31 67 2 37 41 41 8 96 86 71 63 21 37 69 18 12 35 49 94 87 85 58 65 23 47 93 16 74 49 38 80 18 67 30 11 31 15 77 50 99 50 95 71 62 58 96 52 93 56 33 44 46 52 83 76 3 49 77 69 7 92 10 17 62 22 40 81
41 97 77 88 58 64 12 93 90 55 18 81 87 17 100 23 93 89 8 82 8 16 51 34 69 43 94 27 55 83 58 77 4 44 79 12 52 48 70 6 29 30 33 63 91 99 17 45 71 79 81 100 58 8 27 2 26 28 28 80 51 100 78 9 48 29 63 97 96 6 87 92 4 63 92 96 13 51 81 100 87 58 35 32 41 71 47 31 81 11 39 65 8 30 66 69 85 4 24 54 41 6 17 29 93 52 38 16 34 48 76 99 92 14 33 64 62 20 46 73 75 46 44 17 83 95 56 27 2 88 44 82 39 35 99 5 55 65 66 41 21 49 51 62 42 46 89 31 71 25 41 6 38 16 88 23 23 65 17 11 40 100 50 74 50 2 12 0 59 100 14 28 91 47 95 74 1 95 98 36 68 63 98 76 49 74 36 49 78 19 45 6 11 18 47 41 62 31 10 98 11 94 16 63 14 39 99 38 30 85 9 66 26 15 54 27 20 54 84 45 75 63 99 65 93 50 59 63 100 16 75 50 46 46 71 2 63 100 7 13 44 43 61 39 100 55 86 79 3 2 45 51 55 48 27 78 74 90 98 18 94 86 78 75 31 89 92 79 3 38 36 56 38 4 81 30 92 47 36 42 38 55 23 3 26 55 87 76 65 9 42 95 50 49 39 60 59 82 5 27 14 79 40 83 58 27 98 44 83 6 77 56 69 64 68 1 45 19 20 92 81 39 7 91 79 32 63 82 54 10 66 42 81 6 72 6 43 28 100 87 11 66 95 68 50 41 48 42 11 75 50 45 36 70 54 29 17 74 92 33 57 91 53 5 82 42 7 1 43 52 69 26 93 77 20 6 26 74 75 26 56 39 36 7 46 87 65 46 22 2 45 0 28 89 55 76 84 64 17 42
9 89 98 97 31 49 57 70 69 87 93 40 2 77 22 52 16 97 30 24 8 8 87 8 7 24 2 63 15 83 77 94 98 10 74 66 95 95 54 98 9 31 38 34 86 55 24 1 59 44 83 28 30 12 70 71 64 51 93 4 89 14 53 81 98 33 52 79 36 85 35 90 16 25 95 69 97 93 30 32 64 12 70 48 33 40 79 80 33 74 53 43 3 22 26 85 38 4 65 88 69 6 23 94 8 13 12 26 83 21 81 77 25 3 86 89 28 98 39 95 83 36 40 15 12 47 27 65 12 39 12 32 89 52 19 33 49 26 8 43 64 13 43 73 12 98 16 45 67 13 41 79 80 12 53 87 17 0 15 70 86 41 57 67 79 31 26 68 12 49 38 54 65 77 88 97 86 15 7 8 2 11 60 35 45 10 70 91 25 60 52 24 24 95 100 21 11 45 83 60 90 97 10 13 49 21 84 77 26 97 41 10 39 58 83 99 69 10 11 12 6 95 83 54 81 38 40 55 14 71 92 32 39 58 75 77 52 98 14 72 87 78 29 51 49 10 54 30 32 28 49 27 14 48 13 86 21 11 8 81 16 97 59 49 42 10 61 27 60 79 8 99 82 27 39 21 23 25 29 8 82 65 8 33 76 62 43 13 43 91 60 92 84 31 47 4 48 81 40 60 37 7 85 75 3 24 85 55 61 58 71 87 67 23 49 67 31 39 17 47 68 89 98 83 7 32 86 2 55 72 33 86 63 94 43 98 66 82 17 50 73 66 10 21 12 39 92 94 98 80 89 37 15 27 100 38 5 1 52 68 57 29 57 90 21 74 18 4 78 46 73 99 32 50 48 1 26 88 72 48 0 66 99 21 93 81 43 62 25 15 74 74 34 19 75 47 56 81 78 98
70 36 81 27 74 53 46 94 16 73 21 50 14 58 61 95 86 51 12 72 93 72 93 37 89 97 83 79 50 29 87 91 27 74 22 59 79 54 8 46 23 81 48 9 30 78 53 88 81 86 14 91 48 13 92 49 31 99 20 64 74 78 1 90 14 92 94 23 8 3 22 15 90 7 77 37 68 97 84 80 23 36 35 59 18 93 1 28 91 24 85 22 2 6 97 23 90 40 50 85 90 50 54 72 48 0 64 89 65 52 71 41 26 50 9 91 89 17 3 28 79 39 62 93 24 78 62 24 31 62 23 28 69 17 38 3 63 99 56 79 28 67 60 48 86 76 96 7 41 79 3 16 91 39 3 46 65 22 11 84 95 74 87 100 17 72 46 54 74 27 12 40 45 43 38 39 48 74 75 1 86 61 67 67 16 33 46 9 62 57 99 39 52 67 17 33 73 32 87 87 21 87 81 6 86 27 64 77 58 93 38 23 76 41 97 55 1 51 6 36 23 48 41 88 47 90 8 1 78 76 88 62 86 95 26 33 70 42 10 0 60 26 40 55 44 48 52 39 44 75 24 88 28 63 35 86 90 40 81 52 43 1 63 79 9 38 73 69 62 84 72 73 41 85 30 91 88 74 38 43 19 13 26 46 89 17 100 94 4 72 20 81 14 88 29 50 80 86 41 77 17 41 91 56 38 58 96 34 72 18 66 51 18 61 87 75 31 27 17 29 47 39 4 91 8 45 57 20 80 16 15 64 83 89 74 54 92 94 58 69 30 48 22 51 68 38 18 12 3 45 88 38 51 19 36 71 56 79 51 84 4 73 30 46 35 93 19 74 88 11 73 85 63 87 14 58 70 69 33 78 45 30 5 7 31 19 99 50 62 92 33 84 52 53 17 57 63 60 94 30
2 22 19 93 17 14 41 66 72 38 19 31 8 37 23 70 5 21 48 3 50 14 9 92 47 72 67 4 70 65 91 97 30 30 32 83 99 68 80 52 58 45 91 0 79 68 72 50 66 39 89 5 93 93 93 60 81 72 83 21 75 70 79 9 21 5 19 95 77 94 40 20 60 41 27 89 29 74 32 66 66 6 46 100 15 1 14 89 86 82 14 69 14 41 97 94 58 31 87 84 65 6 6 45 34 6 91 99 47 58 9 38 17 46 25 100 74 73 36 31 64 83 78 25 86 95 17 38 38 58 88 92 51 45 79 3 94 90 18 59 90 57 61 43 72 92 37 41 50 15 70 82 74 35 60 54 56 55 66 39 80 23 21 49 82 37 91 16 13 84 8 29 56 84 23 37 33 47 80 87 30 76 100 52 100 19 58 3 39 58 53 63 3 38 86 78 5 40 78 29 80 26 39 26 51 52 65 32 43 64 55 42 77 38 89 67 66 25 98 60 72 79 14 89 79 6 21 42 60 12 77 91 94 38 45 51 89 62 29 88 56 75 53 96 81 1 78 76 53 60 91 90 94 78 25 9 35 18 30 72 58 60 38 98 10 92 58 70 79 97 9 44 36 82 12 49 86 59 88 59 57 71 6 27 21 11 14 88 34 44 6 92 0 57 82 32 43 4 66 53 81 27 56 16 52 65 28 91 47 3 4 45 92 84 15 30 57 49 59 33 88 76 58 23 87 12 25 77 15 7 59 90 81 88 24 10 30 51 30 27 84 42 45 63 99 77 85 79 97 25 93 52 94 8 96 65 78 99 51 16 8 86 9 10 42 88 23 28 73 37 83 98 85 87 21 31 17 12 66 69 47 18 59 67 24 49 37 99 90 29 32 66 98 35 16 37 25 64 62 26
73 95 77 73 47 19 19 11 14 22 37 49 34 7 77 95 100 1 60 85 71 19 98 66 63 44 27 93 73 28 75 24 42 71 73 55 35 58 6 98 21 7 57 67 84 93 35 1 38 40 26 30 47 99 29 31 47 34 87 69 8 83 38 36 70 12 49 100 74 5 23 66 31 50 51 81 54 86 74 77 68 61 94 7 52 58 56 59 41 89 71 48 56 76 91 47 42 21 76 95 27 68 18 69 39 88 84 95 97 23 67 83 37 94 58 95 4 19 97 5 66 23 54 41 77 45 45 82 53 32 65 47 89 42 17 23 92 25 18 52 25 61 56 23 51 74 13 94 74 22 31 15 4 63 56 40 32 85 64 49 2 79 34 32 23 33 31 1 60 100 78 67 73 65 44 56 59 12 100 0 36 56 43 15 43 89 61 36 89 5 43 66 73 3 6 27 64 86 0 75 96 92 27 16 53 96 97 15 35 90 51 24 47 25 13 14 3 1 82 55 5 98 59 32 85 16 75 82 95 31 9 44 61 33 83 75 92 97 41 48 29 20 27 24 40 58 23 48 81 5 2 16 19 19 89 11 13 38 37 51 80 6 68 13 9 34 48 10 57 57 45 79 92 27 5 36 54 86 66 98 38 51 8 33 49 95 10 20 0 96 88 79 80 57 91 40 61 86 49 24 23 68 26 59 62 95 40 40 11 97 1 100 78 56 31 36 22 97 92 41 68 78 72 51 67 11 8 25 77 98 60 21 36 27 44 2 29 98 5 11 26 99 34 83 84 36 49 81 66 25 87 92 12 45 95 44 4 64 21 26 23 15 35 0 95 29 46 53 60 51 93 33 82 75 29 38 68 58 95 26 28 63 31 50 51 85 95 16 91 20 55 29 82 94 52 85 4 23 95 61
42 84 82 82 86 24 0 33 55 62 64 70 37 62 11 53 71 66 29 24 42 82 2 97 19 47 18 37 8 69 40 4 10 47 34 61 55 44 5 20 86 8 55 73 24 23 69 55 7 83 60 19 43 15 4 41 27 92 27 73 55 50 27 49 57 84 82 20 51 58 21 43 44 79 64 89 75 49 8 80 86 86 2 20 66 10 3 13 100 37 24 25 84 65 24 40 43 66 54 74 47 80 6 89 3 23 41 93 94 33 45 18 89 66 95 29 49 0 68 0 24 45 99 41 54 30 36 42 42 74 87 84 53 29 52 54 99 53 13 87 16 89 53 87 52 55 85 28 50 30 82 56 96 92 75 18 83 63 21 74 53 24 41 71 0 84 45 92 99 76 41 16 0 88 75 55 96 89 54 100 12 30 30 95 89 31 56 45 9 13 92 65 93 62 20 31 67 47 13 89 17 61 65 61 58 58 29 100 75 46 17 88 98 54 11 39 55 61 42 44 59 8 1 62 61 12 38 49 37 51 54 92 14 17 40 11 35 47 54 37 18 76 43 80 41 46 0 56 27 53 57 100 2 4 62 26 69 29 77 98 88 5 83 22 58 32 57 98 6 13 32 69 43 77 15 16 84 36 71 93 49 65 68 0 22 63 35 88 37 77 96 5 6 44 9 71 16 52 10 50 42 11 80 54 2 27 54 88 45 38 68 4 97 15 90 99 33 29 74 96 98 27 50 62 60 86 7 96 30 69 4 32 53 100 100 38 56 17 83 35 32 32 81 28 5 72 97 19 93 45 32 7 97 9 52 23 72 80 0 60 32 76 69 99 92 62 96 13 67 14 99 13 53 22 43 11 81 95 81 26 88 76 11 17 52 98 44 96 18 54 71 58 60 15 22 85 1 37 76 46
11 94 3 35 74 52 3 69 100 0 36 45 24 1 82 84 29 63 69 17 59 5 96 38 50 0 55 26 45 67 23 80 58 11 66 78 79 75 25 43 99 65 53 14 69 6 65 97 67 41 69 83 21 90 51 17 51 6 71 66 30 35 83 0 34 60 79 21 48 61 12 54 15 62 65 98 1 64 59 98 23 36 15 29 81 40 42 49 69 56 37 43 16 28 9 69 39 49 56 23 83 97 39 15 95 79 90 73 78 2 11 57 95 39 44 87 20 97 6 68 51 44 51 56 67 27 64 76 100 3 19 44 54 84 34 28 92 38 41 53 11 6 21 75 87 26 16 6 89 4 91 54 55 90 97 85 23 29 55 56 47 75 89 54 7 8 73 20 49 61 40 48 80 76 82 57 39 11 5 27 7 15 58 68 51 32 89 85 10 86 30 37 96 83 6 62 47 43 43 43 72 55 41 15 94 46 49 18 85 12 74 81 65 10 88 78 65 82 35 59 50 43 22 92 46 94 6 36 6 47 91 83 46 1 67 29 59 40 73 93 28 98 75 80 40 9 44 1 21 88 38 57 57 28 13 39 20 73 18 46 66 77 4 43 46 20 56 21 71 29 47 67 42 87 50 25 29 37 73 69 20 13 42 13 79 52 10 95 8 29 49 44 90 40 85 74 10 7 90 70 26 37 39 43 21 60 70 18 76 76 29 81 86 58 58 21 83 32 97 44 69 35 39 91 47 83 46 34 63 20 91 66 48 4 100 10 41 70 83 25 73 74 70 51 28 31 76 73 12 78 85 83 94 47 97 26 0 76 53 72 34 90 20 27 23 25 93 67 24 9 20 78 23 62 4 58 1 53 76 0 76 1 20 6 96 2 38 16 72 41 69 40 91 5 62 19 12 55 37 75
21 51 30 64 50 8 69 17 58 62 50 80 86 16 46 79 23 14 49 96 37 24 6 54 30 77 60 83 82 49 72 43 53 19 55 72 30 0 6 91 20 82 4 83 83 78 67 88 22 58 2 15 49 2 96 5 86 40 44 32 42 43 37 10 22 95 11 72 10 90 69 19 86 6 9 26 38 29 43 60 93 62 20 88 57 72 86 92 19 85 29 24 18 93 33 11 37 97 62 63 97 64 69 50 65 89 21 11 16 90 73 94 17 92 2 85 9 94 31 18 30 42 11 61 92 86 91 23 80 61 82 79 19 59 97 24 29 32 40 16 45 4 45 71 98 35 93 59 79 70 93 1 6 44 24 71 6 62 35 9 12 49 13 74 64 62 63 10 44 35 16 27 62 72 89 100 90 86 67 74 16 49 63 100 6 41 18 23 96 2 70 24 89 93 46 71 73 57 61 43 78 42 15 34 14 52 71 81 73 33 78 66 64 25 9 25 34 67 96 56 47 16 53 39 5 44 43 54 74 70 84 46 98 89 59 43 4 95 39 18 96 14 66 80 40 30 34 23 65 30 42 18 84 98 67 96 5 43 76 33 4 64 2 24 76 66 60 79 18 96 48 31 30 71 54 37 43 26 34 48 68 68 97 28 40 7 54 74 65 11 64 56 15 38 31 56 98 58 98 64 5 97 27 34 7 61 22 17 15 15 56 58 33 49 71 9 5 73 24 56 61 63 18 50 34 24 63 39 20 77 52 98 87 40 15 16 74 72 42 87 34 44 45 1 30 35 79 25 19 34 3 71 16 97 39 84 14 60 92 75 98 12 95 96 0 32 26 6 21 32 48 27 1 73 90 48 17 92 41 75 6 28 64 18 48 100 33 0 47 74 4 77 15 95 42 51 80 96 47 81
96 66 45 0 50 62 45 77 88 80 22 16 37 82 80 34 53 80 89 11 99 56 67 65 83 83 64 38 54 39 23 31 22 61 69 37 45 95 78 76 53 27 14 87 98 77 48 34 25 34 38 29 47 27 39 26 82 22 4 42 21 0 2 19 53 56 83 1 19 57 21 96 91 95 69 8 73 30 97 80 84 38 53 40 25 51 12 39 81 19 98 28 42 50 4 29 53 77 41 31 11 11 70 70 3 7 19 82 71 87 33 13 79 85 94 65 65 16 84 95 8 59 54 89 97 81 17 6 49 92 66 34 78 27 20 52 3 55 71 37 100 1 60 70 28 64 49 91 55 45 22 53 62 64 98 68 94 96 28 84 27 67 38 78 9 47 62 44 34 1 73 20 3 2 92 11 38 63 93 91 43 34 5 58 12 1 35 94 56 23 36 53 44 47 97 8 30 11 64 28 95 40 43 52 26 38 90 30 65 37 55 23 82 8 27 6 80 64 68 62 58 40 94 63 44 26 75 99 54 63 50 42 45 5 67 25 92 28 27 6 74 90 2 96 70 41 42 56 95 13 23 78 71 61 75 61 36 7 71 66 21 25 64 91 21 85 10 87 39 44 28 69 14 23 21 40 94 70 20 55 35 96 85 20 57 67 1 6 13 24 24 3 76 96 21 45 61 24 74 27 5 6 54 40 52 4 21 16 17 91 4 92 85 0 17 87 55 23 11 69 88 54 73 17 52 11 6 90 66 57 100 99 73 92 93 11 100 86 74 4 9 69 68 7 42 55 67 13 22 41 30 81 21 44 56 41 76 52 64 89 52 52 89 17 37 35 52 47 75 44 65 12 11 90 25 3 93 9 59 100 58 73 44 53 15 38 0 18 0 97 66 88 36 0 7 23 18 46 42 76
15 60 27 47 9 96 74 32 71 15 84 5 13 81 74 85 59 61 69 7 54 48 94 86 38 61 73 68 1 60 46 64 38 21 94 91 71 94 90 32 76 52 47 7 95 89 42 12 36 8 80 22 46 91 26 89 28 59 11 24 14 37 33 26 11 95 54 73 61 10 55 14 47 59 98 25 23 19 92 21 2 78 10 15 15 48 74 19 52 47 80 7 11 78 79 7 27 19 18 36 86 25 91 2 59 75 79 16 72 46 65 89 37 85 92 72 31 12 89 9 36 21 96 36 5 0 92 59 19 80 75 99 40 43 94 0 25 73 66 86 29 17 18 67 48 38 65 34 1 16 45 42 50 51 81 45 65 45 51 55 29 26 58 5 45 7 34 97 74 59 67 93 14 10 60 33 54 61 9 38 93 77 82 20 89 9 69 30 99 51 4 15 94 77 34 17 44 7 95 8 85 46 56 15 87 18 23 34 63 57 94 20 19 95 35 12 18 70 34 33 25 0 13 85 97 77 16 28 69 32 87 57 37 50 18 62 65 37 39 52 64 39 31 98 50 90 19 49 66 69 1 95 4 55 91 38 8 83 99 72 72 76 58 65 18 2 45 25 74 94 1 30 42 55 80 12 70 27 16 36 79 74 85 80 35 3 27 92 23 78 57 47 47 64 23 39 85 64 72 23 94 36 94 51 14 28 85 100 70 22 76 23 63 20 21 69 95 99 16 6 6 56 12 84 4 93 84 81 56 100 3 5 35 50 28 63 12 98 32 7 60 3 45 100 15 69 46 80 85 67 59 37 95 78 44 80 17 57 1 98 16 31 42 19 62 30 94 49 89 53 47 94 11 22 30 95 36 15 81 26 83 43 86 85 54 6 98 3 50 100 40 7 75 45 94 59 83 21 50 74
22 28 44 70 89 85 58 73 52 8 73 75 43 66 72 48 70 65 32 35 70 57 18 15 26 62 39 40 76 30 62 27 29 87 54 46 40 25 28 42 51 5 57 68 83 1 35 71 33 95 39 94 32 50 32 21 64 18 34 49 62 38 84 40 83 5 50 32 28 81 8 57 26 86 86 2 17 14 50 5 40 67 100 79 44 50 92 8 57 29 97 92 51 45 71 2 61 81 55 40 36 99 88 70 13 22 57 63 28 7 54 67 15 37 89 93 43 51 41 48 66 32 42 32 53 57 22 44 48 64 95 10 14 25 55 13 70 35 85 10 24 50 40 34 64 65 83 78 2 24 75 7 68 64 50 99 36 43 48 22 35 17 39 16 78 20 16 1 6 82 70 11 66 52 64 98 98 91 45 100 3 16 43 39 52 20 97 1 77 51 34 48 82 80 70 7 26 92 54 95 16 74 41 13 80 32 2 66 1 62 36 70 12 10 46 54 41 2 7 88 73 95 3 66 14 78 16 14 21 33 96 86 86 10 22 37 69 87 83 76 55 77 76 100 49 70 58 60 38 14 38 73 92 80 59 20 80 91 19 24 14 2 40 33 10 2 41 80 84 51 0 57 53 91 61 13 46 40 50 1 26 85 54 0 52 29 87 16 82 34 10 76 96 36 81 42 81 62 9 28 40 59 52 8 53 55 59 45 58 79 22 32 76 14 23 87 66 35 4 85 31 6 66 85 35 48 3 99 32 88 87 50 38 47 46 74 65 0 16 99 25 66 88 33 94 32 32 17 20 30 99 38 73 26 33 84 18 5 85 92 33 75 69 5 24 22 77 92 70 97 88 25 17 85 53 65 54 77 38 4 63 73 43 78 92 75 29 65 85 30 6 74 18 90 18 47 79 52 71 69
63 74 18 20 54 97 49 92 4 95 2 62 21 26 43 35 7 57 12 54 52 16 35 2 0 67 76 69 10 97 53 71 28 88 14 44 12 35 36 63 78 64 17 95 79 28 51 51 21 90 62 43 11 41 27 19 30 56 30 32 64 5 95 84 58 28 12 62 97 35 92 44 2 84 16 88 5 55 46 52 2 32 100 6 67 27 99 47 41 16 81 70 30 80 44 79 39 51 2 70 51 33 20 100 91 34 79 9 54 7 94 66 53 69 75 8 41 66 29 3 100 62 92 27 18 60 35 79 96 96 7 29 51 56 55 55 66 78 42 59 12 35 18 65 81 39 38 67 7 95 55 52 89 55 10 54 50 77 50 6 19 86 65 83 16 28 8 71 69 99 89 57 67 44 56 24 50 52 100 21 88 36 3 79 53 5 12 39 0 64 53 64 55 26 96 46 57 95 92 3 22 15 69 96 92 88 53 43 82 25 17 62 21 72 15 87 22 96 92 12 32 12 74 64 13 99 97 26 58 64 41 86 81 13 95 63 60 20 77 6 27 20 69 55 99 62 83 48 8 34 1 16 79 68 72 93 14 56 36 45 33 22 65 64 83 26 51 53 29 63 100 32 89 6 32 94 70 78 89 71 76 46 56 97 6 24 6 96 24 18 69 68 66 50 34 30 94 5 76 19 81 72 73 1 78 82 42 64 49 20 23 90 56 92 79 63 70 64 12 44 30 76 51 87 12 91 30 10 94 75 29 39 1 20 100 34 84 6 90 3 26 28 49 16 2 19 70 93 37 12 3 65 65 53 57 87 64 82 87 88 56 94 85 0 87 17 62 57 40 57 27 29 12 2 30 66 31 24 66 35 56 38 33 100 67 73 65 84 95 40 42 59 66 10 27 96 100 1 96 86
16 62 76 29 45 15 98 98 7 21 2 7 97 78 100 37 9 77 62 52 46 6 41 68 55 13 83 82 51 65 10 39 13 66 74 6 81 45 21 10 60 10 56 50 31 85 2 4 80 3 48 20 35 60 100 46 47 99 91 64 28 46 99 89 50 88 90 0 90 4 0 78 5 54 97 52 31 25 36 84 33 64 57 31 62 90 35 100 7 48 23 67 53 26 12 4 78 42 1 89 88 48 65 36 62 32 31 9 32 65 58 61 62 82 21 5 100 92 71 3 80 96 29 45 87 63 4 100 52 52 61 72 20 89 41 78 43 44 72 36 68 4 72 78 48 57 80 10 39 61 78 45 76 51 60 76 31 44 79 59 91 37 62 4 42 72 87 72 43 54 50 67 36 72 9 97 44 32 56 72 60 32 64 18 24 91 55 46 3 95 70 74 34 80 67 63 12 26 51 72 19 19 79 95 25 6 94 77 69 11 86 33 43 62 50 51 98 62 45 4 85 63 23 60 67 43 72 48 55 56 33 1 94 87 87 28 41 0 14 41 92 13 86 28 97 12 64 70 46 70 31 11 78 79 80 37 26 88 86 87 88 44 86 78 25 45 52 38 3 88 73 99 16 10 100 50 38 43 70 56 32 98 25 95 55 62 20 65 67 98 52 33 94 48 58 64 79 52 49 22 93 59 24 17 40 34 85 22 77 44 44 93 61 93 63 82 81 73 26 2 12 59 61 57 68 1 2 27 84 83 98 80 15 17 81 18 9 38 45 61 33 11 17 50 18 94 0 87 0 62 95 38 40 94 67 74 92 69 57 77 89 53 79 40 94 8 76 15 56 78 82 68 27 31 77 58 64 82 21 1 46 98 21 28 36 72 75 46 81 18 54 36 24 50 45 97 74 71 26 85
8 85 13 18 94 33 30 13 14 77 94 21 15 98 73 15 13 70 80 15 77 47 72 5 82 70 61 30 81 54 20 52 87 10 4 41 14 2 100 59 67 70 54 68 95 2 44 47 12 12 82 61 42 12 21 54 41 100 29 70 38 44 30 44 52 54 24 13 18 53 44 7 12 29 63 2 61 100 82 55 75 1 29 47 14 85 53 23 21 67 36 97 100 1 40 32 19 2 78 14 25 53 86 8 98 92 10 99 30 63 77 26 46 85 0 11 9 16 69 76 3 4 12 53 74 98 60 88 43 70 1 32 3 73 46 75 58 27 43 31 34 37 42 25 100 4 43 7 95 91 64 7 96 59 30 20 92 84 17 67 48 84 90 81 66 38 15 13 99 7 11 88 12 41 43 23 3 25 58 26 24 22 38 21 53 40 32 67 94 26 46 65 63 59 7 33 26 39 50 55 80 74 17 33 78 23 43 30 100 100 96 51 54 65 56 98 36 62 56 18 15 34 1 72 38 63 85 38 4 30 14 49 7 17 36 62 71 65 32 78 2 37 62 35 45 7 0 39 69 43 63 24 8 15 69 20 89 25 71 66 94 40 71 15 75 64 19 15 71 54 29 11 90 67 54 45 95 8 10 62 0 93 17 51 13 9 37 92 18 29 75 50 79 56 2 85 61 2 49 19 76 17 9 49 42 8 28 30 33 19 62 86 59 61 84 85 64 99 2 27 12 83 40 0 80 18 30 13 92 53 58 2 0 10 83 32 99 35 67 52 4 99 8 15 79 33 35 67 3 46 72 44 50 38 18 21 17 29 60 4 25 20 10 23 88 91 86 69 78 53 96 7 68 40 23 44 50 26 15 30 93 64 6 91 61 95 6 62 62 1 22 18 26 82 55 29 34 17 13 17
24 43 99 27 68 95 55 93 0 40 3 37 31 63 85 86 69 64 40 35 13 86 65 23 13 81 20 4 50 40 44 25 22 39 50 0 66 51 41 92 15 29 0 97 10 34 29 89 41 69 76 2 98 35 88 75 99 14 10 3 4 70 63 8 14 58 1 2 22 59 76 68 82 4 62 77 6 74 88 88 11 51 48 64 84 18 46 89 96 77 63 7 46 89 31 17 74 33 24 46 25 85 1 35 47 0 61 25 59 91 6 36 5 88 10 90 42 86 33 44 86 35 84 2 73 75 63 16 27 5 32 15 53 91 35 84 33 81 33 13 40 98 75 77 75 0 86 59 36 99 39 89 98 25 90 88 42 60 76 44 49 64 90 89 86 38 93 38 20 24 19 30 68 78 2 9 29 70 54 7 41 78 88 99 10 49 34 54 17 96 72 49 67 27 18 68 33 13 48 62 98 98 99 80 9 97 11 27 62 49 78 73 31 15 59 40 72 3 41 0 70 12 38 17 58 70 60 34 59 0 25 54 75 61 88 30 60 4 73 58 75 48 40 31 95 90 39 36 18 80 89 23 58 40 93 25 93 10 17 39 46 38 24 31 57 48 51 68 9 13 71 15 56 77 15 9 70 53 67 56 42 81 98 99 34 2 5 21 84 68 73 68 8 74 80 58 84 10 93 44 77 63 17 23 43 30 57 42 38 90 59 30 20 88 61 65 74 0 47 82 21 5 39 33 82 3 67 86 20 85 81 10 40 12 72 71 27 54 23 38 17 99 65 32 74 80 74 51 2 100 33 96 61 64 100 63 9 22 32 35 80 11 83 57 66 46 95 53 16 63 45 79 71 14 56 7 55 45 38 56 90 67 23 49 53 53 94 53 56 66 53 93 49 97 99 49 35 35 13 26
42 52 18 42 58 91 93 51 65 67 78 73 16 31 48 10 76 16 21 0 96 3 96 27 87 49 39 8 0 45 54 31 20 86 44 32 91 76 84 8 3 100 18 22 55 88 31 87 1 82 55 79 35 59 53 63 52 64 42 77 5 92 54 14 100 68 92 77 15 92 42 8 19 31 70 52 37 21 72 91 3 46 15 46 91 56 43 70 3 7 38 67 36 90 13 58 32 72 31 51 61 36 69 89 58 9 22 16 25 21 22 18 56 7 66 65 36 97 90 49 30 25 83 46 40 6 77 79 94 62 8 94 20 59 30 30 25 69 71 96 98 17 23 97 46 6 46 38 53 77 46 70 91 14 89 90 13 19 29 60 47 66 54 59 29 72 82 22 43 2 58 99 18 87 81 87 13 5 39 32 19 55 72 59 35 73 72 15 78 91 16 20 15 53 84 99 7 33 42 3 77 6 51 25 61 100 96 34 29 17 37 95 3 72 0 11 4 4 64 22 80 75 22 53 24 0 22 60 74 95 72 39 75 66 14 19 93 48 5 64 66 62 79 63 68 23 100 26 69 8 94 90 7 26 23 3 97 89 57 25 27 36 61 49 32 41 36 1 47 56 24 0 75 45 4 10 98 26 63 94 94 87 98 94 5 92 59 9 21 36 27 100 74 30 8 21 39 16 79 9 98 17 72 98 31 54 52 14 33 90 52 2 44 4 36 9 32 27 9 90 98 11 90 40 90 34 56 56 57 73 49 48 54 63 26 30 39 98 28 54 46 10 68 57 64 41 79 56 15 76 78 21 48 93 54 6 7 39 75 54 31 85 62 13 80 92 97 30 73 67 32 56 14 60 83 97 27 74 88 29 98 27 89 18 96 86 16 95 62 3 98 46 77 76 72 44 31 17 90 65
94 56 88 73 78 6 91 34 81 74 99 15 54 89 50 63 35 22 43 45 5 0 29 86 26 13 75 28 92 62 10 70 20 53 91 67 39 53 64 36 31 78 19 38 89 74 66 96 21 48 10 74 2 99 15 77 74 51 81 100 22 89 3 64 71 13 82 70 48 30 65 78 57 30 58 98 21 60 63 17 37 72 82 43 26 70 55 32 31 28 19 97 69 71 55 60 67 45 68 92 11 2 73 12 97 65 8 40 12 73 55 0 22 41 38 87 4 83 83 44 79 94 37 86 89 26 0 7 45 41 83 99 48 74 76 92 38 100 19 37 42 50 92 73 97 23 15 20 27 7 80 85 31 34 89 35 91 61 91 50 57 72 66 9 83 82 9 10 71 27 0 18 90 14 39 72 88 89 93 92 17 33 6 95 93 36 6 27 42 48 6 83 1 58 42 82 48 72 54 95 100 38 34 66 3 66 16 56 16 21 89 34 97 42 14 60 50 26 85 1 6 77 9 50 25 52 64 26 1 85 57 2 84 92 35 81 58 1 61 93 96 43 3 6 46 78 85 98 93 32 82 90 39 42 68 23 89 10 63 54 46 7 94 3 12 21 12 1 30 19 19 85 26 95 6 59 64 13 83 73 95 65 50 45 15 33 88 3 12 93 80 84 54 22 79 49 27 45 73 85 84 68 74 27 61 16 66 60 96 87 81 17 50 61 29 91 39 21 15 22 21 17 19 24 55 92 5 16 90 28 63 68 26 21 75 50 72 95 20 49 92 48 17 27 6 91 72 28 50 37 48 17 96 3 69 63 80 100 14 96 40 20 79 93 9 84 11 20 89 22 73 79 51 77 92 90 66 89 84 15 80 53 1 15 66 59 92 82 29 74 0 59 79 45 92 9 73 29 57 72
12 11 73 79 97 89 34 12 92 42 31 10 86 62 1 82 83 7 83 44 38 39 18 49 66 23 60 37 86 2 45 59 48 85 53 23 80 48 74 46 86 8 49 78 16 62 43 32 18 84 38 82 60 94 54 69 49 89 47 8 23 80 54 0 12 87 13 95 68 87 34 35 13 93 22 80 68 28 92 27 11 52 70 80 91 1 50 76 88 67 19 84 40 56 94 83 16 18 35 84 47 47 87 31 54 0 99 88 58 89 61 32 51 28 3 42 86 15 37 84 58 97 48 8 51 76 24 91 39 19 1 99 57 95 73 83 49 6 33 9 66 76 20 18 6 88 91 63 77 23 5 9 97 70 27 55 47 18 29 59 32 11 33 64 72 53 50 22 81 21 17 30 76 79 71 29 84 25 85 44 95 18 87 27 87 86 38 31 6 15 100 14 74 27 100 9 88 96 50 9 17 38 85 39 58 5 55 15 13 27 92 80 27 7 94 97 38 32 97 28 45 78 22 91 100 12 48 5 91 34 40 57 96 17 9 9 0 23 40 98 0 70 92 97 52 57 71 38 93 49 36 60 48 32 56 44 90 67 49 60 74 79 59 82 53 54 50 97 51 56 88 94 41 34 95 27 76 57 17 5 50 80 54 43 66 68 15 63 67 76 81 16 96 82 82 80 100 63 62 44 29 12 97 95 76 50 92 37 89 25 53 11 52 77 58 87 52 50 54 81 63 44 65 28 100 21 87 44 15 21 73 96 60 44 92 75 74 71 41 52 86 93 98 17 67 88 95 58 52 86 81 77 43 66 20 71 38 12 93 78 56 92 40 9 96 96 100 44 21 39 46 13 68 6 38 70 37 5 5 22 10 67 70 1 43 33 98 55 47 16 37 14 36 76 54 25 73 10 3 92
80 52 7 14 85 4 64 83 95 65 32 51 96 4 34 89 48 60 85 96 18 98 86 98 66 13 66 90 29 98 70 14 54 56 20 96 100 32 87 30 88 78 59 27 28 18 32 8 73 54 97 94 87 46 97 81 79 85 93 32 91 1 36 17 28 99 81 70 50 70 50 79 85 4 78 38 89 61 18 99 76 8 62 86 43 84 88 31 21 74 5 42 74 8 31 28 18 5 55 46 41 81 87 38 37 89 88 19 47 52 36 17 57 76 47 20 30 57 65 43 2 36 38 11 56 40 63 39 47 49 5 33 65 14 49 59 9 80 79 35 21 45 77 29 34 2 79 0 62 95 55 69 37 68 70 57 0 91 51 78 60 47 69 90 30 50 72 53 92 21 89 78 74 13 67 41 52 62 55 98 57 31 59 64 59 92 80 95 19 38 54 4 31 2 38 11 73 45 14 97 37 50 58 79 93 67 99 55 13 51 35 85 23 33 54 59 11 88 77 2 9 72 18 65 74 94 2 71 84 30 47 21 91 2 83 28 43 38 50 76 7 72 65 79 88 48 54 73 86 86 91 0 89 73 14 61 6 84 84 67 7 23 79 62 62 34 54 67 26 37 76 26 3 59 53 80 26 96 3 18 62 7 26 4 84 15 16 40 90 46 96 22 6 50 4 99 30 82 85 81 47 88 14 13 12 64 1 4 25 47 63 77 61 6 99 7 0 16 17 91 89 85 95 17 100 58 27 100 50 63 11 95 95 88 3 25 62 59 48 13 10 45 97 38 57 75 93 69 90 8 30 6 61 92 63 48 8 21 1 30 94 47 44 52 95 3 36 86 83 16 62 13 95 22 38 68 44 83 55 69 76 3 34 46 62 100 81 73 50 56 51 46 70 14 56 31 38 84 57 12
90 30 64 22 71 69 77 23 50 16 25 69 13 62 56 70 13 51 31 99 72 95 84 31 16 22 31 20 21 22 29 92 16 71 54 87 35 19 4 95 28 24 87 24 32 10 24 71 5 25 60 21 72 34 99 64 34 36 97 19 53 1 73 17 96 45 20 61 34 37 11 64 9 14 95 23 36 28 31 76 3 69 57 50 64 75 72 61 73 12 8 75 47 9 82 26 31 95 58 7 93 53 80 73 68 34 34 45 39 48 40 45 69 98 90 68 19 98 79 6 26 90 92 37 24 37 62 16 23 65 87 62 78 38 29 81 16 50 49 46 91 43 13 64 36 87 88 46 100 84 72 29 16 49 14 97 38 11 69 4 81 89 56 54 28 79 0 28 11 58 13 83 28 81 24 24 67 74 51 98 34 2 14 47 43 25 73 58 47 22 95 23 44 46 83 81 24 98 33 61 37 38 85 37 29 36 23 81 41 35 79 58 4 15 16 21 66 38 45 88 43 8 89 53 73 24 39 9 18 66 32 86 8 20 56 58 82 32 14 2 22 38 24 16 5 99 84 3 32 10 57 27 33 52 87 13 81 90 33 52 9 43 27 23 28 66 88 77 7 88 78 88 77 98 84 13 0 40 49 91 31 49 81 22 98 45 43 29 19 53 64 69 25 60 39 19 72 22 63 71 73 81 51 68 40 55 27 1 99 45 84 46 79 10 72 13 12 15 83 81 38 54 59 80 76 18 0 65 81 67 23 78 5 32 32 79 6 73 47 12 88 18 59 62 98 85 98 55 56 74 63 66 68 32 66 7 37 84 28 30 67 73 61 56 84 38 100 64 53 60 10 80 69 12 20 100 50 40 10 77 77 41 65 69 54 45 32 48 53 88 97 90 87 1 42 64 82 29 78 77
65 10 5 72 37 8 36 29 85 20 4 17 79 50 40 68 95 54 46 37 32 94 43 52 2 84 5 75 87 68 59 12 5 98 95 5 72 52 49 23 33 86 58 66 67 66 76 18 47 58 91 51 100 90 86 60 78 13 47 32 51 40 94 78 81 63 76 16 26 74 6 15 93 16 86 36 23 10 23 14 42 33 99 27 19 83 97 74 85 11 76 97 0 25 0 73 57 67 81 88 90 100 12 20 57 56 35 54 85 37 12 1 19 39 71 14 85 45 3 80 47 9 38 62 55 16 91 22 51 98 80 20 33 77 35 100 84 6 56 59 31 47 7 62 23 33 98 48 48 48 59 79 84 74 6 51 50 10 56 22 36 98 16 41 41 68 51 90 63 94 29 93 49 65 12 62 82 84 34 26 91 98 85 60 3 85 60 100 28 53 15 12 8 47 80 87 35 70 12 97 46 44 50 7 3 27 77 2 93 8 88 21 98 76 17 67 68 23 30 6 63 35 90 82 80 67 62 35 16 13 32 14 81 6 62 92 1 36 23 35 32 19 76 38 56 17 66 79 34 38 82 36 63 84 96 40 95 91 68 44 11 40 31 31 3 16 58 75 28 38 67 83 41 35 29 66 86 47 47 93 54 0 19 96 27 86 40 50 96 32 7 54 56 45 93 98 38 47 57 42 24 38 13 97 3 70 43 9 58 4 70 48 43 13 0 49 60 47 7 33 97 68 84 96 46 83 41 11 82 21 67 9 54 86 45 52 15 96 1 66 97 82 38 56 48 21 75 78 43 93 1 86 54 4 84 69 41 33 47 43 45 49 32 15 85 74 75 31 45 100 94 89 65 14 99 7 31 22 62 2 25 13 72 26 69 4 34 32 48 51 13 5 42 9 63 85 45 80 52 42
64 24 33 0 71 22 35 83 72 76 81 25 64 48 34 37 66 57 92 59 83 7 13 36 95 98 93 31 83 82 97 49 54 94 18 12 20 95 55 75 95 91 57 43 85 72 72 2 42 62 78 6 39 95 29 9 55 46 1 68 73 40 83 93 47 59 52 31 24 49 89 76 0 92 91 79 73 71 52 6 81 34 11 43 18 21 49 21 44 86 65 15 31 23 88 37 44 67 42 88 100 37 53 6 48 66 60 4 20 55 64 98 26 4 83 42 5 25 73 8 55 41 58 91 51 39 65 11 65 94 0 68 98 90 36 9 96 60 52 83 15 23 56 71 98 67 83 51 45 10 24 18 31 39 19 1 57 8 71 67 38 99 89 14 77 55 32 29 45 81 57 46 37 62 10 97 5 99 9 39 44 9 78 13 30 89 97 15 71 14 74 56 6 37 49 55 83 63 66 26 23 66 98 95 90 9 35 67 13 25 41 84 3 9 73 75 20 27 40 19 2 32 14 52 66 17 93 72 58 43 75 86 71 79 2 97 7 72 58 73 85 56 65 97 43 20 12 97 41 22 52 4 28 17 23 47 56 54 29 52 77 24 82 81 36 24 69 34 96 66 91 100 26 35 96 96 70 16 99 18 79 22 91 87 77 83 73 40 75 50 28 65 36 59 9 83 49 8 92 76 42 25 1 35 71 55 42 51 85 91 93 93 24 42 3 1 91 57 0 58 77 74 98 50 4 70 98 72 95 30 99 74 19 45 83 34 7 72 20 45 83 12 9 99 72 20 17 8 99 49 28 58 28 62 78 10 1 84 90 100 12 10 44 3 15 56 17 66 35 3 79 61 38 28 37 44 83 78 35 21 36 62 19 55 70 42 2 82 46 80 42 81 28 36 20 21 74 21 48 29
72 66 51 74 40 91 26 0 44 58 35 98 34 47 66 65 3 87 5 97 63 79 89 92 3 43 43 12 24 31 40 29 31 51 65 16 93 77 5 64 21 48 80 65 72 72 20 44 17 42 37 55 14 68 62 97 57 17 76 8 40 44 56 87 67 16 86 97 68 51 94 59 40 43 47 6 81 61 58 70 96 73 36 57 68 65 66 90 93 20 55 26 31 83 56 59 33 87 25 90 72 34 4 52 86 78 77 53 69 97 4 18 62 23 93 71 14 95 23 28 97 75 8 93 66 91 3 39 53 94 18 4 54 17 44 30 79 75 19 24 95 77 58 83 42 27 97 82 48 41 14 70 96 58 21 86 91 85 94 30 52 58 19 94 75 65 18 20 40 11 9 75 25 71 32 83 99 50 50 93 29 92 49 73 94 24 9 17 84 7 23 48 41 92 54 45 88 65 87 42 40 49 93 84 64 7 73 70 0 4 55 85 65 93 57 21 52 10 74 51 59 12 44 41 72 51 85 61 56 49 68 35 97 73 36 34 40 40 8 54 85 79 10 71 98 52 59 44 63 52 32 6 19 65 43 38 21 13 53 46 52 98 83 51 98 5 54 84 53 78 70 92 28 31 100 93 78 37 60 37 7 78 63 18 28 88 54 37 59 45 48 52 58 16 97 43 20 4 35 85 68 5 33 24 71 37 96 34 13 7 65 42 48 13 35 56 50 84 29 60 27 56 85 5 10 14 32 26 81 42 24 5 90 96 41 31 80 64 74 59 91 44 84 69 90 32 59 55 16 33 38 68 77 97 46 24 1 13 98 22 58 56 83 18 48 34 99 13 84 41 73 0 72 17 59 49 64 54 16 6 43 78 79 83 3 19 57 52 93 59 35 82 79 5 14 34 61 6 61 94
75 27 11 94 64 24 76 23 80 3 28 36 52 80 32 35 45 92 57 93 9 83 30 12 86 91 57 41 42 36 34 46 83 12 68 78 79 30 20 30 47 78 50 9 33 68 30 81 50 7 20 1 48 11 66 35 43 99 44 43 28 88 91 65 62 54 65 32 0 55 38 36 75 2 27 15 49 0 72 35 42 29 21 65 38 92 80 53 63 40 29 78 45 78 24 54 60 23 44 27 4 19 21 24 93 62 38 95 67 61 52 3 55 3 30 47 94 2 31 37 70 95 82 28 63 91 29 31 31 9 3 24 70 82 65 96 38 40 2 20 10 2 4 87 50 49 49 19 28 90 36 62 22 26 78 49 92 48 91 7 2 33 73 6 71 12 58 25 18 72 24 51 61 47 26 93 35 76 9 24 78 49 34 87 17 50 98 99 76 1 4 42 24 70 86 10 63 44 100 72 74 66 34 95 59 76 8 93 8 47 71 76 14 29 45 95 27 44 1 17 26 31 38 42 31 22 81 81 51 88 84 98 43 71 13 34 86 9 52 61 63 67 68 35 58 62 9 60 94 76 30 95 4 16 91 68 11 5 88 9 67 81 98 73 54 84 62 34 97 91 96 12 6 20 27 39 91 13 10 65 70 32 71 69 17 61 69 74 7 61 2 50 55 39 30 53 26 22 97 26 79 67 1 22 81 5 61 8 22 1 1 19 72 15 50 30 96 74 23 73 29 82 26 84 6 32 41 85 92 27 90 100 10 39 53 43 97 99 5 75 43 90 38 10 37 4 87 96 5 65 48 24 77 75 27 84 3 100 93 41 10 49 88 95 54 34 24 91 86 23 26 63 85 75 13 68 0 78 7 59 92 79 21 36 62 46 9 97 47 37 79 5 89 66 58 76 94 26 93 38
34 31 29 80 48 65 94 72 32 42 29 36 79 87 16 83 22 88 38 64 51 42 65 52 80 14 9 59 23 52 44 67 27 46 78 77 81 49 29 57 7 97 69 36 70 57 16 32 42 82 67 100 45 99 63 25 31 80 44 79 89 71 32 93 79 38 71 64 62 87 99 69 29 12 87 51 56 34 66 61 49 63 21 68 31 95 66 5 26 15 0 78 24 68 64 62 21 19 58 66 97 81 34 1 18 94 53 90 99 74 30 93 26 79 25 37 25 43 44 31 83 35 87 65 29 56 91 88 35 97 73 52 63 39 94 93 8 57 43 81 22 62 89 51 20 82 74 45 17 10 48 56 37 64 69 53 23 14 49 60 36 50 58 87 5 33 94 39 83 67 0 53 23 99 99 52 69 90 31 70 50 3 20 73 60 72 95 28 58 85 38 82 57 3 7 65 4 71 89 6 16 90 57 39 84 92 41 37 60 68 50 35 2 55 82 50 33 79 47 7 95 33 56 18 93 58 42 37 22 1 46 43 13 71 78 16 88 36 39 48 31 22 96 33 25 59 46 54 21 6 62 77 61 39 58 16 38 11 70 52 96 15 15 57 83 94 54 18 88 52 11 87 36 88 31 25 3 92 16 57 8 35 27 51 47 39 22 35 95 60 14 51 24 6 25 100 77 56 86 99 98 4 40 66 89 65 98 42 34 26 10 70 59 4 60 44 3 91 52 18 39 25 82 55 90 41 21 97 49 35 83 27 56 63 6 39 87 36 51 3 24 15 21 64 63 24 49 6 45 71 91 4 79 38 27 33 37 26 6 68 56 9 76 99 18 19 74 19 77 71 75 46 56 86 39 19 51 49 53 77 41 2 9 99 46 64 80 90 62 87 42 65 62 53 54 48 48 18 25 30
33 94 98 42 24 54 25 8 9 17 8 62 93 72 16 92 56 84 21 6 60 10 28 82 51 35 8 83 38 54 48 73 31 43 68 14 31 38 73 82 39 6 96 68 1 6 4 20 23 60 35 79 71 6 78 67 8 90 0 9 8 96 5 1 50 83 56 73 2 78 47 98 0 81 4 91 99 93 61 46 11 90 99 65 46 61 26 14 9 65 3 63 54 49 67 91 1 53 92 34 52 68 6 33 55 61 86 23 37 69 90 89 66 14 12 64 80 39 15 63 4 97 22 17 42 17 58 9 10 38 34 92 66 50 24 4 63 40 52 21 89 36 76 10 95 51 5 60 1 17 22 41 0 100 90 17 45 51 62 87 4 23 90 98 8 23 41 79 0 12 40 89 15 7 43 54 53 60 55 61 86 46 6 77 46 45 21 89 82 94 88 26 7 81 82 71 65 78 36 69 48 51 19 62 73 14 59 59 34 30 41 95 21 25 88 15 34 77 98 20 91 19 49 61 26 46 35 52 63 69 92 94 82 40 5 89 54 55 98 79 20 73 40 23 45 83 14 59 17 6 95 82 95 80 26 37 37 88 91 5 22 52 37 38 54 87 50 68 61 65 50 16 6 54 80 17 39 78 41 86 5 22 23 24 80 67 50 26 98 9 37 71 5 30 73 81 7 38 64 94 86 59 35 22 25 37 54 56 39 96 47 21 29 59 10 94 58 17 62 15 3 3 88 79 89 4 32 78 30 81 89 88 47 10 28 25 39 66 66 44 83 8 96 82 58 22 54 43 64 80 11 78 32 44 16 44 83 18 12 82 11 74 82 43 90 33 10 61 43 85 1 42 59 80 35 99 23 39 15 99 1 75 9 44 10 0 38 45 47 29 56 87 60 58 14 43 89 85 96 77
19 82 77 66 78 14 2 22 86 7 38 100 91 83 92 28 64 89 29 31 17 3 47 99 87 31 84 98 53 2 38 20 27 54 83 68 71 99 28 91 42 91 28 50 95 86 44 56 95 64 93 21 29 48 51 91 25 99 69 68 43 2 22 75 77 23 85 55 18 41 15 65 1 44 66 23 66 99 51 0 95 31 79 33 44 43 0 2 46 40 11 43 33 16 81 13 57 2 17 84 16 36 55 95 55 97 49 53 60 81 99 86 48 42 88 77 24 1 60 40 72 26 77 27 22 67 95 11 93 2 68 72 51 65 57 3 25 76 43 11 52 42 44 32 41 6 91 93 67 46 68 68 80 98 81 30 31 76 59 95 5 45 21 0 85 12 8 33 34 34 32 91 7 54 97 92 91 0 16 55 54 91 18 45 9 28 83 20 50 9 87 69 23 68 39 58 34 33 6 33 99 34 8 36 98 86 47 31 28 13 92 85 75 78 93 95 79 96 1 30 1 50 11 91 12 16 14 11 34 62 13 95 21 79 34 21 32 13 91 55 5 32 99 64 60 11 15 15 56 83 37 48 5 84 6 50 85 100 33 98 90 26 81 10 60 51 22 34 14 29 31 25 89 73 41 24 29 33 73 61 86 86 6 2 3 9 20 93 70 36 45 69 6 91 24 71 42 66 88 70 81 51 56 61 78 20 89 73 100 20 12 48 33 77 28 57 75 20 22 67 62 2 58 52 50 64 35 64 79 26 91 17 75 37 17 94 91 92 36 61 84 21 37 37 51 10 40 16 91 62 4 89 83 16 4 85 19 83 37 100 27 14 94 47 16 15 65 10 59 60 29 12 46 83 33 83 25 92 2 93 48 19 84 7 40 20 67 46 17 13 19 43 67 87 28 25 79 35 8 99
4 86 55 74 14 48 56 74 86 100 69 66 67 94 92 99 77 76 15 76 29 36 80 10 29 53 24 38 12 80 41 0 83 43 32 3 10 82 17 68 58 22 97 23 13 100 24 75 97 4 35 69 17 20 29 16 60 92 91 40 74 93 54 85 1 7 92 98 71 68 23 77 75 79 52 23 42 23 23 89 86 3 34 57 3 73 47 93 4 69 72 49 55 70 44 100 84 50 86 76 18 48 67 43 24 77 9 43 96 86 1 24 33 85 41 65 90 87 72 34 84 77 37 25 49 45 30 99 3 30 95 17 32 75 5 36 82 48 97 83 46 65 20 30 46 23 7 2 45 29 71 40 5 77 71 23 14 23 92 80 98 17 39 77 55 60 59 83 80 28 87 65 19 99 65 49 82 23 18 49 43 36 98 80 29 83 44 99 58 17 69 44 15 57 74 92 61 94 43 51 36 66 63 99 42 69 32 31 37 52 99 24 84 86 19 75 17 67 89 83 22 65 90 54 58 43 96 94 42 7 46 99 62 52 23 44 87 28 84 21 68 22 53 8 50 34 85 79 29 41 12 62 90 26 90 83 12 21 90 96 100 60 40 10 89 90 40 77 6 52 71 80 45 38 83 6 82 18 27 40 84 84 14 96 21 75 54 95 18 55 33 88 44 64 57 84 96 90 30 88 92 41 48 32 62 65 15 34 66 23 35 88 85 61 53 85 62 15 55 52 23 39 94 73 71 7 68 69 76 54 32 39 62 55 45 41 11 13 38 84 21 95 91 68 75 59 93 70 7 36 44 76 48 91 55 52 64 30 84 45 11 29 78 57 91 97 0 69 87 60 71 15 16 77 93 29 95 24 58 28 98 88 82 69 23 20 53 67 6 28 40 58 36 48 41 75 99 71 5 17
13 9 14 50 45 36 11 65 34 63 66 31 96 85 22 90 35 25 25 22 22 79 55 27 30 97 26 21 63 61 32 75 87 55 72 2 74 5 91 22 47 19 4 37 74 30 8 100 40 47 4 38 29 43 94 45 81 24 29 78 98 4 0 34 77 68 25 32 0 55 95 19 14 59 85 60 21 62 47 65 25 68 47 13 59 49 49 24 14 57 30 1 44 100 33 96 75 99 50 98 5 73 55 14 29 54 11 89 66 76 79 72 78 91 55 34 61 98 49 34 71 32 63 53 59 87 15 98 2 45 39 74 10 74 19 61 1 65 49 6 57 81 53 0 44 43 21 44 81 29 80 95 42 78 15 75 0 15 36 30 78 5 22 36 96 77 60 82 6 71 57 79 14 96 26 43 66 74 39 47 97 0 64 28 22 89 59 27 3 92 34 94 57 36 28 67 26 95 31 50 81 81 59 31 77 69 2 33 22 81 11 96 0 69 92 36 71 43 49 82 61 5 27 91 85 13 62 51 98 37 59 76 86 83 33 77 4 39 87 89 83 31 35 33 14 47 94 4 68 26 68 43 33 86 22 43 92 58 40 58 35 36 67 45 44 5 36 30 86 15 35 50 34 26 40 78 36 4 59 48 47 49 27 48 38 11 67 75 39 60 33 60 41 57 85 54 3 98 71 42 47 59 94 34 1 72 51 97 57 81 53 42 51 14 100 86 53 84 45 5 38 0 56 16 80 27 76 7 34 35 15 22 12 47 34 65 27 71 45 11 33 20 39 31 43 57 35 36 39 50 36 65 72 70 47 31 75 8 76 66 52 79 71 70 36 96 88 90 31 81 99 89 45 35 19 8 84 28 40 63 11 14 85 4 4 37 54 72 79 84 86 60 51 47 95 79 19 98 55 87
90 93 74 27 12 98 55 18 62 94 70 81 49 42 7 18 74 73 92 7 17 37 19 61 18 60 15 36 88 34 88 7 13 11 59 4 39 72 29 60 86 86 88 58 32 44 58 20 96 88 29 29 85 45 13 50 12 50 40 50 13 41 27 67 63 86 86 15 10 33 0 53 61 95 86 67 13 20 7 1 33 59 19 46 29 91 48 89 94 49 21 67 71 24 47 54 34 2 61 38 90 74 19 3 45 99 20 82 52 47 36 28 37 36 76 37 53 26 15 18 39 59 74 21 21 86 15 67 60 26 46 42 22 65 3 68 91 2 14 7 8 2 99 99 11 54 94 23 20 15 85 14 18 75 4 13 93 25 76 75 78 66 38 29 76 52 75 67 41 54 78 8 6 50 1 62 57 61 61 62 98 55 15 11 88 14 68 72 72 49 71 58 67 27 44 53 66 40 89 90 6 55 55 29 44 78 17 68 63 33 3 39 19 19 45 85 52 95 56 98 65 98 94 42 83 26 31 78 28 85 23 5 13 66 80 94 95 47 90 58 84 32 6 26 32 85 46 68 27 21 76 72 73 69 69 88 67 65 31 3 0 90 40 86 76 77 22 44 14 81 35 51 27 54 9 28 42 72 37 24 17 98 53 39 72 5 43 2 24 17 87 11 63 9 30 95 62 47 27 8 63 36 50 26 77 57 16 83 49 38 31 52 74 36 18 71 97 89 65 90 67 91 44 34 36 45 26 17 7 13 48 82 99 56 91 52 93 65 15 45 39 23 82 60 19 9 57 48 55 81 74 89 65 74 21 19 41 98 66 97 8 90 48 18 31 43 53 100 25 60 18 77 1 31 96 82 0 62 81 87 55 61 8 88 57 22 1 44 94 13 29 17 58 40 57 26 32 59 87 75
20 4 42 62 17 11 98 59 63 8 85 73 21 4 43 50 55 22 15 90 22 75 8 42 73 50 29 76 21 75 30 66 23 29 84 57 32 60 3 17 70 78 94 96 69 21 82 86 55 96 55 29 38 72 99 48 9 37 53 48 84 16 92 81 34 71 46 82 69 10 41 5 51 40 76 23 47 73 97 88 70 60 57 33 96 10 62 62 21 33 8 63 45 72 52 22 94 94 86 24 70 65 33 72 16 39 95 50 60 53 47 97 39 84 34 79 77 50 53 11 97 16 70 78 17 64 99 95 99 37 12 39 12 9 19 83 96 55 34 26 75 4 75 89 48 71 90 90 9 87 55 88 48 2 74 30 81 84 74 16 98 94 73 40 68 40 26 9 85 19 100 75 33 64 6 5 6 61 42 93 35 69 91 20 23 12 26 36 6 84 8 97 20 29 37 55 16 31 53 18 69 93 98 8 41 59 6 89 59 12 71 70 86 95 21 21 42 91 75 61 90 61 42 35 32 82 52 70 35 61 16 4 49 17 63 27 6 84 7 34 80 10 90 23 55 54 97 6 20 46 26 54 89 22 12 19 66 15 40 85 85 77 51 82 56 78 70 57 4 87 4 33 61 16 86 78 26 82 58 80 79 50 80 91 9 3 16 18 90 65 14 34 58 22 56 3 3 15 89 73 19 25 50 81 27 69 25 52 54 39 16 19 24 4 45 87 51 53 74 100 30 92 83 94 6 74 19 36 80 17 70 91 71 75 49 90 16 21 28 73 73 66 63 18 63 2 7 0 85 56 47 38 24 77 16 2 26 18 35 96 28 77 40 16 94 29 64 46 55 40 85 49 82 23 15 1 42 53 1 93 82 24 17 88 49 27 62 47 94 32 75 97 71 56 82 64 88 86 29 2
44 54 17 98 83 30 85 52 49 77 38 57 99 54 70 76 91 71 39 52 75 65 11 75 86 30 20 79 45 52 95 25 81 94 79 24 44 82 90 77 30 11 84 68 76 35 67 36 65 36 5 80 93 39 16 46 46 61 96 79 93 38 10 57 68 10 31 32 45 79 29 77 46 27 60 67 98 59 72 98 46 24 25 80 53 93 33 7 37 65 95 53 88 44 75 53 0 76 41 56 78 90 92 6 43 97 89 84 49 68 52 71 31 51 4 34 16 38 63 19 18 93 88 3 23 58 77 38 9 10 16 9 34 67 18 23 37 77 55 29 15 89 46 24 32 16 13 4 18 34 99 61 52 21 4 13 45 69 83 60 34 58 26 14 39 22 63 48 43 1 44 100 76 27 11 51 88 97 28 68 99 43 97 79 29 66 54 65 9 60 57 80 5 37 59 14 28 38 70 27 59 18 67 18 32 20 100 28 53 45 40 43 88 44 33 12 91 26 33 23 100 24 93 59 69 99 50 73 49 15 60 29 50 59 97 23 50 27 84 62 11 35 33 11 42 90 11 33 58 99 5 31 88 61 43 33 49 90 60 75 33 42 28 30 35 97 80 48 100 45 65 16 52 52 33 86 100 57 51 83 9 85 20 81 30 56 66 20 97 16 57 54 8 47 93 75 95 12 16 21 2 58 93 6 94 84 16 88 3 72 49 4 54 72 89 69 42 24 42 97 20 72 66 41 81 75 47 75 67 94 45 18 19 12 25 29 41 74 28 41 98 27 26 3 53 54 14 96 15 50 69 55 88 81 39 19 81 7 67 90 71 93 26 81 70 14 78 18 13 67 78 23 20 27 28 87 64 16 15 68 72 15 96 81 2 58 52 73 62 85 52 8 66 61 6 1 0 98 64 18
91 32 94 97 34 91 96 22 79 66 20 37 2 99 56 64 60 29 87 82 16 29 43 49 4 84 56 26 66 51 5 13 24 69 99 86 20 85 24 97 13 81 24 7 79 40 12 43 70 51 32 59 62 11 9 80 48 91 84 100 60 21 17 12 40 18 27 42 65 65 60 73 70 85 50 31 61 46 11 86 75 38 91 62 27 57 64 25 44 61 81 1 87 69 54 30 59 80 9 10 6 55 54 82 53 76 14 68 31 44 24 29 96 33 56 16 97 12 25 45 68 81 43 62 43 35 78 41 35 48 25 89 68 63 40 76 90 73 35 77 55 25 33 96 87 62 63 90 98 48 79 38 81 29 79 21 11 17 51 43 55 60 66 33 95 59 89 89 29 45 20 27 98 39 13 52 70 58 89 100 96 41 84 93 2 84 49 94 29 40 77 80 85 43 84 28 56 75 46 73 64 15 99 58 91 98 50 13 19 3 68 17 46 85 63 51 46 6 51 10 91 90 34 80 35 24 30 68 17 44 27 57 19 41 96 35 8 96 37 87 89 54 95 70 82 78 25 74 0 21 43 98 87 19 31 55 91 36 17 50 74 68 51 65 99 12 95 13 32 9 42 2 39 23 9 51 76 45 62 49 75 72 35 97 58 60 6 83 66 57 59 22 93 12 31 9 96 97 84 92 13 49 71 44 26 39 59 26 49 7 11 36 37 48 41 7 100 77 73 26 1 80 69 36 35 5 12 93 14 2 64 7 36 65 68 3 95 85 98 4 36 13 12 87 9 6 65 16 39 26 27 29 34 87 19 22 33 45 78 38 39 76 26 63 50 27 15 53 82 82 37 39 43 73 51 39 92 97 5 54 65 82 33 23 35 85 28 43 66 89 78 57 45 78 61 74 45 97 81 84
8 3 45 43 15 91 74 15 0 52 45 66 83 66 64 33 21 63 87 41 22 87 58 30 80 6 87 49 6 36 9 61 89 73 68 51 94 83 99 77 48 99 17 89 11 17 67 44 68 59 11 91 55 5 16 24 98 12 0 10 57 27 27 26 25 48 58 68 96 41 25 59 14 85 31 47 18 54 8 71 55 96 68 29 8 60 9 45 80 85 59 3 24 83 71 69 64 14 52 58 37 20 24 3 57 5 16 89 79 36 41 51 69 68 40 58 92 39 21 47 34 99 94 48 21 40 46 41 1 91 97 72 7 36 20 72 91 12 34 84 96 16 67 19 77 52 64 47 87 83 98 74 10 66 79 54 87 80 2 13 11 49 62 71 66 93 65 70 42 5 76 27 96 24 90 69 34 29 80 20 92 36 98 37 9 92 18 89 93 42 14 6 57 40 5 95 89 67 87 60 14 44 100 31 41 15 12 71 7 59 16 52 32 34 95 91 36 56 91 13 76 67 69 94 62 82 20 46 9 52 56 14 80 52 43 87 8 76 58 92 86 99 64 77 32 46 39 7 23 95 52 4 70 31 1 86 59 28 81 46 4 82 6 51 73 18 90 31 94 54 71 91 63 99 79 32 59 18 54 2 50 96 35 48 6 85 54 3 30 87 95 90 28 41 1 89 50 48 58 16 29 70 87 20 13 49 56 86 13 61 83 36 17 15 27 27 36 79 21 72 2 75 48 53 20 6 21 22 74 88 65 78 96 43 82 80 67 58 87 34 96 12 0 69 90 86 99 37 97 30 30 57 10 18 87 59 89 90 51 80 74 86 40 88 51 18 63 46 85 9 34 85 57 70 84 30 40 40 8 53 22 13 75 50 0 83 95 71 45 20 44 90 25 48 59 57 43 25 43 21
51 22 81 33 29 80 50 61 78 45 54 42 10 93 88 87 71 7 27 14 72 45 13 40 17 10 57 5 21 74 63 63 73 15 50 64 63 67 82 24 59 25 100 72 18 11 42 10 70 0 20 43 94 39 38 38 72 72 64 27 37 80 81 58 67 42 27 29 22 60 30 18 36 62 40 23 88 15 54 30 23 12 77 39 100 21 87 57 86 11 24 72 34 4 8 57 95 70 99 91 97 11 90 70 36 81 90 58 37 5 28 30 39 28 13 68 61 30 14 55 65 2 35 11 70 32 44 83 71 82 74 76 46 95 34 59 47 85 66 53 81 55 43 22 67 29 100 59 84 5 50 44 94 80 93 2 10 70 0 96 57 97 35 5 55 85 46 29 61 1 53 18 99 51 9 91 61 72 43 100 1 89 47 93 32 58 82 0 63 47 27 3 7 44 88 39 93 36 15 20 74 31 13 94 68 8 59 76 55 39 64 56 47 85 97 7 3 74 77 31 73 20 14 11 32 75 87 29 26 8 91 82 61 17 51 7 25 53 97 6 98 77 88 5 43 80 8 35 19 11 98 72 78 31 72 49 59 69 35 32 96 91 9 9 56 51 20 47 48 75 40 11 34 10 63 69 14 5 92 69 77 73 95 93 24 72 62 15 91 32 28 51 100 94 14 12 38 48 69 73 47 17 87 42 94 83 44 33 56 80 41 97 48 12 84 51 11 34 53 62 32 34 84 96 81 58 59 3 95 72 84 34 60 91 50 23 47 83 26 14 1 1 56 1 40 4 10 30 3 86 60 72 15 12 91 47 21 11 69 63 62 10 11 20 72 51 80 26 90 2 16 39 77 7 88 58 77 78 89 74 20 60 78 27 37 5 43 94 58 1 41 61 81 44 16 94 7 99 8 88
48 88 20 6 72 44 93 65 87 99 71 41 0 83 76 25 59 6 48 52 56 85 10 26 86 43 34 6 100 58 100 11 89 43 100 66 58 43 56 99 69 92 83 31 4 40 26 64 83 11 29 25 68 54 69 42 8 32 18 55 26 0 80 84 96 26 6 38 29 36 10 65 91 82 69 22 73 71 66 28 11 56 92 48 16 80 38 10 24 26 76 16 81 4 88 12 33 13 89 74 28 18 97 85 78 39 73 10 92 22 22 20 56 16 7 100 59 22 49 34 16 17 60 85 76 85 13 50 72 54 49 58 59 26 15 62 62 17 36 86 13 20 32 32 44 100 62 66 36 13 36 11 63 81 29 43 17 76 31 72 7 56 32 6 18 88 0 92 60 85 19 4 30 24 82 38 75 45 56 22 43 91 16 62 41 31 32 63 3 96 32 98 26 13 76 21 18 76 52 80 93 24 54 31 89 13 25 41 95 30 28 19 83 23 38 6 61 61 64 55 40 86 53 60 67 37 35 52 58 48 76 19 76 26 67 79 0 51 62 97 27 31 98 15 85 37 63 86 26 49 26 70 72 71 14 55 95 91 27 49 85 100 12 6 75 81 66 63 84 14 44 85 87 99 66 27 59 20 4 6 6 8 74 37 32 73 41 64 30 16 87 4 77 92 28 1 11 12 70 94 77 84 80 28 59 43 82 73 85 97 56 37 88 94 28 0 8 42 15 81 92 72 73 75 6 41 90 92 15 58 66 8 91 83 95 32 99 21 62 1 75 5 65 71 15 64 60 9 60 91 92 56 70 5 83 9 52 46 83 7 37 22 81 48 74 54 25 63 13 47 20 98 9 84 44 30 52 63 82 29 13 100 26 87 74 0 30 0 93 88 81 43 83 91 50 63 55 42 30 31
4 52 66 51 8 14 54 62 99 11 59 71 84 90 44 60 2 41 46 64 28 6 82 40 96 57 40 84 21 60 88 67 31 43 6 60 22 69 32 63 59 26 80 19 54 69 66 21 42 21 84 36 73 41 36 33 16 18 41 90 47 33 15 64 49 19 40 57 89 44 90 69 49 67 28 45 36 5 10 93 42 51 68 0 90 75 3 11 46 79 91 5 60 32 64 8 85 37 67 63 52 23 16 11 27 89 25 40 9 1 49 97 29 37 72 91 60 94 29 26 43 15 27 99 89 61 67 33 58 96 80 26 16 44 18 5 78 89 85 27 18 1 95 42 59 91 31 42 5 83 88 17 34 41 46 90 41 94 75 15 54 20 49 95 28 62 10 37 8 83 55 28 49 94 75 75 73 35 96 49 40 32 22 16 64 26 57 37 92 4 4 6 67 99 83 34 10 78 22 6 43 81 39 62 17 84 50 27 51 15 17 51 59 45 78 64 6 10 77 41 52 48 49 55 4 84 98 47 92 45 3 63 70 7 21 89 99 48 8 46 63 32 93 49 9 59 69 87 63 99 95 65 20 1 49 28 55 65 73 63 62 8 67 25 39 20 25 26 29 57 36 74 88 48 24 60 30 58 69 68 53 17 95 13 5 18 67 88 19 80 6 47 16 11 7 51 45 3 33 15 22 70 3 84 84 62 51 29 66 98 85 58 96 27 18 39 79 35 34 96 66 32 60 83 63 87 26 78 84 97 91 42 3 13 16 100 76 95 1 36 23 19 73 24 75 35 44 31 41 11 41 74 58 4 42 47 65 79 41 75 26 55 81 13 49 6 17 60 14 98 88 59 0 35 35 40 94 15 74 85 40 21 36 2 92 78 91 85 40 14 91 84 73 20 15 52 99 50 78 18
76 57 18 37 77 2 59 90 6 1 14 13 21 85 16 65 85 32 32 94 2 34 33 27 0 88 24 62 65 67 77 64 97 32 39 97 43 27 2 19 81 48 34 15 72 29 51 36 22 97 2 76 30 34 1 99 69 89 75 98 1 17 84 8 76 51 65 69 57 34 78 81 10 67 40 21 70 34 45 29 39 74 11 14 91 65 0 27 68 9 96 15 90 1 15 5 19 91 54 54 4 81 25 47 15 91 35 70 98 31 17 60 94 28 12 23 81 56 47 3 42 8 96 42 99 17 67 96 87 97 59 94 30 57 80 36 68 75 87 62 13 79 52 69 29 65 85 20 71 6 40 38 88 15 51 90 86 81 43 90 50 13 67 36 65 18 68 2 45 100 32 10 21 95 26 32 65 43 39 88 39 9 36 52 30 13 5 49 11 49 36 25 88 4 62 12 13 53 36 64 66 31 96 1 45 49 40 7 61 1 35 29 2 74 21 53 44 96 99 21 6 60 96 9 76 45 6 2 10 61 54 38 30 58 3 99 78 22 8 61 49 77 85 88 30 89 9 40 6 70 24 1 55 23 9 22 91 42 51 100 15 44 95 2 83 90 7 39 5 29 15 36 21 14 3 48 87 56 55 30 65 4 85 36 68 22 22 44 18 11 0 44 13 44 55 99 11 36 85 23 29 94 48 62 95 90 95 23 62 10 41 94 75 58 17 83 85 5 92 13 82 91 92 20 50 62 66 86 19 0 51 38 79 19 70 5 72 89 61 26 51 3 82 26 26 87 41 73 55 88 12 88 94 88 80 68 86 81 16 94 71 56 13 96 83 22 29 1 60 72 9 38 45 1 57 68 77 72 13 42 18 9 7 80 71 98 9 54 82 45 49 86 63 46 52 51 35 50 37 20
41 11 51 78 72 44 97 7 28 83 99 98 92 74 67 35 2 15 31 53 16 8 26 13 80 69 80 25 5 45 31 4 15 58 64 30 48 78 30 66 74 38 84 82 86 26 40 57 26 20 8 33 95 79 85 23 25 77 2 95 89 45 89 54 1 24 48 85 72 96 95 58 35 50 15 10 89 24 11 46 28 30 19 92 21 80 96 3 15 65 3 70 31 81 11 27 4 71 36 12 65 63 9 10 80 88 2 71 10 46 82 83 89 48 31 25 8 69 45 32 79 39 85 81 54 64 61 60 61 31 10 5 44 25 55 11 35 43 18 42 38 42 41 41 24 27 33 59 61 79 76 5 37 14 24 67 86 25 56 34 83 58 54 3 72 14 30 48 32 80 93 13 92 15 97 38 31 78 58 40 11 8 12 17 83 22 9 58 5 98 43 71 35 61 100 32 98 91 27 81 36 71 68 10 17 92 52 76 95 38 10 17 64 31 16 10 68 56 68 34 0 79 46 65 21 95 27 64 44 80 47 1 98 51 8 12 96 37 17 79 67 9 58 19 46 7 36 29 99 41 45 78 62 28 6 25 71 97 88 58 78 36 37 11 27 4 86 54 47 75 82 54 58 11 78 4 23 49 77 67 68 17 34 23 87 5 14 59 39 2 75 92 49 66 7 87 43 41 98 85 4 62 2 75 79 13 41 3 10 70 1 28 91 10 65 23 93 30 82 86 9 21 16 49 98 95 43 51 80 30 90 53 56 45 54 38 87 100 13 16 88 29 19 39 55 97 68 24 95 74 22 34 83 14 0 4 60 71 0 57 70 89 87 65 37 80 41 66 24 31 76 97 85 65 74 12 31 69 67 58 45 35 67 72 43 94 20 65 42 45 1 74 36 37 0 49 34 19 58 42
36 50 20 58 13 46 12 85 49 83 59 53 7 26 9 60 3 92 26 24 61 70 45 68 83 12 58 13 49 33 92 54 33 82 74 66 7 36 90 91 38 68 85 26 78 80 43 52 78 33 80 88 84 21 23 77 18 71 32 44 49 28 8 52 80 65 51 88 26 70 77 15 33 68 60 29 25 48 31 98 26 43 70 52 5 32 93 64 14 99 98 15 45 99 60 34 41 11 52 85 62 30 26 26 15 59 10 4 40 82 55 62 45 88 78 8 34 59 36 34 40 97 29 79 39 44 91 93 31 16 37 40 68 35 17 97 0 91 94 41 39 22 25 80 86 84 69 16 66 5 25 46 84 79 47 33 81 32 61 99 53 79 69 94 36 5 22 38 39 88 89 24 23 96 79 69 5 58 91 84 38 27 43 40 49 89 56 74 31 77 37 14 62 57 75 4 97 86 91 11 56 39 72 93 65 70 85 7 69 87 6 8 27 29 7 14 68 15 2 41 62 5 2 37 33 81 64 69 16 60 59 17 53 54 8 70 84 42 96 21 42 84 29 2 72 70 50 22 34 9 12 40 41 79 85 66 67 96 7 48 60 22 12 57 28 39 49 29 19 87 63 7 54 98 49 95 63 92 37 45 3 71 32 46 68 42 87 66 11 43 51 44 47 55 45 88 53 2 28 23 52 5 46 97 22 38 66 7 9 100 18 88 85 89 21 2 8 31 4 11 71 35 73 78 26 82 34 34 91 89 40 93 53 88 58 85 67 65 46 20 34 6 56 9 54 10 51 45 47 24 77 83 17 52 3 31 94 81 87 17 3 81 54 30 64 62 96 87 99 79 30 66 5 57 86 91 71 22 14 54 100 29 42 26 44 6 43 93 26 93 18 37 17 34 63 14 86 47 71 35
48 39 54 3 57 81 73 55 3 85 4 11 28 11 83 43 64 36 39 5 68 50 61 93 76 13 72 73 75 62 51 70 21 37 71 22 34 57 56 12 16 9 63 66 26 47 46 27 14 46 27 69 21 47 32 93 94 94 22 97 12 51 38 95 96 79 20 9 46 24 87 26 5 15 98 26 44 9 66 28 54 68 37 87 3 77 42 59 16 51 11 82 45 75 21 93 5 56 52 74 11 61 73 73 65 84 79 40 4 96 7 28 74 10 36 15 84 84 28 7 55 5 8 44 96 83 6 0 20 83 91 70 94 12 11 69 100 47 45 76 94 63 69 8 88 39 58 56 99 64 51 4 26 23 37 47 26 82 53 70 35 29 7 58 16 98 43 96 79 19 81 10 18 69 83 55 91 29 50 9 51 38 45 10 13 68 80 78 81 36 73 34 14 74 60 3 61 82 59 31 26 64 46 16 81 37 90 57 87 14 5 91 45 82 77 2 10 36 16 52 6 84 93 73 51 50 86 58 50 8 15 42 36 8 60 6 31 11 85 17 9 54 8 27 38 59 48 34 11 77 11 58 58 22 72 74 23 35 70 97 14 80 63 10 4 93 57 42 82 99 23 94 29 56 21 25 46 95 68 17 15 22 88 77 26 43 49 7 77 60 19 6 69 79 15 12 57 3 91 90 41 84 80 42 36 26 94 12 59 27 0 2 72 95 30 67 56 70 95 48 81 8 54 38 64 6 92 50 45 54 59 44 16 37 30 68 65 56 50 43 47 13 42 70 16 33 93 11 22 32 3 57 49 41 51 79 86 43 36 56 27 58 43 78 12 52 52 17 100 26 4 32 39 40 57 71 43 17 15 48 42 27 16 40 33 7 42 68 92 62 100 0 76 19 92 23 82 44 1 58
5 79 33 57 17 89 11 15 71 94 79 95 63 41 65 62 63 11 11 15 28 87 85 4 33 39 16 94 78 60 25 3 5 3 12 48 28 16 73 99 69 94 33 98 15 5 56 79 34 72 39 15 40 64 36 97 14 13 7 50 60 42 100 82 87 65 23 32 25 43 64 89 36 76 74 86 0 54 21 94 98 61 91 34 10 66 80 92 27 93 31 72 68 6 37 23 2 89 14 6 12 6 43 61 87 61 61 68 86 93 82 99 73 13 66 25 22 34 63 28 63 51 63 93 33 15 8 42 57 16 99 51 32 47 9 87 90 59 55 20 12 30 98 6 43 65 3 5 12 23 47 53 46 88 80 76 3 10 20 98 86 70 49 44 57 52 96 49 37 78 90 12 20 16 42 13 71 51 48 51 27 5 58 34 15 64 52 81 19 48 31 49 15 84 7 17 37 73 48 61 60 90 37 70 95 16 67 52 24 57 79 70 47 30 52 39 91 95 78 1 61 13 54 46 29 6 50 73 6 90 57 49 70 93 85 23 61 15 79 53 10 82 65 39 70 90 93 100 90 75 38 33 43 35 16 87 42 24 47 78 44 46 68 94 57 96 80 39 27 60 36 97 71 86 40 81 94 40 49 28 8 35 96 97 44 42 86 24 11 35 38 58 51 28 67 7 100 4 20 20 57 20 89 12 36 24 85 32 64 85 44 10 73 52 97 91 11 28 77 86 90 68 23 49 70 77 94 31 29 82 88 19 28 80 28 12 59 36 66 42 33 66 70 26 96 61 52 69 17 62 78 69 73 82 3 54 94 55 96 89 54 56 42 96 88 16 39 28 32 75 93 49 3 88 7 82 48 79 9 1 39 35 62 73 46 5 5 29 16 66 6 91 29 96 51 91 87 30 65 14
0 39 89 57 73 53 35 42 2 85 43 81 61 70 50 37 52 15 32 60 12 88 31 26 53 45 41 73 50 29 21 68 63 25 41 62 80 28 16 16 91 5 70 100 68 40 20 86 43 68 77 35 47 40 98 18 62 90 95 17 27 64 88 35 38 55 50 17 59 11 43 29 74 86 50 43 97 91 100 54 2 92 50 100 66 34 42 31 69 75 0 22 80 85 81 89 16 8 4 39 2 56 14 63 21 98 44 50 86 17 24 100 76 58 67 64 51 19 12 25 48 3 45 78 71 27 44 6 35 88 34 52 4 96 85 96 62 4 12 53 72 92 73 9 49 47 90 25 20 10 0 70 12 33 90 61 8 5 49 40 43 85 66 59 17 24 26 1 50 89 36 86 52 26 94 61 72 8 96 81 7 99 29 86 66 31 45 95 72 100 22 58 58 45 44 67 24 47 52 79 52 72 70 47 47 70 78 73 69 80 49 16 49 67 65 4 64 50 85 1 10 97 42 19 37 13 70 81 96 27 42 58 73 31 38 88 68 64 2 42 30 31 14 96 6 17 87 16 75 5 47 80 77 48 0 22 45 67 73 2 16 49 58 7 87 16 2 96 57 68 19 22 20 33 27 68 15 25 37 72 83 87 92 8 64 88 45 45 71 66 76 56 50 10 4 91 11 13 16 82 91 4 41 83 29 78 40 70 91 80 65 85 78 98 43 59 64 18 67 73 56 70 82 2 11 50 27 97 39 61 95 91 43 74 34 15 29 49 25 26 73 59 55 84 14 75 38 61 10 80 81 6 7 71 66 56 26 29 75 87 66 21 85 26 90 96 86 31 73 98 23 5 69 2 90 23 40 73 90 38 77 81 65 94 81 87 50 74 52 100 64 79 25 70 83 58 33 4 20 72
2 85 26 75 3 72 22 17 55 13 35 61 82 68 45 28 86 25 51 44 84 76 69 24 74 80 80 57 17 59 98 76 56 39 42 20 17 39 98 44 46 45 17 55 83 51 29 13 62 41 27 42 89 13 0 36 58 82 49 79 85 99 21 42 12 25 36 16 84 87 95 60 76 1 16 36 50 22 29 70 86 98 17 34 26 31 47 0 8 3 33 21 24 26 39 20 63 29 25 30 88 73 72 52 64 3 5 21 95 66 81 3 66 67 24 4 38 18 59 67 85 85 59 67 31 35 57 12 80 18 65 58 61 34 65 95 20 96 12 27 29 50 97 46 30 64 67 41 59 79 56 40 56 21 70 48 56 28 53 59 92 42 85 91 85 45 58 33 16 19 25 20 77 3 57 61 71 85 27 94 33 17 6 94 66 17 56 89 49 98 42 58 56 100 75 39 34 88 77 58 96 76 77 87 15 98 3 35 82 100 28 77 13 72 17 91 96 38 96 33 52 59 10 58 65 11 58 86 19 98 76 37 21 15 65 96 81 1 38 5 54 53 62 46 12 67 30 37 4 61 55 67 17 45 25 68 1 39 8 20 71 84 21 32 85 13 67 97 11 32 97 74 16 74 75 57 20 84 63 9 50 75 22 98 80 13 63 6 92 28 17 57 36 78 26 82 5 45 13 4 18 99 77 92 35 69 92 43 51 50 35 7 13 65 40 20 30 76 95 99 52 61 80 91 75 69 35 18 45 57 22 25 55 72 2 81 91 0 28 53 47 58 93 70 74 50 93 7 98 84 69 1 26 46 53 99 11 69 46 66 100 84 50 74 41 46 55 21 96 95 7 64 15 74 98 68 84 59 76 6 20 86 80 72 72 87 84 65 49 46 6 72 57 21 89 61 49 9 16 85
11 79 13 29 56 12 45 43 24 88 64 46 83 99 14 70 50 83 88 1 67 10 99 18 67 97 99 65 24 22 91 2 16 85 37 0 96 49 16 50 68 3 84 43 49 64 99 62 74 11 54 76 34 61 27 76 40 27 41 85 100 15 71 97 72 19 68 34 75 37 60 33 18 45 84 9 0 5 45 19 17 39 11 70 86 50 96 4 98 26 46 24 79 36 24 48 49 9 82 44 46 78 97 90 59 67 13 28 67 61 35 12 28 64 65 89 71 98 22 84 34 29 65 40 91 85 85 61 10 18 68 90 87 92 92 17 28 19 89 25 41 25 12 35 42 85 57 26 97 82 4 47 86 49 3 95 87 77 56 16 70 84 15 9 46 41 22 84 66 73 40 20 28 48 95 9 43 3 29 8 4 34 47 11 37 100 81 24 31 97 75 14 41 77 89 8 44 82 16 79 55 64 66 55 40 4 49 86 83 44 10 88 45 95 56 76 37 80 72 34 57 60 54 60 97 53 51 92 48 26 28 99 63 78 16 93 42 64 62 68 41 28 90 31 23 57 9 8 64 60 6 82 83 18 62 93 3 42 77 13 16 46 85 100 80 9 11 36 28 12 73 42 9 49 61 7 66 58 4 67 99 68 48 74 89 40 21 12 28 5 38 60 86 77 13 79 59 26 79 94 13 53 79 82 74 85 58 82 88 77 41 48 16 97 66 29 6 91 10 53 72 80 32 86 89 7 42 72 49 35 18 24 12 9 36 14 93 69 44 57 54 18 92 80 38 1 68 70 64 25 18 3 82 57 29 36 49 79 6 65 47 97 20 77 30 40 42 65 44 5 51 78 81 15 84 100 73 59 70 64 49 34 100 96 66 13 76 0 67 97 41 73 83 12 72 36 91 49 45 72
9 61 90 2 58 5 90 18 66 88 16 22 32 20 22 84 67 20 8 33 47 7 70 4 33 28 70 41 100 68 59 1 46 60 81 39 2 84 16 50 63 24 75 78 80 44 38 28 37 14 65 85 4 84 7 27 66 9 81 72 98 94 90 44 14 86 97 36 97 3 82 36 60 81 12 47 67 85 74 12 87 36 54 44 38 73 34 77 54 66 79 90 43 22 3 9 27 52 29 81 94 30 14 71 55 87 90 59 81 46 33 56 91 98 47 83 22 15 5 26 88 8 15 78 11 30 32 21 69 98 6 59 38 12 1 81 86 85 15 84 30 21 11 79 18 22 5 53 78 5 43 48 30 27 12 64 67 74 75 43 98 100 39 95 43 7 32 71 78 31 1 18 50 95 74 94 95 39 48 95 7 82 21 76 53 36 99 69 81 73 53 2 96 74 3 46 56 94 52 79 94 14 61 67 72 3 75 44 83 2 39 49 13 40 2 85 13 2 1 44 97 67 87 57 53 47 41 77 62 99 34 69 63 34 11 74 73 90 73 75 6 0 78 76 73 8 45 17 40 48 18 99 38 93 40 24 34 14 80 36 69 58 27 73 66 49 66 24 27 71 92 8 98 21 83 51 29 76 82 12 50 100 10 93 54 76 93 44 5 6 27 13 91 1 86 64 67 11 49 68 3 1 52 46 37 100 88 62 16 90 86 95 45 81 32 78 90 12 25 77 41 49 81 79 7 53 65 79 93 44 94 98 75 21 22 80 100 33 66 92 0 46 72 19 4 3 1 6 61 78 32 13 18 47 26 3 51 77 45 12 16 95 0 53 89 10 72 3 86 35 6 38 64 64 80 66 89 61 0 5 46 0 24 9 69 11 57 6 75 45 65 11 8 67 6 44 66 9 54 14
82 89 7 91 57 19 65 88 37 77 36 6 11 2 37 88 78 74 13 100 99 11 20 86 57 61 47 72 100 79 87 20 8 53 52 68 5 8 22 81 1 33 72 30 51 26 12 72 71 66 76 59 26 63 30 20 81 64 77 17 0 81 90 59 1 29 51 93 100 40 6 47 4 25 67 22 60 65 27 56 33 77 98 27 12 8 11 100 58 12 86 10 38 56 85 40 68 65 100 5 86 13 95 18 10 5 63 4 23 89 88 20 31 23 83 9 42 43 85 34 76 18 90 58 56 33 19 50 65 3 33 86 17 32 74 22 28 55 63 81 20 74 88 95 60 15 62 88 22 92 42 91 16 36 52 65 71 53 76 7 76 68 88 22 91 87 73 45 18 1 16 99 84 55 9 53 94 12 59 4 9 72 3 33 30 33 65 31 90 39 42 5 14 78 50 21 13 13 86 74 44 70 33 62 25 63 2 12 23 68 86 74 6 16 28 79 81 9 94 26 85 67 14 7 82 27 39 69 47 8 25 54 65 68 92 12 37 90 33 46 16 49 30 100 38 90 94 46 47 85 34 21 54 6 37 18 35 4 49 100 1 40 96 1 9 92 96 54 0 18 81 86 78 58 52 14 51 2 2 18 40 6 27 61 20 16 30 27 19 72 6 84 25 82 50 52 0 26 97 57 0 10 61 97 29 71 22 50 56 30 82 96 75 65 10 31 22 28 6 75 46 30 72 48 1 25 40 40 89 95 46 70 86 30 10 57 50 82 18 53 59 23 92 40 57 97 22 32 27 61 49 88 19 33 31 92 81 100 91 15 26 90 46 48 37 3 44 75 76 100 5 77 100 93 21 67 47 80 70 4 14 90 79 92 34 76 60 48 70 63 25 2 89 1 36 24 93 22 63 53
8 37 82 45 9 75 83 77 12 21 88 14 95 80 5 46 35 98 5 56 35 64 55 60 45 76 79 46 18 40 23 19 56 21 99 48 17 7 3 78 20 82 74 87 68 60 67 18 25 53 55 1 23 25 18 58 77 14 29 4 52 35 56 27 0 73 28 8 89 58 12 67 10 76 73 8 51 82 72 80 38 16 8 54 18 57 41 82 30 72 90 51 73 60 63 100 80 10 62 65 48 55 25 75 21 23 16 85 71 66 50 74 60 26 30 34 88 66 16 67 91 16 2 60 32 52 10 73 99 4 76 47 38 64 59 100 14 4 62 1 12 66 1 69 10 79 24 66 56 76 76 36 13 64 26 33 49 10 22 98 63 98 46 64 35 78 40 35 57 88 94 67 42 9 16 77 30 5 10 14 12 34 10 30 14 18 72 89 38 59 24 87 94 60 40 32 86 90 51 77 84 61 82 49 23 9 56 79 99 34 38 34 66 67 92 85 75 2 54 0 92 83 98 45 34 95 15 44 1 24 79 60 50 77 4 7 16 90 21 30 50 56 65 30 55 61 33 15 65 24 47 21 86 56 68 16 77 84 51 85 5 5 49 4 68 47 61 74 73 33 11 54 8 94 79 67 39 12 22 37 99 28 76 99 83 0 76 65 79 14 55 46 59 56 23 15 15 61 9 11 88 78 9 9 98 9 24 38 11 51 58 49 59 48 70 60 75 58 92 78 10 95 31 99 10 28 34 38 32 68 63 59 95 13 11 74 100 3 45 11 1 33 41 38 36 62 24 78 85 15 65 96 3 55 68 18 69 65 12 93 82 75 22 65 69 26 57 79 30 92 54 92 79 58 37 0 35 77 6 32 44 28 27 80 2 7 80 36 15 61 14 11 21 21 95 0 80 32 86 33
89 43 26 77 27 79 60 33 94 5 49 15 90 12 49 41 41 48 75 99 61 48 7 29 94 3 93 95 59 45 85 64 53 86 34 13 55 61 70 42 33 13 35 91 81 57 45 71 15 21 56 27 54 23 3 53 75 84 78 43 29 47 8 95 66 91 68 36 61 23 23 60 45 17 49 31 23 4 39 38 15 5 39 65 62 81 28 71 43 95 3 35 9 17 44 19 43 73 70 33 8 97 28 64 15 9 57 38 31 9 54 95 13 77 43 21 50 34 37 12 70 40 86 91 96 80 79 23 86 24 73 95 53 99 40 34 30 73 65 58 69 41 14 80 6 33 59 73 32 100 37 74 18 7 78 77 92 51 23 48 32 16 92 73 30 84 10 62 39 93 31 7 41 98 78 69 59 48 1 92 53 23 100 4 41 83 8 35 20 59 70 14 35 46 29 7 84 81 40 51 25 24 62 37 1 49 42 18 62 71 90 74 17 77 69 27 62 55 9 35 88 24 80 24 5 70 24 74 84 63 16 14 29 88 92 31 2 53 29 39 81 49 88 90 94 11 56 39 22 0 16 77 82 16 29 96 20 85 99 91 60 99 15 86 90 5 4 9 10 13 71 57 93 85 73 56 87 49 30 56 35 57 97 69 32 67 72 77 86 3 7 59 58 53 21 37 87 29 50 34 13 47 84 42 38 7 24 21 44 77 87 88 0 87 22 67 97 14 9 37 7 7 76 55 25 60 61 74 0 79 13 26 94 8 40 14 98 30 18 79 69 97 47 85 44 83 84 14 28 8 62 36 14 31 48 32 20 79 37 48 25 42 51 22 51 10 25 70 29 87 48 53 69 81 18 91 83 43 91 66 35 42 83 76 36 53 92 95 3 69 20 59 95 51 91 35 99 32 47 49
76 69 27 21 93 20 4 91 0 19 50 84 2 81 59 33 92 50 51 5 81 12 85 30 77 46 39 50 82 100 14 17 86 41 78 10 39 11 34 65 81 67 87 27 6 91 99 82 97 67 58 46 52 15 75 12 19 85 39 62 91 37 40 94 44 82 66 94 23 89 69 6 16 30 100 0 50 69 92 38 100 53 56 87 16 91 29 98 61 28 45 19 75 8 89 77 90 58 25 50 6 97 47 44 16 1 91 88 100 42 67 62 99 51 33 59 7 4 13 44 69 7 73 74 92 89 69 13 26 15 16 77 53 79 69 85 5 3 80 69 98 97 30 7 83 77 56 33 9 32 64 22 72 66 66 87 81 3 50 64 48 36 3 68 54 28 98 91 98 4 11 55 65 42 85 19 18 67 35 24 84 30 64 25 40 35 8 39 22 100 21 5 43 35 81 43 44 82 14 71 20 47 93 62 74 25 7 30 20 4 42 69 51 88 45 0 71 20 96 30 91 17 98 23 77 77 2 14 37 10 21 31 96 18 84 59 65 71 14 33 47 71 5 79 63 43 31 85 58 34 92 16 71 36 0 24 25 78 12 84 48 69 34 25 92 74 47 98 91 66 61 61 73 66 4 47 95 35 54 61 27 0 10 45 81 37 0 39 56 80 44 83 36 68 35 83 67 0 0 32 38 96 77 32 72 49 98 58 31 40 57 28 62 94 79 91 71 63 62 55 32 90 73 70 66 45 32 45 55 56 75 39 56 22 41 89 14 43 52 15 67 46 68 80 49 72 6 86 93 19 34 33 30 61 78 7 90 44 53 42 25 48 67 95 27 57 94 51 30 91 81 41 79 30 100 43 3 42 66 24 66 78 81 82 68 93 73 13 39 3 24 95 32 13 45 22 58 86 68 73
78 81 56 26 68 58 62 40 86 85 96 57 23 38 12 4 72 80 62 11 54 38 42 49 84 94 88 29 68 8 52 78 64 8 72 39 51 94 70 22 57 72 61 48 58 18 69 0 38 56 96 99 73 2 33 59 46 68 11 87 60 86 29 60 56 4 70 8 99 68 32 57 74 88 0 7 29 96 100 97 16 40 6 98 59 44 6 15 16 100 73 16 96 92 39 50 46 70 97 16 27 98 71 17 50 12 73 7 69 86 85 23 91 30 28 4 76 52 20 24 3 92 65 17 57 96 37 38 43 64 32 92 88 65 6 13 5 56 8 12 90 51 1 56 7 4 38 44 29 87 52 40 26 58 77 97 31 22 19 26 60 82 81 9 90 90 33 49 30 8 94 55 59 100 53 5 98 91 42 98 94 38 13 60 38 72 72 65 15 94 29 69 19 18 82 83 4 93 97 61 22 17 70 94 79 3 19 11 76 50 2 28 58 98 68 11 31 35 74 85 84 7 97 38 35 11 30 21 55 70 77 47 68 71 93 38 39 2 58 66 80 92 46 97 6 86 16 39 14 40 47 50 98 42 65 13 92 94 70 26 15 89 65 49 12 95 2 77 13 11 7 35 93 65 2 73 37 32 24 28 33 38 47 84 87 38 67 38 92 67 92 84 57 97 15 35 32 57 31 61 90 28 92 52 16 34 32 40 57 19 5 99 65 99 77 0 100 53 18 38 50 47 59 8 66 27 83 79 87 76 0 78 45 43 7 21 73 3 53 16 5 51 66 39 61 37 26 57 14 92 48 43 42 81 39 29 71 75 85 29 11 23 71 28 26 9 0 32 85 45 10 34 21 91 23 83 86 66 2 17 13 22 42 98 84 26 1 47 100 78 48 26 86 39 72 85 58 64 47 0
60 84 39 92 76 11 13 24 78 85 48 36 6 61 66 94 56 39 92 87 6 25 92 60 76 59 87 78 13 90 15 21 13 43 26 56 14 55 81 53 36 57 57 70 38 49 5 71 68 87 1 32 89 66 88 34 29 62 61 50 80 46 6 79 94 22 80 85 53 95 20 1 75 67 50 87 29 48 65 17 70 64 82 88 77 11 61 94 87 78 14 62 95 78 19 28 86 79 72 3 89 64 40 43 63 56 29 97 96 61 47 66 40 21 55 55 87 44 100 15 1 58 47 68 28 92 63 94 19 49 15 12 65 71 5 64 97 33 71 36 71 87 23 9 18 86 28 38 57 13 36 83 100 68 97 27 80 52 49 7 3 55 10 13 95 76 82 69 52 85 45 71 21 68 14 68 73 69 96 71 66 17 18 63 70 6 13 89 98 70 33 25 55 38 80 41 19 31 89 77 22 49 32 88 95 14 0 18 18 3 43 18 64 42 41 55 25 6 46 54 5 90 42 65 23 26 58 30 76 100 50 12 93 21 50 42 7 84 51 63 7 63 80 89 80 66 77 27 68 94 100 9 76 78 69 90 41 67 63 3 47 26 69 98 68 76 29 24 69 97 75 88 83 34 55 59 2 84 5 90 60 66 22 53 20 84 39 5 19 60 18 22 30 3 36 54 36 11 95 9 10 73 12 95 63 44 38 38 100 40 84 93 21 63 39 64 38 81 20 18 34 32 11 29 25 86 50 77 63 96 76 36 97 24 52 53 71 34 65 22 86 92 74 75 32 96 5 71 92 98 15 40 93 96 98 1 42 6 19 40 30 55 35 46 9 13 29 14 9 55 58 31 92 99 29 43 44 96 83 75 36 24 99 46 74 62 63 2 29 43 0 40 98 10 56 3 12 74 90 29
1 4 54 75 22 39 12 69 60 42 44 59 29 23 54 7 33 77 69 4 80 37 85 70 11 92 72 66 20 100 89 69 92 38 43 74 75 12 10 82 20 69 56 13 82 24 35 6 47 50 35 60 94 31 33 60 37 38 19 79 27 71 37 92 10 90 23 38 29 5 55 27 72 53 28 56 97 74 7 35 79 37 48 40 38 24 22 38 17 50 33 83 88 50 35 30 53 12 62 16 95 4 30 44 0 75 48 40 34 57 21 80 30 52 36 99 1 60 62 20 7 45 33 28 51 8 63 69 65 46 8 72 16 47 58 61 84 63 42 17 59 76 12 59 68 16 30 96 51 62 1 30 5 57 92 85 43 86 87 30 100 53 9 73 36 49 10 57 94 0 18 24 35 65 38 64 92 47 2 83 92 53 58 66 87 58 92 26 25 77 33 20 19 85 95 42 41 77 2 90 33 59 59 0 94 22 35 59 15 74 85 60 99 22 69 34 63 51 2 44 49 48 5 79 87 54 42 20 86 82 49 21 55 95 10 40 11 0 8 1 96 63 13 91 20 49 73 12 38 41 62 45 7 3 96 26 48 11 60 60 36 97 64 19 52 64 86 66 27 49 80 3 37 34 30 41 76 95 35 99 35 3 2 58 18 23 37 12 100 41 45 3 12 100 57 35 33 71 1 42 80 82 75 13 21 78 42 85 18 24 12 23 17 88 2 56 48 52 78 89 72 13 20 21 9 43 44 47 72 58 40 23 26 22 65 97 79 43 90 39 6 70 52 36 35 75 56 27 30 97 0 81 47 85 13 22 28 77 66 11 97 64 45 60 19 88 22 85 15 67 59 85 23 95 97 99 99 18 45 16 67 80 33 68 85 94 4 28 1 44 55 75 10 49 76 89 64 78 33 61
52 4 57 87 99 68 4 66 77 81 57 73 77 10 16 51 68 39 89 57 55 96 5 91 89 4 1 65 4 20 80 57 69 78 27 98 96 87 84 30 32 93 33 1 51 74 48 51 14 93 84 32 20 63 85 31 88 17 11 75 39 63 8 5 44 62 53 34 32 82 82 3 33 62 94 27 2 41 70 37 83 51 90 89 100 29 11 41 87 58 55 38 68 40 73 18 25 71 83 91 45 45 33 40 71 42 78 59 95 18 69 9 87 84 68 50 76 76 78 59 3 76 85 51 5 13 67 70 95 89 80 83 26 20 95 77 77 98 86 93 60 79 13 7 78 12 84 98 82 53 49 53 10 65 98 40 94 99 57 86 86 28 16 79 83 50 72 81 90 1 16 85 50 23 20 72 28 67 50 71 8 20 53 42 64 24 96 29 23 100 64 78 88 81 28 51 67 90 13 98 75 50 69 17 18 74 96 67 49 38 92 33 6 6 84 25 53 9 80 60 5 18 64 45 12 37 23 45 25 7 72 100 90 79 26 39 88 80 29 71 38 30 19 32 7 94 24 62 95 9 34 71 96 47 70 75 54 6 7 1 74 98 67 5 49 79 1 26 11 9 31 19 54 92 18 10 71 14 90 32 79 41 24 65 36 45 43 18 49 43 86 96 74 82 100 55 36 59 5 91 51 98 11 17 74 91 65 58 33 99 16 75 3 67 95 62 52 87 59 44 71 1 85 24 25 24 36 80 88 54 100 11 96 81 68 49 5 40 70 33 57 58 67 54 100 4 59 30 60 27 17 67 21 42 48 2 54 51 77 74 42 2 54 22 4 22 42 40 82 20 59 46 22 80 5 88 78 87 86 59 96 44 54 67 2 26 45 45 4 24 30 73 39 91 6 97 3 98 42 20
61 35 85 65 40 13 82 23 32 35 58 98 36 71 55 82 12 50 24 75 37 86 18 24 15 12 62 87 66 97 61 12 38 57 67 16 13 3 74 94 12 44 36 51 5 68 21 3 42 26 90 27 80 25 21 84 23 13 38 85 12 41 59 60 60 73 3 33 99 72 23 70 45 89 83 34 100 40 39 47 73 17 47 55 41 58 80 75 31 97 96 32 24 100 21 83 98 64 92 84 34 47 17 62 63 79 99 27 0 67 71 64 25 44 36 80 7 20 44 100 40 70 8 24 55 32 28 52 95 96 35 84 42 40 80 32 75 66 95 49 8 92 6 36 82 92 25 2 52 44 1 86 34 81 55 33 95 29 40 61 2 49 66 60 4 77 38 42 12 80 95 15 72 60 31 15 68 40 14 60 54 13 53 10 81 79 37 4 72 2 85 82 93 11 83 34 43 61 23 19 2 89 52 38 88 73 72 95 26 82 19 49 56 39 91 74 42 94 42 37 84 89 57 16 0 68 9 43 62 98 83 64 36 49 87 22 62 74 97 88 96 83 81 14 63 57 72 64 95 10 15 26 95 84 8 60 38 59 81 78 14 13 26 90 81 88 86 62 34 52 53 13 60 93 52 97 93 54 98 25 12 41 31 83 58 77 52 35 99 5 43 25 7 41 38 8 25 63 100 60 94 39 59 89 93 79 74 23 36 26 2 19 51 85 17 28 62 61 52 54 44 8 85 1 52 69 82 37 8 22 59 55 12 47 48 42 25 97 29 53 47 33 92 29 69 18 4 35 47 19 53 100 70 50 94 15 11 15 46 64 98 26 72 65 34 17 2 45 45 32 51 23 43 38 77 40 81 56 13 94 96 12 55 2 33 63 46 23 21 71 61 39 17 37 16 49 72 14 81 48
36 27 95 43 42 81 11 34 18 10 76 64 68 66 83 74 80 58 67 4 13 4 36 70 67 68 22 8 38 95 69 47 82 7 93 2 99 98 29 10 26 81 83 3 79 15 89 55 100 71 21 42 75 7 84 61 56 38 87 20 85 24 71 5 71 31 74 87 32 31 27 84 26 61 42 1 13 79 84 96 24 70 67 8 48 39 12 62 58 88 53 64 9 17 68 59 82 44 73 30 3 10 60 72 52 81 32 2 65 55 30 18 75 75 26 19 93 66 49 85 57 100 31 0 49 84 60 11 34 97 45 80 76 93 66 33 58 22 81 61 88 67 26 14 11 37 3 86 28 75 83 37 100 1 43 39 87 32 17 23 43 13 42 24 61 85 49 15 25 29 96 92 51 67 4 69 67 82 9 20 57 4 19 62 43 25 39 17 8 10 1 84 21 60 74 37 57 29 65 76 29 47 27 32 75 58 82 15 12 74 16 3 91 99 47 66 28 41 21 94 19 44 10 42 44 0 65 72 88 8 34 40 51 83 14 85 72 55 74 65 63 98 58 30 25 80 74 37 47 81 82 98 44 95 50 6 17 11 67 13 88 41 2 50 51 61 24 9 69 53 92 54 49 2 47 20 99 51 31 88 42 97 91 28 57 79 86 96 97 57 59 57 38 18 30 28 72 17 33 1 4 89 73 43 66 71 66 88 24 60 15 97 46 97 13 51 87 59 11 82 30 63 55 91 52 39 41 93 33 73 1 40 78 29 92 4 98 22 43 83 87 40 39 61 85 67 97 59 52 98 27 16 100 16 15 98 33 46 81 74 7 67 31 67 36 38 64 80 87 11 86 77 23 29 3 20 83 64 60 61 99 32 76 13 11 53 25 72 63 5 15 100 77 10 2 35 8 30 11 86
66 68 82 40 63 83 43 89 92 8 58 18 13 63 24 4 31 21 96 67 88 78 61 41 35 16 33 45 90 84 32 45 40 6 99 87 16 57 34 25 71 76 14 96 50 55 37 94 69 97 65 1 50 51 0 26 90 4 15 31 26 15 100 37 99 20 36 30 22 24 22 21 60 36 72 56 98 21 19 38 30 43 7 44 85 38 42 56 81 95 56 29 23 50 9 37 99 61 36 57 37 61 60 40 37 100 89 80 24 5 18 20 16 30 79 51 33 49 66 45 72 69 40 44 74 13 94 29 23 68 12 46 93 25 27 75 62 2 28 85 35 95 50 13 14 65 85 65 39 0 84 10 66 7 38 54 15 74 90 98 40 33 81 96 59 11 40 86 98 17 29 22 38 8 1 49 29 21 53 33 54 88 23 97 99 92 68 47 22 1 82 58 90 47 9 28 79 5 69 29 77 57 60 29 56 93 59 59 77 84 39 48 97 52 16 95 56 86 68 2 39 30 60 6 85 90 80 23 82 55 0 63 46 14 77 4 9 71 68 83 48 17 83 51 11 71 76 1 17 61 8 95 23 87 77 53 12 39 92 24 3 68 40 32 88 62 70 63 16 23 63 92 88 78 21 7 82 69 61 9 55 1 29 46 95 5 97 68 24 73 25 52 79 22 90 36 20 0 31 32 39 97 94 62 80 32 23 63 26 55 53 37 21 83 60 24 41 17 96 80 72 87 31 29 98 47 55 35 44 38 66 78 38 45 78 43 57 95 36 21 54 8 20 43 85 32 95 69 81 51 73 47 13 12 30 31 57 15 30 61 81 15 33 82 14 91 26 10 92 11 24 58 2 63 9 21 37 13 25 20 66 2 96 43 74 94 67 82 65 34 42 91 43 9 51 42 71 35 70 31
55 38 28 73 84 7 13 79 85 10 78 82 20 8 59 18 54 76 78 7 99 14 60 89 87 87 72 81 98 47 13 90 42 4 89 49 61 63 43 81 9 58 80 71 59 45 51 84 48 18 83 48 60 64 27 10 55 25 27 18 92 54 5 63 58 9 55 24 16 30 28 99 15 46 73 80 87 68 67 24 68 32 67 40 32 29 37 68 24 26 4 52 35 92 53 7 56 36 56 84 56 37 47 87 8 25 45 79 67 77 47 54 93 5 18 72 54 37 41 41 4 51 40 25 38 62 44 64 19 22 87 55 73 20 13 96 17 69 40 74 20 18 26 19 44 75 88 15 93 94 2 27 68 46 77 33 39 59 38 92 20 14 22 39 44 2 43 33 25 32 9 82 59 78 20 5 51 47 21 7 38 93 90 9 98 15 46 9 93 49 25 21 51 23 50 68 92 68 76 6 69 83 98 37 60 16 73 48 12 20 88 21 12 12 52 0 40 95 12 80 10 5 89 5 19 65 22 20 55 74 18 31 36 92 39 51 7 31 76 20 66 72 27 87 90 38 63 27 62 62 67 64 83 41 39 57 47 92 7 73 92 45 87 4 51 66 100 56 24 63 0 100 83 70 58 29 95 17 68 57 98 58 8 7 88 26 65 73 60 17 5 6 95 73 83 54 34 22 69 60 31 14 5 13 76 71 50 11 95 89 23 98 52 2 75 94 63 18 86 39 91 12 32 18 96 37 38 59 84 46 8 65 13 57 59 5 50 48 81 11 86 47 79 0 34 11 55 10 34 77 59 30 84 86 87 35 68 42 15 27 99 84 0 28 3 71 57 71 57 36 27 10 45 47 8 32 83 46 0 47 76 60 12 58 33 75 81 40 21 74 16 68 97 45 52 75 10 54 57 77
85 43 95 21 70 0 24 63 83 61 50 50 91 46 71 82 60 79 4 10 49 78 29 8 52 57 43 5 77 22 96 26 22 59 53 27 65 6 14 42 4 53 44 68 48 90 19 39 61 52 24 66 93 40 50 58 66 27 11 6 74 39 87 16 25 2 82 91 33 0 18 18 8 44 2 81 91 46 12 53 35 86 90 23 80 38 31 86 97 13 92 21 42 45 49 70 5 73 24 28 24 36 70 93 64 47 92 1 50 57 96 39 86 36 28 67 35 97 24 96 100 3 92 60 16 21 6 43 94 65 70 51 33 51 81 92 85 79 94 49 22 92 21 19 45 59 56 47 91 64 33 32 0 12 22 7 35 37 53 44 89 36 81 36 52 12 85 71 28 77 19 39 18 44 36 22 91 0 47 59 80 17 77 59 73 56 88 32 30 45 98 12 9 90 2 88 54 38 66 17 53 12 90 27 53 41 72 96 74 36 19 68 32 89 51 5 56 48 14 31 66 14 37 10 99 35 49 3 55 83 27 25 34 63 57 85 58 4 76 42 34 32 2 88 74 88 71 60 92 26 16 13 93 8 33 52 60 90 9 20 27 96 79 41 99 65 39 64 73 96 79 37 87 61 80 75 33 41 0 21 47 21 16 48 66 50 26 90 93 48 50 5 74 98 46 58 45 61 97 34 9 15 19 52 13 96 85 55 58 10 92 31 92 59 0 73 81 89 95 25 95 77 21 60 49 17 12 99 79 38 77 38 51 55 42 29 54 24 41 68 90 75 6 84 18 83 42 97 70 34 40 21 47 6 98 22 76 89 38 64 96 2 30 34 91 33 29 97 32 52 90 34 95 96 19 36 79 60 56 14 0 9 46 89 9 8 30 25 4 36 62 27 68 37 11 68 39 27 44 92
2 13 96 51 22 71 98 14 81 99 35 29 27 16 24 21 44 100 8 8 42 10 66 57 64 81 74 71 84 89 36 67 84 52 1 82 93 9 46 70 33 43 79 20 99 62 69 57 89 63 11 25 92 18 54 37 88 66 21 18 68 10 59 40 6 54 6 67 79 28 65 95 41 90 57 50 45 44 91 58 35 75 58 35 38 52 99 32 18 14 6 30 27 6 78 88 0 18 100 78 36 19 95 87 54 51 100 44 26 69 52 26 89 20 0 92 33 26 3 84 43 91 98 31 94 58 37 60 74 23 24 13 24 18 1 73 66 38 14 30 39 59 67 49 32 10 42 2 63 98 61 32 4 32 22 0 45 91 71 71 49 53 11 29 38 17 31 39 33 52 74 42 49 23 79 10 44 26 61 31 5 41 97 22 60 34 71 10 92 13 55 35 100 64 84 26 74 43 84 17 8 31 40 70 62 100 15 6 82 0 29 82 56 16 2 55 82 89 65 15 55 6 43 69 32 47 95 84 80 68 34 64 67 52 26 32 98 10 54 61 23 96 81 35 53 42 9 10 44 85 2 51 36 60 8 80 14 78 60 60 28 58 66 48 51 11 81 9 22 23 76 15 34 49 13 38 71 29 68 20 61 99 95 63 90 19 41 62 57 46 12 6 62 0 98 99 9 14 57 68 29 36 74 84 100 66 82 0 49 17 24 98 25 91 28 19 81 84 1 12 29 17 57 72 53 35 87 98 78 64 92 96 40 32 88 48 35 28 45 99 82 72 67 3 60 67 3 97 21 24 33 98 87 77 82 78 5 20 95 82 87 37 57 65 94 32 30 14 44 93 98 57 97 35 69 53 38 97 3 21 39 10 86 21 16 64 60 51 98 18 96 75 88 60 81 87 0 10 92 100
61 61 27 23 31 66 87 85 47 67 96 100 39 27 23 65 22 36 15 72 9 27 16 74 77 17 68 24 47 13 11 64 40 88 54 5 9 3 13 71 0 31 24 43 55 97 47 93 13 78 88 49 58 62 50 53 62 16 15 46 3 35 20 36 11 65 64 60 61 20 34 46 55 72 44 61 92 43 51 60 54 20 89 13 71 83 89 100 5 39 29 19 52 27 98 83 22 10 41 69 82 18 89 59 34 26 41 62 63 33 32 50 25 78 50 11 18 69 64 51 18 50 72 97 58 68 3 84 6 6 81 47 1 12 79 81 36 6 8 48 26 47 11 43 10 62 2 95 34 86 47 86 63 18 14 6 45 82 67 10 52 35 55 53 83 5 0 8 33 90 18 62 84 11 1 2 85 52 100 67 27 81 42 7 71 20 47 49 58 73 66 58 42 50 43 68 65 48 47 10 46 64 24 70 91 16 74 83 94 37 37 12 79 84 90 90 93 93 95 60 86 66 67 42 47 17 64 46 90 96 49 49 18 35 31 77 9 17 17 6 87 64 76 82 3 19 51 77 40 99 76 11 66 86 22 32 53 41 44 14 31 100 10 36 81 81 59 68 84 15 57 15 99 31 96 52 86 13 5 27 14 47 52 94 84 78 20 64 78 37 62 38 95 89 17 49 82 27 40 85 24 23 20 8 14 6 54 16 46 19 21 27 95 4 40 17 79 35 23 44 10 19 91 72 27 62 77 72 15 75 35 73 88 79 100 66 73 95 57 8 75 28 63 9 58 28 54 41 26 100 93 85 17 45 20 74 55 78 58 3 74 42 69 47 47 24 91 29 85 25 26 27 32 50 28 43 30 95 88 92 89 65 16 23 86 84 3 97 100 74 1 88 51 99 68 97 25 23 25 28
33 37 54 10 50 95 10 37 98 19 76 40 35 67 31 30 90 10 76 21 51 81 26 57 2 90 79 92 78 38 43 81 27 86 8 87 30 13 49 33 72 0 17 23 39 78 77 3 97 77 53 26 65 71 47 27 27 98 70 23 9 61 36 56 77 99 22 28 88 28 42 11 65 88 8 60 85 37 64 91 72 34 49 83 48 51 82 81 98 6 62 16 64 14 3 69 19 63 57 68 19 76 82 69 2 19 21 23 75 88 6 4 72 72 32 38 4 42 62 52 67 20 89 55 89 84 81 2 46 76 89 70 0 54 14 90 84 19 17 14 50 36 9 70 96 44 99 27 78 64 75 3 30 5 1 54 73 87 69 84 38 65 5 29 36 73 75 30 23 80 95 47 90 87 82 6 11 77 67 7 83 71 3 7 52 48 21 66 64 83 18 0 82 2 14 6 72 32 1 26 43 94 11 35 95 58 99 94 82 77 93 18 20 45 83 62 50 74 93 97 39 26 6 53 91 40 5 72 64 72 47 18 21 38 38 2 7 41 26 63 56 26 84 33 79 55 47 33 28 86 3 80 17 9 25 65 47 61 85 37 63 95 24 35 27 41 26 37 39 88 91 27 5 43 61 72 18 20 19 29 12 92 44 42 11 30 2 85 23 92 65 100 16 87 81 94 91 20 39 8 30 85 99 56 36 55 26 88 30 78 31 83 79 43 19 84 32 49 1 25 70 65 67 48 43 25 83 58 16 69 95 49 17 12 5 73 46 18 23 87 91 78 48 45 89 44 67 49 50 44 37 43 40 95 20 68 78 52 9 25 31 90 18 8 52 94 18 89 1 68 23 63 51 55 77 19 33 56 4 52 49 3 2 37 100 71 69 53 12 15 98 44 44 28 24 98 61 53 98 12
90 61 89 74 96 70 42 32 18 27 36 92 39 50 90 0 0 38 26 87 33 94 84 70 9 43 64 90 79 6 85 90 37 79 40 48 91 71 75 41 51 80 56 81 58 5 85 8 9 6 99 9 63 47 13 93 63 89 98 88 7 79 49 99 0 73 57 96 26 87 62 83 1 92 77 38 31 85 38 98 17 45 38 8 15 42 90 68 53 69 75 70 91 35 95 71 57 94 44 49 6 37 85 35 17 61 83 39 63 88 14 38 97 66 72 97 100 91 77 21 82 14 55 89 8 52 54 17 85 56 14 27 72 25 11 54 13 13 58 63 38 29 28 24 79 35 66 50 25 4 52 46 46 13 67 73 47 68 1 16 63 91 51 17 47 5 28 16 19 10 65 26 20 40 63 55 8 63 30 0 29 19 3 26 95 78 50 48 49 10 52 70 95 35 34 77 20 81 85 55 6 87 65 17 89 1 74 29 72 86 78 67 45 70 36 98 38 37 80 93 93 63 44 72 5 73 75 42 4 63 60 61 25 97 10 63 36 44 39 72 98 74 83 50 94 15 57 50 49 27 46 72 17 81 14 50 98 32 77 46 44 90 40 38 26 97 100 24 91 6 80 56 89 59 86 28 21 82 87 69 43 12 43 95 20 28 17 21 63 58 85 78 39 61 41 73 38 18 78 7 78 69 60 43 61 20 37 1 40 73 27 77 59 43 9 44 49 12 26 86 34 46 69 23 31 70 56 79 74 47 75 11 29 13 59 20 45 18 8 23 68 60 77 23 62 72 58 2 30 65 45 59 57 62 55 91 31 28 59 63 43 50 17 56 35 68 84 43 63 37 36 99 51 63 16 24 57 26 25 51 99 47 78 45 98 47 68 65 100 24 9 87 31 15 51 91 72 85 26 1
78 56 23 41 31 38 34 23 57 47 47 45 72 48 52 90 44 8 1 95 67 50 48 93 13 68 36 13 71 35 61 64 84 46 21 6 39 19 3 58 88 78 38 43 52 95 57 12 31 50 78 99 39 5 76 11 69 68 89 94 58 31 29 30 69 36 15 88 45 88 26 52 45 69 61 98 63 70 12 52 14 92 85 36 17 23 34 1 75 0 15 80 32 3 90 39 6 57 16 28 21 41 56 57 16 8 8 82 25 73 31 89 82 32 51 83 1 76 84 26 12 39 73 17 9 14 64 94 86 40 7 14 11 20 58 47 77 55 85 5 61 88 32 8 50 9 89 61 88 91 10 74 36 11 27 8 94 95 38 81 37 38 18 21 18 12 14 41 44 96 82 4 5 37 99 45 89 62 23 78 7 45 9 15 34 53 27 38 84 16 56 9 57 60 84 84 56 34 57 12 100 61 33 55 44 19 64 47 41 34 3 73 76 20 82 100 60 34 39 66 4 17 49 22 42 67 37 30 92 0 5 36 45 55 97 13 92 28 77 41 13 45 78 53 94 45 56 78 35 51 69 57 59 67 8 7 99 82 30 36 30 63 2 14 16 63 53 95 22 89 38 71 21 83 49 28 61 97 70 33 89 6 12 9 66 27 57 39 94 82 22 56 67 89 14 88 10 12 59 66 2 22 55 100 50 30 7 3 67 13 52 28 0 56 66 47 29 16 26 37 89 24 59 74 77 8 58 0 46 38 98 85 20 12 86 71 37 91 85 20 78 73 57 35 11 86 91 35 87 100 51 70 35 32 29 54 44 58 95 87 13 19 44 70 40 50 98 41 30 28 30 8 89 91 35 62 94 80 71 82 72 51 58 99 76 37 32 48 82 25 80 63 79 73 67 92 85 95 79 72
80 14 64 83 27 1 57 21 37 100 86 8 66 5 86 57 39 57 16 100 25 50 5 52 43 96 32 56 2 77 15 38 57 100 24 51 22 14 40 43 7 37 23 92 77 18 40 60 53 10 24 32 26 86 46 90 2 37 90 16 98 75 21 31 59 19 65 16 53 17 1 20 97 14 46 12 81 80 60 6 22 32 89 5 33 75 27 47 63 96 69 90 64 38 80 32 91 24 17 27 87 22 62 4 23 35 7 62 86 82 77 10 38 26 75 28 37 64 53 44 96 79 22 5 41 41 2 75 28 99 63 39 11 20 17 25 84 33 32 22 1 20 89 60 17 83 71 96 12 32 77 95 58 41 46 93 87 87 23 76 64 44 89 10 41 39 9 73 81 88 85 89 29 74 80 24 44 1 1 75 22 29 30 83 70 27 65 79 31 54 36 78 47 57 48 34 44 45 2 40 25 97 51 13 56 11 47 16 46 56 23 7 33 35 81 93 94 67 88 20 22 0 24 93 57 63 99 39 93 7 88 39 61 75 49 94 54 4 45 58 35 60 87 37 46 47 35 13 11 14 74 51 52 6 87 99 11 91 72 98 25 74 56 25 2 88 64 5 85 29 73 28 46 4 42 25 18 16 72 18 52 88 2 7 3 43 52 82 15 43 86 88 94 96 61 80 8 39 13 73 70 9 97 47 7 34 45 83 11 84 65 74 70 8 39 94 5 75 47 38 69 72 22 58 35 19 99 42 12 35 29 56 49 99 68 13 9 92 44 73 31 33 62 10 16 47 22 2 59 54 61 71 97 94 48 80 85 11 41 59 60 75 11 27 52 53 90 88 11 59 15 42 48 63 41 34 99 34 19 52 7 11 70 58 85 47 85 58 99 88 98 26 50 31 38 46 76 13 13 4
39 4 13 42 95 37 69 42 47 63 24 45 37 64 82 71 66 44 32 23 40 34 86 16 78 19 56 24 61 1 91 97 55 45 64 24 52 41 44 59 13 69 41 87 70 73 28 43 93 71 30 65 59 39 89 4 49 88 22 80 31 67 8 16 9 41 81 61 74 32 48 9 10 64 92 96 32 24 94 89 19 69 77 77 6 22 43 12 80 50 49 8 37 28 62 18 68 62 2 84 68 90 36 9 65 98 60 6 5 97 19 87 64 10 23 75 64 32 11 63 69 15 5 49 83 99 74 58 53 11 21 58 75 69 40 100 9 74 15 89 87 89 59 6 44 1 94 11 98 53 48 75 55 56 32 57 22 65 9 78 47 28 63 14 2 86 45 47 17 42 44 50 92 8 83 19 16 26 98 13 93 59 88 5 13 88 41 11 6 57 9 79 92 34 69 68 38 70 100 28 72 94 99 52 14 45 23 47 4 19 13 83 79 95 62 11 49 83 58 21 32 76 85 46 87 36 5 38 20 56 56 53 94 89 92 19 64 18 7 97 2 15 20 49 68 61 98 12 2 76 63 81 94 25 88 16 54 94 70 19 66 64 49 25 62 77 61 73 61 37 49 17 63 46 7 93 80 79 67 0 8 0 76 83 26 70 63 25 21 84 30 23 94 98 5 69 46 20 13 43 100 46 43 94 33 54 30 58 56 91 39 95 63 38 91 81 29 87 61 68 67 67 2 38 98 63 19 18 54 94 11 56 31 5 99 42 35 96 3 46 53 12 34 44 64 47 20 31 47 91 44 49 70 26 94 7 32 21 7 84 93 69 31 36 48 67 39 84 45 68 60 66 73 3 83 41 24 47 92 61 70 56 73 56 79 54 36 19 78 80 44 59 99 6 8 0 61 57 60 54
12 50 80 97 92 75 56 48 97 47 79 94 79 40 83 47 77 39 85 76 21 2 72 26 73 75 65 58 73 72 39 24 82 24 21 70 66 40 84 100 21 88 8 41 86 22 12 5 71 18 41 9 42 91 1 93 8 40 31 3 59 31 70 0 70 78 50 57 90 89 87 35 10 27 39 47 18 65 4 4 29 11 7 91 30 72 18 36 65 53 70 51 2 9 55 72 27 71 20 62 80 22 81 92 8 34 59 43 50 31 66 85 19 93 17 67 61 22 71 41 94 59 47 100 76 82 38 13 56 5 3 94 33 100 25 31 73 5 4 7 65 85 57 98 14 2 89 61 26 89 49 11 72 41 42 89 81 95 57 12 84 34 63 74 6 72 33 91 24 83 20 13 34 79 71 35 30 51 91 70 56 97 68 95 35 88 94 92 16 13 80 79 69 8 61 90 41 16 52 84 99 8 65 24 31 24 70 14 48 99 52 75 4 11 35 25 46 18 34 89 23 68 36 46 27 20 98 71 6 7 55 9 82 97 92 44 90 80 10 47 52 85 0 49 44 60 42 26 54 25 98 80 27 3 39 47 89 3 84 54 80 88 44 68 80 15 78 5 27 17 22 67 79 96 55 38 65 72 58 77 42 41 60 10 4 70 62 100 29 63 8 82 67 75 61 43 78 30 24 72 95 77 93 37 65 48 42 55 74 54 91 73 69 87 88 48 59 32 37 78 82 7 33 98 81 50 67 25 77 14 4 75 77 56 16 23 62 80 58 63 56 10 17 24 41 86 74 56 31 25 95 87 35 83 70 47 65 65 77 41 36 95 88 19 35 66 44 56 80 95 61 50 10 8 65 1 11 64 10 16 71 17 60 27 55 72 11 66 46 58 74 47 31 94 13 63 84 72 39 27
34 52 39 78 99 70 25 20 96 76 43 95 25 3 50 99 64 52 73 51 31 30 0 64 6 38 68 44 68 11 95 74 65 6 51 3 53 70 34 6 65 68 96 30 96 95 6 53 16 15 69 52 75 67 60 43 31 84 87 31 97 36 55 23 79 11 67 40 34 82 45 12 93 67 66 86 85 58 92 61 88 12 46 68 72 67 89 10 65 90 22 28 29 0 83 79 63 25 2 50 83 65 43 76 27 69 61 26 11 91 0 84 61 85 44 48 13 19 31 14 74 5 4 14 24 22 54 21 68 45 29 68 64 19 76 64 24 81 17 6 20 25 97 54 23 4 61 32 79 97 16 30 98 13 100 33 85 77 57 58 30 27 22 100 94 60 99 70 22 51 13 38 58 84 45 38 28 24 64 59 55 25 9 22 58 55 51 65 47 78 77 30 3 26 98 78 65 7 78 9 71 72 24 29 91 55 59 25 43 12 56 29 42 85 44 42 92 75 63 67 46 93 33 93 76 51 9 53 38 91 10 80 6 42 18 33 29 15 49 96 93 55 55 6 71 96 32 41 52 63 94 31 67 14 70 77 53 80 69 53 72 10 23 39 32 52 57 24 87 56 81 36 94 48 4 91 99 96 82 6 15 0 46 59 46 79 84 46 75 79 100 10 61 7 79 61 87 84 8 76 51 84 0 89 51 59 17 79 34 60 6 20 31 62 34 40 97 32 30 35 9 18 8 21 93 15 77 38 62 91 92 29 20 18 99 20 1 44 15 34 76 87 42 79 82 29 45 99 7 54 28 76 27 60 18 70 67 40 89 82 33 30 72 47 29 5 42 100 100 54 58 18 81 37 100 97 72 19 31 13 77 61 25 59 71 63 77 86 18 30 28 96 63 80 40 2 31 98 75 78
29 74 43 26 1 52 38 44 75 59 15 6 98 30 81 83 39 70 87 65 91 85 67 28 88 9 35 81 50 66 2 46 85 17 62 45 55 86 60 46 26 82 87 67 1 88 34 25 66 48 15 40 28 14 63 16 18 87 42 41 28 90 3 47 53 47 4 52 95 98 87 87 59 25 44 53 65 54 1 10 57 57 13 82 57 65 15 36 36 27 49 47 29 80 88 87 87 90 93 17 75 33 49 97 4 34 77 53 84 35 92 87 37 1 65 41 37 44 9 63 64 97 64 55 100 4 76 87 81 83 41 24 97 65 61 64 20 40 71 39 34 3 94 66 97 6 73 37 51 51 17 40 7 42 14 55 91 55 60 67 17 1 6 95 54 4 27 32 25 92 37 2 61 8 64 89 95 28 25 73 16 71 14 22 64 11 77 94 36 97 13 26 96 10 43 38 58 10 90 74 85 67 38 69 51 59 17 33 22 49 85 99 55 27 89 3 100 44 30 84 98 29 37 38 85 44 90 76 23 50 57 69 20 95 89 47 88 15 71 54 41 19 67 4 96 23 88 34 33 99 54 16 79 71 9 92 48 15 49 49 69 23 56 30 15 81 39 33 15 65 48 83 82 3 91 46 65 85 88 28 1 84 31 15 71 67 24 58 81 40 65 62 15 27 6 40 84 40 36 17 30 4 42 77 41 15 32 63 74 30 67 66 86 61 46 30 5 35 14 20 22 31 32 77 55 62 60 72 5 83 52 2 19 46 95 74 16 9 80 64 78 78 21 8 68 75 13 85 7 38 84 54 45 55 91 10 8 61 68 44 60 50 72 78 41 8 22 10 32 93 8 29 46 53 59 8 29 25 74 2 44 82 91 63 67 75 66 98 14 63 50 55 60 58 28 69 79 30 36 19
61 39 3 21 14 36 33 100 22 66 59 94 26 98 54 5 65 1 80 17 15 87 30 1 9 48 70 38 42 5 73 65 66 1 43 16 30 31 0 71 12 83 96 34 41 83 71 83 27 64 98 31 98 2 75 20 25 36 64 92 96 28 66 86 3 27 83 22 78 69 73 47 66 94 7 46 41 12 75 3 15 51 15 99 56 37 52 47 52 53 12 69 67 18 33 76 37 97 82 47 37 56 47 73 96 65 93 76 43 56 99 98 52 61 24 96 84 58 35 26 23 74 47 33 77 35 19 83 65 51 56 45 23 78 9 52 31 79 31 19 80 72 25 99 12 92 3 57 63 24 72 76 54 17 21 25 40 35 76 60 9 42 48 75 58 8 82 28 50 48 51 28 79 91 16 95 12 40 56 96 63 91 96 14 14 64 5 87 56 60 82 81 32 23 47 43 37 80 20 60 45 4 40 25 94 13 92 36 93 24 59 68 12 59 64 41 13 69 86 48 6 90 31 57 62 82 43 87 41 56 83 4 9 70 2 82 33 53 65 6 11 1 76 40 20 7 51 9 31 80 38 31 20 8 48 54 39 44 39 57 33 14 0 28 56 87 14 1 39 23 42 24 45 6 65 9 9 64 69 83 21 76 31 56 68 22 38 64 51 73 66 88 86 63 44 15 64 97 58 65 72 31 42 22 11 89 47 4 30 6 11 96 25 79 39 51 89 22 1 47 16 69 79 44 23 17 81 10 89 55 69 91 77 31 74 67 50 25 24 50 55 11 17 49 68 61 78 34 22 46 91 89 96 55 5 79 35 52 63 14 6 40 48 17 66 54 58 41 77 96 34 1 59 56 38 60 85 49 86 19 16 67 20 29 18 92 15 57 6 17 64 27 74 30 59 100 56 83 37 60
66 76 48 16 10 96 77 93 93 68 52 91 38 73 56 20 61 48 78 90 26 97 87 77 84 0 81 37 12 72 71 23 57 74 22 89 3 98 50 3 95 84 33 25 37 68 94 28 98 0 67 45 39 50 35 30 61 50 13 58 60 22 75 25 93 74 14 75 40 15 74 27 82 78 4 88 33 25 95 66 22 17 51 80 11 35 76 74 6 61 54 55 13 57 46 58 22 88 75 2 91 23 48 71 73 85 4 16 57 43 20 80 86 28 32 88 13 11 63 87 62 63 22 9 2 56 86 9 35 41 57 84 16 15 88 7 69 70 22 54 23 89 5 95 11 63 29 64 49 98 5 76 99 77 21 84 5 77 80 61 7 92 99 88 64 55 31 21 34 1 6 43 7 46 3 92 41 30 94 78 2 20 94 21 96 68 74 75 12 24 75 5 0 77 63 95 92 47 0 7 34 37 45 45 24 87 93 17 9 57 37 82 74 78 19 20 22 81 16 72 5 32 33 54 85 55 27 96 11 45 68 97 72 67 55 49 91 62 73 89 55 19 0 60 14 4 39 55 7 40 82 13 87 5 46 43 22 78 99 99 56 92 72 82 5 31 92 74 37 59 92 94 51 56 90 84 16 5 19 28 55 28 13 18 73 41 0 34 10 29 92 89 34 83 14 34 26 81 69 48 45 74 74 0 44 55 5 13 4 2 28 69 16 85 65 99 8 39 64 45 5 77 41 97 73 29 58 62 8 73 30 2 12 8 86 99 22 11 14 77 93 41 97 11 90 74 57 45 35 36 71 74 100 24 74 78 1 31 51 53 13 73 19 92 22 35 96 91 75 64 33 99 46 39 67 10 1 64 3 50 31 74 90 39 70 36 74 90 32 28 25 76 48 20 21 75 47 75 43 8
36 59 12 26 67 59 23 89 90 24 27 41 32 35 94 28 81 14 96 12 8 29 76 18 91 37 65 54 83 36 96 44 15 42 54 7 7 98 71 57 60 66 8 83 85 49 48 19 97 75 71 7 40 75 23 2 1 83 81 34 37 55 72 52 59 83 12 70 19 82 53 15 30 21 38 82 62 77 58 1 72 82 28 59 80 76 43 22 7 54 18 15 18 29 65 64 20 6 16 81 99 37 65 3 56 44 99 5 76 42 33 19 87 17 47 36 0 84 89 17 82 16 69 71 69 40 25 94 29 78 26 24 65 84 78 72 82 82 13 70 61 9 35 90 71 35 80 76 70 76 68 33 17 13 9 6 20 55 11 61 2 17 100 10 84 36 96 47 36 30 23 91 12 15 10 78 12 39 73 51 87 37 64 75 15 15 58 91 75 14 36 67 37 73 26 67 55 63 96 21 6 50 72 56 75 72 10 95 78 0 81 68 31 63 78 26 64 49 20 70 89 9 76 14 66 42 61 83 39 97 78 81 48 44 10 58 84 69 95 41 81 60 21 27 28 12 32 66 16 86 50 19 36 61 63 93 79 19 4 23 61 55 14 76 48 20 35 24 55 55 32 69 23 4 41 25 74 95 23 46 97 70 91 44 94 24 35 34 80 90 48 38 2 49 38 54 86 24 18 69 34 71 96 74 50 8 79 9 4 98 55 87 36 15 54 83 70 33 31 21 52 59 89 71 10 78 30 73 76 13 100 93 69 56 47 7 50 59 53 95 16 34 45 30 85 0 61 14 71 73 2 3 26 93 26 38 58 47 10 26 39 64 56 91 64 45 70 56 80 55 48 52 62 57 60 31 70 15 31 29 82 39 17 50 3 61 62 31 8 21 70 83 80 58 79 52 47 19 7 51
1 31 63 13 36 58 2 93 52 33 100 9 45 35 34 38 14 42 86 13 78 45 9 32 78 65 39 62 49 78 16 10 86 81 1 81 100 45 59 21 53 90 64 22 23 14 50 20 79 39 65 21 82 90 70 49 69 52 64 51 18 42 27 53 89 34 82 38 62 20 87 32 44 58 88 68 69 9 94 0 29 19 31 36 95 42 46 3 50 3 91 95 75 81 30 19 57 81 20 34 69 19 34 35 41 11 31 0 73 3 92 28 37 19 77 86 65 16 43 25 91 2 24 15 41 69 11 50 67 10 38 46 50 83 75 19 92 98 71 35 6 55 100 97 43 79 52 82 61 53 55 79 51 42 12 10 30 25 19 97 77 20 96 41 9 2 40 29 44 60 15 99 43 22 48 32 94 98 28 65 80 36 50 17 10 64 9 84 83 62 62 51 95 64 17 59 39 44 81 16 21 43 11 65 2 71 88 70 69 82 60 27 76 8 61 66 58 23 5 13 45 21 75 78 47 13 67 82 71 36 39 48 99 72 47 58 0 45 25 63 52 1 77 52 82 90 30 77 56 40 65 47 43 23 99 3 36 22 43 31 40 96 16 38 36 27 56 43 24 18 61 8 44 24 30 72 54 63 84 71 67 71 65 100 65 48 28 9 69 93 21 81 91 88 96 50 50 38 47 19 96 50 81 21 91 92 94 25 58 0 76 96 67 87 11 84 0 58 30 71 62 34 64 78 27 47 77 95 68 63 66 66 7 7 0 56 94 34 100 40 50 53 76 5 94 70 25 87 64 84 72 42 64 57 17 53 54 5 4 38 12 2 69 67 56 79 75 11 17 27 20 35 45 36 76 76 49 17 85 44 15 74 41 19 63 40 47 0 24 64 97 31 31 1 7 82 47 2 72 90
20 35 14 2 98 25 55 41 39 96 100 6 94 29 23 53 12 32 6 90 37 57 4 54 20 20 53 82 98 99 75 85 23 70 22 82 90 22 62 95 23 14 46 50 57 78 9 16 86 20 7 21 49 0 50 99 86 11 53 52 31 20 21 95 9 3 25 40 3 53 51 14 20 45 32 26 63 91 27 62 6 20 36 91 4 61 76 19 95 33 46 56 67 39 42 99 29 0 0 33 14 76 6 74 5 74 26 94 99 31 30 65 41 63 54 29 89 10 19 92 24 60 11 23 41 97 21 86 72 64 38 96 32 55 28 13 30 54 98 15 98 17 90 52 67 97 58 29 21 17 37 44 70 23 17 47 79 78 52 52 64 0 76 47 14 92 64 70 99 20 40 7 84 63 76 2 20 43 28 52 55 100 55 21 40 23 41 91 67 99 92 59 22 96 88 50 14 92 35 50 10 80 1 70 96 48 7 98 31 81 95 87 95 90 43 31 98 90 6 50 35 42 64 93 22 43 15 10 41 73 88 88 95 33 63 40 10 97 96 25 72 57 46 69 34 4 11 47 18 88 68 41 44 91 57 87 78 1 65 100 45 61 23 26 24 2 20 71 58 100 82 66 13 94 70 6 39 99 95 100 76 82 44 53 0 40 72 40 52 61 60 12 48 49 22 97 71 81 24 65 89 94 6 64 96 22 61 53 13 33 64 3 33 99 70 58 44 51 87 99 70 14 64 49 72 50 56 97 82 54 83 36 58 62 99 58 79 82 93 15 59 84 31 36 20 89 81 68 18 23 28 33 50 88 39 83 66 21 33 43 73 22 23 77 11 6 60 64 80 7 97 75 37 8 9 68 96 66 61 86 29 32 13 33 45 72 3 33 35 82 56 78 5 8 89 24 29 40 4 39
28 88 58 91 98 64 79 86 85 87 85 52 98 39 14 31 86 86 83 53 41 65 51 67 76 88 37 65 54 54 4 12 83 67 0 79 91 97 16 50 40 29 41 39 11 33 84 73 76 30 65 84 7 93 90 57 26 18 91 25 81 80 38 59 35 58 86 51 67 6 78 86 5 85 55 37 34 87 71 15 49 33 53 37 1 46 46 40 90 23 94 30 16 88 60 52 66 89 81 62 51 28 46 54 6 66 78 74 44 17 33 37 54 86 26 99 99 53 94 5 55 92 77 7 66 49 81 96 90 36 27 41 46 28 13 14 93 31 26 57 83 3 25 26 10 41 8 24 79 21 21 37 78 12 24 37 46 54 86 66 83 42 5 13 1 75 81 75 12 39 69 66 70 79 42 47 65 17 88 24 79 93 28 43 76 62 99 5 12 69 90 8 34 44 13 81 76 48 24 56 28 60 9 74 18 22 0 70 13 98 89 34 83 56 86 74 78 100 5 35 48 42 13 90 78 78 88 50 52 48 82 0 27 39 32 21 91 36 48 66 48 63 85 65 53 82 96 49 70 57 86 57 16 29 3 30 43 78 25 0 66 35 71 73 54 7 8 47 96 25 77 14 83 78 53 48 13 44 86 26 40 81 21 39 18 61 12 59 53 16 80 85 61 42 86 64 76 60 31 90 44 6 88 29 14 89 60 63 11 13 100 44 32 94 79 49 29 42 41 81 70 55 41 96 14 43 68 86 33 25 11 15 3 94 12 94 4 93 55 80 84 17 1 28 74 72 3 12 42 51 88 48 58 63 70 13 18 25 82 88 8 61 15 79 2 2 73 100 5 54 9 33 54 91 5 90 13 69 27 94 75 16 31 8 47 85 27 5 52 42 26 36 66 33 72 72 24 76 32 87
67 40 88 61 7 24 65 73 68 14 80 53 17 29 7 89 68 50 78 47 62 58 86 71 56 58 29 52 34 38 85 28 74 62 48 86 44 63 0 46 32 84 76 51 34 25 86 39 46 96 49 32 22 1 1 100 100 85 80 67 51 29 9 55 24 68 29 0 71 5 44 70 46 73 49 97 8 4 50 12 16 42 2 42 16 44 22 92 63 26 83 48 29 67 11 75 73 13 80 3 94 40 3 66 9 17 6 19 14 29 81 59 62 81 70 88 1 52 87 10 33 68 48 10 4 1 25 75 21 15 50 9 27 49 56 1 14 53 61 7 66 10 53 82 22 55 61 5 15 20 51 67 93 26 24 67 72 27 79 72 3 7 52 52 94 55 6 9 14 13 82 55 21 54 15 67 6 5 84 57 90 91 18 29 10 33 58 66 45 27 60 18 78 94 30 64 92 29 9 25 29 50 66 32 36 9 50 92 72 87 96 12 26 44 60 37 52 1 4 41 18 67 18 64 19 25 84 38 63 35 43 46 18 53 87 36 88 41 95 88 64 98 38 96 49 19 28 87 66 64 9 69 18 97 100 97 16 71 76 81 70 85 19 12 33 30 74 46 9 5 80 38 83 6 7 38 8 54 28 92 70 11 100 24 48 64 2 53 49 44 15 81 13 53 19 87 98 48 86 85 58 80 24 57 13 88 25 33 18 93 23 34 100 27 62 79 80 52 99 4 41 1 27 99 83 94 99 13 64 52 17 4 66 96 37 69 14 0 77 67 92 66 70 18 67 39 40 6 55 44 49 43 62 43 32 12 51 15 55 25 66 83 48 54 99 85 91 98 10 88 81 78 84 13 47 12 1 55 23 39 67 22 72 26 28 67 44 11 59 1 77 86 14 17 40 79 42 57 34 42
62 50 27 8 50 18 41 36 52 22 47 22 70 72 1 96 28 95 61 74 91 22 39 75 97 77 71 90 50 70 34 100 4 42 27 69 30 38 80 93 64 18 39 68 66 40 44 31 54 66 69 95 35 32 5 71 44 4 68 62 32 79 46 66 71 35 50 49 15 7 52 1 13 7 36 2 34 79 26 24 92 96 94 86 21 69 14 62 35 54 9 64 75 71 18 4 75 73 15 28 54 9 2 30 8 58 60 11 5 41 70 72 39 66 87 46 78 73 40 27 92 74 70 86 86 33 85 100 39 56 69 60 23 66 46 8 19 62 1 76 61 32 97 26 82 4 78 93 32 77 0 69 46 68 54 48 67 42 53 27 14 52 72 84 24 58 6 53 6 41 43 61 85 11 54 47 65 16 0 44 34 69 61 7 62 15 99 56 46 69 97 85 44 93 43 10 81 82 3 16 66 54 12 94 6 25 60 55 22 53 66 88 92 90 75 91 4 59 56 38 79 81 7 15 61 99 93 31 99 7 10 85 22 52 91 8 96 100 17 78 20 4 25 53 30 9 25 52 20 4 55 81 93 70 91 53 56 61 89 72 6 16 1 38 46 3 79 54 58 59 85 4 12 56 69 27 0 36 41 82 32 71 34 3 53 5 29 70 84 80 32 74 95 51 2 63 21 26 87 16 70 66 94 79 30 43 28 28 70 0 35 11 49 76 3 52 96 67 74 37 72 18 8 60 71 28 27 42 78 53 31 31 85 89 51 22 16 17 10 39 7 84 87 9 64 19 48 64 36 80 51 8 87 8 43 87 50 18 25 35 34 69 25 54 56 20 7 92 31 19 52 99 89 81 3 17 93 87 11 27 36 57 5 9 5 72 99 45 97 13 82 60 44 45 10 62 27 87 3 23
76 70 0 38 18 87 69 25 30 28 52 5 70 69 43 62 88 24 28 55 36 17 43 29 55 36 39 42 60 64 13 86 97 19 90 49 20 25 8 26 46 73 73 91 21 97 48 74 52 80 36 25 14 6 17 48 40 33 14 43 72 41 73 8 89 80 87 13 24 31 81 28 82 1 18 75 77 96 6 38 80 49 17 1 97 43 48 2 81 16 92 69 47 46 23 55 71 52 55 36 22 96 44 63 6 15 66 72 79 57 81 28 31 26 10 40 63 71 67 63 6 34 57 87 18 15 25 26 19 89 78 21 63 72 25 53 77 57 9 98 27 95 58 33 14 19 62 10 81 3 8 45 31 34 20 52 61 88 12 46 79 11 88 15 89 42 69 40 54 67 88 34 37 6 74 35 86 78 92 52 21 63 19 15 15 76 62 44 35 34 9 3 40 87 91 83 47 9 31 24 0 15 84 48 17 52 37 93 46 74 5 36 75 62 89 85 51 90 14 87 53 60 80 16 61 17 81 75 16 18 69 66 96 25 65 34 21 76 82 12 12 88 84 94 91 69 29 3 15 37 61 13 52 69 91 97 4 0 16 0 23 62 8 53 39 28 66 84 67 50 54 65 75 81 93 59 26 96 93 87 91 59 20 25 72 62 100 69 50 91 69 100 20 2 61 79 95 30 33 20 76 7 88 24 52 23 84 6 29 68 30 88 44 30 8 49 83 95 37 32 67 6 28 56 88 68 81 100 29 77 12 6 88 92 61 32 63 68 29 24 54 54 77 48 47 88 84 69 90 89 7 79 80 50 39 41 22 57 100 68 64 10 10 11 44 58 20 54 10 70 76 89 73 4 43 90 8 94 81 90 90 48 15 85 15 64 1 16 19 72 17 95 89 41 56 3 73 48 55 89
20 70 35 85 4 74 30 67 13 26 94 7 86 88 78 86 3 9 0 10 68 79 73 50 89 51 49 6 5 44 90 70 7 64 60 98 92 11 94 99 4 68 87 44 40 54 7 52 12 40 10 61 37 13 12 14 44 25 11 59 37 35 24 17 100 89 91 71 56 99 8 25 6 100 56 29 95 20 91 81 20 31 21 45 59 50 39 49 25 33 64 42 98 5 24 90 20 15 42 74 19 38 38 51 6 78 16 58 100 43 3 56 73 19 28 0 55 88 70 6 30 8 5 93 28 66 35 71 61 58 36 8 60 87 45 69 35 73 8 20 12 61 96 5 87 25 88 96 26 6 14 39 43 77 51 84 19 70 57 26 78 90 55 56 51 4 37 65 54 67 44 20 2 38 26 32 2 42 5 61 10 96 56 17 21 85 63 97 64 54 47 48 45 24 43 18 92 83 58 51 77 70 69 53 29 95 15 56 29 2 69 81 57 99 57 77 75 82 68 98 87 58 9 36 94 48 93 37 57 81 62 45 5 12 64 49 71 32 43 90 97 38 19 68 21 80 72 56 64 78 30 58 17 12 42 94 29 47 56 57 4 39 62 37 71 6 80 53 59 54 42 15 70 46 82 55 43 65 99 12 57 96 46 30 71 31 15 77 19 4 58 54 71 24 19 19 9 60 91 91 2 59 29 78 70 14 13 55 60 5 77 21 69 72 75 23 53 14 78 59 11 62 11 20 32 38 16 74 28 76 79 11 87 10 26 78 50 66 61 47 56 0 20 38 63 94 42 44 88 81 95 67 75 43 32 36 57 85 82 8 86 0 80 12 56 94 9 65 60 77 85 49 20 24 51 98 10 68 85 4 49 100 67 61 39 32 25 4 18 4 14 41 73 92 27 6 57 19 48 42
41 36 26 57 12 7 32 23 49 87 66 61 2 1 8 18 87 3 31 61 37 37 6 48 42 75 11 58 35 100 57 62 39 30 72 39 83 21 2 28 79 39 59 74 38 43 87 64 6 29 90 34 37 11 55 11 60 95 61 60 37 77 31 80 52 9 57 5 93 88 29 100 87 44 43 75 94 19 88 36 29 55 72 17 86 45 97 29 63 61 52 28 39 9 4 89 25 68 38 39 69 8 69 25 10 33 52 86 93 98 6 37 90 16 36 21 75 11 65 33 24 7 60 17 19 45 96 47 92 71 79 13 79 43 98 45 39 47 80 25 48 45 65 48 84 62 49 38 55 52 8 41 39 77 74 8 46 75 94 90 84 90 79 18 72 47 50 41 10 35 29 80 98 96 96 2 6 34 21 40 20 70 1 55 28 36 63 84 55 70 33 8 88 52 93 36 52 85 9 39 0 9 2 60 25 67 19 76 99 39 60 20 80 6 6 15 100 26 43 11 79 3 92 52 58 34 22 66 1 75 1 81 69 79 71 4 75 24 5 73 69 78 9 11 21 25 62 28 1 61 91 38 47 25 99 16 57 5 27 4 13 14 74 88 78 62 51 39 3 53 7 100 3 58 74 31 11 96 13 79 10 38 45 10 42 88 65 4 44 37 83 93 33 44 12 53 66 89 34 5 38 38 79 97 24 71 25 8 45 13 63 43 15 62 86 31 24 71 51 77 44 47 8 66 55 97 89 82 10 68 59 72 4 64 48 47 83 20 84 72 44 18 78 90 100 0 59 37 6 80 87 92 79 38 4 80 58 25 52 22 24 50 54 52 14 29 76 48 57 26 17 6 84 4 35 84 34 33 54 74 100 25 12 58 92 30 9 20 0 11 67 60 72 49 39 89 55 19 49 7
83 11 52 15 47 71 51 2 37 100 63 10 7 64 43 42 3 78 40 22 61 52 38 40 18 45 45 77 96 96 47 93 64 84 25 84 28 73 59 8 64 90 76 61 11 56 71 74 18 20 64 89 75 24 71 48 68 17 46 50 74 95 56 100 91 5 48 51 49 49 25 53 52 59 48 98 97 81 46 91 20 75 76 38 86 89 60 28 50 31 85 89 81 39 98 44 18 9 82 40 40 29 69 36 45 21 5 13 53 63 45 93 41 8 67 53 21 26 96 2 13 65 58 24 81 26 37 41 54 64 86 42 72 66 70 95 82 17 40 51 5 64 63 54 77 85 3 2 54 73 24 11 92 17 11 39 100 0 23 47 91 9 97 57 17 27 86 66 57 14 48 18 12 33 40 25 53 21 26 91 72 54 72 85 29 4 21 59 27 46 8 98 31 61 59 69 78 81 5 74 40 3 85 18 3 44 29 100 76 72 37 29 54 61 94 26 79 20 82 15 81 12 38 71 13 21 19 38 24 26 52 76 38 67 89 4 82 84 2 89 79 92 7 67 8 23 67 89 26 10 69 36 92 84 96 26 87 73 60 46 51 69 14 78 89 20 21 91 68 55 54 70 77 36 13 32 13 15 35 65 40 59 90 6 28 90 62 70 77 73 18 55 57 20 17 26 57 75 63 52 55 6 78 41 79 55 60 97 58 82 37 83 63 1 66 82 25 65 13 2 85 23 16 99 50 73 18 49 70 88 67 99 6 87 20 98 42 33 22 6 85 44 60 96 20 88 95 47 92 66 87 27 32 35 90 21 22 76 17 78 46 63 19 85 44 64 77 66 44 79 45 96 29 8 55 87 36 6 53 53 13 91 19 7 6 73 48 4 28 23 52 74 54 0 28 17 59 0 66 25
98 6 47 31 18 29 31 97 4 62 5 98 61 44 32 71 65 13 0 48 87 85 3 50 57 95 44 52 59 13 82 46 61 29 63 45 73 41 41 75 16 23 52 76 99 58 91 49 52 4 78 78 31 10 37 79 24 36 90 100 34 64 25 96 89 49 2 46 22 37 76 53 96 20 98 60 45 0 9 60 28 8 32 99 86 57 58 75 62 47 25 6 12 14 49 100 79 93 23 8 26 64 0 18 38 65 97 31 43 42 16 64 51 23 14 74 65 97 27 47 86 45 54 73 12 18 66 45 56 41 22 19 22 40 94 95 85 60 21 11 55 17 31 75 28 90 49 90 20 69 28 37 3 32 21 0 27 67 93 48 66 63 99 0 33 74 28 22 32 61 73 27 56 8 51 88 85 96 74 53 6 20 16 50 28 38 7 39 83 82 26 52 68 70 72 42 22 29 68 81 11 60 89 91 23 14 50 100 90 72 16 40 93 89 22 77 13 52 12 3 58 62 52 35 46 92 42 44 61 76 6 24 53 18 9 48 2 91 24 85 60 39 100 12 78 57 25 54 87 42 78 28 20 85 97 40 93 21 25 37 0 14 75 36 21 65 11 30 15 61 39 50 81 73 93 34 10 28 59 15 6 31 73 89 64 51 42 7 77 89 79 6 84 91 20 39 61 39 47 75 61 84 45 88 74 81 30 84 1 28 20 49 36 72 10 74 16 83 4 0 31 21 18 26 100 67 19 64 64 39 98 52 12 91 55 67 33 30 99 57 91 79 15 74 61 99 54 86 69 11 30 36 54 48 64 20 24 32 76 44 95 62 10 36 14 93 22 63 91 36 83 63 53 94 38 64 42 76 83 94 22 46 78 40 86 19 55 27 12 41 6 45 71 19 54 73 32 83 62 6
12 10 38 23 49 73 3 0 100 9 41 90 79 97 86 2 65 96 15 57 93 97 66 31 43 43 97 74 81 51 16 39 45 44 87 97 81 14 49 61 10 49 77 90 6 77 3 16 96 0 69 86 26 59 33 16 71 16 94 49 34 60 11 19 89 25 49 87 23 6 31 72 13 35 70 59 41 46 3 94 97 1 35 83 98 19 83 100 8 88 23 24 89 14 76 47 22 52 79 77 78 11 32 86 27 42 15 77 43 59 51 61 5 58 29 5 73 73 95 69 28 83 91 15 19 95 87 76 19 1 8 60 30 78 81 86 75 10 7 100 53 20 8 8 78 5 3 91 88 80 28 36 1 45 0 21 32 32 59 81 10 48 34 77 49 51 31 52 45 58 26 26 97 23 78 72 99 59 69 8 57 33 27 68 57 20 79 16 93 67 21 47 69 8 82 5 51 23 29 73 99 100 70 68 31 4 24 43 100 35 46 20 59 36 27 77 71 31 54 34 18 43 60 89 30 30 85 36 34 14 39 78 41 34 92 43 73 81 16 23 39 78 68 49 99 29 91 72 81 88 27 18 62 35 41 38 23 51 59 17 14 45 22 37 80 25 10 27 31 55 23 82 71 22 48 7 68 64 57 18 80 83 25 33 66 12 54 69 24 71 13 53 75 99 11 50 24 51 76 8 88 1 38 33 78 17 7 23 53 62 89 99 36 99 14 57 78 61 100 9 32 66 47 91 6 82 2 68 53 65 70 3 98 69 60 8 51 99 53 78 58 37 47 27 21 16 39 46 91 72 0 79 86 85 96 37 61 52 15 45 82 82 54 68 42 15 1 7 25 100 70 56 89 24 66 56 92 54 29 61 57 95 36 70 7 33 22 7 58 52 41 37 76 66 81 35 7 88 65 25
31 64 22 70 13 79 16 44 23 49 98 56 68 13 21 44 10 86 58 34 92 93 86 89 11 80 41 50 85 71 31 70 89 39 10 73 47 17 68 46 62 53 37 85 62 23 8 88 62 3 41 39 33 76 94 16 39 39 17 65 98 69 9 48 67 70 81 95 75 11 52 17 19 17 83 74 41 31 46 80 5 49 74 42 74 31 15 38 50 38 92 3 55 71 2 90 4 62 28 11 43 63 90 41 24 35 93 99 79 40 34 42 66 41 19 17 4 6 82 98 69 99 51 17 9 83 3 52 11 93 95 19 29 14 71 29 54 19 33 2 71 2 83 31 27 96 17 59 7 15 80 71 70 17 87 40 17 17 41 9 35 81 61 37 7 5 59 35 63 68 34 70 32 81 11 97 86 87 69 42 5 64 60 80 92 11 11 97 26 5 71 61 71 13 54 2 49 26 60 91 9 29 16 41 92 14 16 89 8 90 92 30 73 60 29 63 38 18 81 76 79 53 14 100 46 8 25 30 1 36 23 17 97 100 23 87 96 60 60 47 93 16 11 99 71 10 47 85 46 13 52 85 0 74 7 57 5 31 15 66 43 3 49 36 70 67 74 47 37 62 71 66 62 11 93 74 6 88 78 77 61 26 86 85 92 15 81 59 71 74 20 16 76 32 62 6 19 38 12 71 98 5 0 61 58 63 99 54 100 57 15 37 77 42 70 42 73 7 34 7 1 9 30 91 14 51 2 42 64 63 90 51 94 56 20 3 38 95 24 92 84 58 72 64 42 20 100 9 30 24 41 15 36 5 69 92 72 67 95 2 45 2 48 59 70 56 40 72 47 72 75 2 49 55 8 93 75 87 95 51 89 74 54 79 1 64 94 89 42 28 73 72 35 62 71 18 36 70 60 51
48 71 36 59 97 66 29 39 95 27 59 54 4 13 51 98 69 68 54 92 4 26 42 33 48 66 42 80 4 55 81 90 84 83 80 89 46 86 39 33 0 98 90 88 72 41 100 75 3 58 78 95 8 10 64 76 61 1 64 4 60 15 54 50 82 53 5 32 0 79 70 87 55 25 72 12 68 85 57 76 2 32 93 41 12 13 43 36 56 74 52 60 64 13 3 85 53 59 52 48 55 50 5 98 95 19 65 14 3 53 61 49 87 43 73 83 50 17 70 65 83 56 54 15 13 13 13 81 17 89 74 50 18 36 91 78 23 10 39 88 31 2 36 44 89 90 6 84 24 68 92 12 30 29 73 15 39 78 79 44 61 41 31 6 56 9 81 29 36 48 48 69 82 91 16 23 0 84 59 84 96 61 14 19 63 43 27 54 24 81 25 1 52 28 61 6 27 4 64 63 52 6 34 76 79 57 76 80 56 19 38 100 10 87 80 33 51 35 82 88 49 21 33 94 79 8 8 51 90 11 87 97 87 51 59 70 31 62 91 18 43 95 93 71 46 22 24 1 2 93 11 16 19 61 19 76 55 67 40 77 57 25 23 87 40 12 65 43 2 86 65 80 30 87 14 57 58 2 94 14 51 4 62 49 28 12 66 90 12 45 43 43 6 57 55 59 47 8 51 70 29 39 2 8 39 16 92 80 85 9 57 33 73 67 16 32 95 1 14 12 97 90 42 43 47 40 54 32 34 22 64 46 47 60 85 84 1 2 36 5 47 30 81 100 95 55 84 89 79 68 20 54 24 78 15 18 91 22 37 32 15 31 68 50 79 99 69 90 65 48 92 49 87 77 90 13 56 59 40 13 45 90 18 74 72 95 68 64 56 27 2 22 100 12 44 64 11 37 94 76
85 99 85 43 20 49 29 67 35 24 7 6 55 76 29 24 90 94 50 17 40 5 28 42 92 94 47 48 100 36 90 66 40 87 33 62 32 6 7 63 15 79 79 70 53 80 22 31 83 97 61 84 37 39 52 11 14 72 29 87 50 65 34 96 38 20 12 94 91 83 94 100 95 4 2 62 56 52 48 32 28 2 3 33 73 38 1 61 21 93 2 29 70 64 37 16 5 64 70 43 36 91 73 89 46 36 91 18 57 57 100 53 22 57 100 55 45 71 61 72 24 21 34 24 79 7 16 64 9 60 90 57 75 54 55 32 12 55 26 34 48 69 100 58 52 4 6 33 82 34 95 42 2 68 1 60 39 91 95 50 12 9 24 43 3 93 39 11 20 41 89 75 53 56 82 1 21 10 1 41 56 77 35 96 95 96 19 66 23 35 67 57 88 75 85 48 94 54 43 67 23 55 67 51 17 44 19 59 70 98 22 81 79 91 23 94 55 76 36 1 85 45 90 91 33 4 37 88 62 6 61 78 69 31 72 72 98 95 35 43 3 91 77 8 65 32 66 61 72 44 95 45 86 94 39 40 14 72 57 45 99 53 25 89 78 20 46 23 44 83 48 69 63 54 35 26 17 26 89 75 69 98 17 33 55 43 88 53 62 88 1 83 95 91 28 92 0 80 43 31 46 63 60 37 46 94 11 17 60 89 3 59 56 16 5 31 78 92 19 75 89 11 87 61 69 51 87 6 97 68 26 25 33 85 73 33 15 48 53 78 35 71 93 14 73 85 70 80 52 36 97 18 24 46 53 18 96 76 69 58 38 30 11 67 77 94 18 22 44 86 99 64 25 81 64 95 77 77 52 61 100 69 31 39 98 1 59 82 47 77 79 9 25 52 58 75 19 66 17 61
73 98 14 8 97 95 74 40 71 4 71 14 6 92 7 61 60 97 33 96 12 34 11 60 81 86 43 13 76 2 62 1 93 76 87 58 8 2 57 30 9 25 87 47 99 53 93 76 18 60 69 75 98 15 81 47 61 0 77 69 40 3 40 82 99 52 62 45 83 28 66 6 16 29 92 29 97 23 40 45 54 68 100 63 40 61 70 4 37 76 92 39 88 17 70 44 72 70 17 28 66 14 90 73 87 69 43 75 52 33 27 25 59 6 14 43 97 90 2 46 63 84 77 28 12 74 70 6 1 61 27 42 63 3 64 21 5 73 12 78 84 61 32 15 82 89 96 90 67 84 1 58 64 97 24 48 20 8 79 25 98 71 21 41 80 31 34 89 20 83 44 10 82 7 61 43 80 79 21 74 80 86 12 44 97 63 47 91 48 33 16 24 10 93 24 64 16 4 56 22 10 29 62 32 2 90 69 38 15 52 93 23 75 92 47 35 51 26 25 89 81 15 93 20 85 21 24 32 44 90 11 44 19 27 82 89 51 78 48 31 69 68 12 61 80 20 52 27 33 55 57 74 79 4 60 100 63 12 15 12 42 14 15 69 12 45 78 53 67 46 21 77 58 29 96 55 70 73 22 37 100 77 22 58 21 54 58 13 6 59 64 18 29 48 20 26 15 38 3 42 22 32 15 47 53 15 84 35 64 52 74 59 41 41 37 19 76 15 1 52 80 36 18 94 75 74 11 66 1 61 8 31 26 59 35 43 76 97 15 26 55 89 99 51 24 43 45 89 51 2 73 41 57 67 88 51 98 74 91 92 95 16 84 52 82 98 6 81 27 89 13 60 43 89 77 74 63 98 0 50 78 17 73 37 14 84 35 98 36 69 41 72 24 96 4 97 51 98 73 76
30 85 19 64 24 48 71 49 96 87 45 87 58 63 79 94 58 0 0 53 94 62 55 43 6 43 86 7 46 3 20 70 6 4 43 40 27 24 14 65 38 27 48 73 50 21 28 87 30 80 98 42 58 76 35 37 37 66 33 55 71 45 14 98 9 97 24 6 18 77 39 63 79 11 71 72 49 77 79 70 17 13 9 45 45 88 57 73 31 6 22 43 60 63 75 57 77 8 54 40 89 17 45 68 74 3 87 8 55 65 32 75 76 87 25 47 67 14 59 30 7 69 20 47 99 74 41 73 34 61 8 34 51 29 55 88 99 49 31 34 39 40 76 59 51 6 28 9 59 74 66 33 94 20 64 96 77 18 49 99 93 100 88 21 88 14 68 23 65 90 95 82 18 80 7 67 38 96 53 56 83 2 46 49 98 90 5 27 93 13 56 37 75 61 77 64 40 99 93 45 91 64 94 48 13 67 74 89 69 36 73 65 37 63 53 29 97 58 36 51 66 81 88 47 54 10 69 4 69 20 76 78 74 85 37 24 56 22 18 61 29 58 53 26 60 35 29 70 2 66 42 63 23 75 71 17 13 72 2 4 32 40 64 36 1 10 95 20 76 38 90 75 68 37 2 67 21 16 49 61 63 78 72 44 29 93 99 37 29 48 12 90 99 7 25 90 82 91 35 71 26 53 77 62 8 79 93 6 10 30 81 7 69 27 2 17 96 60 69 12 72 18 61 41 35 42 64 22 41 57 56 37 96 3 46 59 24 35 17 85 24 98 57 34 57 41 0 55 1 32 76 69 71 1 100 12 90 62 68 37 38 47 79 100 51 95 60 56 87 49 25 8 14 60 2 11 37 70 35 4 18 41 88 72 23 37 13 31 57 54 70 66 89 27 77 10 11 48 8 5
32 37 86 5 70 83 19 21 86 42 49 74 64 18 74 84 39 16 2 24 69 27 9 24 3 76 58 85 57 78 86 32 79 5 39 51 31 7 44 19 95 85 97 97 37 46 0 68 100 73 94 98 95 0 68 77 65 72 34 0 57 53 77 79 79 95 46 80 33 24 86 53 39 32 16 29 21 33 36 12 24 99 62 60 67 76 17 93 70 92 1 95 35 56 99 58 30 80 94 72 12 4 54 78 16 55 31 83 82 27 86 31 55 82 95 46 79 46 5 11 72 40 2 88 35 83 2 99 39 23 65 64 58 71 96 14 43 30 28 96 51 42 24 60 78 82 93 6 39 82 97 33 33 23 86 72 35 39 58 59 20 78 15 93 95 33 25 10 19 92 76 97 55 77 32 24 95 62 23 88 16 77 64 97 8 56 68 77 57 80 95 100 67 33 58 33 41 82 78 56 82 94 70 82 63 1 23 15 72 65 31 49 33 80 75 46 21 88 25 92 71 14 85 19 73 41 59 92 10 28 11 27 36 31 65 21 96 23 67 35 71 51 9 100 91 93 55 66 41 56 2 18 54 3 44 47 39 51 40 64 73 79 19 29 55 32 85 62 22 49 2 17 86 96 19 60 63 30 76 42 94 95 44 0 30 84 78 26 27 65 5 87 43 17 3 81 3 85 56 5 81 35 94 87 23 43 40 35 48 9 65 82 37 45 47 59 4 47 5 44 85 83 13 70 49 73 85 83 10 39 51 27 16 92 19 51 35 80 14 61 98 10 0 87 62 8 54 21 58 29 79 9 35 14 48 52 34 2 12 22 92 34 89 82 100 14 77 67 60 95 55 52 91 11 96 1 78 27 35 25 34 32 17 25 0 65 20 28 26 90 91 40 68 23 13 90 57 86 33 95
82 100 35 70 60 46 48 51 95 57 3 38 23 97 83 30 22 100 61 99 75 66 98 75 47 72 44 86 20 25 36 83 99 80 28 27 41 58 93 48 75 25 35 67 82 59 51 61 73 95 67 19 4 52 41 0 86 91 40 86 28 32 8 40 40 7 68 7 98 76 65 18 56 43 75 61 29 12 30 51 0 18 6 7 88 20 74 78 33 26 86 14 19 90 94 4 12 56 29 70 77 24 55 11 69 62 64 75 50 2 74 53 16 15 98 89 0 18 98 96 76 33 48 3 29 37 20 33 27 10 45 41 44 100 11 13 37 10 91 44 81 24 74 26 47 100 13 79 35 36 76 22 84 16 50 19 11 8 54 35 56 49 64 45 31 69 93 9 56 43 15 4 79 90 37 54 88 32 52 76 36 5 62 49 78 11 21 74 65 87 48 25 43 73 79 99 10 74 98 83 56 83 86 22 25 39 31 29 96 61 9 53 35 1 34 72 11 10 75 66 67 42 57 12 7 23 46 15 79 98 68 4 0 52 32 98 20 41 14 55 16 81 96 31 9 83 62 80 51 9 80 21 33 96 51 94 85 63 32 63 45 5 65 51 75 59 71 36 52 45 89 49 41 21 27 79 52 73 40 39 90 69 14 27 18 28 94 10 4 26 18 21 39 91 72 70 73 27 64 61 51 57 75 18 23 39 97 53 12 21 8 19 3 100 29 21 96 32 38 59 28 69 19 45 16 6 15 51 23 31 79 14 56 12 78 29 32 75 28 100 12 25 46 11 33 76 24 15 57 5 36 54 91 62 30 54 6 25 59 76 59 55 49 10 76 42 12 42 61 21 41 62 84 41 9 85 16 52 69 93 31 94 73 25 20 73 86 79 26 78 48 56 25 71 7 40 29 63 44 28
29 2 62 44 44 80 55 92 25 43 57 52 94 54 72 58 40 31 71 96 84 78 46 48 5 24 82 13 87 73 17 17 32 97 69 90 35 99 60 71 83 91 16 67 93 79 90 78 97 33 41 1 85 94 76 88 99 95 66 81 33 52 100 14 46 80 63 2 69 6 78 13 51 15 7 69 80 57 86 0 66 88 25 2 33 8 44 80 26 16 90 44 18 47 27 57 65 26 15 46 74 55 17 8 15 79 25 84 77 73 50 16 63 98 69 39 33 88 33 54 64 64 46 18 23 54 66 61 71 92 99 80 89 72 45 71 30 56 45 90 34 94 68 89 100 17 18 13 75 96 12 96 51 2 23 9 77 59 90 33 70 43 23 81 77 3 90 14 97 16 17 81 91 61 59 10 5 69 17 98 29 20 45 16 65 55 46 3 78 84 65 61 22 68 93 67 51 14 93 80 36 48 42 56 60 26 94 70 71 88 46 4 10 5 96 14 46 8 23 51 71 7 76 11 80 20 28 3 30 18 17 83 90 69 40 99 1 53 82 94 86 23 29 89 95 50 50 25 32 94 83 55 100 47 38 16 74 14 69 58 76 34 52 11 54 68 14 4 62 43 32 17 17 21 50 15 30 42 63 10 3 33 11 8 60 5 81 2 25 75 65 48 24 90 33 64 29 70 23 67 91 1 90 19 80 54 5 26 13 29 70 69 14 90 52 23 62 66 19 36 23 86 20 15 99 89 100 11 98 41 18 15 18 4 43 62 39 59 96 61 34 45 23 67 4 67 35 62 82 84 34 81 15 55 18 12 18 67 74 53 54 25 26 39 41 100 42 50 97 2 91 70 88 93 20 19 10 61 7 17 39 60 93 43 1 80 64 28 55 99 8 94 46 15 65 32 86 57 77 43
96 56 88 6 94 9 1 30 16 48 56 95 28 70 60 67 54 0 4 21 29 72 98 55 90 33 92 72 65 97 37 39 38 56 66 60 81 35 66 50 65 91 85 19 14 27 50 97 53 1 4 17 57 12 90 33 82 29 91 15 6 82 88 66 3 60 76 82 23 25 92 92 7 70 28 65 76 11 99 99 39 93 77 84 28 48 33 94 78 64 17 40 18 39 34 95 68 49 41 40 5 13 66 75 83 15 2 80 100 100 95 49 21 34 38 68 21 17 87 54 38 84 87 28 71 42 16 15 83 95 34 0 38 50 53 83 48 74 11 65 46 95 21 85 14 29 32 61 94 45 45 63 83 70 69 27 51 32 54 83 24 8 5 79 17 47 51 32 49 45 30 86 65 53 74 43 50 29 94 8 92 35 16 65 60 19 25 73 60 20 14 67 100 37 21 52 44 0 76 62 59 9 22 26 97 70 58 50 80 26 20 28 75 61 52 14 63 40 87 34 23 45 9 36 1 65 87 67 14 5 88 21 20 20 20 51 61 90 15 70 74 72 0 25 93 2 99 76 62 16 96 39 14 62 0 26 4 7 19 100 44 77 82 84 65 73 7 5 10 87 100 30 90 31 39 47 6 57 18 84 55 60 22 6 41 90 53 78 96 27 41 24 96 17 70 14 66 90 2 34 10 96 5 42 13 44 61 84 14 37 15 8 12 18 19 2 94 5 35 18 64 71 12 89 100 42 12 86 38 69 44 78 41 31 65 7 45 28 63 97 100 62 36 76 51 43 55 71 15 99 75 10 92 35 44 43 34 67 76 51 79 52 3 75 76 99 7 84 91 98 30 49 8 76 87 66 42 65 71 18 81 54 95 98 95 81 24 100 2 22 66 31 39 90 85 10 55 40 29 1
8 88 43 10 95 11 66 7 71 38 82 18 83 41 79 23 84 60 27 61 51 38 58 50 77 69 87 24 66 19 75 90 56 56 49 18 22 33 0 15 2 31 86 52 31 23 57 20 9 28 61 83 15 100 34 54 26 59 81 85 72 41 78 27 46 96 21 27 23 71 8 88 21 57 20 25 88 82 9 98 91 44 64 40 96 93 54 73 63 50 89 24 41 89 10 72 100 55 59 34 31 7 36 17 37 74 70 35 74 16 100 89 38 92 49 97 73 71 78 2 59 59 92 64 60 56 90 87 54 88 70 88 97 31 75 27 70 21 11 60 9 29 54 93 24 86 24 15 11 70 42 75 53 45 44 0 13 69 97 78 1 23 78 100 99 20 38 54 84 48 63 14 80 40 37 70 9 96 70 96 71 60 47 15 79 77 68 86 86 73 85 69 76 92 35 93 17 95 85 97 64 59 44 23 91 78 1 15 45 56 81 50 41 59 24 65 57 69 49 42 70 6 86 35 66 76 13 69 33 68 66 67 83 48 70 12 9 41 11 63 14 40 55 67 87 58 97 84 21 14 92 15 92 30 64 85 48 59 12 19 87 58 89 92 96 42 69 53 99 19 66 88 4 20 75 36 32 30 90 32 58 83 63 83 20 6 13 65 24 73 36 100 13 39 89 39 97 34 89 49 3 22 89 67 39 45 24 73 12 52 49 81 48 2 98 58 30 19 94 60 33 39 93 3 7 16 50 93 93 98 15 28 51 66 100 4 39 93 23 61 58 25 71 56 85 12 67 27 27 64 7 39 71 74 66 45 59 23 50 0 48 78 86 21 22 94 83 53 85 87 20 42 91 31 25 79 93 78 27 22 100 26 76 60 8 2 36 95 1 1 69 21 61 36 8 43 23 15 64 18
32 37 59 78 22 31 97 78 92 85 43 45 47 38 89 22 25 71 30 31 14 92 25 35 26 5 77 22 50 33 17 12 59 36 17 30 47 4 81 81 19 47 84 33 47 53 25 34 89 70 67 61 67 53 35 29 16 66 35 46 27 92 56 35 22 57 16 88 16 68 21 98 22 35 82 87 31 100 99 10 52 58 30 77 31 29 80 66 20 25 6 50 41 38 56 57 85 63 71 91 78 35 10 31 96 34 29 64 63 48 80 2 90 92 81 65 58 40 55 90 10 52 52 50 42 25 20 45 40 47 27 6 8 94 59 35 26 44 29 91 85 38 65 1 79 99 73 88 72 9 66 39 59 80 74 13 15 22 57 69 99 89 15 96 4 43 49 54 8 86 21 10 80 18 12 29 71 32 94 58 0 2 65 99 37 86 8 23 2 44 1 79 36 35 70 63 47 2 89 22 96 99 60 14 89 75 75 19 28 0 34 44 70 13 28 2 27 100 72 71 24 90 65 27 100 41 43 88 97 2 62 89 3 46 34 92 85 47 86 95 82 42 94 52 68 93 0 8 77 38 7 60 92 93 100 19 34 42 2 60 55 57 65 51 71 79 87 82 20 89 10 2 100 99 76 80 97 26 83 90 22 65 50 40 0 44 99 16 43 7 40 81 46 13 49 100 62 58 86 70 36 83 37 18 8 55 20 32 80 42 85 90 78 89 27 17 6 10 37 28 50 58 25 36 56 1 8 3 51 14 80 16 99 58 38 80 87 40 34 58 50 74 69 100 5 76 18 40 34 94 49 86 38 50 27 67 77 6 25 81 5 79 99 54 86 32 3 40 19 81 5 85 88 55 23 98 70 32 55 40 2 82 46 5 74 72 9 52 53 69 86 40 45 74 26 76 53 24 58 0
3 35 45 33 14 8 94 79 93 29 8 30 95 55 71 66 72 46 31 2 77 100 7 97 44 63 57 64 28 41 11 17 78 3 83 68 17 19 59 43 7 78 58 22 100 45 54 41 21 5 80 35 9 19 74 60 10 55 65 19 68 43 78 32 39 87 53 3 85 72 81 76 83 8 32 2 10 74 8 61 57 61 61 27 97 54 74 85 48 37 87 6 3 24 23 34 52 9 34 65 57 81 50 31 57 90 83 20 38 2 3 14 94 53 10 6 78 68 13 91 53 53 46 96 6 89 50 99 61 33 2 76 48 88 0 6 3 94 1 64 80 34 71 19 4 42 73 68 98 41 80 97 70 52 66 77 17 51 13 79 5 52 19 77 8 10 96 51 63 12 32 38 41 45 86 76 85 17 7 4 85 69 83 43 41 33 17 25 40 44 30 1 37 83 6 31 62 62 42 59 87 99 7 47 81 77 24 17 37 74 10 80 0 83 50 47 43 49 48 84 100 89 68 2 5 37 28 81 99 51 29 67 44 38 23 68 8 61 1 15 69 70 88 95 39 57 71 63 19 11 19 1 13 56 61 7 49 37 10 50 50 57 76 19 57 67 22 42 43 66 30 71 5 25 96 16 77 94 85 61 86 98 86 47 74 42 27 63 37 16 85 42 22 67 27 10 25 63 95 53 61 12 89 13 56 8 55 95 15 46 5 66 9 8 8 99 49 92 87 71 10 35 97 0 69 88 98 82 90 38 40 30 45 81 32 58 86 1 86 34 37 15 88 72 73 54 53 22 57 48 76 82 78 19 43 93 38 94 52 29 89 8 86 17 97 28 78 52 100 68 18 49 7 6 30 1 54 37 20 42 68 69 40 4 41 94 69 2 47 85 10 24 65 63 50 44 4 85 80 61
96 3 8 14 19 45 32 62 37 32 64 88 6 47 25 55 12 39 33 97 24 54 92 86 54 17 26 39 13 26 44 45 0 44 48 24 87 100 41 82 80 41 24 61 96 11 46 58 7 90 22 57 52 49 56 78 89 49 42 18 25 76 35 96 13 61 56 65 51 57 6 73 68 35 55 13 53 82 31 1 21 44 43 51 88 10 38 17 20 93 85 82 10 27 20 57 60 77 90 98 23 18 24 49 32 35 5 6 57 1 35 10 56 87 96 11 43 11 17 54 71 29 33 57 38 4 68 47 11 70 66 54 1 36 27 1 86 13 56 7 56 94 21 71 86 77 89 90 99 11 18 33 25 23 1 98 34 67 14 65 26 31 92 56 71 100 44 93 21 63 82 55 63 75 94 66 37 63 64 31 29 33 99 39 81 64 99 52 60 30 97 50 3 86 18 96 59 70 78 15 99 87 25 82 53 20 55 59 73 16 80 80 90 24 6 95 95 74 19 88 6 16 70 63 52 72 54 7 77 91 55 13 5 54 82 4 47 100 63 69 69 60 66 32 36 57 34 48 40 64 69 57 45 37 88 65 61 91 43 79 61 39 74 17 60 71 97 93 85 17 31 33 7 19 48 90 90 38 31 27 22 47 87 40 17 62 35 27 44 17 74 74 58 72 83 65 44 44 32 27 95 31 50 45 11 13 19 51 82 4 67 9 64 65 83 95 41 63 2 49 96 54 28 67 32 76 8 6 29 4 1 63 60 51 21 52 19 10 99 67 43 13 73 55 78 9 78 28 27 28 80 59 9 69 57 58 36 1 98 80 62 50 63 76 67 53 74 100 27 47 60 42 97 49 54 79 17 100 89 24 65 95 31 35 96 45 24 51 72 83 96 52 74 97 21 49 54 75 12 97
3 57 9 33 98 49 59 60 90 8 8 44 30 3 59 51 8 51 13 47 15 22 54 38 59 48 64 13 87 4 68 1 78 92 49 20 2 47 9 40 30 36 4 29 32 27 54 36 94 62 1 24 51 78 15 67 29 78 66 56 34 44 4 13 47 25 27 91 44 93 65 3 56 3 27 56 92 46 37 87 33 21 92 22 76 56 12 82 34 38 79 83 27 6 8 12 8 20 92 27 99 74 0 65 81 67 36 38 35 29 16 1 89 17 32 15 89 80 70 55 52 52 92 69 98 68 79 36 0 85 14 25 93 36 49 82 58 71 22 45 12 1 38 8 59 94 12 96 95 66 70 46 55 58 19 32 86 94 79 35 78 40 25 25 75 25 36 27 99 48 0 12 64 30 38 5 19 37 8 61 31 55 12 73 9 84 83 47 82 13 39 24 32 57 84 35 59 52 22 12 66 78 12 31 97 96 20 75 6 40 5 6 1 77 31 62 39 61 60 13 10 41 67 58 42 44 39 47 46 47 42 33 18 30 36 27 2 82 42 91 60 63 25 31 51 95 73 16 97 19 94 92 13 72 36 48 42 100 87 88 63 96 56 82 42 68 54 45 28 59 72 91 6 78 62 62 87 57 33 100 72 75 80 87 80 37 13 98 69 18 0 31 68 62 13 42 27 56 82 72 6 34 5 37 97 12 22 40 35 36 42 71 71 37 69 57 100 31 82 37 46 54 26 39 37 2 26 46 73 45 91 26 84 92 67 96 37 37 41 38 84 48 59 8 33 67 12 34 67 74 15 56 59 0 4 57 49 45 83 18 90 23 52 44 27 43 3 91 58 99 2 59 76 27 66 54 2 14 76 7 11 30 3 45 18 45 40 52 48 38 36 21 93 64 76 41 82 60 5 42
72 27 17 79 94 3 70 9 8 67 85 57 66 28 65 8 100 18 48 43 74 34 42 73 31 50 90 33 54 71 46 44 42 81 99 11 70 46 71 9 95 49 88 29 99 97 58 92 63 61 77 5 12 50 82 0 74 1 72 5 86 21 28 54 53 84 51 34 68 44 81 78 5 39 7 58 91 58 75 89 87 37 54 36 15 15 27 72 77 79 88 58 55 31 39 100 43 73 83 43 1 0 31 82 99 85 72 73 34 81 8 16 48 60 90 36 60 94 25 75 36 7 8 24 19 2 30 67 28 54 0 47 88 46 63 57 17 84 97 12 21 80 87 22 39 72 53 58 41 100 52 37 65 83 70 94 69 3 59 37 37 58 42 28 13 57 32 22 81 0 73 17 71 19 11 91 54 7 5 17 17 33 68 48 34 9 95 29 5 84 14 29 35 13 22 20 90 86 32 7 98 19 69 10 47 0 61 32 38 11 16 95 12 45 32 10 88 9 40 85 80 29 84 75 85 62 8 53 72 23 34 70 83 84 82 34 71 25 42 48 10 93 100 57 69 3 84 73 76 15 38 98 85 45 68 80 11 66 37 44 36 7 32 16 29 44 77 94 4 28 68 98 89 2 9 16 48 97 86 81 98 86 36 64 95 69 64 62 10 55 65 0 75 67 65 1 69 98 0 35 84 56 10 63 67 52 100 30 35 82 30 62 64 74 87 21 33 66 0 65 59 70 49 17 26 31 5 70 67 52 93 66 68 17 42 30 74 20 15 22 6 86 35 46 46 73 67 1 45 43 60 21 81 69 83 76 27 60 10 12 10 47 41 41 16 100 8 26 24 7 73 94 40 17 87 14 91 79 95 45 50 32 99 74 89 97 95 30 87 32 49 38 95 48 26 49 92 81 17 43
49 51 62 88 60 79 31 86 38 93 96 89 27 41 39 36 44 47 60 25 57 66 94 54 87 85 97 44 9 52 17 45 97 6 93 10 80 65 86 21 94 67 52 78 77 84 91 30 6 31 16 85 65 65 33 42 17 21 35 11 75 72 17 22 53 76 54 14 78 86 72 47 49 61 28 80 69 3 62 52 48 11 90 72 19 13 60 66 30 39 80 14 98 52 10 31 59 86 94 40 90 16 52 96 88 27 40 31 60 32 77 78 27 66 97 17 67 57 53 62 50 79 26 44 78 60 53 14 16 27 35 46 86 85 11 26 3 55 66 23 70 89 71 30 63 24 28 35 84 100 38 17 57 56 15 73 32 70 81 1 17 50 52 42 12 70 21 78 56 56 9 12 43 25 56 76 71 2 46 41 34 97 50 8 92 33 40 38 77 14 90 35 4 96 60 10 40 58 78 32 100 73 91 1 46 16 14 4 53 97 46 95 21 81 5 90 50 22 4 52 52 37 2 85 15 83 65 46 70 2 85 53 17 77 78 5 39 11 25 48 86 48 6 43 2 51 22 41 64 40 4 15 76 42 57 50 9 23 16 14 86 78 95 30 14 47 89 15 95 85 15 80 21 61 68 76 97 19 30 44 55 64 90 92 64 34 35 66 64 80 47 15 44 38 9 1 27 1 65 11 66 60 89 93 88 59 77 20 54 30 0 20 9 54 38 11 100 16 73 66 37 95 43 21 80 31 84 87 99 86 15 67 13 34 37 92 91 10 0 97 89 39 71 82 69 22 12 94 73 18 51 43 60 49 7 13 31 26 24 27 85 43 87 31 18 10 73 86 6 79 21 75 38 46 49 78 34 76 27 46 17 54 81 95 25 7 89 33 77 94 51 93 95 39 50 68 69 14 30 57
55 8 43 50 14 37 67 5 17 16 21 84 79 10 23 26 41 74 68 14 32 71 97 36 37 35 21 33 94 57 94 34 7 33 28 62 85 64 40 21 12 51 82 57 55 1 27 8 63 22 85 68 37 51 18 2 39 40 42 74 12 94 85 1 41 87 40 5 13 62 2 25 15 54 46 94 6 12 48 46 73 76 93 81 43 42 82 0 19 3 9 80 66 58 95 42 69 15 10 94 89 43 77 29 57 89 16 3 94 71 96 88 71 75 87 21 32 97 76 71 72 43 12 84 82 69 54 3 52 55 72 19 85 21 14 17 16 82 8 57 72 62 89 41 29 15 68 9 69 46 14 23 83 35 28 96 3 94 94 74 44 18 4 41 22 78 11 50 79 30 93 19 6 47 83 87 43 1 86 70 25 81 10 1 94 71 65 100 86 88 62 5 25 94 77 81 63 51 23 95 7 42 2 60 93 57 34 91 35 6 39 20 58 79 21 56 55 21 97 15 63 83 29 7 18 9 72 61 86 73 77 90 81 19 89 4 47 97 31 9 67 47 22 45 100 86 78 81 72 1 37 61 71 83 66 51 72 15 15 59 79 92 34 53 60 97 82 83 5 61 47 16 10 35 81 32 34 73 60 53 36 98 92 58 44 65 81 17 14 43 88 76 55 54 64 2 92 19 24 44 40 70 16 24 29 7 37 61 3 62 15 36 62 57 55 81 80 79 91 10 88 3 5 92 99 11 84 38 45 45 43 80 72 60 62 64 30 98 89 74 85 36 19 27 72 45 34 58 54 23 53 3 21 44 64 31 22 0 61 15 27 84 91 23 42 35 76 42 23 31 9 92 39 10 53 54 31 84 57 32 9 21 4 86 72 60 81 25 54 82 18 36 95 53 6 69 3 13 11 56
40 8 80 76 92 37 23 56 21 35 75 42 71 75 69 97 5 5 26 74 11 71 92 89 3 37 39 53 20 35 24 77 5 32 10 81 73 30 98 22 11 25 27 6 52 32 18 84 9 1 69 53 65 33 32 54 96 28 8 26 49 13 46 12 21 26 79 77 35 47 24 81 94 78 88 62 46 52 99 21 28 22 25 39 16 44 3 44 61 68 28 13 67 50 64 33 61 8 76 42 8 43 98 30 60 18 24 10 6 18 98 4 56 19 6 38 14 84 26 97 61 89 65 29 61 11 20 3 13 95 98 56 76 84 71 80 20 47 42 58 27 78 0 100 66 23 46 62 56 100 78 28 50 71 50 17 92 73 17 87 74 19 56 65 93 67 78 72 36 87 30 30 47 14 28 5 89 65 89 50 23 25 84 94 94 41 46 90 98 65 95 12 36 75 83 16 12 54 72 39 14 22 48 77 89 34 21 41 3 22 87 20 33 42 40 70 82 64 66 70 82 45 19 2 86 12 92 55 83 36 99 43 26 100 43 29 31 93 57 99 67 17 32 33 18 13 48 8 2 23 70 1 78 39 27 100 38 18 22 19 85 43 7 92 75 30 77 75 45 6 77 50 45 23 43 4 29 87 7 8 0 54 37 64 17 2 74 2 56 13 85 64 3 72 9 79 18 24 39 43 31 39 7 56 13 82 74 9 65 73 50 15 34 100 44 26 35 67 94 68 55 40 68 18 6 73 31 84 93 95 30 9 93 82 26 19 47 77 1 39 54 94 82 75 89 39 94 70 5 3 33 37 100 95 66 12 45 90 87 40 83 90 24 98 35 77 0 21 56 65 72 5 80 72 0 24 51 7 1 35 75 69 47 1 71 66 97 66 31 94 1 4 49 39 16 33 50 86 39 84
59 24 46 29 46 61 86 59 55 50 5 17 65 62 51 10 76 65 42 63 94 28 55 97 80 18 99 21 12 49 60 48 78 20 7 83 28 91 7 36 60 41 3 20 88 89 59 72 73 25 13 70 93 13 60 21 72 63 11 8 41 25 19 65 12 98 73 32 92 10 39 40 44 89 6 63 81 15 15 23 42 87 74 77 87 63 41 19 44 44 50 46 63 19 78 85 76 38 45 57 90 66 74 54 30 32 52 24 33 35 18 100 51 36 27 11 52 80 8 26 0 89 60 48 49 52 13 99 25 38 21 77 37 90 39 32 51 31 5 41 27 90 90 68 16 31 62 27 6 32 76 47 2 92 48 18 11 54 48 95 50 85 87 60 34 62 24 0 2 7 42 14 11 89 54 80 91 83 36 85 94 100 32 5 80 10 17 70 8 33 20 90 1 68 67 79 93 83 17 30 96 91 98 90 75 31 100 26 21 90 67 9 4 30 54 9 22 63 6 70 43 54 52 8 62 11 98 33 80 44 69 91 62 8 86 97 88 98 81 32 7 95 65 65 26 89 50 16 80 34 36 12 12 10 4 42 19 60 93 30 56 32 95 15 66 6 25 56 40 54 48 31 51 61 84 51 24 27 93 11 81 46 30 81 92 79 87 12 21 32 61 73 60 59 33 70 34 45 32 1 44 40 91 99 40 93 46 49 84 79 10 25 75 98 14 47 51 9 55 77 8 72 73 70 56 44 57 81 96 9 78 47 43 93 74 50 25 5 50 71 61 68 28 31 34 54 23 20 90 29 81 94 10 68 33 73 17 25 13 48 99 32 52 42 58 88 36 48 74 45 12 8 95 28 18 6 26 38 84 25 85 86 7 92 96 23 90 53 78 22 63 29 6 37 88 67 61 77 5 54
63 53 65 59 16 18 65 65 87 28 90 64 97 32 61 77 36 31 41 55 85 13 17 66 13 40 67 86 23 71 48 77 25 1 99 88 50 82 8 69 45 16 46 83 52 100 52 37 100 91 31 61 6 93 51 32 31 7 31 6 88 5 30 40 25 86 46 88 36 70 7 72 33 95 32 60 28 16 19 94 51 62 24 16 40 73 95 42 77 69 32 61 3 56 3 55 9 21 58 4 83 32 64 6 36 85 23 51 69 98 93 55 6 80 34 2 20 33 65 30 32 58 98 2 74 9 40 54 15 89 86 19 46 22 37 29 100 63 92 70 46 27 98 81 97 27 88 68 97 31 38 91 23 8 84 27 94 86 97 16 19 93 21 8 88 9 94 21 29 30 47 100 53 5 100 6 31 11 67 84 94 8 51 95 22 98 92 92 64 56 18 4 65 21 3 19 73 64 89 60 55 82 36 59 57 78 41 86 88 55 97 76 8 35 24 66 85 10 50 83 49 62 70 4 1 8 28 78 44 65 5 56 56 48 96 5 49 50 89 2 96 30 47 51 20 40 59 37 86 60 59 27 87 49 50 36 17 20 0 47 42 69 79 48 100 25 92 96 68 47 15 70 18 1 70 10 39 48 3 46 28 39 63 28 66 61 22 54 66 65 52 25 64 45 28 96 16 99 89 15 23 68 30 37 39 68 92 79 45 97 47 91 16 57 60 55 73 17 40 13 58 23 99 59 72 87 53 14 45 36 98 68 11 62 50 10 37 87 24 32 39 87 66 39 60 24 41 52 62 48 27 12 22 74 8 70 57 45 89 14 80 65 36 100 60 48 49 5 33 81 96 66 53 99 47 88 41 50 10 5 72 26 23 78 76 57 42 16 40 57 50 100 98 96 34 41 48 4 37 36
66 8 78 80 84 80 88 1 84 5 55 9 61 25 23 59 96 62 59 70 6 47 98 57 69 76 47 88 75 68 52 38 11 69 24 26 67 54 38 62 76 44 28 63 42 8 17 71 28 14 90 45 2 8 26 42 67 21 44 34 53 51 66 36 51 7 33 56 75 36 28 58 41 64 12 87 59 75 31 29 55 91 30 66 49 94 97 83 100 44 25 54 61 35 72 61 9 44 84 2 80 27 1 100 19 27 7 15 13 59 56 3 78 2 25 90 9 3 50 80 31 81 89 46 30 6 78 43 24 88 20 17 35 23 3 29 85 81 39 98 42 12 86 100 81 46 88 38 27 33 95 7 51 2 33 34 87 61 10 55 47 75 33 98 60 94 0 85 44 93 56 88 98 52 76 55 13 74 89 17 18 99 18 6 67 80 71 36 48 41 66 40 93 40 72 39 24 10 41 14 61 19 27 41 37 86 19 11 51 17 85 98 12 60 28 96 23 14 30 73 2 15 52 31 82 11 37 19 1 100 94 47 87 69 42 24 95 52 24 55 1 42 82 84 81 40 12 98 52 21 19 32 63 55 43 15 82 28 69 30 100 19 68 38 93 34 12 3 26 31 31 43 78 82 22 44 1 59 42 65 65 47 56 24 80 54 47 44 33 45 48 32 94 89 73 84 88 69 34 76 6 77 55 93 67 6 57 83 37 11 38 89 13 77 10 37 23 8 57 4 81 19 35 6 91 34 5 63 28 47 51 92 74 54 27 13 37 51 6 8 9 23 23 14 81 6 62 47 90 81 63 25 66 19 7 8 45 5 83 10 86 10 54 74 58 54 35 15 13 46 54 32 23 98 88 63 54 21 15 55 29 72 21 2 20 33 55 46 77 33 52 28 76 28 19 7 37 12 63 43
33 33 71 11 1 56 37 84 10 17 59 66 57 41 84 64 96 51 99 78 86 2 22 58 49 43 6 25 82 69 61 90 69 65 46 81 61 44 93 84 88 40 53 12 74 27 65 30 67 22 54 92 71 26 24 79 57 11 40 57 27 65 39 34 17 34 8 38 25 12 35 67 75 71 59 10 41 13 84 41 38 0 84 51 22 84 43 31 77 48 94 22 29 38 66 61 54 68 50 48 67 86 43 53 51 97 7 55 53 27 27 38 24 94 10 93 94 59 80 28 19 84 26 20 39 49 53 54 29 70 43 61 2 22 56 16 59 15 49 40 39 47 50 58 82 34 87 73 30 9 96 53 24 37 100 86 53 96 63 63 26 26 96 33 34 86 17 43 84 76 85 89 100 33 1 37 79 54 32 81 55 55 64 93 44 66 18 1 14 11 10 31 100 33 70 31 70 68 50 31 44 85 95 75 44 25 58 13 57 26 78 71 9 38 12 7 96 56 97 0 35 98 53 18 97 19 37 46 37 5 76 40 55 55 74 75 84 11 48 80 56 60 57 91 89 26 27 22 96 35 4 93 62 75 2 99 20 40 70 18 38 11 46 8 4 12 31 19 18 1 91 16 60 94 65 20 6 58 72 44 93 78 6 2 84 73 97 37 63 98 92 66 26 95 99 9 61 27 64 62 13 33 67 84 72 63 18 89 34 26 44 84 54 72 88 40 20 32 45 38 64 97 18 65 72 16 76 26 63 82 79 52 36 82 70 87 35 92 2 19 98 60 75 64 23 85 17 77 78 41 13 26 18 86 77 77 54 71 52 50 29 17 10 49 49 82 81 67 41 90 86 0 95 90 100 10 68 84 36 55 67 79 78 0 96 50 14 25 56 5 10 76 19 46 71 79 22 3 18 48
93 11 96 6 25 8 6 25 5 52 86 69 33 40 60 32 20 52 75 95 0 58 13 13 11 52 51 22 74 1 10 27 95 50 49 70 51 5 100 50 5 92 12 27 13 21 84 51 56 19 100 12 25 31 43 87 5 36 0 88 36 11 61 3 74 99 79 54 65 98 24 100 15 95 98 27 32 76 5 62 75 59 0 19 27 2 25 21 52 82 50 19 7 57 43 19 84 61 44 9 13 2 36 41 74 24 55 6 5 72 44 6 93 72 65 75 6 15 9 19 88 80 84 35 60 23 31 9 71 0 17 45 80 81 99 38 13 21 36 92 80 37 46 100 97 83 91 54 36 18 58 34 95 22 0 3 15 19 6 59 93 76 87 79 2 38 50 34 90 49 87 50 9 69 76 36 66 10 14 54 92 28 14 76 43 0 88 60 84 33 91 30 3 16 75 8 11 12 49 90 0 31 41 1 63 99 21 79 96 51 87 19 61 28 26 99 51 21 95 97 58 72 12 17 9 72 86 94 67 43 84 20 55 31 46 49 49 41 46 98 45 6 31 75 57 66 60 19 85 91 52 79 46 94 52 60 61 43 38 3 10 28 19 45 3 39 81 76 83 76 53 94 55 69 83 10 75 22 81 13 38 5 13 82 68 6 8 80 74 16 84 37 40 54 26 47 61 83 8 23 86 88 58 79 39 31 71 15 98 0 65 58 73 59 1 43 100 42 2 27 41 7 60 46 7 14 32 51 31 83 95 53 37 5 76 94 76 38 5 44 5 0 15 2 60 93 9 98 97 1 56 12 18 22 63 6 16 19 87 66 50 72 4 94 9 100 91 43 71 21 39 59 31 32 34 27 73 95 40 50 27 11 90 97 72 40 37 70 1 87 61 38 21 21 92 38 6 9 97 97
51 84 75 23 98 17 56 1 56 100 0 85 14 2 70 47 31 34 41 62 99 90 41 62 76 15 71 36 21 31 9 31 38 49 50 34 29 19 26 57 73 73 54 30 82 92 95 90 30 45 37 38 48 66 88 65 56 84 36 67 34 82 22 34 12 41 16 79 25 74 82 84 7 37 31 28 95 42 44 87 100 8 24 37 33 95 36 30 56 83 0 87 58 1 93 69 80 15 63 23 25 67 54 90 34 51 51 82 2 74 58 32 46 84 56 99 16 2 68 77 21 11 20 81 83 7 3 63 97 13 91 46 18 90 54 47 62 10 28 92 74 73 55 69 6 24 84 58 93 43 25 34 12 100 91 20 27 8 43 50 43 57 82 73 0 92 39 55 52 92 17 94 83 61 13 10 13 17 11 35 50 9 73 97 27 69 73 98 11 42 90 89 26 26 43 37 48 69 75 91 93 64 39 39 86 20 82 14 75 37 62 77 27 82 38 62 65 63 21 4 90 20 4 55 36 2 27 97 8 92 77 5 47 48 9 24 55 83 41 90 40 82 23 47 5 31 52 8 93 27 16 32 83 68 85 60 5 43 4 38 67 51 64 95 88 73 56 44 64 55 20 58 4 2 36 27 97 59 93 73 37 8 29 5 84 94 4 12 92 83 67 31 78 56 22 15 61 19 86 53 15 11 69 99 47 44 95 89 49 42 44 99 26 62 74 65 71 17 90 53 2 96 75 75 71 4 47 52 55 74 7 95 1 90 24 75 79 3 15 54 7 45 91 26 39 91 17 100 58 27 92 29 93 36 82 54 78 36 15 36 47 44 10 17 84 23 47 61 74 41 98 40 38 8 14 98 67 55 11 90 49 43 100 72 51 70 98 46 82 34 47 65 6 33 98 86 87 68 97 26
82 79 32 74 50 18 89 55 9 8 0 61 80 74 11 44 95 9 99 11 94 63 2 30 74 9 85 84 12 71 37 57 36 42 17 89 36 6 65 94 48 49 73 27 93 74 100 97 29 14 33 75 20 32 54 34 98 39 93 25 15 36 18 96 52 44 93 34 5 21 83 49 8 80 79 75 35 4 23 63 27 14 0 46 19 38 37 71 16 20 62 31 37 82 27 14 35 18 20 86 34 3 59 0 61 95 41 16 80 86 73 72 85 76 52 63 79 46 19 64 37 76 95 56 76 91 74 87 95 65 95 94 10 17 80 76 81 82 34 26 99 2 49 89 90 53 42 0 3 96 83 61 18 2 78 13 74 76 24 76 47 28 87 56 58 62 18 57 43 67 15 98 10 43 48 39 4 81 79 72 49 42 30 45 99 100 83 54 30 37 89 6 90 28 96 73 26 17 52 18 48 36 78 1 22 33 64 38 40 4 66 0 57 36 86 85 100 7 69 35 65 51 23 18 64 30 19 70 69 5 88 36 45 16 11 45 32 68 0 42 62 94 20 90 10 2 9 16 56 85 91 30 90 8 28 7 5 23 88 1 62 66 30 67 3 98 25 44 14 34 71 60 43 77 78 52 57 73 100 14 10 76 16 42 22 11 11 83 69 73 25 38 81 92 29 90 95 93 28 6 56 47 21 7 96 62 83 45 77 74 73 71 12 36 22 28 0 73 77 74 84 17 10 21 20 8 97 28 7 79 85 62 87 16 88 23 100 39 18 66 71 75 76 4 21 13 48 92 43 46 98 32 84 98 20 61 17 28 24 8 8 45 93 62 94 7 80 40 88 94 25 42 8 98 45 48 25 29 89 87 56 79 77 74 47 47 58 45 13 66 70 89 57 45 80 29 98 39 23 12
53 68 52 42 48 79 74 17 16 100 39 7 48 62 27 98 56 3 34 34 81 40 94 21 41 60 13 47 90 29 76 26 86 62 37 10 0 40 91 5 35 48 26 48 99 96 24 81 65 15 21 1 68 8 87 91 42 58 61 11 1 12 31 50 53 47 77 39 3 32 48 22 32 95 49 9 17 53 77 19 100 2 46 0 59 80 55 26 62 41 18 82 60 80 44 95 77 23 22 6 17 33 61 20 35 0 63 29 11 64 17 89 31 26 88 17 58 41 92 31 64 17 55 85 20 70 79 71 56 17 100 23 22 50 92 42 9 32 76 14 26 23 66 44 7 8 1 66 29 86 41 64 88 67 22 62 27 10 46 43 65 41 32 100 94 30 6 72 37 93 6 79 24 69 1 30 83 64 25 80 76 42 18 7 58 37 16 25 4 76 78 87 1 33 4 23 100 6 50 30 50 63 32 86 61 22 98 0 66 57 6 73 85 76 76 85 29 22 38 83 58 48 48 29 62 48 34 7 81 55 61 43 41 58 100 10 43 83 40 44 92 5 39 70 29 80 8 94 29 20 42 54 68 38 7 79 45 41 22 88 7 44 32 68 4 98 65 6 10 53 19 87 8 43 73 74 54 81 37 76 26 49 10 55 95 24 98 55 30 23 32 4 93 10 86 21 37 69 6 87 15 92 46 88 48 30 34 44 1 84 41 3 83 12 76 88 66 58 7 29 92 48 77 31 85 58 26 17 75 17 37 36 89 91 48 43 0 85 78 27 35 36 79 10 11 21 76 83 73 95 66 87 52 40 70 75 38 21 10 43 8 10 88 10 95 44 94 59 1 17 51 17 14 30 10 15 35 69 73 47 12 68 32 95 16 44 52 45 10 91 78 54 39 71 44 45 99 75 40 11
100 95 40 39 31 49 3 32 71 13 60 52 21 33 58 66 85 26 32 99 36 60 89 27 4 25 24 49 4 22 4 51 20 76 97 81 59 74 59 68 63 81 38 19 30 31 37 39 0 43 17 15 4 62 11 93 100 31 10 29 83 62 48 33 72 80 26 70 33 19 4 87 39 8 73 78 41 47 100 87 48 22 20 63 57 94 92 74 26 6 71 33 65 90 42 66 72 10 71 10 28 8 21 8 71 87 96 9 54 48 6 37 7 26 44 75 46 16 48 10 46 80 59 98 14 65 57 71 28 48 10 76 70 26 30 84 14 42 87 45 43 81 29 36 83 16 52 71 86 42 90 3 57 77 99 0 31 55 35 1 11 42 77 59 43 91 16 51 31 55 37 29 97 74 32 95 96 95 70 55 52 32 56 84 48 26 92 50 91 82 4 10 56 84 54 97 15 80 85 35 70 45 56 7 78 14 76 21 15 23 17 48 48 87 51 28 53 71 81 7 31 60 21 98 22 99 72 6 43 33 38 26 24 91 4 84 92 28 19 58 100 18 15 29 83 70 92 93 1 10 20 81 10 33 73 68 86 89 56 88 12 33 73 56 22 69 0 43 67 66 14 43 93 54 39 19 15 80 91 24 78 0 5 28 32 96 83 60 82 34 79 90 3 6 14 50 23 8 84 98 47 21 20 39 81 92 78 84 95 75 12 3 40 31 3 56 65 2 5 30 71 23 80 90 53 76 32 16 63 33 44 49 88 34 28 71 13 8 78 82 91 79 21 57 52 6 17 83 14 77 48 62 34 50 68 83 95 78 33 25 71 52 61 35 27 97 33 3 82 78 99 93 4 35 87 71 53 77 10 14 89 86 36 30 18 13 43 30 29 32 63 61 10 70 85 26 4 76 13 13
54 19 59 48 90 70 38 77 63 56 40 15 85 11 53 1 79 22 63 46 37 52 49 65 29 80 76 87 59 39 37 99 11 73 75 31 40 66 57 11 97 4 5 34 53 55 34 14 46 81 10 19 77 7 33 43 22 5 27 19 72 99 69 95 30 40 81 48 78 25 52 11 64 26 21 92 19 19 92 92 48 97 30 11 84 43 1 21 69 35 82 42 48 57 52 65 84 40 60 91 61 54 55 1 1 16 8 25 68 18 13 71 74 94 80 88 57 2 3 16 90 67 33 99 48 17 58 12 44 1 56 72 81 46 4 77 52 14 0 27 26 89 14 43 43 68 94 10 32 29 36 4 47 40 27 35 51 28 39 72 12 10 7 19 50 63 46 98 23 80 2 15 29 43 35 50 7 92 26 36 15 42 21 42 42 62 59 28 69 13 28 48 21 29 98 23 9 87 78 99 71 44 86 53 97 100 9 66 93 53 6 86 97 12 9 18 39 53 70 84 62 31 39 21 73 26 31 28 90 26 78 91 28 23 57 90 7 77 62 74 66 74 79 86 71 53 79 51 14 85 29 76 72 24 59 98 94 15 49 61 62 56 61 16 62 26 63 79 59 83 63 94 45 15 26 4 18 18 47 49 11 28 99 41 93 45 44 95 66 81 71 29 54 26 36 47 17 12 2 4 35 71 89 26 79 2 48 17 70 24 26 100 11 95 12 24 43 74 80 37 54 100 40 79 73 18 39 41 20 0 61 9 34 1 2 66 36 18 19 29 59 4 82 68 10 73 12 67 4 79 78 71 65 90 53 46 40 75 41 49 23 52 69 32 26 39 56 22 57 95 75 73 54 28 64 80 32 25 100 48 33 51 10 6 2 96 18 10 2 19 9 50 59 2 92 36 47 82 65 63
1 7 98 29 39 78 39 26 28 8 30 1 84 77 41 30 12 20 30 51 13 84 46 20 51 65 98 8 58 6 12 36 37 36 58 97 57 6 10 62 84 80 77 31 77 22 53 64 35 31 64 89 6 99 37 20 26 94 29 42 45 13 30 54 66 11 68 59 52 98 95 64 83 62 94 83 84 26 48 70 100 70 70 37 0 15 29 85 74 66 6 49 39 68 92 10 62 94 90 46 21 13 74 71 45 43 5 70 21 90 62 24 92 35 45 84 5 51 81 57 57 67 59 8 33 47 23 17 86 63 30 40 9 76 88 62 94 2 74 92 100 7 72 23 31 14 84 9 19 19 50 18 69 80 9 92 85 51 95 75 76 20 53 33 94 58 20 42 76 72 59 74 19 33 81 23 49 91 4 54 13 18 74 85 4 46 37 21 32 70 84 11 34 80 29 21 28 37 54 28 44 21 29 61 29 71 75 78 27 4 12 95 78 17 1 26 8 23 55 28 7 49 40 50 67 27 3 38 48 27 0 60 52 79 61 21 87 78 50 10 72 21 50 12 70 44 79 95 49 73 63 0 40 100 35 14 84 8 34 20 83 100 56 84 38 37 23 9 95 79 70 65 80 60 16 36 46 3 43 93 14 38 15 90 53 26 76 35 97 83 13 18 8 38 28 39 0 11 40 46 63 76 32 93 9 14 0 55 33 44 9 3 8 63 48 45 9 53 48 100 26 37 80 90 80 99 0 22 38 79 44 62 90 32 66 76 45 66 0 48 23 63 31 71 57 76 95 93 90 8 66 37 88 65 75 66 62 76 24 51 62 98 82 71 80 59 77 87 18 15 92 50 0 99 34 6 78 59 86 20 30 21 7 86 39 37 80 30 57 27 39 90 30 66 82 54 68 17 1 95
8 93 37 86 92 7 67 19 89 58 40 8 84 22 62 1 55 42 69 73 95 81 70 65 13 15 20 67 10 10 62 97 26 71 22 4 40 58 96 79 9 94 99 75 26 38 80 94 98 99 4 47 30 45 79 33 98 10 26 67 41 20 7 31 12 97 25 74 3 25 71 91 80 65 91 62 52 92 20 87 33 4 55 21 57 45 3 99 46 80 33 41 84 42 40 86 7 49 52 4 34 76 93 21 7 11 13 62 57 52 76 22 50 35 34 29 47 27 36 69 30 32 6 56 40 45 31 64 85 86 45 21 39 74 21 15 88 13 66 90 78 69 9 80 23 7 46 78 48 76 69 82 31 88 81 85 23 69 45 92 49 95 83 9 1 64 31 41 40 19 23 9 69 88 39 26 87 15 75 38 92 100 82 37 50 43 55 89 91 31 87 84 19 72 21 60 23 89 95 79 94 38 60 69 62 79 16 22 65 72 7 97 96 80 90 31 53 87 60 99 39 60 78 46 81 50 20 58 75 84 46 80 48 83 60 47 21 69 59 3 0 11 79 62 27 21 86 15 96 20 0 64 95 71 53 7 31 29 48 36 5 0 26 75 40 14 46 13 28 38 94 50 30 29 34 51 32 42 66 84 18 70 52 11 44 52 62 49 36 43 68 70 93 51 70 21 61 22 74 76 43 79 69 24 79 69 3 17 68 82 51 6 15 89 8 85 28 43 97 89 34 11 24 11 30 55 67 34 5 89 50 58 39 35 83 83 98 60 3 44 41 77 84 50 38 59 29 64 2 6 51 91 95 50 75 2 20 45 89 15 70 41 60 89 12 27 60 39 50 59 57 29 62 69 29 79 40 27 30 36 4 26 31 61 1 26 18 95 38 77 53 52 11 83 79 95 7 71 85 20
79 3 59 77 6 57 22 20 45 98 73 39 18 19 98 38 48 23 1 6 10 90 92 4 82 2 78 57 93 95 93 96 65 33 85 95 73 33 62 85 100 65 66 4 68 40 31 43 98 44 79 92 89 56 77 56 31 53 54 29 65 81 53 16 100 58 22 61 98 12 96 24 52 65 14 41 99 93 84 23 57 7 88 23 93 39 61 90 0 92 28 2 33 68 38 71 39 91 92 100 83 78 94 29 36 53 48 73 25 88 20 15 99 71 95 96 29 34 67 27 8 14 73 56 0 6 74 21 56 28 77 1 16 58 29 97 96 71 55 4 40 94 65 94 18 85 94 77 47 9 67 7 90 33 96 39 18 33 73 30 51 93 93 14 30 93 83 56 82 78 67 49 3 15 35 56 60 57 86 28 1 13 92 54 96 64 48 10 42 17 1 60 20 2 28 51 30 4 21 45 85 1 23 70 25 77 58 54 9 91 24 91 43 18 54 81 13 47 12 79 25 94 54 70 72 67 54 5 7 3 8 82 58 24 59 15 43 51 49 64 87 28 71 17 62 35 70 73 81 88 46 0 55 49 20 93 6 13 68 43 92 47 46 24 26 51 37 76 36 70 48 39 64 34 59 23 24 14 52 70 17 17 98 11 51 44 33 73 81 47 51 54 59 70 18 83 76 76 98 9 24 5 25 11 57 76 99 91 50 93 62 74 20 85 14 16 23 99 20 100 65 63 57 66 95 76 29 14 62 44 34 54 86 100 87 10 13 23 14 34 36 50 42 8 22 67 97 14 90 87 61 51 54 11 24 3 94 59 64 55 19 33 97 40 69 30 93 7 64 39 18 18 66 61 97 63 47 60 75 74 30 88 29 3 66 84 55 83 15 69 45 64 25 20 62 97 44 88 6 76
33 16 44 95 75 51 31 97 100 23 19 77 65 76 13 42 59 32 91 100 92 74 24 1 21 72 52 22 52 58 97 14 72 37 64 77 90 32 17 0 34 42 11 53 98 85 66 17 88 1 85 63 17 65 11 72 73 43 35 99 66 39 45 7 83 25 12 88 3 19 20 31 37 34 67 23 91 71 84 34 75 57 24 75 56 74 20 52 21 70 65 61 83 45 68 81 20 37 17 42 89 3 22 27 49 57 80 74 18 77 33 1 92 12 69 37 60 86 41 96 0 81 54 71 37 54 79 8 58 59 17 20 24 45 71 59 74 76 52 54 71 89 56 77 11 47 76 88 46 12 44 42 96 34 99 80 12 13 3 19 69 11 63 0 74 29 88 17 4 39 63 8 93 61 66 78 44 5 99 12 89 66 69 20 19 20 87 87 69 9 91 82 62 96 68 22 88 19 82 62 39 52 66 14 49 13 18 62 73 29 98 58 0 15 25 40 16 50 17 40 41 50 3 7 52 1 47 39 52 59 24 38 99 87 17 18 44 59 35 32 85 46 56 4 13 11 19 32 78 77 31 0 27 54 92 82 1 77 62 31 9 92 79 58 60 9 95 12 88 65 4 26 40 46 90 78 39 53 23 29 47 27 77 82 39 1 89 2 67 28 50 84 81 64 7 56 10 30 88 43 53 7 30 14 54 25 31 13 31 39 27 30 40 70 81 95 98 9 32 32 14 73 62 87 88 89 9 80 76 15 21 3 48 8 14 82 72 57 36 100 25 37 3 13 21 64 56 37 19 14 45 82 0 53 73 21 88 64 49 20 20 55 8 76 45 96 81 42 97 76 46 9 74 25 29 6 66 21 93 9 3 82 72 24 62 8 98 69 12 4 59 58 22 3 27 38 96 93 48 96
35 29 24 60 10 83 18 100 48 25 38 2 74 53 77 19 75 79 64 95 94 90 60 83 20 41 19 28 60 82 39 50 13 95 42 6 36 49 81 92 71 23 79 100 54 74 79 23 21 17 35 63 61 15 55 89 77 56 12 67 19 50 69 70 77 3 87 92 14 24 42 33 66 31 49 53 83 65 12 23 69 21 91 15 55 12 72 86 21 81 77 77 88 44 8 22 10 73 47 4 89 93 45 20 8 5 73 50 24 53 65 69 61 81 42 91 4 55 61 36 89 56 48 15 30 46 39 15 16 79 72 55 17 83 92 2 88 93 6 45 32 41 99 19 68 9 53 9 21 65 66 72 100 24 33 93 27 84 46 6 99 80 36 84 5 15 54 11 27 73 54 76 19 45 60 41 43 22 48 75 78 28 96 41 0 28 64 73 31 97 97 56 44 92 20 37 27 46 79 4 41 78 15 79 5 24 72 40 53 74 45 80 71 20 98 90 30 52 20 47 36 61 84 96 37 25 63 7 12 93 31 40 99 89 44 54 92 2 88 39 65 26 83 92 74 93 89 9 66 77 36 47 3 40 17 38 71 14 75 89 45 73 62 62 50 27 66 85 76 93 6 21 64 88 99 64 62 10 90 99 58 73 80 8 7 19 78 55 50 34 32 24 61 49 38 3 3 76 57 42 20 97 36 26 26 98 22 61 32 72 47 63 97 46 3 86 92 26 12 45 71 85 25 61 3 88 42 19 68 12 94 22 36 35 11 70 62 18 19 32 16 20 63 6 52 98 90 74 51 27 89 31 46 57 18 50 24 99 51 65 64 100 31 87 87 75 45 68 9 11 75 84 26 18 71 6 56 27 69 33 62 47 76 83 2 82 91 7 63 25 61 11 4 31 72 24 45 56 49 71
84 23 56 46 21 76 16 12 98 13 10 64 14 62 66 27 97 64 87 75 25 8 10 12 36 72 100 44 94 10 54 27 73 89 80 47 0 85 23 44 8 41 48 86 12 43 38 32 66 22 2 30 23 92 51 26 74 86 66 66 69 65 41 56 12 42 63 26 83 81 59 23 61 22 23 30 96 48 6 94 45 68 21 89 5 16 46 23 13 8 28 27 91 14 32 26 65 79 21 50 23 39 70 40 93 64 84 40 25 21 46 85 64 0 99 27 13 83 48 56 34 96 57 59 83 26 46 46 51 23 61 45 16 1 97 49 77 63 28 95 86 0 11 88 49 93 42 42 90 57 32 20 97 21 3 17 91 36 91 61 0 41 97 32 89 66 62 39 89 13 19 64 72 83 1 40 94 67 22 12 66 63 10 86 19 63 0 92 43 90 53 57 40 90 93 65 56 14 95 97 2 35 87 86 0 99 42 22 87 0 22 14 21 20 96 77 66 99 63 39 64 76 57 16 54 100 5 46 59 95 3 84 18 21 93 29 6 1 99 70 32 41 91 85 57 37 1 79 100 40 35 70 84 10 76 52 18 37 88 69 59 69 82 93 79 18 1 69 100 37 56 89 99 18 66 60 9 94 83 6 47 32 83 95 24 24 65 86 81 83 20 88 79 80 67 2 66 53 35 34 23 47 22 83 90 42 60 78 81 6 50 3 56 63 46 29 41 17 58 94 7 78 11 42 54 37 47 99 39 59 44 76 68 6 8 34 40 58 83 98 43 82 35 79 92 38 14 23 82 13 22 18 92 41 99 34 31 55 60 60 39 45 81 25 17 65 9 91 44 71 62 78 60 71 54 59 82 99 72 43 69 70 5 14 100 12 20 37 91 44 32 32 22 65 41 53 16 81 88 51
7 8 52 72 3 14 20 63 80 61 54 62 87 79 12 17 16 67 84 51 84 94 18 33 20 60 0 28 86 33 48 84 77 94 29 70 37 43 43 66 8 84 64 11 89 10 21 41 9 30 13 66 88 52 14 72 1 29 77 26 56 6 80 57 4 84 95 93 82 17 99 13 10 31 82 48 43 70 57 76 13 98 99 57 0 62 76 55 11 3 54 56 80 23 57 70 50 42 23 38 55 40 96 81 100 81 52 66 95 86 78 25 68 34 52 77 46 55 62 70 6 69 82 6 84 0 24 36 46 12 56 91 57 36 98 23 41 76 51 71 6 32 32 25 59 55 23 34 84 1 57 58 15 100 48 81 92 86 3 33 13 82 64 98 61 55 25 22 34 35 68 24 47 99 13 47 4 13 60 22 76 67 14 39 81 54 88 70 26 77 66 57 58 37 4 8 75 64 6 75 17 72 38 51 77 98 92 49 15 16 91 57 12 59 69 87 40 30 24 58 14 93 9 18 56 13 5 75 25 48 51 57 86 32 95 43 30 3 46 57 80 59 51 20 34 23 5 75 7 89 68 94 84 69 85 98 31 35 31 97 77 68 97 4 55 30 10 46 98 15 2 82 60 52 84 75 35 23 5 82 88 74 79 26 74 77 8 29 23 79 4 40 14 75 66 55 49 14 93 52 20 20 27 85 48 59 81 25 48 11 96 30 40 54 34 5 10 89 79 32 66 77 6 62 47 40 24 50 21 96 80 92 1 29 92 4 24 44 42 100 19 65 1 25 31 22 30 62 74 97 57 81 75 18 23 24 84 78 30 45 36 39 89 50 37 75 61 4 43 74 40 67 21 57 0 28 73 41 77 76 84 49 34 92 91 21 67 73 83 86 10 77 75 19 54 28 31 93 41 40
26 31 75 20 100 17 35 75 35 87 67 74 7 66 34 27 89 68 100 80 72 42 24 56 14 65 98 23 59 100 100 9 4 76 90 27 40 58 62 67 37 87 43 4 34 30 58 20 85 68 99 80 85 11 65 7 4 68 14 45 51 14 75 82 50 61 17 75 55 29 22 33 73 50 57 35 50 59 89 5 45 73 96 21 84 55 16 53 13 53 84 79 54 64 14 38 93 73 61 0 45 70 91 78 11 5 15 56 2 16 57 5 58 56 74 77 47 96 54 30 64 76 65 40 91 17 29 87 13 60 67 85 46 96 21 44 35 59 60 29 58 92 60 38 37 1 6 98 86 0 57 45 25 95 28 79 45 4 51 21 74 11 23 74 49 45 2 39 57 92 44 48 0 25 20 66 99 25 98 20 44 18 55 79 3 77 64 11 20 83 60 47 3 10 48 21 45 24 35 95 99 72 10 53 30 73 87 78 6 97 22 76 68 79 83 51 11 73 75 67 23 24 10 13 65 73 16 67 93 69 41 51 74 92 28 15 75 45 71 37 95 78 13 8 9 38 81 52 82 37 28 39 34 30 78 47 85 90 19 61 49 35 39 31 19 34 3 46 36 61 10 6 51 38 96 57 28 94 56 77 83 3 57 16 71 67 71 43 9 25 95 15 2 49 0 49 70 24 97 13 67 20 60 24 27 85 45 42 94 36 98 29 70 43 69 33 9 7 93 35 80 34 49 1 86 80 58 10 94 27 66 7 58 75 84 78 5 2 20 27 61 98 36 46 94 5 59 12 0 20 44 58 48 66 11 48 88 40 29 72 85 67 58 16 17 43 3 87 49 81 22 10 4 10 97 12 43 59 56 37 39 68 36 38 86 57 74 22 40 19 24 86 49 55 16 1 68 16 48 83
48 34 43 30 4 25 96 54 46 89 58 22 32 74 69 54 17 90 37 25 31 86 59 55 76 52 56 6 91 16 30 84 9 72 96 14 77 47 97 55 82 71 54 61 34 33 1 85 70 77 62 14 45 61 47 34 87 85 23 97 93 10 19 15 86 58 29 90 22 96 66 67 69 2 84 20 95 98 40 93 4 92 39 65 0 54 48 49 98 51 69 96 13 27 97 55 40 21 18 33 82 43 32 16 58 40 71 86 6 23 32 37 9 51 65 3 22 66 32 67 78 92 38 53 41 27 38 52 72 49 29 80 2 75 19 66 53 24 87 31 72 49 48 34 32 3 65 50 16 9 19 3 41 98 61 34 55 25 95 69 49 19 17 19 2 96 1 27 90 65 7 4 100 74 62 13 76 98 69 82 76 88 80 11 29 53 1 4 31 51 28 61 95 33 81 66 98 43 21 3 0 6 68 62 100 36 9 57 33 67 33 80 44 90 24 9 45 6 76 87 74 18 90 76 11 5 78 48 37 27 35 40 67 14 70 16 24 5 55 34 15 72 35 75 87 13 85 71 48 23 84 42 60 43 95 11 61 70 84 18 32 99 77 52 24 94 83 99 98 65 59 21 6 41 42 95 55 26 81 4 49 2 15 27 97 57 16 78 12 89 30 40 86 8 49 24 52 97 65 11 85 37 48 31 73 100 79 13 67 22 12 36 24 91 72 42 43 61 15 15 14 88 63 44 84 40 35 76 55 24 80 27 82 26 40 17 76 20 40 36 25 81 19 91 73 95 55 77 61 40 16 34 30 83 6 82 97 50 10 81 8 93 24 96 9 55 73 50 77 46 39 34 7 90 75 41 22 36 27 18 69 53 47 5 44 47 46 48 100 98 31 60 53 33 57 1 66 59 82 53
62 97 95 14 2 43 91 94 28 21 42 29 86 79 40 7 74 81 83 29 22 61 85 49 49 60 26 67 31 9 42 32 35 61 93 2 32 77 55 64 31 53 94 87 65 99 57 55 72 14 85 0 82 83 36 34 26 12 16 9 0 75 56 28 87 87 70 63 51 64 37 71 67 33 59 38 72 88 69 85 98 80 72 38 9 53 24 81 31 60 79 81 0 8 34 1 77 52 45 90 72 63 26 77 18 57 93 47 45 75 19 54 45 3 53 67 89 63 91 55 12 43 29 42 67 59 38 68 49 1 98 33 96 46 98 85 72 43 20 91 3 42 21 70 4 55 1 92 25 76 1 53 77 98 48 78 86 39 36 49 9 35 41 14 9 81 47 19 92 9 33 40 28 99 71 95 72 73 42 59 79 61 13 41 98 0 59 20 62 68 38 39 7 45 99 62 90 75 89 59 51 36 58 55 13 27 32 34 82 13 31 47 84 53 30 90 46 15 41 36 82 56 39 93 17 25 11 48 25 14 83 79 77 70 39 85 69 70 43 6 81 39 91 77 80 85 81 70 63 75 15 1 89 75 15 54 79 41 41 64 66 22 37 7 33 82 39 19 26 12 31 52 36 63 53 8 70 14 3 51 98 80 90 81 23 36 65 59 29 7 89 46 24 6 75 20 72 74 27 89 69 96 40 62 21 90 79 78 36 58 5 85 59 70 1 43 65 75 52 93 25 3 87 84 13 56 91 78 58 24 81 14 10 72 54 55 79 11 24 37 39 33 23 55 55 66 66 80 40 51 0 91 23 45 39 93 79 70 65 58 76 67 78 40 14 38 12 33 70 26 6 58 12 1 91 82 45 2 5 21 39 64 41 52 84 41 53 99 47 65 56 5 23 74 35 35 6 61 96 7
14 14 91 58 58 98 34 46 76 84 76 26 62 44 11 86 20 42 93 31 76 87 30 25 12 29 91 6 92 60 36 26 59 94 81 74 14 0 11 42 77 62 58 3 60 63 15 22 48 41 98 49 64 42 5 78 27 92 9 17 40 62 52 0 76 94 6 68 88 56 78 61 29 85 26 32 60 20 5 18 85 41 90 67 48 49 96 60 63 86 73 39 92 1 39 85 68 14 73 71 59 19 70 32 52 74 78 19 22 12 54 87 73 41 40 22 65 96 23 27 64 51 34 57 27 71 56 26 79 17 77 74 32 9 32 4 77 85 60 19 51 4 34 11 21 39 79 7 22 80 30 67 59 51 19 25 31 40 47 83 81 81 50 44 43 47 19 88 35 15 47 93 48 9 25 77 39 77 34 49 99 21 73 45 81 9 57 1 91 3 41 44 87 65 50 34 88 49 29 75 90 55 56 3 86 22 89 36 80 59 81 88 20 94 87 95 10 35 95 27 58 1 48 8 62 72 18 54 49 6 61 94 92 46 3 40 56 25 49 83 0 76 12 20 53 76 32 41 41 20 80 23 23 36 60 59 94 10 97 84 25 19 82 90 95 19 46 90 23 51 3 48 18 13 13 8 4 46 58 28 29 45 57 78 51 69 27 16 17 87 2 60 19 88 34 33 68 91 11 16 69 43 36 67 61 59 61 87 12 51 14 74 9 57 0 50 15 32 63 15 82 67 89 61 11 74 55 15 62 17 15 25 47 59 70 61 3 94 80 65 43 92 85 59 32 47 7 9 72 25 17 12 88 88 63 26 5 55 68 90 57 79 19 46 30 54 27 75 94 18 99 7 100 4 85 9 84 49 53 52 64 48 79 4 69 55 100 3 59 26 24 26 2 75 70 44 57 57 55 39
44 52 33 68 89 82 25 39 59 51 37 62 14 1 4 65 25 37 73 11 57 82 21 65 9 61 22 66 29 91 42 25 92 28 9 13 82 72 4 12 27 78 93 58 55 60 62 52 38 25 55 22 2 40 73 14 27 22 14 50 83 71 18 97 7 76 5 42 49 28 46 60 1 92 58 90 96 71 5 80 74 90 55 85 73 72 23 59 97 62 0 68 53 12 56 65 52 10 66 42 23 88 35 75 98 42 30 20 65 51 86 97 72 49 85 76 31 58 44 14 50 72 55 76 17 48 82 58 82 66 43 80 20 76 32 7 24 1 52 14 33 16 74 93 94 83 5 17 72 28 18 11 84 52 58 100 11 85 76 98 15 92 50 6 71 30 23 57 67 84 61 80 24 34 76 46 96 4 100 78 7 65 88 11 33 16 48 57 68 46 38 38 3 31 26 0 8 68 27 3 86 66 58 56 1 36 45 14 39 74 18 100 83 21 72 64 44 66 65 24 27 20 60 77 86 57 10 58 100 68 41 30 42 54 53 83 97 70 69 14 91 41 94 57 89 33 23 1 40 42 70 78 49 56 30 63 43 51 20 42 42 72 14 87 11 26 67 97 27 21 61 78 23 36 98 96 86 86 38 77 67 52 93 46 87 0 43 30 29 52 57 97 47 51 90 58 34 10 16 40 44 6 6 38 88 34 26 50 7 31 63 66 15 17 21 49 99 0 29 71 83 25 28 23 89 35 52 53 33 22 79 58 92 50 11 56 40 82 14 62 89 79 40 27 93 20 17 74 47 45 24 38 62 18 26 72 32 75 89 31 37 0 15 94 71 96 32 34 12 83 68 11 45 74 97 29 43 19 92 17 58 27 37 25 28 45 36 18 77 41 18 18 18 76 61 84 23 47 47 66
89 85 62 50 76 8 35 91 93 68 48 11 19 20 31 19 14 3 5 55 36 18 95 21 16 28 40 30 35 69 26 93 81 7 96 56 82 58 30 89 54 74 33 39 22 61 92 12 33 76 15 7 88 79 13 5 92 70 57 47 62 47 79 45 90 78 65 2 55 0 87 29 27 76 7 9 3 7 88 50 55 98 39 93 46 72 42 80 45 36 75 1 12 17 15 60 15 50 48 54 84 86 95 76 17 43 85 6 6 18 84 23 35 85 89 32 89 41 86 3 64 43 97 47 19 97 1 60 57 87 60 82 93 52 54 42 9 54 81 44 98 85 84 76 74 7 97 19 5 28 66 96 96 63 8 65 76 98 80 73 36 60 10 81 81 71 14 86 83 2 40 97 90 69 61 65 55 8 64 45 34 59 5 6 47 40 52 37 32 79 72 53 61 3 74 20 48 41 29 25 24 33 54 71 83 42 29 73 28 42 30 28 38 13 17 35 65 63 43 20 51 3 10 51 81 99 4 64 66 63 93 84 92 74 30 9 39 92 22 40 67 70 76 55 70 37 49 55 44 90 55 44 96 55 2 11 56 85 54 9 89 63 77 75 75 10 70 29 89 58 19 57 91 99 42 25 44 5 92 32 37 35 40 44 90 82 20 80 17 49 23 80 3 48 23 70 97 37 13 79 12 26 57 92 99 0 18 22 76 48 45 76 45 15 92 27 74 26 95 56 48 7 81 72 44 64 30 84 89 52 7 65 53 76 22 14 48 9 9 25 22 82 42 69 1 85 30 94 68 23 66 22 97 43 30 50 15 31 53 55 12 93 59 44 22 55 88 73 30 8 63 88 0 63 65 43 97 62 71 84 49 23 34 47 70 30 19 67 71 56 32 91 74 82 30 68 70 8 15 59
90 39 57 86 92 38 31 73 2 61 97 71 19 50 5 3 64 92 21 53 93 11 43 13 53 61 67 44 57 4 84 24 67 44 56 21 20 58 33 74 94 35 78 22 99 57 87 29 99 18 16 3 99 6 28 31 45 13 27 25 20 23 34 29 80 53 69 13 78 44 89 22 8 48 12 35 78 53 80 78 85 38 16 52 23 40 89 41 64 22 59 5 0 88 48 4 49 44 7 50 2 15 32 2 71 22 11 58 85 49 56 41 21 60 1 78 69 94 18 68 37 20 50 48 32 35 69 31 82 12 98 19 100 8 96 12 37 67 36 25 9 39 25 27 82 88 98 47 71 26 17 65 34 59 99 78 66 93 25 0 8 7 45 100 36 63 19 54 52 92 57 94 29 42 24 56 45 1 56 83 8 62 93 81 14 50 40 83 16 82 67 89 45 20 58 56 47 10 11 69 36 69 93 39 65 74 43 61 23 20 87 12 86 31 91 74 54 12 0 14 85 51 68 87 48 29 3 51 57 70 1 64 43 99 53 79 76 94 54 55 32 26 76 33 12 30 30 89 90 62 54 10 38 99 25 70 69 18 13 12 8 69 0 77 64 29 62 18 93 79 34 63 78 39 23 13 51 12 19 69 57 15 55 27 8 65 45 0 61 61 58 49 23 71 27 64 3 32 12 10 23 34 87 88 41 7 21 94 41 11 3 83 99 69 30 70 96 26 49 30 59 91 76 48 15 51 36 60 37 24 50 40 24 4 96 86 83 97 78 40 13 61 43 81 84 59 21 38 50 37 84 81 41 39 6 75 41 4 84 0 40 80 45 81 46 7 73 94 29 70 13 42 89 23 84 28 83 52 65 91 20 66 19 27 96 25 46 84 13 85 60 50 22 99 28 90 5 59 96 40
33 15 42 69 39 27 7 69 78 51 34 3 91 88 100 24 14 23 7 35 32 75 31 48 62 36 4 90 50 73 28 24 29 38 70 31 40 66 46 92 63 76 93 53 55 22 94 61 7 49 8 26 62 66 1 78 73 90 65 38 66 58 88 33 38 44 37 85 22 27 61 14 43 26 96 79 47 7 0 98 88 55 19 63 29 51 54 67 39 25 58 49 100 79 28 26 31 73 43 0 100 35 48 69 48 38 91 8 52 34 67 47 60 98 9 69 41 43 98 11 61 22 54 5 79 10 26 37 20 83 20 75 71 13 93 80 98 86 4 93 98 26 72 68 44 1 22 71 64 31 39 70 28 88 55 39 88 98 14 69 84 5 32 19 0 40 16 44 24 12 34 14 87 68 12 45 64 59 65 41 81 44 13 71 25 75 60 4 36 78 3 28 60 67 40 84 66 50 20 49 74 23 51 64 66 82 94 83 27 54 81 58 87 16 39 64 41 41 14 7 27 12 100 100 43 64 77 12 51 58 73 6 4 24 36 93 19 96 5 64 9 73 8 39 62 93 45 88 98 51 37 16 92 78 70 10 26 62 41 85 79 8 2 29 44 98 52 23 33 60 92 53 42 45 22 88 23 94 94 69 12 5 11 94 30 58 97 85 80 66 49 59 99 85 41 17 92 49 97 98 57 62 84 21 37 58 57 75 78 38 55 34 84 53 68 91 99 69 43 35 31 26 13 98 60 65 40 63 13 70 84 58 49 89 1 91 26 66 16 87 40 22 68 44 59 56 8 56 67 11 42 73 11 93 53 57 39 94 29 3 35 64 54 10 19 52 95 84 11 97 9 79 48 98 18 59 70 23 18 55 64 54 71 13 2 78 33 43 42 88 64 13 71 70 71 88 49 67 8 57
41 22 80 15 93 95 3 17 97 78 58 47 98 38 14 64 2 20 14 33 25 0 17 100 90 19 58 96 76 51 82 67 57 9 66 70 70 13 76 68 39 71 87 32 94 31 2 3 68 99 72 41 63 51 9 41 97 87 85 3 45 77 29 78 64 13 38 5 19 25 68 21 50 83 70 70 56 37 17 86 27 93 45 92 15 2 51 13 82 90 17 6 81 78 79 85 16 57 3 53 28 64 6 64 42 71 99 84 98 86 53 44 51 51 33 87 74 2 31 13 76 49 62 90 70 93 91 4 60 16 46 1 14 64 46 40 52 58 47 33 20 86 77 86 75 91 27 89 93 98 64 67 71 39 59 49 12 86 53 89 52 0 58 80 5 57 33 81 64 100 70 13 66 43 39 33 32 16 70 35 2 20 47 61 10 57 16 95 38 92 89 60 44 96 24 70 8 35 32 71 35 51 38 92 46 80 94 70 68 12 88 74 7 43 40 52 43 38 100 59 86 67 65 91 52 37 15 42 9 67 79 26 9 2 90 74 53 5 74 36 7 25 18 62 36 89 33 95 65 54 42 57 11 74 35 0 90 66 45 63 31 35 47 16 30 69 98 89 63 45 13 42 76 17 67 77 18 88 49 50 41 65 82 71 43 44 37 95 89 58 31 51 21 35 61 32 22 38 55 59 77 32 26 23 70 87 8 88 52 61 18 25 15 31 31 88 42 56 10 8 4 10 85 16 15 46 62 49 81 89 25 40 51 67 64 4 66 40 83 7 27 50 80 56 79 22 92 52 98 4 75 51 42 43 71 43 48 5 71 50 68 96 98 31 23 87 38 0 96 94 76 14 4 94 75 86 86 38 82 55 5 92 19 1 5 9 26 8 72 59 24 17 75 40 85 50 26 2 4 16
73 82 13 65 99 93 20 33 68 15 33 86 42 35 99 14 50 67 80 3 75 4 46 98 71 43 39 71 37 49 67 26 20 31 76 65 6 15 19 56 1 24 51 33 86 80 13 57 97 95 51 67 15 89 86 57 8 74 11 91 57 68 9 19 37 51 86 22 96 82 19 76 7 67 18 70 46 78 12 75 31 29 49 20 65 49 92 50 9 86 75 59 75 83 98 41 41 76 45 19 82 14 56 59 17 71 83 90 61 17 16 59 8 48 62 98 0 54 38 18 22 40 93 39 31 54 92 32 66 10 81 61 51 3 99 16 0 8 81 34 17 81 42 66 62 31 21 9 91 66 18 7 7 29 98 48 0 86 46 55 39 98 81 43 91 23 93 73 68 97 61 57 90 10 43 4 15 94 98 75 36 67 80 12 3 38 81 74 71 57 46 36 49 25 30 33 58 19 98 81 1 81 40 17 7 27 52 82 40 86 7 56 66 10 64 34 67 7 29 4 45 42 13 52 93 22 6 83 16 40 69 7 90 23 20 18 48 13 66 84 45 97 2 29 17 39 55 52 33 4 37 98 78 2 38 9 32 59 3 10 54 18 74 8 22 70 44 38 76 41 23 60 33 42 19 29 92 98 52 67 91 54 33 9 77 9 66 61 21 76 94 47 70 29 46 36 82 8 98 16 91 24 75 59 36 32 57 23 58 45 86 37 41 61 47 54 68 2 93 2 95 45 9 92 61 8 13 22 60 61 32 74 14 3 26 94 52 17 64 1 79 73 29 19 10 45 2 22 2 100 78 48 63 23 18 18 16 65 82 100 78 1 79 42 51 42 9 64 20 32 51 42 81 25 34 52 9 3 94 100 21 96 11 68 98 84 6 7 33 65 77 76 89 81 80 16 32 82 86 51
22 75 38 23 30 21 86 74 3 36 66 53 73 75 52 10 84 2 84 95 45 9 42 41 26 66 84 53 33 15 15 87 8 38 30 6 12 8 17 69 77 72 17 91 61 96 9 96 78 22 26 84 17 87 62 68 53 64 6 31 42 23 9 47 93 26 93 49 82 0 31 66 75 46 88 51 12 77 20 61 28 42 30 62 79 72 63 84 39 89 36 8 82 88 4 22 35 34 71 19 27 99 54 72 20 48 63 10 29 73 77 59 22 70 43 72 90 41 6 39 44 39 18 24 39 19 15 48 3 93 52 82 96 41 39 27 31 71 25 41 5 44 85 89 44 64 80 78 67 62 100 46 13 90 56 45 64 56 95 59 76 86 22 1 28 7 56 25 53 63 11 23 33 88 51 37 9 73 9 66 7 43 77 76 40 68 11 96 2 10 81 61 63 33 87 27 52 54 77 64 62 82 20 41 9 34 49 31 52 80 79 93 58 87 6 54 24 65 23 86 1 0 75 30 85 47 10 3 73 43 15 10 2 62 86 73 99 79 77 87 9 81 20 79 58 33 27 9 13 81 59 67 82 94 52 78 26 88 83 35 91 41 22 8 89 72 58 8 12 89 1 6 74 49 28 12 77 33 81 9 79 35 12 46 31 88 86 98 18 1 79 4 1 60 71 17 31 6 24 80 83 55 3 14 42 20 88 89 75 81 4 8 8 62 100 30 59 95 91 32 98 70 73 18 15 71 15 27 72 69 80 40 62 63 91 93 92 19 1 60 91 27 58 14 53 53 52 85 98 55 78 21 20 88 20 48 17 43 6 45 4 79 54 68 39 63 40 87 35 79 6 20 57 83 66 30 76 43 19 48 19 18 75 47 39 29 65 60 38 79 36 80 99 70 68 56 94 5 25 40
60 68 0 46 3 22 2 4 11 95 8 80 25 3 67 68 61 87 89 6 89 75 53 82 90 36 61 10 35 65 48 99 29 45 28 90 91 13 77 65 44 65 97 8 11 62 80 60 31 56 35 41 97 59 61 15 83 63 91 88 56 75 43 59 52 63 76 74 67 78 60 20 15 73 40 66 14 93 89 98 50 26 22 41 71 20 17 6 28 57 52 34 29 24 49 90 66 61 34 9 80 27 32 50 39 22 5 56 26 28 87 57 51 38 100 60 13 28 28 7 62 91 42 15 69 27 30 56 85 24 69 41 19 95 15 80 100 80 21 17 69 5 16 56 60 23 96 5 92 71 79 87 94 23 70 91 98 97 97 15 14 60 18 77 45 2 12 40 0 49 36 0 91 1 26 92 93 54 21 68 10 91 75 20 95 29 83 20 10 12 4 98 72 53 16 2 68 90 73 31 92 1 59 51 89 28 51 43 60 30 18 89 9 35 99 82 29 11 16 90 32 89 97 51 61 56 68 75 95 15 24 89 93 84 74 23 52 8 74 23 44 36 25 82 55 59 86 6 89 80 51 43 89 68 64 28 82 81 18 2 44 45 30 11 34 70 61 100 57 63 10 35 6 49 30 53 80 55 88 29 84 80 14 50 73 89 25 14 26 14 67 34 68 8 48 64 45 27 23 90 57 79 51 53 16 64 35 99 63 47 29 54 33 19 36 77 11 32 77 45 27 46 73 73 13 81 23 38 67 77 1 86 31 96 70 14 15 5 56 99 31 39 75 30 44 66 16 63 42 100 37 69 14 63 34 66 0 59 74 36 45 32 40 71 60 79 67 17 77 56 99 27 81 35 57 31 63 43 42 27 51 46 50 48 54 13 3 66 35 82 0 20 8 77 70 37 6 23 87 74
45 55 54 0 26 48 15 58 51 88 63 71 30 59 97 45 61 9 42 58 22 54 68 55 96 54 95 69 11 70 31 60 0 24 80 100 7 64 58 16 78 67 8 23 34 21 74 72 28 78 86 78 88 55 51 18 97 41 26 94 83 50 45 31 61 45 86 20 60 48 80 81 90 77 22 81 64 74 22 97 83 74 20 15 95 46 76 12 71 39 96 31 63 42 99 3 77 34 40 54 44 38 85 100 44 69 50 96 39 63 100 95 78 8 91 44 38 72 13 89 99 57 78 35 83 15 100 6 17 69 22 33 76 94 12 34 67 34 92 45 52 13 100 79 56 65 76 33 34 60 11 98 94 6 20 62 10 76 5 10 66 67 62 8 29 69 46 60 57 68 7 52 5 89 61 83 3 70 97 49 87 82 91 18 24 66 49 26 12 7 32 72 55 56 89 75 9 84 9 38 82 54 57 17 51 0 24 3 88 89 96 37 52 30 77 63 90 37 36 32 1 99 5 83 81 41 69 75 55 73 16 13 15 4 30 88 41 3 33 50 61 65 0 100 82 17 48 32 53 80 49 7 20 16 3 38 22 68 72 68 16 33 43 14 27 15 46 3 19 88 87 24 95 81 85 70 63 96 72 99 47 57 84 65 92 70 21 47 37 65 42 38 60 18 9 28 27 40 58 57 11 75 40 83 96 48 51 94 30 50 7 90 15 82 12 48 88 59 17 75 34 65 27 34 30 15 47 87 32 87 55 47 89 54 30 92 96 69 87 28 72 1 92 66 67 41 63 79 88 13 79 7 35 43 95 97 1 48 53 0 98 89 37 97 81 20 15 35 89 52 5 24 87 9 15 2 26 28 14 63 51 73 80 32 22 100 74 47 12 2 23 1 71 15 45 70 64 15 52 82
24 75 68 87 84 94 43 71 90 100 36 32 51 21 47 57 90 2 21 81 49 37 78 0 89 62 92 44 83 52 1 25 69 96 59 45 37 29 88 50 3 14 10 41 84 1 10 92 65 18 61 97 94 41 29 24 38 71 52 98 74 66 46 85 21 34 14 30 29 25 57 29 27 75 61 10 42 12 6 0 42 32 72 49 73 80 10 94 32 30 50 23 34 53 37 53 91 70 79 82 18 87 29 66 11 45 44 78 81 62 95 51 5 75 25 94 52 27 59 55 98 38 4 100 58 44 70 62 28 5 92 58 91 36 82 98 65 58 93 53 78 37 85 83 97 13 13 86 21 25 100 50 85 42 38 22 93 26 33 85 100 41 31 99 45 73 13 0 51 90 85 1 63 62 97 43 35 42 49 78 92 97 7 86 12 93 95 80 72 96 62 67 82 60 68 96 19 2 46 51 16 88 41 18 72 93 79 25 21 74 35 43 27 25 7 36 36 5 57 57 90 20 20 12 52 73 75 1 97 27 56 22 90 66 59 68 56 21 16 13 32 43 98 93 99 27 48 58 69 89 30 20 4 91 6 36 55 25 67 65 62 89 85 52 59 97 51 20 19 49 75 65 70 82 22 12 10 41 37 99 55 97 68 18 30 41 15 77 63 78 87 62 81 15 75 14 20 30 36 39 54 95 93 94 15 42 97 45 23 93 93 5 58 22 25 20 40 27 5 76 65 25 68 6 88 30 42 93 100 97 45 69 55 18 24 15 16 14 34 100 100 60 54 58 93 65 42 59 5 41 20 67 38 20 35 83 41 81 46 66 36 17 100 79 31 84 79 17 90 44 97 99 19 28 55 66 41 39 99 2 59 81 40 69 12 48 28 81 86 46 18 47 94 5 41 67 99 85 88 99
87 100 87 75 81 17 3 6 91 48 36 99 69 58 7 52 60 36 31 93 85 9 90 9 64 62 36 77 92 32 58 13 43 14 56 12 15 73 6 84 23 16 59 34 21 36 89 58 8 72 48 73 47 23 7 13 75 93 59 70 50 97 62 14 7 99 68 47 22 16 54 88 63 0 71 79 59 49 74 100 75 56 45 26 23 46 51 63 24 2 95 84 77 98 3 1 51 5 4 53 72 50 98 72 32 67 32 19 90 24 23 32 14 56 49 81 38 54 56 11 52 5 30 63 39 99 98 29 88 93 93 71 92 22 95 52 63 74 94 4 46 29 64 94 57 34 22 42 88 12 34 17 80 18 76 4 5 24 45 94 74 33 30 12 56 22 89 50 91 87 30 72 24 43 16 1 65 96 25 100 12 97 56 50 43 63 3 16 67 61 47 68 96 78 71 70 31 62 3 88 46 11 3 38 93 49 15 43 33 2 69 94 57 72 83 81 26 92 78 13 54 14 78 67 9 11 71 85 25 64 37 68 76 99 9 59 80 46 69 64 46 30 75 59 74 100 83 94 84 37 21 20 99 85 52 80 5 32 18 76 25 30 35 37 38 51 0 73 94 85 81 18 53 69 28 32 62 87 86 22 4 57 81 38 3 9 12 5 1 49 94 3 31 14 85 52 9 54 67 88 27 65 98 56 78 45 97 48 88 87 30 98 92 24 85 49 53 96 13 31 65 48 18 12 34 14 67 97 89 26 23 40 6 32 13 51 96 55 11 18 13 25 1 84 72 77 13 97 89 55 14 37 37 67 33 87 92 37 65 0 23 45 24 53 78 98 83 43 9 41 52 13 80 37 58 8 56 58 86 77 35 80 4 11 99 88 12 10 96 69 72 72 7 68 15 93 30 30 77 6
62 70 11 88 93 81 50 16 84 42 94 2 50 83 11 36 67 40 59 96 100 94 99 17 54 66 61 71 26 37 54 54 41 14 59 54 58 71 74 68 68 68 55 3 83 84 21 34 62 8 75 27 19 69 46 8 23 93 6 42 55 3 29 72 37 70 7 43 62 48 49 95 31 0 30 90 64 40 23 72 93 4 44 30 94 45 39 45 53 14 62 78 70 34 17 53 90 43 97 100 16 13 12 66 5 56 98 30 36 56 27 74 13 90 83 67 94 41 96 75 34 60 97 19 59 20 90 55 57 43 0 30 7 74 36 1 81 25 71 18 81 95 0 82 42 0 19 90 44 24 97 90 53 75 36 59 88 64 57 11 82 10 77 0 16 4 74 85 91 3 45 7 0 11 59 46 21 75 14 58 8 49 9 26 96 5 26 95 30 51 91 97 39 3 92 46 59 26 71 86 41 72 87 6 24 91 2 42 90 88 16 55 49 10 87 26 50 33 74 24 88 8 91 50 6 59 2 21 12 88 65 23 80 73 19 28 70 60 10 83 41 68 48 89 48 92 45 77 67 83 22 71 14 42 5 63 20 79 43 46 55 0 49 62 70 78 96 7 11 51 3 26 47 71 23 35 15 61 37 1 44 18 60 11 76 13 87 60 56 76 46 48 15 30 33 54 2 65 10 90 38 4 73 71 63 63 7 90 50 47 59 72 90 0 5 27 25 40 62 71 35 58 5 32 5 69 21 56 69 39 43 47 63 82 66 89 68 91 13 29 94 34 47 79 30 76 6 65 85 55 2 49 83 47 28 75 79 36 9 82 96 89 60 34 89 46 10 50 18 12 99 99 62 17 96 85 55 17 20 15 34 71 31 79 38 13 7 97 3 0 14 85 93 100 86 70 83 25 82 64
92 66 3 71 76 35 22 30 55 48 49 40 64 39 25 48 33 77 87 14 83 57 48 43 63 97 15 31 61 17 24 74 65 2 30 35 53 25 52 66 35 53 97 48 78 52 34 29 30 56 60 98 87 24 91 67 41 100 73 19 66 84 50 61 65 18 100 48 68 52 64 67 89 81 10 27 34 55 26 59 90 57 73 72 24 46 60 41 58 70 85 74 27 13 92 40 1 70 82 65 77 11 46 94 1 67 66 34 85 85 78 43 15 91 54 42 30 100 28 55 20 28 97 92 24 36 35 12 21 58 25 46 97 89 77 80 76 7 70 72 97 80 54 58 58 79 85 4 87 38 18 61 72 30 9 5 38 38 31 70 75 58 74 16 89 56 31 9 70 23 96 51 79 66 90 29 5 42 63 22 85 26 11 90 5 27 22 88 84 38 43 80 82 48 91 11 88 14 26 38 83 2 37 63 68 59 41 39 39 20 60 79 16 4 47 83 47 17 98 47 36 32 92 23 2 96 81 58 97 20 8 21 93 62 41 68 25 52 91 56 17 66 97 94 80 26 61 30 74 23 34 26 0 87 59 95 35 60 5 88 69 83 74 27 99 60 73 28 76 48 61 17 52 2 6 7 45 35 95 21 100 71 2 48 36 33 46 45 28 61 100 100 57 97 96 89 38 8 24 38 2 49 19 65 13 50 69 82 50 81 19 46 40 99 36 15 71 62 14 93 57 51 40 95 44 11 27 63 5 62 17 48 44 93 97 8 49 98 32 95 30 97 86 12 81 9 70 69 96 95 57 79 36 100 47 64 52 37 64 9 5 65 36 53 90 72 20 19 10 19 2 72 26 5 47 15 27 36 72 22 14 61 39 28 15 19 41 72 83 69 17 19 21 19 22 50 55 36 17 1
63 82 79 21 40 94 33 62 68 70 91 11 5 18 27 37 56 37 30 13 69 64 15 79 99 66 39 34 76 50 53 93 50 62 96 82 51 73 97 95 94 52 99 38 2 48 43 44 36 72 56 56 27 15 52 22 53 61 32 44 32 15 89 21 30 48 52 92 8 45 0 28 94 37 80 80 11 49 9 16 27 31 91 67 34 44 60 87 25 8 96 7 41 0 2 82 11 71 70 3 59 9 4 6 27 6 57 8 22 95 73 87 59 49 98 16 3 4 37 54 91 12 82 28 93 88 86 69 3 57 42 43 29 76 28 100 39 46 34 1 17 37 17 53 13 74 47 45 95 81 64 65 18 54 66 63 97 47 88 91 15 24 36 44 35 25 45 11 61 95 56 60 30 20 61 6 52 71 30 98 18 58 74 89 41 25 79 90 30 88 14 25 60 16 56 68 28 60 15 56 60 66 13 24 80 76 39 81 83 90 10 86 41 47 39 68 23 99 40 22 9 56 14 67 15 63 22 35 20 88 83 28 27 8 100 72 2 12 24 13 83 89 34 82 74 46 12 51 45 19 46 35 13 67 58 5 8 17 2 55 58 45 19 38 1 96 59 47 53 84 83 2 58 15 93 52 36 23 20 89 93 90 83 66 11 72 51 11 22 47 86 39 15 87 53 97 56 1 74 35 6 13 62 68 91 6 62 38 61 80 74 5 98 97 56 62 8 11 90 44 45 76 30 18 58 45 95 40 99 30 56 81 77 36 81 14 31 86 56 20 11 76 44 0 5 79 45 26 23 30 82 48 57 39 91 61 62 15 42 73 72 2 87 46 31 32 1 59 45 34 22 79 71 45 31 60 56 64 24 46 33 71 6 34 84 41 32 79 54 91 79 93 51 74 72 27 49 61 69 59
49 59 34 7 39 72 14 36 59 97 16 20 12 91 44 2 77 74 53 71 26 72 5 77 75 61 72 83 10 79 4 80 91 70 61 53 60 28 72 91 92 42 9 1 0 94 89 99 44 31 78 72 35 96 47 87 78 50 41 77 98 9 52 53 88 79 45 13 26 88 47 83 67 77 30 54 66 29 93 98 71 27 37 84 51 43 22 23 98 73 64 17 62 21 18 85 61 67 99 69 93 22 29 28 6 68 67 15 97 4 15 90 59 14 79 99 57 8 27 4 43 0 63 28 89 90 42 99 55 83 47 35 31 77 48 51 8 26 19 86 91 14 1 31 13 94 31 91 100 6 13 13 46 7 83 99 45 43 41 48 91 32 47 40 96 18 57 79 25 57 91 79 39 41 62 56 81 60 56 49 28 37 79 10 88 8 29 25 46 62 100 45 56 53 86 99 99 97 49 6 88 22 17 16 56 50 71 46 69 40 69 28 65 49 1 86 24 89 41 14 38 41 87 98 38 79 81 93 24 85 56 41 22 42 46 42 34 39 8 47 15 0 89 73 98 42 80 51 2 28 78 33 10 38 15 66 15 93 42 64 36 79 44 0 96 8 27 20 62 48 28 77 51 21 27 95 46 17 43 1 93 93 8 97 16 5 0 39 96 12 66 81 87 43 97 97 44 96 29 83 4 28 13 96 75 8 15 4 65 72 72 12 78 0 51 2 1 85 63 87 94 73 68 33 32 6 53 52 96 24 51 28 81 47 0 85 81 68 30 81 58 49 69 7 94 49 24 4 86 87 38 66 68 30 48 25 32 86 75 7 84 86 39 44 47 97 27 38 57 67 94 84 97 84 42 70 1 52 1 22 73 85 48 30 5 81 21 19 79 61 35 58 60 55 21 25 96 100 77 10
47 0 75 60 50 47 5 50 79 30 6 16 97 35 95 9 67 32 18 84 32 96 46 23 46 53 11 12 42 30 63 50 54 40 2 81 78 23 2 90 93 40 16 2 56 32 89 40 3 67 51 75 24 80 21 13 71 53 13 36 55 81 55 1 11 61 8 48 12 73 41 55 40 98 74 52 93 74 96 71 0 63 68 18 7 15 78 25 90 14 5 26 72 16 69 96 25 56 87 43 11 92 27 28 74 36 42 93 78 44 19 49 69 93 2 73 35 68 92 19 33 51 51 21 37 24 33 10 86 91 41 82 61 89 28 49 92 7 38 36 36 96 26 80 43 78 50 80 2 11 37 70 7 51 67 80 79 73 6 27 7 50 15 92 8 87 69 6 74 49 0 59 11 86 51 73 4 57 88 54 20 42 58 34 13 32 22 100 32 94 92 36 0 85 9 47 53 20 2 54 55 10 16 89 90 2 73 13 4 14 84 42 24 93 7 36 45 60 46 1 65 42 46 45 27 3 78 62 36 32 26 58 35 91 84 92 43 80 50 0 60 73 42 48 54 42 5 91 97 15 79 48 54 24 15 10 88 46 100 54 56 19 71 43 17 50 52 29 79 14 70 74 66 38 86 25 30 31 40 26 73 1 28 88 58 30 53 2 11 33 21 55 68 1 87 3 31 57 22 78 56 46 88 83 35 54 44 40 68 64 76 73 69 2 16 94 40 46 68 46 79 46 81 74 52 47 43 4 42 82 19 6 94 52 90 38 94 35 97 98 44 38 20 42 89 94 18 54 82 4 85 28 15 21 42 17 71 76 12 64 87 3 26 46 97 28 5 96 95 92 28 17 98 22 74 23 97 35 8 97 93 21 53 40 60 44 17 17 13 22 4 28 58 9 40 77 62 100 51 84
76 50 5 19 22 33 9 65 70 27 86 34 38 2 45 69 56 28 44 69 74 74 21 57 56 6 98 8 35 49 82 17 73 77 80 60 29 25 36 56 73 92 13 46 38 7 68 71 95 99 83 30 5 98 71 12 71 70 3 44 26 41 6 43 59 57 12 6 70 43 9 18 1 23 62 66 23 92 83 12 44 41 77 42 67 95 45 51 4 71 4 68 45 51 60 75 67 5 2 61 55 92 90 72 73 95 37 65 100 11 72 14 46 82 35 19 42 28 56 81 73 84 51 16 25 74 11 89 60 36 28 8 36 42 85 16 6 39 49 18 25 7 31 75 68 63 67 0 61 3 52 46 86 64 62 71 40 17 16 55 86 39 50 62 54 19 99 49 75 34 98 71 76 39 16 90 91 80 98 75 44 77 25 11 8 54 96 76 67 12 88 4 16 12 80 44 59 88 59 75 72 67 8 71 90 25 16 63 2 62 55 6 85 16 71 9 21 72 47 19 0 54 0 41 97 59 61 9 30 54 6 2 18 92 15 45 68 77 62 86 99 20 22 82 62 13 37 99 33 63 96 53 90 99 70 38 25 59 6 86 7 61 51 13 66 9 99 71 7 47 5 36 7 99 24 96 67 26 27 13 40 76 92 74 88 53 43 35 29 5 41 90 1 25 19 10 16 68 21 84 75 27 63 6 51 18 17 44 84 2 96 71 15 27 25 0 68 9 67 37 80 44 96 8 22 78 28 62 11 81 39 28 16 56 56 0 84 95 27 36 15 6 64 41 21 3 22 34 96 59 67 78 9 84 77 62 34 59 32 80 52 34 37 99 93 62 1 76 83 14 17 28 12 85 75 45 27 33 89 57 99 16 81 94 54 83 20 29 0 7 78 100 68 25 72 48 26 43 67 98
14 44 76 99 5 51 22 48 96 41 62 41 22 21 100 31 87 79 12 11 68 28 46 53 78 50 50 48 73 39 84 87 98 3 11 11 6 97 59 92 70 8 21 90 62 27 38 91 84 33 87 97 18 34 48 30 63 90 43 34 52 98 100 59 64 100 56 93 26 20 45 39 46 74 26 88 53 80 30 79 43 44 28 37 4 76 50 39 81 32 8 91 28 67 13 90 0 89 38 51 96 80 8 26 19 81 46 23 50 95 73 100 92 59 12 86 64 0 38 2 18 59 4 4 20 75 49 54 87 78 47 99 35 47 61 11 21 4 81 21 62 9 1 81 82 29 61 60 55 80 75 72 99 0 31 79 69 2 93 34 82 32 3 55 17 92 26 56 73 2 54 60 74 85 100 46 23 24 20 10 86 64 60 74 84 30 6 36 90 82 90 73 57 92 31 17 2 57 76 29 69 57 37 4 66 16 13 10 73 41 59 59 56 49 41 0 6 23 61 70 58 71 39 18 25 85 65 38 9 32 13 10 2 54 16 15 55 17 89 71 46 50 16 12 18 62 23 31 67 60 35 13 36 89 73 25 67 6 43 52 40 11 97 76 3 96 26 88 54 7 92 11 31 91 49 26 10 52 8 65 99 13 74 11 67 79 23 25 3 79 97 22 77 0 55 41 67 65 28 32 83 90 55 98 63 71 51 18 74 100 83 21 65 48 74 100 24 69 55 7 36 53 38 72 81 9 81 73 24 84 67 93 8 45 58 11 90 61 69 61 10 58 70 14 34 28 2 7 37 80 5 97 77 61 37 9 57 8 3 87 26 51 71 29 56 82 35 29 34 72 24 60 75 82 10 75 24 27 66 53 45 8 25 12 5 71 35 1 61 93 76 61 89 88 73 86 62 61 62 52
2 87 16 49 68 80 19 65 66 98 92 25 17 56 22 62 68 20 67 78 55 39 94 81 18 67 17 65 42 69 37 22 23 73 6 27 50 81 12 65 92 6 52 14 24 64 54 30 71 22 3 35 78 32 77 56 52 28 4 70 4 14 72 15 89 28 53 18 7 76 99 55 68 15 33 31 40 28 82 30 21 59 43 2 49 82 35 53 84 41 73 69 68 91 12 3 28 100 59 86 88 46 20 91 26 65 87 94 69 49 73 32 27 19 31 25 25 44 1 61 22 100 79 54 62 16 42 82 31 49 67 69 6 31 67 27 4 94 34 53 25 3 6 24 87 84 17 29 28 44 76 62 51 4 82 29 77 91 11 86 72 66 83 73 81 46 87 21 37 65 85 67 0 9 60 31 64 37 36 24 6 37 58 93 92 3 64 1 93 2 68 47 48 35 93 95 46 93 76 51 41 16 21 96 67 24 92 70 78 84 3 55 58 17 26 2 74 73 33 31 16 51 19 93 80 62 50 39 61 32 78 70 94 97 29 10 49 23 95 60 55 50 28 83 62 16 15 98 70 86 77 22 37 28 51 98 91 91 36 62 18 2 93 15 49 83 13 62 37 20 78 13 13 46 75 95 55 71 57 30 25 20 70 26 41 78 39 65 37 51 95 83 7 64 44 63 4 19 80 71 9 4 37 97 82 63 50 75 74 95 40 94 55 23 4 95 54 67 36 63 52 58 50 45 37 94 86 69 27 33 79 6 30 7 84 100 49 7 10 93 18 9 74 21 11 53 38 74 4 92 33 14 24 79 77 24 94 48 83 98 3 63 0 72 43 9 71 20 14 3 21 13 87 34 37 16 78 91 40 57 10 19 24 84 98 3 88 82 47 15 23 87 50 50 87 22 93 31 99 51
7 28 61 24 35 7 74 89 14 38 20 96 99 12 40 4 10 86 48 66 41 94 41 4 61 19 48 0 6 89 98 38 59 39 21 60 61 7 40 14 51 99 65 85 35 13 18 19 7 76 87 60 94 49 89 73 12 68 37 5 71 11 1 69 64 61 84 72 76 33 21 100 20 88 75 83 60 77 54 25 71 37 37 18 18 40 41 88 29 27 13 67 87 52 91 58 56 10 52 38 1 45 89 50 29 96 32 98 9 35 27 18 14 2 26 61 28 93 71 6 9 50 48 59 4 25 68 70 39 92 30 29 7 45 81 65 45 45 10 23 57 83 84 49 11 73 70 63 42 37 16 60 93 34 85 83 5 17 14 38 33 51 23 7 97 18 65 53 21 72 9 32 72 40 51 50 67 17 73 88 81 0 64 20 56 1 66 48 100 2 69 3 16 37 47 46 27 52 16 44 0 67 37 7 77 24 83 94 82 95 17 18 59 73 82 85 99 88 22 14 100 68 89 60 47 85 47 20 88 38 99 58 92 44 37 41 22 97 30 54 39 54 13 53 72 38 10 12 78 24 99 71 45 71 87 32 79 11 68 32 74 88 43 27 88 12 62 76 19 12 26 41 87 67 94 11 56 36 67 33 80 64 91 96 79 69 8 95 50 70 73 62 4 53 4 82 53 34 63 7 35 67 33 98 59 76 36 13 90 79 70 2 75 39 41 49 27 81 21 100 82 53 40 1 48 30 94 47 37 49 46 11 38 83 49 52 36 52 51 21 76 94 99 30 92 85 47 4 50 24 2 31 18 53 81 73 89 11 35 72 73 43 59 63 27 64 6 90 32 50 64 52 24 1 31 56 74 69 73 42 15 90 68 19 26 90 79 10 1 15 34 53 0 57 60 69 18 82 58 96
75 16 97 62 51 7 19 33 76 27 93 73 29 93 89 89 2 82 28 58 84 10 89 60 73 78 41 27 29 12 14 97 80 35 12 6 35 24 80 22 40 72 53 87 73 86 14 7 70 53 30 32 47 4 57 30 97 42 3 20 33 38 50 66 94 14 21 9 62 74 99 64 55 10 9 93 9 25 82 90 47 52 12 91 64 32 15 65 3 29 54 65 68 10 5 8 88 48 20 29 2 63 19 1 84 47 69 61 2 46 2 23 93 69 64 48 1 18 58 42 78 45 56 39 4 1 99 93 61 43 5 9 88 56 96 37 3 34 0 53 77 60 21 53 87 56 90 94 51 26 20 89 12 28 48 95 29 58 80 95 5 78 54 9 93 7 11 29 79 67 3 74 38 37 55 59 46 58 95 73 8 5 87 12 28 99 14 97 33 32 99 53 62 62 2 21 75 60 49 72 3 72 86 11 84 83 6 88 55 99 53 100 82 79 70 64 1 74 72 74 60 47 76 65 44 13 17 36 66 39 70 75 30 44 89 63 93 91 95 74 17 9 56 1 16 41 96 21 17 21 38 91 43 41 6 37 54 90 24 25 91 88 24 61 23 76 67 48 7 29 11 27 91 47 6 43 12 48 96 6 1 87 36 63 41 76 73 38 62 28 5 25 9 51 41 49 7 88 56 83 30 31 4 4 56 64 94 35 27 92 36 51 80 27 90 86 97 78 34 28 45 87 98 34 69 57 97 95 53 43 67 11 84 82 80 28 33 15 59 29 93 5 8 39 1 94 19 13 30 31 60 94 56 30 59 9 83 74 92 29 40 46 53 54 9 67 7 14 48 52 16 32 2 66 44 6 92 62 51 44 51 91 52 48 69 8 1 8 9 49 13 89 82 64 12 78 95 5 92 50
7 74 82 45 76 93 90 70 33 98 43 69 5 95 0 87 30 63 8 21 91 43 25 21 59 0 31 27 38 73 81 70 19 11 0 57 23 98 11 64 74 57 69 77 62 10 72 88 93 99 37 34 63 65 9 87 9 88 42 3 56 25 31 72 11 36 94 57 14 78 64 42 58 66 89 32 37 38 50 26 36 87 93 86 3 72 94 45 93 43 63 28 28 3 46 39 1 46 24 44 81 59 62 87 28 35 68 90 36 32 16 19 77 86 70 26 21 21 62 64 56 82 91 1 27 7 76 0 14 57 8 62 20 86 30 90 18 37 94 86 15 74 9 51 15 43 2 34 81 48 29 40 25 79 6 92 5 77 3 0 44 84 83 63 67 76 23 4 21 5 66 91 37 4 87 16 77 81 32 9 23 25 21 26 77 14 33 53 86 52 2 16 44 93 92 19 42 86 86 60 43 12 25 100 6 80 6 31 1 98 60 7 31 51 17 62 87 37 9 92 65 90 41 72 83 35 97 47 4 89 86 92 15 94 62 35 24 9 77 86 40 21 69 88 68 69 90 3 9 55 66 25 32 60 1 54 22 3 42 9 78 8 92 64 40 56 37 9 0 12 74 37 61 63 71 88 59 29 4 98 17 5 20 44 72 71 19 19 3 76 70 72 26 66 18 9 67 87 25 65 82 75 40 12 10 37 70 52 46 27 72 25 61 56 22 41 44 96 10 22 8 53 81 38 23 41 36 24 50 33 61 47 81 4 20 68 34 29 9 21 74 19 84 52 48 71 100 43 97 49 59 60 100 31 8 8 26 42 44 18 36 78 69 56 11 73 80 34 74 97 55 91 17 46 43 82 43 43 71 53 18 39 55 83 8 21 40 61 23 62 63 90 16 42 54 43 98 53 28 37
82 89 68 65 2 11 27 48 92 94 36 88 90 84 51 57 82 91 51 33 84 66 46 44 100 60 59 1 38 61 80 43 27 78 80 68 18 8 74 84 55 55 63 21 15 72 60 29 48 50 17 11 9 78 75 11 57 17 81 98 73 53 95 1 77 68 78 6 52 64 63 8 72 64 22 92 95 40 66 50 69 90 45 71 38 13 66 82 98 47 63 39 78 74 73 58 66 86 45 30 50 20 86 79 33 70 48 10 18 45 9 9 24 50 69 93 96 73 12 96 79 32 34 91 10 93 23 41 24 21 35 70 53 30 15 92 18 96 10 56 26 20 17 17 98 5 1 83 93 77 13 61 21 47 0 29 98 76 64 36 66 84 28 34 22 43 97 38 70 93 88 31 69 65 91 20 45 38 20 16 78 16 72 99 92 2 26 6 99 41 25 6 36 77 80 76 86 38 78 30 21 13 71 51 88 18 48 5 70 99 85 69 50 7 15 13 15 78 76 69 7 22 60 20 89 89 38 75 6 12 10 94 15 60 29 63 31 55 33 53 48 49 5 33 82 72 89 33 43 85 3 60 42 1 16 50 26 85 79 53 38 16 60 64 51 94 56 10 68 61 21 24 49 18 46 24 87 88 32 60 57 68 74 57 7 34 96 90 92 88 96 35 7 63 10 94 56 86 56 8 53 21 75 31 56 76 25 48 20 72 19 97 5 5 51 95 61 68 30 75 55 61 93 8 25 23 6 83 14 77 24 62 70 82 21 5 26 24 72 62 77 83 44 86 92 32 50 78 73 99 3 99 45 77 81 42 14 35 78 10 60 70 74 48 17 7 0 83 26 15 29 9 31 50 19 98 59 29 32 45 54 36 22 29 49 6 41 90 91 25 12 34 1 43 18 96 53 13 99 13
49 47 100 16 80 77 35 78 49 0 96 37 80 94 77 77 50 76 14 40 12 94 53 35 30 79 66 80 0 7 68 95 74 91 42 76 66 76 37 69 1 60 16 76 41 70 14 12 46 85 31 82 88 2 47 47 97 88 27 19 28 61 56 19 34 69 12 98 10 36 8 41 95 66 18 51 81 33 41 28 34 89 4 80 13 22 67 47 26 33 89 49 47 30 49 40 7 60 2 91 76 20 12 22 19 76 33 51 31 12 9 45 23 81 90 36 5 10 22 49 59 66 29 70 16 28 5 1 56 20 40 52 45 56 54 33 16 22 18 38 77 15 38 73 3 49 99 75 50 48 15 77 67 76 27 25 3 38 65 8 34 32 73 49 4 98 93 56 44 98 46 65 89 48 71 84 100 63 63 27 84 18 51 38 80 15 83 54 8 18 85 61 59 20 72 60 3 35 31 56 8 91 37 42 23 97 5 51 51 61 58 24 97 86 42 15 20 10 42 60 23 86 82 44 52 23 88 72 98 19 17 30 2 12 70 86 93 63 33 43 36 77 28 11 95 92 97 32 41 5 22 4 81 95 35 49 94 81 60 50 93 89 56 92 21 85 47 47 55 97 68 99 45 1 65 100 88 74 58 78 31 5 81 23 61 91 26 83 87 54 64 19 88 24 3 13 47 87 70 75 22 60 34 69 63 49 11 27 25 44 8 41 86 46 19 92 39 83 30 48 66 34 58 77 90 32 93 61 21 42 86 48 21 32 17 96 6 48 70 42 19 68 27 93 53 18 81 0 43 37 77 2 31 94 55 44 93 2 14 9 14 85 58 84 1 3 1 85 15 18 88 27 17 30 29 18 19 50 3 38 76 54 2 22 2 88 75 35 92 3 17 46 89 75 78 79 64 78 78 41
80 44 80 76 19 93 84 68 12 72 32 14 19 93 34 31 63 85 41 98 22 44 13 4 54 52 47 5 69 92 38 8 26 74 1 3 69 45 12 5 98 9 47 97 82 56 23 61 92 69 70 16 37 96 13 35 20 20 50 2 3 60 25 8 21 16 99 87 41 74 45 30 88 98 47 65 62 22 51 48 44 45 95 63 54 38 87 8 85 53 22 48 71 68 71 34 29 72 31 37 72 24 28 97 30 79 31 5 32 3 34 38 60 45 12 62 31 11 14 41 73 70 29 49 15 76 100 18 51 21 98 3 19 0 51 92 75 3 94 61 26 2 20 95 75 85 20 80 22 49 26 18 33 88 8 76 85 37 83 12 17 85 46 40 59 27 26 43 38 11 51 42 41 31 63 7 6 10 29 6 22 67 87 85 35 33 5 94 58 11 89 74 4 27 74 51 1 76 26 82 53 10 58 60 80 25 1 16 96 75 97 30 59 96 23 33 79 35 19 71 89 70 56 85 66 51 7 16 15 81 93 3 28 60 90 94 14 79 1 47 87 83 98 24 58 10 71 97 25 48 72 26 57 81 78 63 68 39 39 76 6 88 75 17 22 28 66 5 71 6 20 79 7 58 94 34 71 56 71 97 80 47 20 26 75 90 72 91 48 63 40 72 5 79 39 73 18 2 64 95 84 40 64 32 1 34 58 70 0 13 53 40 17 73 27 66 94 7 27 16 33 36 55 39 10 9 22 0 16 56 12 99 41 18 10 88 10 26 28 64 3 57 15 76 59 69 99 1 64 73 12 95 74 53 32 90 40 60 23 72 36 0 64 55 26 54 86 15 75 27 63 55 91 32 28 35 23 93 29 92 84 0 87 99 12 86 82 81 88 57 87 44 10 11 3 3 67 83 94 24
100 70 96 15 82 43 17 3 36 77 14 18 46 32 44 31 73 34 73 96 14 89 66 58 70 43 22 65 30 7 29 30 71 79 0 3 78 41 87 32 51 90 72 46 46 30 99 73 36 76 12 59 38 39 66 69 71 87 59 83 63 56 61 25 10 13 58 83 12 19 17 17 46 94 86 55 42 47 47 48 31 61 44 73 99 40 26 56 11 89 21 45 9 67 30 96 68 49 67 8 51 80 83 6 17 31 19 73 82 35 28 60 13 42 66 86 32 46 35 22 92 0 82 9 7 30 74 1 53 36 63 62 97 52 52 76 8 60 43 26 25 40 24 14 81 2 56 82 17 13 86 87 71 23 30 19 82 34 13 2 71 48 38 14 90 48 82 42 96 36 61 65 87 46 96 49 11 98 25 68 2 94 88 35 8 66 11 50 58 4 54 35 31 5 61 48 81 65 3 72 89 26 27 30 98 70 28 21 64 52 62 9 56 72 39 94 32 30 29 63 88 90 7 3 63 64 24 28 95 37 57 34 66 48 62 24 42 33 7 41 83 59 19 71 69 93 31 43 15 93 62 84 79 49 81 63 33 46 0 74 77 76 70 8 54 94 43 57 50 4 43 87 20 65 60 45 93 81 25 61 64 87 31 78 49 90 83 60 74 15 19 57 25 35 24 56 42 48 14 56 69 15 38 58 25 60 74 35 58 67 76 56 94 83 69 68 53 20 13 17 7 58 4 4 18 85 65 37 45 61 18 82 26 28 31 35 24 59 9 95 60 4 83 88 27 22 79 79 80 47 32 74 14 32 4 10 28 78 26 9 66 92 25 64 39 77 82 57 30 44 15 73 55 5 82 43 35 29 13 26 11 31 81 33 58 98 35 7 68 9 1 69 88 83 55 41 76 39 66 19
60 40 72 65 88 18 47 5 55 31 100 92 51 4 18 50 37 86 62 31 21 23 54 15 85 67 56 0 75 86 82 64 54 7 32 8 18 57 94 19 5 65 75 64 72 85 36 38 77 0 59 92 96 82 11 32 94 27 45 15 32 92 86 84 39 38 63 10 69 40 51 97 12 49 85 6 64 90 69 25 55 56 72 36 67 19 11 39 20 18 94 83 3 89 41 14 14 62 47 41 80 31 48 10 61 92 97 27 44 57 41 10 75 31 13 5 27 95 99 77 34 62 23 81 88 55 93 33 57 7 93 14 23 38 2 49 17 14 57 27 84 58 30 5 50 41 48 19 27 90 7 88 40 58 56 43 4 29 46 8 10 20 79 96 5 76 12 40 54 50 62 78 48 26 45 26 55 67 79 3 29 86 7 11 19 56 11 46 13 87 63 38 20 83 6 56 94 28 62 7 56 67 78 86 4 90 61 40 31 62 6 43 32 51 14 5 35 65 80 82 28 75 14 77 88 94 100 7 41 98 68 20 54 85 53 90 9 70 35 20 0 72 54 73 24 33 51 64 19 41 88 75 58 95 50 36 10 88 76 4 85 75 61 74 89 92 40 34 21 37 52 49 14 43 16 33 90 100 73 19 40 45 10 16 74 61 58 99 24 90 60 88 20 74 96 85 52 41 78 75 72 63 89 7 27 16 42 69 79 89 48 42 78 44 44 56 8 98 78 19 6 71 25 83 10 90 12 56 3 55 18 20 52 37 41 86 44 19 10 74 11 31 42 69 49 50 5 8 16 70 44 58 14 1 11 67 92 56 92 23 90 19 38 17 55 59 100 99 53 87 63 84 67 26 25 68 35 19 87 45 84 76 40 47 41 76 11 58 78 92 71 97 63 63 12 53 22 42 65 67
79 66 55 88 65 91 23 8 63 48 74 76 22 71 88 24 58 64 38 80 92 25 82 20 87 46 7 75 13 12 85 84 58 63 50 3 99 27 90 89 76 10 44 98 25 9 49 93 2 13 6 6 95 56 83 100 43 86 21 41 19 1 81 42 51 85 13 60 66 28 30 51 71 48 89 71 76 53 72 32 44 93 1 78 92 80 79 91 55 89 63 17 30 1 37 88 14 89 12 23 72 40 86 28 28 77 80 67 36 71 6 55 90 69 3 42 33 91 33 35 54 24 62 55 88 58 21 45 50 16 74 33 8 78 19 19 44 30 57 1 0 1 12 14 100 31 63 74 69 71 89 96 45 44 86 85 55 2 26 67 28 7 51 47 43 37 10 73 64 62 94 33 7 84 36 48 57 36 22 7 39 12 44 57 72 93 31 77 21 72 28 63 36 48 32 63 1 63 4 4 27 58 94 11 23 53 98 81 4 52 19 15 43 42 24 37 35 11 13 11 13 61 15 86 3 51 76 34 75 74 61 50 41 22 85 90 7 71 42 99 97 83 38 96 82 24 16 74 97 58 90 0 36 69 18 8 76 68 63 80 96 23 79 95 14 36 98 31 25 2 78 38 94 52 52 13 97 28 63 37 44 12 98 74 42 17 66 90 3 68 11 9 95 43 79 82 49 71 69 17 97 90 8 64 19 74 16 7 72 94 37 22 22 15 78 91 37 88 56 2 33 22 75 9 65 81 80 55 61 53 41 45 37 59 0 31 75 69 95 94 96 14 78 84 48 62 94 96 5 86 99 37 51 54 28 14 90 21 8 61 34 94 41 27 77 9 36 36 23 76 57 32 67 8 95 6 67 96 40 97 41 70 44 71 50 87 58 45 30 97 59 76 29 20 60 18 56 16 4 28
39 97 14 41 73 49 6 81 67 83 29 25 42 20 17 25 42 93 6 60 5 93 99 29 70 86 57 14 77 5 21 14 5 78 45 6 87 42 45 64 80 98 21 40 87 66 22 34 3 86 42 87 4 29 92 74 10 10 60 13 4 35 30 52 92 29 29 37 31 48 20 87 64 31 82 70 35 23 36 51 25 72 89 32 37 32 47 30 51 37 17 3 7 96 34 13 74 69 44 25 13 1 32 40 5 64 3 16 76 7 49 43 73 52 55 96 46 76 1 34 1 28 84 27 41 4 89 96 66 96 65 19 52 100 65 97 46 94 60 35 0 47 90 10 82 71 46 12 38 47 35 0 35 33 52 32 33 29 99 56 50 42 49 96 62 28 61 43 34 81 35 66 16 43 37 52 55 52 7 5 98 24 6 74 94 10 64 62 33 48 52 11 85 25 89 31 85 29 64 33 1 18 6 21 98 23 23 56 38 36 8 19 46 65 63 32 76 20 69 94 79 39 31 79 72 58 98 89 70 22 98 25 74 76 48 25 80 13 22 67 3 41 57 2 71 11 28 11 46 57 66 76 63 72 81 68 13 60 17 45 46 40 62 17 37 21 15 90 39 78 9 76 31 97 88 25 91 1 37 89 13 22 52 53 97 73 27 32 45 45 32 9 38 41 51 14 40 71 59 65 7 6 16 70 48 15 37 44 49 90 3 41 88 75 45 7 13 19 45 15 31 54 79 29 54 45 77 36 65 59 50 28 99 29 73 20 38 67 33 29 21 82 84 79 22 47 78 16 25 92 9 20 68 87 84 51 69 69 48 16 42 63 16 60 85 94 34 34 93 54 65 78 27 11 81 94 83 28 12 3 36 62 68 89 7 5 63 47 14 40 36 37 63 79 3 99 88 10 95 75
47 13 24 61 72 84 88 70 76 45 51 79 86 16 90 79 7 14 47 58 97 85 16 89 83 67 55 50 100 94 53 71 92 91 77 85 54 90 76 33 52 83 40 81 89 92 97 33 34 29 76 47 99 86 15 25 60 5 97 84 40 61 6 99 48 17 34 51 30 12 21 50 87 93 6 92 43 13 68 47 15 72 48 84 4 93 92 64 99 28 22 88 37 28 63 62 91 54 81 10 91 53 87 90 48 35 63 80 30 91 22 100 39 78 41 31 87 82 29 50 58 51 27 60 94 48 40 23 33 42 94 30 29 46 27 47 57 30 67 70 23 18 6 60 55 15 64 48 20 51 37 18 81 68 67 8 56 18 49 25 76 94 21 76 31 95 65 15 43 74 8 88 31 35 46 33 12 86 100 97 53 60 22 75 58 36 47 66 100 9 79 98 29 46 30 45 32 47 27 90 90 89 48 43 18 69 40 100 49 56 9 68 42 40 96 43 5 71 85 80 12 88 66 38 63 55 9 61 51 34 24 21 59 15 69 48 94 87 38 10 76 27 63 85 13 6 43 3 2 88 75 84 62 77 99 97 43 0 92 8 8 11 50 28 40 6 1 8 58 55 90 45 96 47 46 41 48 55 1 60 24 59 72 24 98 13 32 16 30 76 95 38 28 49 76 88 58 77 39 11 57 98 86 39 73 30 37 26 16 67 78 8 91 97 98 8 74 89 28 12 93 77 25 82 2 49 27 11 86 11 40 81 99 56 90 24 73 89 54 23 22 42 54 96 25 40 14 51 47 43 26 77 37 47 74 77 7 26 97 35 87 86 8 78 85 36 37 47 96 37 11 21 19 69 26 34 63 36 53 65 96 79 64 91 77 5 59 66 43 51 9 39 67 20 96 33 37 51 44 94
43 73 57 85 74 91 0 38 43 92 76 56 68 85 19 42 79 83 72 57 75 11 89 90 4 3 49 43 12 59 79 96 36 63 84 19 38 83 49 25 89 84 54 22 100 73 24 27 34 62 29 63 53 24 10 47 17 0 78 16 37 37 20 81 15 86 64 99 51 73 58 32 89 88 32 45 63 5 59 98 76 68 49 75 73 75 74 19 52 86 95 37 81 11 35 64 65 98 54 84 51 18 22 30 61 0 69 19 65 64 26 8 22 31 90 36 62 16 21 18 5 18 61 47 47 22 97 19 71 62 52 2 34 53 95 98 33 78 40 77 20 26 64 60 25 100 54 23 38 6 78 30 38 32 3 21 19 27 32 9 43 97 88 58 23 52 74 96 83 9 82 1 28 3 65 32 94 49 37 5 86 98 13 99 37 56 1 98 28 94 85 35 40 2 14 94 74 42 53 31 42 7 99 4 41 89 67 86 3 80 80 64 10 52 39 65 44 22 47 20 10 50 90 24 3 75 50 15 32 3 55 89 5 40 29 23 83 18 3 10 19 79 52 43 78 77 0 31 15 35 24 51 4 28 10 88 83 33 13 10 5 76 90 68 56 62 15 65 75 28 7 14 81 4 13 62 30 52 57 98 31 52 24 77 26 27 88 78 46 35 79 29 79 89 7 38 15 3 19 1 63 3 21 70 34 55 90 74 88 65 27 42 26 44 59 16 24 79 69 66 47 33 39 10 8 39 28 85 23 36 18 96 19 89 89 58 61 42 53 26 26 1 54 87 13 71 51 38 84 83 54 18 51 66 96 4 62 80 57 15 38 23 80 96 87 84 3 12 13 20 75 39 97 37 66 69 17 77 5 57 70 10 90 4 99 3 99 0 4 87 54 96 2 3 12 8 62 62 34 4
12 48 26 5 76 25 35 69 96 10 87 51 62 53 26 99 33 40 14 69 63 16 73 46 96 71 73 62 29 77 78 31 3 82 78 46 35 28 79 83 23 80 52 37 9 14 41 85 33 49 11 35 13 15 58 69 78 71 45 20 82 28 52 40 6 38 13 75 10 41 14 2 18 8 87 75 6 62 3 95 81 19 1 81 76 29 45 0 19 13 44 87 3 10 85 21 41 68 73 97 49 31 52 40 19 77 27 39 83 11 26 1 72 84 64 5 20 75 21 83 0 16 74 85 56 42 3 85 14 97 82 34 80 44 100 33 93 18 50 75 19 61 37 80 8 2 99 11 36 29 17 71 12 1 37 77 72 47 46 76 31 27 25 8 66 2 18 62 53 19 42 35 93 56 45 65 57 78 84 77 41 87 23 88 53 27 55 85 97 26 77 100 72 69 85 31 41 96 37 37 88 13 11 51 50 59 8 94 75 16 44 54 78 7 37 95 7 92 81 28 55 85 69 45 37 76 50 0 95 15 45 64 52 83 70 17 73 62 54 0 90 72 56 43 70 48 25 50 10 7 15 51 44 25 4 8 5 0 14 34 57 83 3 36 23 47 46 29 37 41 56 33 49 65 79 75 99 19 11 55 65 27 43 72 95 21 87 36 41 5 61 86 60 68 42 69 94 92 87 78 74 84 31 75 39 59 7 66 82 25 13 30 46 73 29 64 81 51 73 59 12 89 47 40 30 16 65 36 37 40 0 26 4 95 3 67 20 80 72 33 74 4 50 66 1 28 28 68 6 67 15 92 55 83 17 59 83 83 51 64 19 95 58 65 70 81 85 17 74 66 54 71 5 38 17 65 76 93 96 20 90 56 98 35 77 45 50 46 46 67 15 78 81 75 87 38 86 57 81 11
59 23 14 39 54 40 66 81 96 87 67 38 84 60 20 21 58 2 58 84 5 95 44 69 58 32 32 50 69 39 11 94 96 26 57 17 42 52 26 85 60 23 89 75 99 93 10 13 0 99 48 22 55 31 18 37 54 49 33 61 69 34 35 89 15 19 30 15 6 16 55 88 46 74 19 8 12 61 73 81 84 54 7 64 96 81 40 55 65 42 84 39 19 18 12 66 47 35 96 99 21 36 12 96 44 79 84 3 22 94 37 57 34 79 90 95 42 73 99 76 40 99 99 44 0 73 73 17 87 27 23 27 99 74 15 43 30 30 1 69 89 75 58 21 82 93 6 52 53 14 69 85 47 1 9 55 65 11 77 66 48 52 47 0 69 23 27 47 66 10 31 93 79 66 53 39 56 71 6 54 97 16 63 42 3 94 0 28 72 26 73 54 90 66 38 0 19 57 30 83 51 79 47 63 74 7 8 0 8 77 15 60 51 41 67 66 99 41 65 23 91 54 2 55 100 21 43 97 70 7 1 0 12 15 54 22 42 93 72 52 23 99 40 13 83 90 90 35 9 77 23 12 56 3 93 58 74 5 88 18 72 21 11 75 29 94 11 88 76 88 19 67 16 79 45 36 29 28 37 61 79 70 63 45 27 32 2 12 64 38 46 80 31 9 82 3 88 4 74 71 77 93 18 8 45 82 90 83 80 89 67 8 76 97 19 89 44 85 2 51 63 23 50 84 54 46 2 24 96 35 18 21 67 41 21 48 89 16 60 99 71 45 80 9 48 75 34 63 91 12 34 68 8 34 86 12 24 98 5 20 46 46 35 85 57 60 90 34 67 40 3 4 49 44 33 72 18 47 36 97 32 60 45 8 83 41 65 69 63 99 29 40 62 80 11 83 89 80 82 85
73 62 25 20 54 99 72 65 0 77 60 77 14 38 96 39 55 3 67 63 16 0 8 61 61 39 23 30 62 29 95 35 56 5 43 98 21 20 13 83 64 8 65 65 92 2 61 68 24 13 51 75 69 59 61 71 26 48 59 79 43 69 19 51 97 71 48 63 15 34 82 68 56 100 89 74 80 63 69 7 80 89 40 91 15 51 57 10 42 52 51 64 78 8 68 48 50 69 95 91 77 54 3 25 87 99 38 17 36 56 80 74 32 19 19 16 56 27 35 72 24 22 56 44 8 34 35 1 20 1 45 87 98 97 8 67 89 75 89 17 76 60 4 2 22 27 3 26 42 100 7 95 29 32 13 31 78 28 4 10 4 63 43 0 19 78 51 100 86 51 37 46 8 9 75 7 44 39 30 21 72 51 52 74 66 5 40 84 71 20 5 53 65 42 93 94 13 91 35 21 92 81 99 85 82 44 86 88 50 15 14 1 65 69 64 69 11 21 100 89 21 10 5 26 76 72 34 0 40 38 79 100 14 8 5 63 81 60 24 81 29 94 89 88 4 99 15 94 57 44 19 69 24 19 22 98 27 11 9 32 71 16 68 3 55 99 47 3 58 0 33 4 99 87 21 13 40 5 85 14 59 2 37 62 33 16 0 95 88 4 2 22 78 93 50 11 86 91 22 74 52 22 13 60 48 62 59 97 87 95 55 54 83 70 28 22 96 60 100 10 14 58 47 38 50 1 83 71 6 28 42 97 21 25 100 61 8 57 16 90 73 11 82 35 69 19 68 73 74 95 22 38 70 47 43 43 26 6 31 10 47 91 64 24 52 85 99 67 16 59 19 29 9 49 35 79 60 58 50 86 97 39 50 47 43 63 12 25 86 24 60 64 74 82 15 45 12 32 80 12
57 61 78 40 49 96 76 41 12 78 87 61 99 76 40 39 81 16 53 5 55 57 3 8 3 32 43 97 9 95 4 80 28 82 88 34 83 34 42 84 15 64 29 17 34 38 10 48 94 100 10 66 96 37 64 75 11 49 52 90 89 87 99 70 61 13 78 13 96 32 48 15 70 9 1 71 65 58 8 86 32 78 4 45 30 3 74 93 84 56 28 33 41 93 84 40 16 30 18 78 57 83 43 31 42 36 5 51 46 20 22 30 36 22 18 46 88 37 24 49 66 11 62 89 97 41 42 98 37 46 3 62 53 78 78 87 42 10 40 72 82 0 23 89 51 95 41 69 74 67 29 0 12 9 6 57 12 71 72 41 9 24 99 86 40 51 58 3 34 21 94 79 71 22 87 65 94 22 34 57 84 52 23 25 92 4 86 0 79 55 59 7 44 50 38 77 12 98 41 91 98 43 85 65 22 68 2 45 38 57 56 80 91 22 54 60 51 1 92 42 44 58 77 25 6 79 38 10 87 1 69 23 45 4 68 87 85 66 70 9 86 9 1 74 53 78 0 50 76 59 20 25 31 71 35 96 31 11 96 73 20 24 28 90 59 91 30 6 21 67 84 86 48 41 80 39 73 27 2 81 65 45 91 81 59 14 20 64 98 34 53 14 36 53 36 88 84 49 44 11 70 67 46 96 39 19 31 46 5 22 94 99 1 7 66 26 85 96 58 18 64 39 72 29 18 40 89 68 13 75 10 40 4 23 7 61 70 94 100 78 64 58 46 100 42 38 72 100 4 95 97 99 22 68 43 25 63 53 91 55 93 36 91 12 60 45 86 93 94 67 80 28 61 99 63 75 57 75 11 19 73 49 82 39 44 65 50 25 49 79 40 23 41 89 21 97 52 66 14 93
98 84 41 56 29 90 39 98 55 86 93 49 51 4 39 29 10 18 30 17 91 52 75 28 73 17 34 76 5 75 46 58 29 35 23 79 94 24 16 15 46 15 37 25 30 49 72 20 84 66 43 8 86 96 48 8 55 81 95 10 85 25 73 7 80 25 80 90 2 67 69 96 22 44 2 79 92 67 93 86 28 98 9 60 7 4 41 34 11 96 89 38 47 46 52 66 5 75 6 5 71 99 55 30 16 5 23 38 63 27 75 15 64 44 73 32 69 31 41 91 79 98 56 75 26 30 65 81 47 28 58 62 52 86 69 28 96 63 36 76 1 11 12 29 30 52 34 50 38 96 90 72 93 7 78 42 38 21 60 27 69 10 92 14 73 21 11 75 77 5 18 19 66 24 33 9 56 92 43 100 73 41 57 44 59 38 22 84 67 96 51 5 71 60 95 19 25 98 35 92 8 35 87 83 15 74 28 44 38 9 70 60 6 29 1 12 3 44 78 44 87 43 11 30 69 41 93 85 100 86 59 49 78 79 86 77 1 13 45 88 18 69 31 59 39 51 39 8 2 3 65 69 89 84 60 1 63 48 21 75 97 74 72 56 73 46 22 19 37 69 40 46 30 49 82 81 0 94 86 34 97 22 65 57 75 86 16 72 8 86 27 73 40 66 78 49 53 26 32 12 3 25 50 45 85 60 98 99 55 68 69 30 64 6 47 47 97 50 96 82 18 43 29 42 43 94 19 80 38 13 63 49 32 24 95 54 65 78 62 31 51 16 0 3 13 91 46 2 97 87 19 50 95 53 13 3 67 74 73 5 63 41 59 41 6 99 47 47 85 76 44 29 37 53 91 10 30 7 50 8 35 94 58 42 61 75 87 22 65 91 69 77 43 29 79 15 92 16 38 82
39 98 5 48 49 90 13 69 64 3 25 44 25 92 66 92 71 77 52 89 73 58 70 30 91 5 55 82 38 85 99 15 10 88 99 46 89 87 50 23 82 94 70 91 38 1 79 42 58 44 12 92 92 12 40 33 71 39 49 80 53 84 63 80 53 63 90 27 61 50 56 92 66 98 75 85 87 100 73 63 73 51 77 91 57 67 10 5 0 87 76 47 11 4 44 61 7 32 95 78 78 71 88 42 69 13 1 59 17 46 55 80 55 56 63 37 84 24 50 76 22 7 61 58 4 37 72 21 47 26 52 85 69 100 35 87 50 10 78 50 86 37 70 0 36 89 30 63 25 87 24 0 94 50 18 59 19 34 32 84 67 43 89 25 58 1 29 25 6 57 93 45 48 34 88 83 79 87 92 15 2 13 31 41 78 97 92 11 25 49 24 48 46 21 40 46 51 28 52 14 34 17 94 12 23 14 26 91 13 37 1 21 96 25 22 93 66 66 40 48 57 88 50 7 7 12 36 20 75 67 41 25 65 39 90 100 23 82 56 57 92 14 0 53 7 95 90 24 69 74 63 44 56 98 92 76 8 24 81 16 99 36 42 60 12 50 2 47 76 38 6 94 43 69 88 25 40 36 89 25 47 40 44 64 66 73 85 51 45 58 33 50 81 96 7 32 50 13 5 22 30 22 14 73 93 0 96 39 44 35 33 48 23 94 49 98 79 98 76 25 47 52 77 58 74 61 28 62 78 18 76 76 30 55 77 1 11 9 71 13 10 83 96 8 47 85 78 57 69 92 54 35 77 41 52 66 42 68 69 37 23 50 19 16 13 3 60 94 86 54 63 72 43 41 81 6 22 43 44 37 48 70 98 49 51 23 73 71 21 18 99 84 53 73 90 48 20 78 69 75
3 93 90 92 81 43 31 14 68 93 47 60 94 63 93 52 25 71 18 48 21 76 40 60 74 16 93 26 5 33 7 28 55 91 28 66 22 41 27 46 71 27 81 37 58 20 35 42 58 55 1 95 55 11 24 37 32 63 23 80 79 37 50 19 95 51 21 1 98 46 38 94 96 69 76 100 27 100 83 88 82 85 60 85 77 86 52 73 15 58 96 18 41 65 60 66 21 32 43 15 23 10 63 11 91 53 53 80 86 21 73 9 91 18 6 0 39 58 92 61 38 88 88 45 0 95 63 37 74 49 10 82 72 24 87 27 88 94 14 35 36 47 69 8 21 88 23 20 2 65 60 37 85 44 23 70 82 52 97 90 5 63 66 31 51 29 50 18 15 55 15 87 84 93 47 9 74 61 36 56 35 34 55 36 13 59 27 82 37 57 72 23 33 32 87 80 39 97 96 52 40 4 19 61 25 97 37 53 22 31 26 1 46 53 95 27 29 95 46 16 85 9 70 91 84 12 25 34 22 97 93 86 71 42 68 69 73 5 38 31 92 45 90 16 32 84 54 45 81 9 11 8 61 77 34 19 42 59 2 64 83 42 61 61 22 57 41 8 96 83 42 97 4 25 23 100 79 71 45 2 75 74 47 93 39 33 53 63 99 41 15 11 2 12 94 91 49 73 98 9 11 62 84 20 64 62 26 36 67 88 37 89 51 55 10 69 50 53 33 88 92 35 6 62 93 28 54 96 4 89 36 65 72 87 46 19 17 58 21 30 12 64 36 61 79 33 60 24 2 59 97 59 81 3 12 7 43 30 56 56 99 97 45 62 63 40 46 95 30 69 0 81 95 80 36 55 26 35 92 51 93 86 89 66 13 71 60 31 80 84 33 49 40 84 69 48 5 69 71 74
79 0 0 88 0 62 36 88 3 55 98 50 56 76 56 58 7 55 53 66 76 95 47 35 20 43 66 22 23 81 11 81 63 76 97 40 0 42 57 55 70 55 46 3 91 58 19 20 7 41 49 63 7 78 4 70 33 98 97 21 8 51 92 11 26 35 77 72 99 37 63 55 56 23 28 15 20 19 50 41 88 14 97 90 34 50 97 93 20 34 33 15 51 9 99 18 53 85 21 90 93 51 61 8 39 2 26 37 13 0 34 48 4 45 5 17 89 89 34 24 82 80 21 54 20 72 42 100 84 94 21 33 34 57 36 68 11 17 52 8 35 94 72 4 45 4 42 29 96 12 58 96 100 30 67 53 31 62 77 85 76 20 97 66 96 68 32 5 38 11 34 83 94 55 12 32 78 4 70 63 50 43 15 9 69 14 58 66 45 87 92 68 47 32 25 14 52 99 81 32 45 6 29 37 31 80 37 72 48 63 85 26 6 37 0 0 74 39 67 0 47 2 11 30 34 13 0 27 84 51 8 13 38 53 35 86 25 35 99 11 93 80 83 41 19 19 31 66 12 27 37 76 37 87 92 16 32 3 60 57 75 20 45 65 94 1 66 26 88 61 28 57 31 69 28 45 100 97 35 99 66 88 63 67 31 81 8 40 80 87 49 65 89 28 43 77 66 25 32 49 32 73 47 54 33 33 100 86 19 67 10 80 64 30 67 43 45 71 37 54 43 79 71 76 47 10 47 41 81 23 90 47 48 94 2 27 75 60 37 69 92 22 79 16 87 7 83 82 94 93 57 35 8 37 93 12 70 75 85 16 88 7 39 3 37 18 26 12 68 30 10 77 23 87 29 94 75 63 66 8 67 19 70 18 84 58 35 60 23 16 71 70 97 63 44 99 73 44 5 25
45 16 56 92 26 98 39 77 96 57 81 83 55 30 75 38 7 29 84 4 80 13 30 60 64 61 35 13 7 64 86 99 23 10 49 78 36 71 89 80 21 4 93 74 16 32 56 1 7 75 33 45 28 47 0 80 66 99 84 79 27 58 32 13 85 16 5 34 66 22 72 24 72 77 13 89 50 6 13 7 46 71 74 17 45 92 0 76 92 55 28 40 43 63 94 0 77 76 71 71 9 45 77 85 55 60 20 100 33 57 25 62 77 70 62 63 84 48 27 26 22 98 27 21 68 28 83 42 25 46 38 87 99 55 10 17 8 28 21 81 88 61 72 71 66 26 67 28 87 88 78 82 4 1 36 19 23 67 6 55 98 80 31 2 64 99 35 13 54 88 23 64 19 99 20 3 58 20 89 5 94 9 72 61 38 90 97 32 4 33 63 80 71 55 94 17 1 69 79 15 37 74 86 85 68 30 75 29 54 85 47 94 96 50 100 36 2 60 71 59 58 85 90 17 7 18 34 49 50 44 42 20 59 36 60 15 54 34 26 68 16 29 5 50 69 94 50 38 72 21 53 74 7 9 10 50 68 50 51 81 87 72 52 28 65 63 14 85 41 10 5 57 55 64 37 14 62 1 32 79 71 97 69 74 79 43 14 39 57 26 18 86 86 95 3 90 25 65 89 77 68 66 2 61 84 66 59 81 85 0 68 34 24 24 58 12 76 79 33 5 67 86 34 84 98 49 94 64 21 24 66 29 33 46 55 66 8 57 73 33 13 39 31 3 24 73 25 19 94 85 19 10 45 92 57 26 13 79 73 89 94 42 33 90 10 95 91 24 9 12 62 37 62 63 7 20 42 47 72 69 97 3 28 89 60 79 70 72 55 86 66 91 57 72 19 26 93 78 90 60
24 31 52 35 45 43 20 44 38 96 16 71 27 65 45 99 7 89 42 20 32 99 43 79 80 17 19 82 25 67 50 7 30 48 28 32 75 30 60 47 70 98 3 66 12 0 80 7 70 2 54 26 14 39 48 1 73 13 96 32 55 86 33 52 77 35 0 3 33 56 22 64 75 36 97 47 77 30 52 56 20 12 63 44 17 76 96 13 78 44 81 29 80 36 58 27 78 93 62 8 99 77 57 20 75 86 33 14 80 50 26 57 38 69 21 19 24 73 95 27 95 79 81 44 73 8 41 36 82 53 28 50 90 54 84 9 73 44 100 82 83 27 15 18 25 87 45 20 56 82 28 71 46 14 2 99 15 95 68 23 95 88 45 64 61 82 15 58 90 13 17 7 76 12 6 73 48 91 95 87 85 73 59 75 66 13 74 62 70 93 20 9 2 34 23 74 13 96 34 4 10 45 39 6 7 71 3 5 47 25 97 94 21 44 8 85 49 88 81 56 78 72 42 52 0 14 82 10 55 73 28 67 2 91 73 63 17 75 38 51 26 8 10 87 2 45 64 54 56 0 99 76 30 98 86 89 67 13 70 3 73 74 31 47 81 55 33 97 75 51 37 70 96 15 52 96 36 20 66 86 80 86 15 64 77 29 24 0 33 27 31 4 44 25 40 35 55 5 58 52 64 45 22 83 69 94 27 22 48 11 67 85 78 44 65 4 36 78 59 20 59 73 95 34 55 59 42 83 2 57 62 49 49 48 42 89 91 92 17 69 76 73 68 2 71 75 32 93 98 29 28 85 46 83 82 3 82 68 10 79 30 44 10 44 11 23 16 56 59 38 24 64 8 59 81 52 45 82 66 83 67 44 21 53 100 3 69 35 18 80 70 54 70 80 44 1 12 88 86 63
65 91 90 39 0 30 64 60 77 65 51 5 88 33 0 48 83 15 86 17 13 42 20 48 30 58 91 56 52 72 89 23 87 81 77 15 79 38 6 43 78 67 91 45 55 77 93 11 51 19 46 86 11 14 36 13 26 71 37 87 87 42 100 83 27 90 41 49 28 33 31 68 63 48 54 26 4 50 99 16 59 31 95 11 28 48 79 12 23 62 24 15 98 27 25 35 64 64 63 36 1 86 76 98 38 54 64 18 2 12 30 90 52 19 96 79 16 97 61 13 56 8 31 43 39 100 91 5 10 92 90 54 100 36 67 40 21 91 19 93 55 27 54 14 100 85 76 84 58 99 30 30 57 52 51 91 74 6 40 54 97 63 5 14 51 65 22 41 96 20 61 0 57 59 71 46 27 75 64 83 53 53 93 5 15 75 73 33 80 2 93 83 46 41 35 8 59 32 60 98 83 8 57 66 1 32 82 100 1 3 2 23 34 12 68 70 7 4 10 7 94 34 78 39 37 96 37 8 15 3 54 29 60 6 41 30 33 81 50 38 0 22 33 43 69 9 17 22 47 47 38 17 44 69 0 54 77 34 22 42 18 3 12 87 26 84 40 6 6 96 46 42 81 43 80 30 35 13 59 88 44 51 45 8 7 46 1 48 14 31 52 97 17 59 27 100 55 76 95 93 40 22 32 87 12 3 61 0 31 56 21 84 79 24 44 14 46 26 7 27 86 29 88 23 12 72 50 44 63 46 42 97 76 54 22 27 47 81 10 68 55 27 80 24 86 55 48 83 75 92 37 58 7 50 18 76 83 17 75 78 7 91 95 75 5 48 37 58 65 80 56 62 86 69 88 76 66 16 38 16 79 75 73 77 9 28 34 69 16 41 23 18 56 43 10 12 40 78 57 94
3 34 85 58 13 31 48 75 47 11 73 51 86 2 60 35 90 23 71 61 36 23 59 67 82 98 18 68 32 3 54 60 16 75 44 19 57 21 55 21 55 81 85 38 30 62 30 99 91 17 90 30 76 39 92 46 52 29 75 35 47 20 54 0 76 28 64 2 100 38 60 79 42 9 47 7 40 26 86 33 65 48 73 38 14 48 61 13 49 64 61 29 36 25 43 93 18 60 67 97 68 87 52 93 34 41 40 58 41 34 21 83 92 77 95 39 18 98 53 99 70 7 55 81 40 26 94 95 33 94 79 13 39 40 61 3 16 76 63 90 20 32 61 49 53 45 71 78 29 91 46 67 18 49 32 49 52 42 28 54 70 40 66 21 29 59 100 64 89 34 83 49 64 79 81 18 24 77 29 42 20 65 41 53 30 52 30 64 29 15 67 46 71 39 100 27 2 18 15 93 20 95 17 78 42 23 77 45 89 70 81 56 71 0 35 74 6 63 17 14 21 98 33 30 33 49 29 54 80 86 64 61 65 17 73 71 6 30 63 49 24 45 22 28 33 42 11 81 81 88 94 40 61 35 7 85 21 13 94 67 38 70 59 68 30 97 62 72 14 69 63 32 29 7 22 91 85 49 63 20 84 92 24 46 64 3 90 99 58 30 78 39 51 95 57 84 3 58 78 92 89 34 82 32 22 85 61 62 76 25 76 74 84 12 15 65 60 11 57 88 34 38 63 46 5 64 22 14 31 49 16 49 41 40 35 48 14 83 89 56 25 76 7 10 65 46 94 98 77 72 59 12 72 47 39 71 10 21 77 51 45 57 34 63 68 19 65 97 95 37 63 80 11 55 59 4 9 26 2 35 24 60 79 0 15 3 0 6 97 40 20 41 5 48 96 14 89 43 4 36
19 50 27 81 72 57 91 78 39 8 47 96 64 78 13 3 16 38 20 5 86 80 22 80 25 40 38 32 8 35 14 70 40 32 79 59 40 61 52 0 7 69 1 35 65 26 88 55 79 58 99 99 83 76 93 57 18 9 47 15 7 86 51 35 24 42 25 88 49 24 14 40 32 82 97 35 83 96 43 73 48 88 61 25 49 99 43 93 22 9 31 90 20 49 0 48 69 43 1 36 75 41 58 19 78 5 73 96 32 35 1 35 51 47 37 9 53 24 49 22 56 10 30 59 95 2 59 43 53 42 64 25 92 18 74 29 100 42 79 6 100 90 21 39 93 0 34 82 26 99 69 14 99 39 73 94 20 57 58 12 64 25 4 14 95 3 32 20 57 19 99 97 67 46 16 28 42 6 99 31 49 87 4 20 39 27 61 51 81 12 13 30 82 69 19 81 12 51 76 20 47 81 2 42 62 73 2 75 45 13 11 31 68 96 23 56 9 2 58 35 39 47 7 99 48 18 56 20 65 90 94 30 92 53 36 88 49 75 0 45 22 65 16 21 38 100 78 84 72 82 69 39 75 95 35 58 67 63 59 12 9 95 89 56 61 36 90 34 90 52 85 38 77 41 67 48 89 52 47 61 0 67 44 90 23 38 79 0 49 40 63 17 80 20 71 83 74 88 47 82 87 39 70 46 78 65 47 27 9 69 76 24 47 20 85 37 27 57 63 61 63 50 6 51 78 34 38 43 28 58 8 59 64 2 43 81 38 57 85 52 95 29 86 50 22 7 20 95 0 41 29 26 50 23 40 15 19 89 92 77 44 46 15 96 28 88 16 77 3 20 58 56 62 40 8 70 41 49 76 23 37 35 85 85 84 62 85 0 50 32 55 100 58 10 79 55 89 66 44 35
93 43 14 43 80 29 21 96 6 15 2 70 0 71 94 45 24 40 2 60 5 52 4 60 40 21 83 75 49 1 13 33 59 7 69 16 15 48 53 65 23 20 100 47 42 42 47 99 77 41 73 72 78 8 56 28 38 50 97 32 65 12 64 87 76 35 34 31 96 81 60 7 17 39 30 44 1 49 32 16 4 80 88 86 16 79 5 38 65 59 73 48 16 3 97 33 68 99 1 48 80 83 25 12 84 54 12 2 2 23 81 57 49 62 61 6 5 84 81 49 86 13 9 46 81 100 23 64 51 82 88 50 32 46 7 75 9 96 45 7 10 4 11 87 40 45 100 63 92 29 72 12 28 33 86 81 45 35 30 16 82 66 30 10 58 72 5 84 85 91 59 9 50 45 66 80 52 44 68 68 33 0 62 38 91 67 98 58 98 7 51 0 91 17 91 84 72 100 54 43 26 41 61 54 36 53 90 28 87 77 2 25 68 61 73 86 67 72 77 78 75 83 38 3 11 1 1 37 71 20 89 68 20 2 44 30 32 48 48 63 58 43 63 28 59 61 51 43 95 1 88 67 24 6 60 71 86 1 78 56 74 76 81 30 46 13 40 20 69 9 60 23 0 52 28 85 51 6 35 74 56 24 15 33 46 65 27 46 65 6 45 73 52 30 23 23 34 5 16 95 43 49 66 47 71 41 42 70 37 26 29 39 33 89 21 50 17 84 49 15 65 48 42 80 16 13 58 29 21 7 9 93 26 86 18 70 15 60 40 80 62 45 83 1 84 31 74 35 55 40 31 81 45 96 99 69 25 93 91 50 61 33 55 46 53 13 86 7 43 40 91 42 51 68 65 97 86 52 33 52 87 16 31 64 6 35 31 34 51 36 86 37 97 51 46 51 39 67 10 73
25 17 15 100 59 47 76 4 83 88 47 39 47 32 61 41 86 100 27 30 100 39 51 7 18 99 37 2 46 11 40 50 47 61 48 69 39 49 1 34 78 34 46 27 92 7 15 0 54 4 81 30 40 5 15 17 8 38 92 7 2 22 45 24 59 12 79 2 8 76 23 66 14 65 19 65 98 95 6 58 34 32 40 79 9 89 81 63 4 37 32 49 14 74 95 94 0 41 96 24 3 62 21 88 73 66 18 19 54 9 1 44 24 15 17 88 63 12 28 11 91 11 6 14 36 8 65 27 43 64 58 79 77 0 19 89 41 34 70 34 31 35 67 21 11 85 36 8 97 2 41 51 97 62 60 63 87 54 25 73 99 53 93 15 58 91 47 2 3 84 35 74 32 34 19 44 11 1 7 33 61 58 96 58 29 86 1 10 94 21 54 71 88 61 2 53 18 83 27 11 40 100 62 72 3 72 12 51 41 11 38 20 10 29 65 64 83 81 48 24 50 26 45 61 98 77 60 47 29 93 58 44 41 81 16 65 81 95 94 89 72 73 9 60 26 91 23 32 59 40 64 70 98 65 14 100 44 90 2 69 25 93 87 38 22 37 43 36 9 59 42 30 28 61 38 71 0 73 0 44 35 92 81 24 70 18 21 31 23 66 45 87 60 59 53 23 100 53 58 86 61 31 24 28 59 22 8 17 49 55 54 39 83 80 29 24 90 14 67 69 10 61 91 66 3 71 42 99 56 20 17 30 57 69 53 64 38 79 19 1 91 89 34 55 58 42 85 51 20 53 95 84 68 4 87 87 82 57 52 71 93 72 93 63 39 96 52 86 85 66 33 13 90 5 61 49 76 88 81 49 65 100 74 2 94 92 70 11 10 95 51 10 77 13 52 0 48 77 69 83
51 41 36 50 51 49 24 68 8 85 72 0 80 34 6 31 76 67 41 37 7 21 8 73 88 78 6 14 89 28 89 64 79 82 24 5 52 49 54 69 52 21 95 89 95 100 80 38 50 41 19 92 42 57 32 8 17 19 54 64 33 59 100 83 53 94 72 42 39 93 35 50 31 45 15 6 51 75 39 85 25 13 20 86 55 50 98 31 54 86 30 84 61 96 61 52 24 76 7 98 36 82 93 49 7 94 77 65 75 75 95 59 33 29 28 16 49 61 35 74 36 51 12 81 81 99 62 87 53 55 58 59 92 56 9 62 72 82 17 41 47 90 59 32 63 85 99 44 29 85 54 57 8 37 48 15 98 53 61 98 39 51 27 63 63 75 64 89 81 82 42 0 99 35 95 19 19 41 74 81 30 73 38 60 1 35 92 25 5 41 58 3 14 98 62 31 20 4 18 25 48 6 13 56 24 29 15 94 4 41 38 36 78 81 84 92 64 8 63 67 24 61 88 95 72 29 61 91 2 46 32 62 6 79 60 22 96 22 61 41 51 53 74 21 16 23 46 42 51 7 18 57 10 43 40 19 79 53 66 67 79 11 64 44 23 21 65 5 9 99 37 44 46 29 97 16 1 33 69 37 79 57 66 53 81 15 97 33 43 74 95 14 85 73 7 41 93 27 21 74 14 30 36 96 44 35 4 78 12 14 11 43 60 27 99 66 20 91 47 75 0 47 50 57 48 71 58 65 52 78 44 94 9 64 42 13 66 74 99 18 52 14 24 69 18 32 45 27 91 91 22 28 59 100 57 18 71 99 39 76 76 7 79 96 94 75 63 69 46 70 41 39 98 22 58 86 54 21 75 1 10 21 62 71 26 97 82 14 92 95 30 47 58 12 97 2 97 48 49 76
35 4 37 46 6 61 9 37 17 68 9 41 68 40 64 66 25 18 32 82 46 59 65 42 52 8 99 61 79 70 90 99 37 32 42 83 35 77 79 31 31 8 55 80 91 74 42 67 36 33 95 93 3 82 63 42 71 36 95 64 87 8 61 4 30 50 94 95 46 46 66 59 90 26 8 86 33 47 97 25 73 12 18 19 19 44 68 33 7 47 66 34 97 34 66 48 23 32 38 36 67 18 17 20 61 55 81 65 88 100 78 38 46 96 44 72 83 25 7 32 64 31 15 13 50 90 74 59 47 35 82 55 17 1 67 77 37 29 89 72 66 68 61 22 87 81 92 81 12 75 29 35 37 9 83 29 65 36 54 98 77 5 80 59 37 82 13 15 86 77 75 72 25 19 96 12 94 6 16 37 81 67 37 33 54 50 51 62 43 9 89 12 56 97 78 23 79 39 87 60 65 21 8 69 50 56 24 50 87 34 30 7 68 69 40 44 72 19 24 18 76 80 77 10 28 60 86 62 78 16 97 98 96 76 13 52 29 83 44 93 17 44 71 39 81 42 88 17 81 25 82 17 66 71 60 18 82 8 21 46 68 21 59 71 57 98 45 33 63 43 70 3 29 53 79 42 77 66 2 100 56 7 29 92 74 53 21 85 72 81 85 72 0 54 9 90 15 83 16 46 80 52 4 50 14 25 83 6 28 16 19 26 6 15 13 94 64 52 56 72 72 36 85 75 5 26 12 22 99 57 76 15 3 66 88 73 87 100 13 55 63 7 38 42 2 88 92 83 32 0 72 62 36 40 17 77 27 38 16 21 82 10 87 40 4 55 22 30 83 28 25 75 55 54 26 81 0 38 44 16 27 69 31 6 33 60 58 15 58 85 65 97 1 92 18 44 8 44 19 5
98 82 6 61 46 8 53 42 78 68 46 45 29 51 25 40 39 31 60 17 75 58 2 38 29 17 12 25 100 75 52 42 21 42 100 24 83 86 49 24 12 34 51 54 0 84 64 0 78 11 19 78 88 50 62 39 51 33 74 37 94 50 9 26 43 32 59 96 84 51 69 42 6 28 89 93 3 88 53 38 76 23 88 20 72 9 8 87 40 67 31 38 69 38 73 14 43 49 71 39 40 88 43 82 55 99 3 32 7 92 45 23 21 38 91 82 31 61 20 53 100 12 68 18 92 52 48 77 41 39 14 79 57 6 63 46 61 21 34 80 28 14 96 96 66 41 78 53 60 89 12 29 30 45 78 83 41 24 96 13 86 100 27 77 67 4 20 82 98 51 92 29 61 46 60 12 88 79 58 34 19 79 68 78 55 4 0 41 0 32 26 89 61 84 71 15 84 11 5 62 45 16 31 95 32 19 98 11 26 46 2 81 88 56 58 46 78 30 34 79 76 61 56 30 78 49 9 54 6 11 32 81 85 12 54 45 39 14 11 48 42 71 36 0 29 44 66 98 89 28 25 2 20 99 10 32 84 82 37 60 96 60 90 48 71 29 2 56 68 40 51 69 14 47 17 44 69 79 10 84 40 94 60 16 28 33 7 44 25 81 5 57 12 45 72 87 58 80 68 32 94 60 85 72 18 77 82 72 36 41 95 9 82 9 77 55 10 63 91 59 74 92 4 32 29 72 53 60 91 14 78 17 54 88 19 48 35 27 33 54 52 99 62 27 68 23 5 28 52 76 93 39 85 44 63 2 38 88 42 56 11 83 86 25 56 51 71 43 43 64 91 81 91 33 42 3 84 8 22 30 36 38 95 37 86 12 88 80 9 42 96 47 59 65 40 9 30 54 74 40
82 47 38 49 85 36 64 95 16 63 49 73 50 100 88 13 75 62 53 18 83 27 74 98 69 86 24 100 57 2 75 65 31 25 35 11 52 93 50 28 41 63 80 16 3 88 49 40 77 68 12 39 63 40 24 86 81 59 76 14 65 55 5 73 95 10 78 90 99 49 34 6 16 30 51 94 40 66 2 99 14 58 0 56 59 30 38 76 92 71 9 90 93 81 81 85 46 77 14 16 75 90 74 49 41 59 28 93 1 26 40 69 72 19 34 87 93 45 68 85 11 48 62 17 87 100 16 97 52 29 53 41 48 97 28 34 4 30 58 45 49 41 88 20 74 53 71 90 8 77 67 89 49 88 20 83 68 38 72 15 79 26 56 84 9 83 95 70 91 8 6 88 83 32 4 78 47 18 43 44 49 95 96 42 45 49 4 9 99 56 48 21 70 56 79 11 97 29 40 95 0 34 16 32 40 50 8 38 29 5 93 18 86 49 52 90 74 72 65 55 41 63 93 65 30 71 76 30 57 9 83 10 48 15 24 81 63 97 92 43 9 35 72 52 51 8 50 63 69 94 2 75 37 44 92 99 59 34 12 53 72 3 10 77 37 43 85 98 59 49 98 24 14 73 65 98 57 61 20 4 21 58 79 66 12 59 81 84 92 45 17 68 97 93 81 18 92 19 25 59 15 5 26 75 29 32 64 32 11 71 5 53 21 93 29 80 18 97 67 7 5 50 68 44 35 88 68 35 62 98 53 63 3 64 14 10 56 40 89 14 81 49 60 91 37 87 64 85 20 98 68 65 62 47 39 53 43 99 18 44 0 44 6 40 18 19 85 64 35 10 64 49 87 85 23 6 33 66 31 33 77 17 72 56 48 100 19 25 98 17 76 63 73 84 41 88 80 34 8 67
68 43 3 27 49 78 87 23 2 81 17 29 90 89 50 56 45 100 59 41 25 60 52 30 0 23 33 44 92 96 9 65 53 50 79 16 75 81 35 94 3 15 59 9 45 45 87 12 49 94 54 100 17 81 24 41 31 58 15 61 65 91 4 31 83 67 22 52 89 11 43 10 22 31 86 26 96 15 44 99 78 80 43 82 33 100 16 8 19 79 73 93 27 58 93 22 8 56 67 20 17 58 21 55 66 54 47 26 19 37 99 83 14 38 69 88 52 81 67 37 37 29 33 73 83 33 44 22 16 46 38 6 72 35 64 43 88 100 9 90 73 2 27 47 66 29 17 88 84 72 7 46 77 19 4 29 11 69 28 20 28 39 45 0 25 48 92 48 59 92 60 16 68 29 2 8 81 12 30 4 93 42 82 7 23 56 30 0 36 44 6 17 65 56 9 49 28 12 6 53 100 5 56 28 37 78 51 9 93 18 93 94 94 91 90 14 48 90 72 15 26 24 92 49 96 46 94 31 74 42 100 92 31 45 12 68 84 12 69 1 66 72 55 50 56 70 36 29 32 15 15 69 64 45 8 46 94 94 7 86 64 20 67 9 71 72 94 99 68 22 56 33 6 36 57 54 64 22 66 55 32 55 85 17 14 80 12 32 58 92 98 75 22 21 18 24 96 78 10 73 75 79 45 68 88 17 88 6 5 47 39 11 81 88 96 44 94 37 26 91 22 45 28 3 67 31 59 21 4 20 73 93 80 80 43 36 7 66 90 47 15 76 88 84 0 94 11 48 88 44 60 16 7 44 8 79 57 40 95 33 41 37 68 70 64 62 69 76 57 16 15 19 68 55 94 21 55 79 61 51 16 67 51 88 5 4 2 6 63 100 27 24 89 99 1 68 74 8 52 10
83 95 41 47 78 76 97 94 65 15 55 98 51 98 6 49 7 96 37 76 41 99 40 91 30 0 24 11 88 79 2 45 39 10 45 0 39 50 33 44 58 78 77 80 88 19 61 53 10 97 89 32 55 59 51 80 51 17 41 85 47 5 16 71 27 67 83 20 52 94 7 22 26 84 28 26 1 40 31 12 6 97 67 44 42 62 26 13 23 33 58 81 99 98 38 17 20 62 93 58 31 83 16 25 19 62 22 25 68 92 7 41 65 70 66 10 13 14 22 67 52 24 28 44 77 67 4 10 46 74 49 10 48 69 9 76 85 47 7 33 48 89 46 27 25 51 15 14 59 1 18 7 18 53 100 38 37 46 70 89 31 62 6 18 1 52 4 9 47 42 36 83 57 96 62 2 53 60 45 75 92 76 90 32 13 57 73 73 67 32 42 27 81 17 100 71 24 89 12 40 70 36 19 49 46 43 15 76 98 1 70 57 11 85 36 81 16 52 87 99 72 20 27 58 1 89 97 12 6 42 91 7 80 41 17 90 90 56 47 18 17 32 16 48 85 56 62 24 65 72 20 67 96 22 44 33 74 15 49 39 2 80 46 21 66 12 74 65 6 46 71 49 33 64 12 75 33 54 18 45 41 82 1 80 50 46 80 74 100 53 79 36 41 35 65 70 73 49 38 29 6 42 16 66 29 46 9 52 47 42 28 5 14 53 59 81 93 77 99 14 22 77 51 30 34 48 78 70 78 38 92 6 1 70 33 35 24 72 83 15 60 52 40 26 19 56 24 75 53 23 2 77 44 94 56 84 50 46 12 50 73 86 30 68 35 82 95 80 51 14 41 30 54 44 32 80 10 6 47 50 48 23 81 95 46 27 34 76 24 57 80 14 30 6 52 31 74 34 65 18
65 79 42 25 60 4 3 5 50 79 46 49 74 48 13 19 11 74 49 59 59 94 4 55 89 27 7 52 3 56 27 1 86 95 45 23 100 99 12 96 43 47 21 2 74 6 71 27 31 39 16 82 13 9 74 22 51 90 32 83 25 69 97 2 5 69 43 16 35 81 62 17 4 18 0 32 23 90 72 50 64 49 52 3 28 38 14 43 78 10 46 39 95 82 14 69 26 42 11 30 29 38 29 52 69 38 92 63 98 33 68 35 25 42 90 69 24 95 33 42 82 99 51 72 61 97 0 42 73 0 93 1 38 81 91 30 28 59 32 66 50 86 8 13 67 15 62 86 8 36 75 26 33 63 52 56 87 71 8 4 5 2 33 74 24 14 48 91 96 49 100 18 73 52 48 97 99 59 70 48 64 83 30 79 80 35 10 67 81 21 97 47 37 20 66 2 74 84 14 49 51 22 69 14 38 46 40 34 40 33 96 78 68 70 31 24 14 72 4 30 18 28 97 86 60 27 59 56 94 9 94 62 83 14 85 58 22 43 12 100 77 93 67 7 2 51 72 30 2 39 53 52 39 1 28 52 28 4 41 68 42 74 21 30 57 63 58 5 4 39 62 54 94 42 9 32 21 81 60 15 56 92 44 72 60 17 82 38 70 70 89 16 61 23 7 2 58 13 66 38 29 13 86 15 1 7 12 47 99 17 55 7 85 74 93 97 18 22 66 52 23 96 2 32 72 95 4 73 40 96 43 0 95 11 98 84 73 62 82 99 19 81 91 67 88 21 65 58 100 75 71 69 4 53 80 8 86 58 36 26 34 74 97 25 74 9 88 55 41 95 15 96 91 83 48 96 63 23 96 64 30 3 43 59 9 47 10 93 37 77 60 80 51 33 32 11 67 72 46 82
6 95 65 26 63 23 27 62 50 15 87 43 83 24 30 72 90 41 36 76 41 70 44 95 38 97 5 29 58 56 20 63 15 38 11 54 7 59 64 91 60 56 84 72 80 2 20 19 39 93 26 78 21 65 40 21 91 27 36 65 44 48 51 63 17 59 64 49 37 78 1 34 11 69 57 30 67 35 51 32 13 33 59 53 3 65 70 4 31 56 92 23 47 1 28 85 24 63 35 87 35 53 35 70 4 72 29 27 77 28 86 44 32 73 22 90 77 1 24 97 45 51 0 24 64 12 66 57 12 67 44 7 60 95 25 1 22 30 25 36 89 41 91 9 79 63 3 39 19 19 93 29 60 3 77 53 96 30 60 79 36 9 8 73 28 28 23 62 27 63 58 46 23 100 19 42 91 19 14 20 10 22 7 33 83 78 38 70 83 61 84 92 33 37 57 44 60 58 74 17 49 34 36 70 1 4 92 90 22 35 74 36 94 26 43 90 96 83 50 91 21 80 89 79 26 6 61 65 7 46 15 59 38 65 89 88 99 23 24 4 8 99 38 92 10 33 69 77 83 53 12 5 71 5 80 48 15 96 41 36 85 23 86 93 54 100 44 56 36 36 11 20 9 35 51 39 93 42 80 44 93 56 75 23 15 54 21 10 63 32 27 88 47 59 56 13 47 58 98 99 21 78 52 19 45 9 14 13 92 20 11 80 48 91 94 43 1 48 29 28 7 45 6 91 93 72 0 7 9 93 77 25 75 100 51 3 69 11 77 65 22 70 86 87 32 0 73 75 61 61 79 54 45 65 38 1 25 97 14 36 12 27 95 79 19 57 85 89 40 40 42 58 41 27 42 12 58 90 96 91 15 69 20 63 15 80 96 87 64 79 93 58 91 97 45 62 34 25 98 32
51 1 17 87 74 31 92 41 3 65 70 20 69 81 49 6 80 64 11 44 69 91 87 6 94 10 6 0 13 6 60 5 38 59 47 94 22 10 17 32 87 51 32 48 85 95 97 9 51 40 84 8 95 23 10 26 34 4 30 87 57 77 3 88 20 36 1 99 42 74 43 98 30 95 68 23 45 15 92 89 8 26 50 14 76 50 1 49 67 82 68 50 46 79 27 0 12 60 29 72 30 82 70 43 30 70 49 9 96 39 23 66 89 42 98 64 40 35 74 91 81 45 70 50 50 32 81 12 31 75 31 80 0 50 44 35 20 35 68 30 35 75 91 49 100 28 50 1 43 66 61 66 12 90 8 19 100 53 61 76 18 28 70 31 5 54 87 37 64 31 91 61 58 77 59 34 34 55 1 86 6 21 12 90 77 81 50 86 19 15 90 44 26 45 1 93 17 26 42 2 74 85 22 94 80 61 84 6 0 20 33 19 34 13 78 60 74 93 41 56 5 54 28 49 91 88 54 18 98 26 53 56 26 18 16 31 72 89 3 21 60 50 68 61 1 18 55 40 9 93 17 88 80 15 8 86 17 2 71 89 9 72 11 11 3 22 58 27 86 69 79 12 65 89 71 39 13 91 41 29 91 33 99 4 98 4 55 24 57 86 42 97 77 64 37 17 11 21 94 54 51 22 54 71 66 1 15 78 19 95 87 30 46 48 52 34 22 51 64 53 86 18 14 27 60 41 63 20 55 50 95 47 50 87 83 65 0 59 27 82 76 34 26 30 46 45 80 13 29 55 73 56 34 95 30 97 98 58 35 20 44 27 13 5 91 95 31 81 6 3 87 66 19 19 91 74 1 49 8 80 74 82 70 49 81 33 16 50 41 76 11 86 67 96 86 13 43 34 46 26
23 20 67 47 98 5 11 53 74 15 2 49 11 41 57 73 20 7 26 47 5 96 77 21 32 64 86 37 7 46 23 99 7 15 54 20 15 9 56 12 71 98 2 34 40 24 72 99 38 84 79 14 82 50 66 100 58 34 28 52 65 43 55 60 45 41 39 47 41 2 92 20 23 74 77 87 51 34 58 39 55 85 1 33 6 100 26 46 6 76 8 66 78 94 31 48 37 12 99 2 33 71 39 41 99 13 62 68 0 28 3 67 100 95 46 1 31 11 12 22 36 21 24 42 8 49 91 67 92 32 87 76 25 60 4 67 67 64 45 92 45 82 4 57 66 36 2 50 70 5 38 22 31 87 37 55 55 5 46 72 59 47 55 30 44 42 27 71 0 49 59 34 83 95 74 38 20 90 84 32 62 60 26 56 66 30 52 95 71 39 69 19 72 23 39 8 70 65 32 16 48 6 91 22 81 72 85 68 33 19 19 75 51 77 73 55 30 12 93 34 85 15 96 16 5 57 85 6 11 95 22 28 91 61 81 97 48 23 55 5 6 71 68 33 66 73 26 78 90 44 58 76 83 71 85 65 15 33 94 46 99 72 56 43 8 3 88 1 72 20 12 78 68 88 2 3 46 6 49 54 25 82 15 99 89 24 82 53 82 35 52 34 15 16 12 71 76 43 43 35 95 35 5 50 56 92 96 14 9 39 80 46 18 61 29 64 24 70 69 91 99 0 50 79 35 73 48 62 65 48 48 52 47 55 26 10 76 91 83 94 54 60 53 82 59 19 13 43 97 32 100 21 90 3 11 82 9 34 42 28 2 54 58 25 84 36 58 14 48 93 40 78 38 11 36 95 85 34 70 77 72 56 8 7 28 7 22 34 31 70 88 98 51 49 90 54 29 2 79 57
20 14 60 96 15 74 69 22 96 60 42 97 88 34 91 89 48 42 93 25 98 12 77 58 72 70 28 35 24 1 90 74 36 42 3 100 57 46 6 7 23 61 15 69 19 76 47 62 5 68 21 60 14 3 8 21 15 74 33 51 86 32 83 36 66 53 43 65 10 100 99 81 97 86 92 74 12 79 71 70 40 91 36 6 90 14 9 97 51 8 75 92 42 10 95 94 15 45 84 88 64 61 10 34 70 97 14 39 44 40 30 1 79 34 56 92 42 33 85 18 82 88 94 74 66 64 35 5 84 62 80 59 33 15 32 38 82 10 31 21 26 79 8 42 70 8 96 82 78 8 42 19 22 74 2 11 8 91 95 45 48 25 45 77 17 90 19 93 71 94 75 69 81 43 81 80 18 18 95 49 7 98 8 27 57 9 59 11 56 77 93 31 8 41 45 74 1 43 0 60 18 39 22 53 38 45 44 17 5 93 38 64 61 11 51 98 72 26 62 80 42 52 63 69 10 54 44 29 25 65 67 34 91 77 18 99 54 55 5 13 21 89 46 79 70 99 11 15 48 39 30 39 86 87 70 28 68 91 84 49 25 2 2 80 49 75 48 79 65 100 33 100 18 55 71 94 18 42 77 87 60 56 50 82 11 10 68 57 28 61 75 93 34 8 41 6 48 61 20 74 20 90 79 30 70 25 22 65 52 70 31 0 71 97 58 71 47 89 64 9 42 89 68 15 18 78 69 52 93 95 75 68 48 37 45 77 13 1 70 20 80 78 13 97 90 21 96 25 45 36 51 40 86 42 67 22 49 70 20 55 36 88 31 13 75 64 30 61 75 12 15 39 11 56 72 29 49 61 3 93 51 80 79 1 97 96 45 47 66 1 15 83 9 39 11 13 4 2 22 71
80 76 14 9 49 66 47 20 15 30 42 34 20 29 30 55 13 61 5 11 48 7 91 12 41 48 30 94 0 84 26 50 95 17 22 12 37 80 0 81 23 13 95 86 7 44 40 48 60 43 88 35 29 16 19 1 84 93 81 25 36 47 37 41 86 89 70 32 27 2 65 63 26 63 99 56 9 42 68 59 81 23 6 78 41 30 64 43 8 20 46 21 89 80 13 28 66 32 100 8 41 64 48 50 10 3 40 81 69 1 74 37 72 7 79 59 49 13 97 85 47 52 68 90 43 37 65 98 16 46 5 38 44 98 75 87 38 7 16 38 3 21 81 87 61 62 57 20 9 87 58 93 37 56 38 99 68 43 47 75 67 17 83 52 84 47 65 4 5 56 82 83 65 92 24 99 62 82 89 24 80 8 15 83 1 53 68 47 49 55 91 99 94 78 82 91 29 85 6 75 96 95 37 74 37 3 7 23 20 62 93 32 96 2 77 0 51 3 25 53 38 77 99 6 32 60 62 61 85 19 34 30 84 74 2 0 49 99 5 56 81 69 34 13 79 23 4 31 55 88 58 58 14 58 13 73 85 31 75 98 84 61 9 59 28 9 66 100 17 53 74 6 94 4 93 89 33 16 52 41 92 8 38 83 97 55 71 54 86 19 77 52 4 43 12 0 3 30 55 82 69 63 100 41 55 31 75 43 31 57 27 25 97 39 51 60 36 44 17 60 38 0 50 64 96 17 3 75 45 20 46 61 58 84 60 79 42 39 5 3 47 89 4 4 99 98 22 27 3 100 96 86 80 26 42 73 28 43 75 67 9 21 94 9 32 46 40 7 56 74 91 28 3 90 29 36 17 57 60 85 90 0 77 34 57 45 77 11 13 85 69 52 37 37 72 55 97 68 48 45
47 40 56 24 91 86 50 76 23 88 40 17 97 66 84 9 71 23 33 11 17 72 3 51 31 50 87 40 73 53 36 52 13 17 29 3 73 40 11 18 40 63 50 90 32 84 57 13 18 98 22 90 0 52 75 95 33 87 5 23 94 98 2 63 92 27 16 97 31 8 89 25 96 12 49 62 6 73 85 13 46 95 61 8 83 90 28 3 71 18 66 100 83 83 91 14 60 24 14 80 57 90 96 37 66 5 35 50 82 7 80 76 92 92 79 47 99 4 65 94 78 20 43 10 47 62 2 31 90 13 39 3 40 61 72 80 6 84 95 47 40 6 20 54 82 44 9 69 95 81 50 51 20 56 51 13 52 66 72 11 55 25 31 72 62 26 35 48 8 37 73 15 72 27 39 96 91 41 2 68 56 79 82 32 83 16 90 31 75 10 15 39 54 86 23 98 44 48 32 62 68 83 78 8 41 64 32 98 29 12 94 90 64 48 22 40 35 48 89 80 25 62 76 31 84 43 14 96 56 34 27 15 85 79 62 98 26 53 70 24 58 98 8 61 7 54 15 32 90 5 82 52 44 77 45 19 33 49 85 18 52 66 75 58 69 19 77 66 64 24 49 22 44 62 90 95 36 77 98 63 49 12 61 59 6 54 48 75 42 77 1 74 73 99 27 19 0 57 58 50 29 84 13 72 68 63 26 4 86 46 43 69 34 61 20 13 15 29 80 82 44 63 35 53 25 67 28 2 85 53 28 82 16 63 36 100 62 21 11 8 16 11 0 63 27 88 4 84 8 8 76 1 82 83 99 68 74 100 87 59 70 52 57 69 73 92 63 10 82 54 27 99 6 4 1 78 80 45 71 89 66 53 80 1 18 64 41 68 69 40 50 28 47 68 80 86 42 55 72 53
8 37 78 59 27 100 36 91 52 75 61 91 94 1 52 92 25 49 30 58 77 51 19 40 78 26 41 27 85 17 2 64 63 54 37 63 21 66 100 49 10 82 79 79 73 20 65 53 68 99 9 89 70 60 93 88 67 71 49 29 87 84 53 40 12 25 89 91 33 73 78 54 48 70 18 22 87 95 26 5 58 69 46 88 93 89 73 52 66 12 67 40 73 19 86 59 89 2 97 90 22 70 61 85 15 43 53 90 79 90 62 17 19 50 32 36 18 15 85 0 47 8 7 48 21 35 4 74 32 81 69 74 45 74 66 31 11 13 23 15 18 32 100 53 72 97 6 83 74 29 8 31 40 66 84 33 65 11 52 77 20 15 67 48 4 64 38 81 21 97 82 25 57 79 34 53 11 64 58 32 40 64 79 12 63 35 52 89 78 43 36 89 17 93 8 38 15 84 15 5 77 17 66 93 56 8 32 0 5 62 42 1 43 58 89 44 79 59 11 76 71 64 84 8 90 73 42 6 67 37 94 25 63 54 62 54 52 96 66 40 78 75 61 20 90 1 13 82 0 23 12 24 81 9 15 57 15 93 33 79 37 17 94 40 75 8 52 42 61 7 64 72 51 63 100 93 39 96 25 18 91 76 47 44 65 64 17 47 98 29 87 88 91 46 27 31 30 34 4 23 2 0 28 95 53 99 33 71 65 15 38 75 89 33 70 35 28 39 94 40 16 37 89 95 65 30 5 35 82 74 90 21 65 33 2 92 5 81 2 70 94 60 5 60 35 5 29 72 50 78 23 40 63 37 94 33 48 51 37 80 88 42 53 48 13 18 7 93 39 78 39 37 73 99 86 67 44 85 81 88 28 94 1 97 19 99 16 27 40 67 48 25 37 40 60 71 78 2 49 52
52 77 61 83 0 99 54 82 26 81 71 55 27 9 65 64 77 56 7 12 76 38 23 40 21 29 49 45 4 1 20 85 76 57 3 22 39 89 29 48 48 5 10 67 1 29 40 37 26 70 65 85 34 43 2 75 11 37 8 75 55 44 36 76 38 47 39 76 91 30 9 46 51 5 42 77 13 63 24 58 20 13 43 27 79 94 71 98 32 79 91 44 90 29 16 99 90 89 60 16 84 51 25 60 32 100 89 90 6 59 22 28 75 47 68 70 44 92 27 99 81 3 26 21 48 59 61 12 7 97 2 22 51 8 73 10 34 14 84 68 17 29 62 4 98 90 47 44 53 70 32 85 10 68 56 57 88 61 64 63 82 15 33 74 16 95 21 54 57 90 40 82 28 70 75 90 92 81 65 28 84 62 42 56 9 18 33 41 31 64 25 21 69 84 63 50 45 8 49 31 25 97 68 79 42 43 29 11 100 0 81 17 67 62 48 61 64 68 45 14 91 67 35 28 98 64 83 25 9 86 91 71 87 17 88 23 97 6 45 96 26 63 28 84 96 46 78 99 77 63 62 60 71 95 93 98 35 82 36 33 10 91 38 39 14 74 99 5 30 10 33 91 94 97 43 85 85 18 33 0 1 14 24 100 51 92 69 40 43 12 89 1 73 64 50 21 54 37 11 35 45 11 9 14 15 31 72 16 17 51 54 35 86 83 44 1 48 63 100 100 5 8 77 46 77 21 85 20 5 43 69 21 63 23 98 90 23 59 39 2 99 46 10 17 73 15 31 100 92 19 54 32 55 26 34 45 47 56 17 100 87 5 88 98 36 87 46 24 71 81 41 53 17 15 65 49 90 35 46 25 26 12 22 86 92 12 81 43 41 37 4 35 78 43 53 92 45 56 1 36
38 10 36 52 32 11 0 26 66 76 81 55 7 25 70 40 98 96 60 15 99 25 57 17 36 3 38 65 28 48 37 31 64 50 86 97 6 44 17 41 87 16 8 39 98 14 56 69 63 41 44 73 32 99 51 65 41 79 9 61 9 61 61 80 14 1 0 87 55 77 85 30 42 42 67 27 63 27 2 100 97 18 26 23 74 66 89 12 84 50 26 63 74 18 98 39 14 50 56 64 12 13 32 94 64 31 28 85 62 56 85 34 50 16 70 88 50 48 96 44 18 73 2 17 59 88 100 42 15 46 58 1 55 44 41 8 13 21 94 33 40 5 66 69 71 89 24 3 62 3 66 3 40 2 84 80 2 5 99 2 82 65 10 52 9 4 76 53 84 86 72 4 38 31 74 47 37 8 100 84 86 93 47 95 88 86 18 45 70 60 74 75 59 23 10 68 24 34 43 52 31 82 10 2 2 87 79 54 30 47 94 89 65 28 73 47 45 58 2 3 71 89 67 48 98 6 96 7 73 30 44 40 27 18 62 2 18 11 76 79 57 17 89 47 36 95 30 38 91 2 10 98 74 3 92 81 40 65 22 60 62 98 34 24 65 40 5 34 39 31 52 2 85 2 30 11 73 44 26 87 29 40 57 89 51 40 40 28 65 85 14 71 96 55 90 40 21 81 81 81 63 56 86 24 40 66 53 23 75 10 80 89 73 56 59 100 90 25 43 6 50 1 6 12 2 25 80 20 58 86 13 23 73 27 85 29 62 14 85 86 73 44 26 11 18 22 23 13 11 41 22 19 8 50 66 33 61 0 85 71 77 21 0 19 77 68 40 7 15 12 48 58 73 53 58 28 64 40 99 36 2 54 63 47 93 40 51 100 56 16 41 91 14 98 96 65 31 59 66 23
10 93 16 63 91 71 53 50 41 50 14 64 16 19 47 9 30 30 8 62 6 65 42 7 63 40 35 27 94 88 19 89 7 74 50 58 34 16 68 65 86 58 77 81 13 62 92 99 83 84 21 85 57 95 67 99 73 47 61 10 62 82 60 100 29 11 44 87 25 7 25 28 57 45 71 50 60 62 71 2 7 49 21 48 33 55 68 94 68 92 16 28 51 15 79 78 59 88 67 18 11 88 34 74 84 80 58 2 96 57 9 64 88 93 30 10 75 15 5 97 91 85 15 29 39 55 61 25 53 9 11 39 6 82 54 69 10 80 19 84 66 72 25 82 86 4 90 99 63 52 99 81 54 37 12 52 67 62 0 32 21 75 57 31 92 40 76 62 24 46 54 55 34 97 11 34 1 29 77 7 42 0 13 15 12 81 20 76 66 76 62 20 69 85 47 40 24 100 93 68 46 96 87 66 70 18 48 94 9 13 42 96 51 42 57 29 20 91 83 22 37 0 38 30 63 57 99 34 24 64 70 52 28 26 59 13 47 31 24 90 30 60 21 14 12 0 100 69 93 63 18 0 91 75 95 89 92 59 23 80 33 0 36 78 16 1 46 17 67 78 95 6 98 55 65 32 89 30 57 64 92 96 82 13 25 20 49 68 10 36 62 62 3 26 61 93 83 7 58 60 23 2 70 93 73 11 89 84 42 28 90 18 63 71 11 77 3 95 68 14 78 91 87 4 88 11 18 3 94 75 49 58 11 8 10 75 11 21 81 49 66 81 15 29 91 23 96 27 45 67 13 7 91 5 9 12 16 60 0 39 94 77 79 99 74 10 38 15 37 61 31 36 81 31 61 74 76 49 8 10 60 41 43 43 43 28 69 77 95 79 42 14 85 80 90 93 47 51 20 27
67 11 71 75 33 44 13 76 29 59 67 46 47 74 23 69 78 46 51 95 31 0 30 62 58 11 92 20 89 95 73 25 27 56 2 62 57 61 27 96 58 97 71 70 4 87 84 100 51 17 100 24 51 5 2 34 5 16 83 3 98 65 80 93 82 87 7 57 86 36 86 24 10 64 2 38 79 76 64 68 75 54 17 50 12 19 31 81 84 22 6 23 64 56 89 78 2 46 24 12 9 81 65 15 33 92 9 35 100 41 56 48 39 47 92 81 59 36 1 19 17 5 89 40 29 43 63 5 68 58 7 53 39 66 5 62 4 94 70 7 24 54 26 38 66 80 43 3 68 1 88 4 38 46 69 6 99 90 59 82 22 87 35 62 57 6 17 3 35 15 73 75 24 66 37 46 31 1 31 70 65 73 16 48 25 7 71 47 77 70 19 79 73 43 86 82 6 60 96 82 50 0 67 38 9 82 86 86 74 97 43 65 6 69 100 74 56 27 94 12 93 8 66 44 45 39 26 9 98 41 56 40 59 77 30 71 55 55 8 37 84 14 4 30 14 29 72 54 66 69 81 35 4 64 12 66 42 95 28 97 75 53 32 61 52 46 4 100 16 47 4 28 0 14 6 91 68 74 51 26 42 87 14 82 58 55 16 27 95 0 40 60 83 99 69 69 76 75 41 53 58 14 10 24 72 67 32 63 85 90 98 29 64 81 19 14 64 11 6 57 12 6 44 12 56 28 93 24 37 33 66 1 64 23 57 2 66 78 36 61 39 4 47 90 73 31 72 100 24 64 90 40 64 15 46 13 86 18 13 71 49 8 21 60 34 37 31 34 29 33 10 73 47 43 18 83 80 9 52 60 28 78 37 28 38 89 27 47 89 27 52 54 33 63 97 16 84 76 56 28
2 38 0 13 100 72 34 68 1 9 72 59 1 23 25 2 79 65 41 92 6 79 43 52 87 81 80 44 17 70 78 25 54 19 7 80 82 67 11 94 25 50 23 14 41 63 72 3 53 33 90 0 27 9 6 37 33 3 35 9 89 83 14 29 62 12 28 30 41 13 57 10 0 14 47 39 99 21 62 14 47 12 45 35 48 85 79 59 29 53 93 61 49 22 83 78 9 42 38 56 48 62 4 63 97 64 42 51 98 90 13 32 86 34 82 86 22 13 67 91 67 86 69 27 47 15 12 68 96 30 58 78 31 82 2 98 95 83 25 77 45 52 42 53 9 13 15 34 45 37 70 51 21 52 54 64 29 78 80 6 17 76 61 46 39 87 21 22 22 43 72 44 70 87 41 46 63 32 12 82 71 23 17 27 38 24 36 29 26 87 35 51 74 92 19 70 21 40 62 39 41 55 17 91 53 81 78 81 99 35 87 27 72 94 64 47 24 36 12 65 85 83 81 25 47 5 82 60 40 43 42 83 13 76 32 86 79 96 2 75 46 2 40 0 43 98 81 72 30 23 40 76 60 40 23 56 17 83 70 86 28 34 4 9 8 2 89 54 71 44 19 59 93 29 71 11 59 99 16 59 3 39 17 18 85 33 21 35 36 74 32 39 43 49 72 62 90 41 82 8 93 80 85 50 31 25 58 48 66 68 37 12 22 96 9 53 56 99 43 73 29 60 76 66 39 4 13 4 16 71 40 1 6 14 88 62 80 74 62 54 91 42 74 14 84 52 81 59 47 91 80 83 1 78 61 78 46 85 17 44 16 65 27 47 52 89 73 47 74 80 76 37 82 25 87 100 65 36 15 47 92 85 66 38 52 99 33 93 55 96 67 56 58 40 51 19 76 20 64 57
80 94 15 47 21 38 86 10 97 15 58 90 91 88 15 96 10 44 85 62 59 80 64 97 31 88 100 34 19 73 81 16 20 77 80 76 71 64 35 66 15 15 39 41 21 43 57 41 62 9 43 100 18 69 46 14 37 97 14 10 47 67 89 49 15 72 40 87 15 82 32 72 74 35 46 98 88 9 79 83 83 59 65 4 56 84 99 1 87 13 13 77 19 0 26 83 8 40 73 78 53 57 39 35 1 99 93 97 64 44 86 99 68 21 25 92 88 9 6 66 83 97 22 73 81 52 48 54 23 18 31 45 59 81 6 80 37 7 11 32 56 5 33 99 6 1 50 30 28 82 53 70 69 51 98 49 97 29 52 81 97 9 67 68 3 91 7 20 93 55 50 2 89 52 92 58 21 1 15 93 85 12 10 22 72 15 72 50 95 60 25 4 68 62 100 72 85 85 62 60 68 2 88 89 20 65 30 1 25 53 46 51 6 18 15 1 98 69 5 74 46 17 11 60 53 37 77 96 20 6 51 100 57 90 21 72 8 25 69 65 61 83 58 96 54 79 5 41 7 1 6 3 50 100 34 51 84 22 61 48 18 51 8 18 54 36 65 66 96 100 98 55 63 0 80 63 61 68 66 23 6 0 94 4 57 0 74 37 57 87 98 63 12 76 94 10 47 43 18 42 24 26 11 66 70 3 0 84 34 72 15 4 36 39 86 43 38 29 95 23 24 36 41 63 81 46 49 61 42 17 20 29 53 26 46 33 24 95 99 68 12 39 66 94 73 76 77 16 28 75 4 53 2 18 37 25 93 13 76 13 88 83 89 3 14 58 35 26 80 6 69 27 72 93 69 1 13 2 49 79 52 8 7 43 78 92 70 63 26 66 87 53 37 93 88 11 37 63 26 6
64 93 79 67 43 30 26 18 39 57 76 27 34 68 57 98 93 26 26 41 99 95 84 19 39 73 37 44 41 63 50 14 27 5 28 20 95 14 97 38 60 29 38 9 35 43 30 69 48 48 42 98 57 43 20 59 98 76 50 14 70 49 7 54 56 34 69 15 70 2 57 71 19 74 58 94 11 90 38 92 80 42 85 47 90 40 89 90 49 79 58 4 60 76 20 57 88 87 6 46 41 71 66 64 34 34 94 71 85 39 82 4 39 16 50 32 90 59 52 45 23 88 64 26 76 94 88 85 63 25 50 43 37 98 5 1 47 72 58 7 98 52 46 15 76 52 93 89 14 33 2 51 50 6 36 14 23 52 33 95 91 96 98 66 13 55 45 71 39 15 67 48 40 94 62 77 52 24 52 56 69 8 79 19 34 100 95 31 7 80 48 32 19 33 92 38 45 9 53 93 80 31 17 35 44 93 69 24 42 55 40 66 41 79 45 72 47 83 70 24 61 90 61 4 32 84 10 15 40 24 89 2 78 32 16 46 58 1 55 22 42 88 9 70 59 92 23 7 47 7 17 97 2 38 2 61 69 16 19 48 32 97 90 60 65 67 91 12 34 52 0 40 80 23 52 86 43 46 16 36 96 78 48 3 87 72 9 59 14 99 88 48 12 16 77 12 32 13 66 10 29 23 50 87 48 55 98 19 92 16 55 0 37 93 20 15 52 74 80 16 43 63 46 15 61 63 80 15 20 10 20 7 6 71 94 94 76 92 27 50 38 14 25 63 6 22 88 16 27 31 63 57 51 11 75 72 60 42 12 51 39 61 68 2 3 11 74 11 47 26 21 44 1 74 22 43 57 78 57 63 29 35 58 11 73 90 1 50 54 5 99 3 36 78 61 10 39 88 90 57
76 49 100 28 15 31 94 37 66 94 15 96 15 87 100 41 55 23 13 34 24 79 64 73 92 43 83 47 55 9 59 66 31 22 77 99 12 21 26 84 32 55 3 56 6 5 48 52 76 14 63 13 23 20 98 13 35 33 34 88 42 2 67 83 85 12 56 7 41 36 91 80 62 71 45 93 21 49 63 86 17 61 17 44 57 34 9 31 72 77 99 51 23 84 59 24 58 71 71 3 81 93 22 50 69 86 32 0 69 30 24 42 83 39 88 31 59 98 4 66 70 24 49 67 80 83 94 21 78 69 87 77 31 80 23 83 45 8 20 92 23 78 41 49 48 47 23 33 76 10 39 19 34 38 7 25 45 1 38 69 39 89 20 51 48 8 89 29 15 19 29 8 75 59 39 53 64 100 81 62 25 57 84 92 43 1 4 70 70 43 94 15 70 90 2 47 0 62 60 58 97 97 84 96 45 23 6 16 18 43 40 20 20 37 56 44 93 24 36 12 91 71 54 73 64 40 95 88 80 99 97 17 34 20 11 60 75 70 74 83 78 55 94 50 47 78 97 43 64 45 76 59 34 43 95 75 21 89 32 26 71 69 39 9 30 15 72 21 10 29 51 90 0 74 29 30 46 74 90 77 27 80 32 92 39 50 39 88 92 58 23 98 64 49 16 75 17 3 89 53 67 24 53 30 70 41 82 54 31 95 63 20 32 40 15 78 98 16 85 0 35 1 3 44 28 73 60 36 74 49 32 45 73 56 57 95 96 85 69 96 38 3 14 75 4 28 92 76 21 51 97 45 35 77 55 58 79 92 41 49 81 9 82 72 87 41 3 64 3 50 86 12 62 69 45 31 99 47 44 60 67 11 56 51 66 15 5 99 67 94 97 81 41 24 36 52 33 28 38 81
86 98 93 87 28 58 57 19 15 51 12 26 79 93 50 99 82 24 56 26 14 29 56 11 76 18 53 95 17 63 47 27 74 60 52 23 36 84 14 56 78 39 72 80 94 14 61 32 9 38 32 99 88 77 28 19 45 59 31 89 24 95 5 62 16 59 31 42 43 4 53 89 7 31 79 53 94 18 42 56 36 87 16 44 48 90 21 71 11 11 77 63 87 28 63 23 65 89 76 85 62 29 89 79 58 1 80 66 100 69 35 69 11 65 99 96 24 0 60 53 92 33 74 100 60 84 98 75 60 4 28 45 34 83 80 16 47 81 62 96 70 48 39 71 26 26 15 76 58 11 32 63 25 11 51 5 83 60 40 53 20 70 8 64 38 1 97 50 22 64 49 55 52 7 63 37 42 27 50 9 8 29 77 65 72 64 32 2 22 86 80 51 55 51 58 97 46 67 70 72 25 12 39 73 71 21 47 3 25 4 69 63 68 83 91 15 80 19 75 87 86 16 56 92 10 43 83 15 98 87 36 77 13 20 81 75 82 7 61 62 56 19 79 25 66 9 33 12 36 49 38 17 91 91 94 93 3 31 68 56 33 12 32 55 57 81 20 18 64 90 12 25 73 75 15 0 28 68 72 3 63 11 82 5 38 90 97 79 65 33 79 15 57 15 51 80 100 70 55 25 2 82 37 59 36 84 82 99 47 55 36 20 75 74 76 55 91 34 14 55 49 20 18 83 31 62 98 71 36 70 59 24 57 7 59 56 54 0 19 91 48 12 40 48 56 6 44 46 25 99 46 60 95 54 93 79 92 66 60 27 41 74 26 43 51 9 51 69 42 11 87 20 68 46 36 34 64 12 35 28 52 78 34 42 17 16 46 35 46 86 88 79 86 12 36 73 87 9 38 99
84 48 86 42 34 64 46 6 77 39 81 77 36 47 59 21 21 93 6 52 51 58 20 58 50 23 65 1 25 13 54 77 12 84 59 35 64 37 65 59 67 84 38 26 46 100 93 49 75 72 46 8 10 2 52 25 98 71 53 60 8 56 33 63 98 89 4 82 62 35 91 45 6 39 1 26 30 10 13 45 93 38 96 61 27 65 39 80 48 29 3 74 43 27 30 60 59 39 62 50 69 84 38 53 55 59 61 87 4 18 46 53 2 44 0 87 65 66 95 84 81 48 54 65 87 97 0 70 19 4 78 65 26 30 73 20 20 97 76 39 97 32 88 94 49 5 96 60 21 0 82 40 100 32 2 87 34 83 47 18 89 11 52 33 62 78 39 96 92 33 4 33 8 18 1 12 10 83 23 35 83 94 14 44 38 10 60 74 67 76 45 40 11 21 58 90 75 82 3 81 34 82 62 25 63 74 100 51 67 83 0 49 30 8 0 65 87 73 9 56 33 22 5 29 97 94 35 75 37 48 74 76 14 74 68 26 38 70 66 99 99 23 82 32 68 9 81 78 73 63 77 66 26 59 61 83 19 56 20 3 22 46 76 87 4 79 35 25 98 52 30 49 25 71 31 28 45 86 45 12 55 56 90 62 48 77 39 34 29 73 41 68 54 57 0 97 86 58 47 41 45 90 50 72 65 2 3 27 4 71 48 54 54 49 21 2 67 82 5 39 26 2 75 75 71 81 98 87 31 67 44 34 92 66 36 76 82 53 93 20 75 33 75 89 19 64 65 59 15 1 70 92 6 78 58 81 41 44 29 88 23 24 23 35 28 71 54 15 16 85 52 70 18 34 45 27 70 18 7 49 42 11 2 63 22 96 95 42 78 64 42 7 5 65 9 30 45 73 52 11
54 50 11 61 27 11 89 59 56 30 44 11 20 21 100 89 87 50 22 99 72 40 25 20 64 96 26 14 12 62 42 54 73 64 9 70 76 52 44 100 41 89 86 90 58 98 31 44 37 68 72 21 17 38 92 15 30 57 100 30 5 11 28 65 28 8 15 82 80 97 34 90 52 46 42 9 15 63 56 73 28 37 36 45 33 21 99 69 4 53 90 47 72 6 70 86 67 94 66 18 49 13 88 44 10 66 93 30 72 2 85 40 94 14 47 69 58 86 59 57 96 34 52 71 28 40 18 50 47 98 12 53 44 41 64 34 96 66 88 48 46 75 1 48 78 47 5 3 45 45 55 56 10 29 55 31 15 61 3 63 70 93 40 93 76 82 75 86 94 7 14 33 98 60 14 20 80 95 4 80 53 47 95 21 2 23 76 8 2 94 73 89 83 51 9 49 98 46 78 80 94 1 88 55 33 95 70 38 30 57 100 97 15 37 20 57 44 52 18 5 78 59 35 62 100 36 46 28 29 46 67 69 29 52 11 14 73 25 61 39 44 67 38 82 31 6 22 38 67 25 39 67 0 45 76 69 15 39 49 44 88 43 9 93 9 49 17 11 72 54 54 76 79 21 53 65 29 46 37 39 85 68 34 90 46 54 25 55 78 78 55 41 49 84 88 96 1 55 66 41 47 23 88 80 2 1 32 19 32 33 95 22 89 62 44 23 73 54 28 19 36 6 32 13 94 39 23 96 56 50 95 54 7 79 18 51 43 30 54 78 66 41 42 73 60 18 66 82 65 84 10 75 53 47 65 41 64 99 11 18 39 92 82 91 71 21 16 32 8 89 14 35 21 100 18 88 46 10 70 55 25 15 77 56 80 96 64 29 32 93 53 20 69 39 9 86 21 74 46 83
35 26 84 7 38 26 91 23 17 81 21 14 39 15 21 1 72 18 8 90 5 35 37 34 24 79 29 11 12 42 77 35 36 4 52 47 11 98 86 16 32 29 11 57 66 57 70 79 69 59 16 5 24 58 18 38 85 38 24 63 96 90 53 93 0 22 82 54 37 76 32 42 83 87 36 93 58 57 52 11 72 65 7 8 32 9 69 38 4 43 45 6 69 9 2 7 49 9 70 97 100 13 49 66 24 18 73 10 12 57 19 88 94 41 73 7 98 74 40 94 53 43 15 33 33 23 50 73 73 48 9 78 46 69 56 47 46 18 18 19 76 91 36 71 18 67 50 79 69 41 97 99 74 73 70 32 14 29 13 21 37 70 72 18 69 9 24 2 36 18 22 37 81 19 45 20 63 63 22 56 2 70 86 83 92 66 19 52 52 54 93 92 95 19 21 90 18 46 0 30 11 27 66 72 29 78 67 11 3 72 42 51 17 91 25 44 44 95 47 30 32 16 71 61 50 66 49 71 5 63 54 90 14 67 75 39 64 47 59 54 58 24 87 8 76 43 52 84 48 26 98 26 71 0 46 57 79 39 98 76 64 36 95 95 86 79 69 60 2 52 32 41 58 23 7 89 95 45 14 85 2 99 85 100 6 89 26 19 81 29 17 94 71 34 2 21 53 23 57 58 47 28 88 20 1 99 46 67 7 3 1 20 30 91 41 5 20 58 93 0 66 39 3 25 49 8 80 25 55 97 69 75 29 87 11 84 55 8 42 51 64 26 25 1 82 24 14 44 50 20 39 84 69 85 61 46 65 42 57 19 19 6 75 99 39 28 44 4 17 19 13 92 52 73 17 57 40 84 78 70 48 82 5 60 4 28 63 60 39 63 13 73 55 55 55 73 59 76 6 61
61 91 11 20 0 48 37 55 6 58 93 99 85 87 40 61 33 92 68 0 23 94 25 68 24 90 19 47 71 94 75 46 92 85 44 47 2 84 29 63 0 9 27 30 22 86 1 21 6 49 90 20 100 82 34 52 59 44 85 90 4 76 52 55 14 53 42 55 71 11 41 1 19 41 66 31 42 20 77 76 6 1 86 5 18 29 45 1 5 34 42 82 42 91 81 55 34 78 30 31 85 65 16 48 1 10 15 60 64 84 48 60 98 6 9 87 28 57 51 61 37 25 25 73 80 23 46 72 73 24 14 3 12 98 51 22 32 70 94 37 68 24 23 75 15 36 20 51 80 38 91 20 24 51 84 22 26 43 26 24 69 15 79 11 41 55 54 99 44 76 30 92 71 28 96 63 9 28 39 43 92 45 31 51 41 33 18 59 50 57 21 9 40 66 74 76 82 95 83 63 10 22 32 68 41 9 5 80 45 91 55 91 91 27 48 4 54 60 13 17 44 42 73 71 4 46 5 32 57 5 77 46 31 64 39 37 87 98 82 35 30 59 96 37 86 26 43 10 9 34 1 13 68 89 71 53 89 92 95 55 83 64 49 31 46 56 14 89 18 55 70 55 69 20 57 2 45 88 4 81 95 87 72 56 9 43 15 16 53 72 71 46 63 61 56 91 18 85 65 96 58 39 8 14 83 92 62 65 22 45 85 11 69 78 65 78 83 82 24 59 19 19 4 26 26 8 91 47 41 92 13 46 22 87 4 4 90 1 80 73 51 17 72 96 17 45 53 69 4 1 22 100 74 25 21 72 62 63 72 81 78 16 29 22 51 71 31 26 42 45 90 60 33 14 94 56 75 99 96 48 74 13 1 20 67 44 96 32 98 88 39 59 90 15 87 57 52 12 47 15
47 26 46 29 18 33 90 14 29 25 27 39 69 11 81 72 99 11 82 84 56 3 65 17 87 24 85 33 26 28 4 61 11 31 20 77 58 70 64 0 8 70 1 0 5 7 11 34 68 1 91 44 98 77 4 72 75 76 94 70 42 82 4 46 87 96 16 35 38 71 12 21 60 68 91 86 3 76 52 34 64 42 71 51 96 32 98 28 29 3 77 12 93 8 22 97 20 98 76 7 20 80 76 13 77 58 34 30 2 81 43 65 86 16 57 89 50 44 87 72 44 3 96 46 52 41 31 59 45 34 23 64 80 3 78 8 58 55 19 74 35 88 80 23 63 79 25 91 59 12 18 46 11 19 95 78 44 63 92 76 13 87 61 56 72 61 3 62 18 33 83 91 22 53 10 16 72 53 2 12 35 49 43 52 56 75 74 92 19 77 88 1 98 23 57 17 29 93 84 40 76 51 34 45 75 9 11 22 7 44 45 68 86 88 21 61 50 0 46 0 72 98 13 15 24 46 60 16 30 20 34 50 91 83 70 21 88 43 8 99 18 13 84 44 74 66 67 94 88 60 85 1 39 38 22 14 72 94 66 46 96 26 90 22 56 85 18 13 94 17 22 15 68 25 17 68 25 82 7 76 34 28 72 15 41 10 42 63 95 2 35 56 53 1 25 65 37 50 1 45 20 94 67 62 6 80 98 25 50 13 81 0 100 79 56 31 37 85 9 21 22 59 72 1 24 27 31 44 55 43 71 62 96 73 40 88 30 72 24 90 74 50 74 25 15 25 44 75 31 24 5 29 38 99 14 42 1 44 79 77 47 83 65 4 98 68 68 72 80 58 33 25 79 68 53 80 46 94 73 62 93 49 100 60 76 5 16 55 20 60 51 22 22 84 21 36 6 71 90 45
8 45 20 2 38 20 40 27 56 33 92 37 81 61 90 29 37 79 77 82 45 99 65 34 37 3 59 26 10 94 30 99 96 39 67 54 5 16 21 59 33 32 67 18 15 43 54 48 22 9 4 44 70 4 83 85 37 15 84 60 72 39 72 64 67 84 3 41 57 81 54 81 45 88 69 33 21 38 93 73 12 78 27 58 47 79 19 13 87 74 97 7 59 4 4 99 91 80 44 74 70 79 1 9 50 44 20 27 60 3 1 51 9 43 50 30 82 70 77 94 72 65 46 85 62 44 42 69 52 45 58 95 71 78 55 51 58 32 64 51 12 1 84 71 88 27 5 100 16 57 67 30 27 82 93 72 19 85 76 30 95 76 19 81 41 100 38 34 24 8 33 47 60 50 84 43 56 21 100 50 7 54 19 83 80 66 70 31 49 13 62 43 37 48 34 64 28 89 53 63 99 51 46 43 93 70 89 57 25 54 75 64 97 81 80 62 56 64 61 72 6 86 92 31 51 47 49 21 89 63 90 17 78 91 98 71 19 94 25 35 77 89 62 28 62 40 5 11 0 20 35 88 97 98 75 32 35 29 12 44 45 36 66 64 73 94 94 88 29 30 65 76 63 71 47 37 79 80 42 93 27 50 98 68 86 76 95 11 38 84 33 54 7 23 61 70 69 59 25 50 83 35 49 75 32 62 5 92 95 95 55 99 88 38 45 33 55 98 83 55 22 50 25 9 45 3 86 53 5 19 9 37 49 73 53 57 40 9 36 19 91 93 71 17 85 42 35 14 45 32 43 46 83 21 27 73 61 78 3 12 51 1 39 29 56 78 48 65 49 50 80 43 78 57 84 58 76 27 52 14 73 95 19 59 8 57 2 8 25 77 1 94 12 63 63 5 66 34 94 4
99 21 22 36 86 63 81 2 36 98 47 54 83 49 5 80 99 99 48 76 39 59 64 31 42 45 36 99 48 88 88 83 36 44 41 91 16 48 85 21 87 37 57 11 51 88 15 35 55 38 48 29 62 77 16 42 41 72 93 8 71 97 34 86 92 1 79 93 84 38 31 26 87 82 89 75 55 51 41 37 92 44 9 3 85 48 85 80 68 8 94 42 14 61 85 97 36 15 86 81 0 3 43 32 76 30 35 27 49 28 66 34 35 18 33 44 69 34 35 28 23 92 14 59 98 62 11 70 73 77 10 26 78 15 60 68 100 91 42 27 11 1 78 57 26 50 3 23 100 94 39 12 48 19 97 98 78 70 63 0 19 37 30 97 73 44 7 64 77 8 53 32 11 80 50 69 79 8 98 16 33 37 74 51 12 25 31 60 15 23 10 92 6 91 53 32 84 1 59 72 42 92 56 78 37 40 51 48 80 58 61 45 36 20 68 63 38 37 50 2 95 80 59 79 32 40 52 67 93 47 4 26 85 3 31 68 68 68 69 29 39 20 18 31 6 41 32 29 4 97 51 88 44 35 38 97 71 79 68 18 96 38 85 33 11 25 14 20 41 50 25 22 77 15 84 35 90 58 15 18 48 78 61 30 41 5 23 70 89 57 7 69 88 37 81 82 0 54 44 52 64 63 89 95 61 47 8 92 31 45 21 72 91 54 4 97 86 1 77 6 92 4 41 30 13 100 2 73 34 93 67 41 27 27 34 48 66 31 37 58 93 30 84 31 4 67 27 48 13 70 77 94 78 49 56 64 3 46 68 69 17 59 13 41 74 67 77 42 81 47 91 89 16 81 54 61 41 98 66 29 84 50 3 67 55 36 94 67 88 81 39 7 81 44 52 5 88 39 68 0
82 42 79 28 5 71 4 14 84 66 10 52 16 23 96 42 83 39 79 32 34 71 21 81 81 40 87 37 62 93 85 58 23 74 52 4 97 70 57 44 81 14 20 85 73 69 36 0 18 21 85 75 29 6 34 77 84 19 30 25 30 93 45 56 8 54 12 13 67 71 78 93 78 14 17 31 68 12 12 17 95 36 86 24 11 66 30 4 74 16 27 17 22 42 43 80 91 37 82 73 8 78 75 96 48 8 1 32 93 11 18 41 25 88 0 79 96 18 62 3 18 40 57 83 21 41 72 6 59 36 89 55 12 98 24 87 30 99 0 84 31 26 67 5 42 33 73 52 48 72 91 39 60 11 73 3 90 12 58 18 58 84 1 94 40 23 35 26 92 65 95 54 3 53 29 49 87 93 18 8 7 93 70 48 77 69 76 91 49 35 89 75 77 50 65 13 28 66 86 94 56 16 13 74 91 11 64 91 74 55 2 98 96 77 67 12 89 64 97 74 9 82 55 79 99 43 100 27 46 70 11 77 67 6 62 96 17 35 1 6 6 2 67 3 52 77 58 11 45 42 82 87 46 55 43 38 30 39 93 16 76 58 79 37 47 54 41 15 52 31 61 93 16 16 92 52 11 19 95 88 1 83 25 30 86 22 99 78 19 80 70 17 94 21 18 23 22 25 50 85 83 28 2 11 69 81 36 50 51 29 40 62 1 86 50 38 94 15 90 9 9 29 79 74 76 46 49 19 80 42 9 79 28 81 65 74 7 36 65 14 23 43 0 18 4 32 42 89 46 38 74 61 5 3 98 24 84 32 49 49 45 57 100 28 56 82 76 30 53 73 66 43 88 57 96 72 57 42 72 55 32 10 97 98 79 53 95 31 72 98 40 59 75 77 97 76 31 3 43 91
71 48 85 77 56 82 81 2 77 68 40 51 67 93 70 57 35 2 76 61 100 68 22 100 44 93 93 91 89 99 13 69 40 100 24 93 98 63 91 64 27 22 38 11 99 83 21 85 38 94 78 14 90 64 63 26 97 65 8 21 87 5 75 98 34 52 51 15 30 81 93 54 100 55 84 18 68 5 47 46 45 79 79 17 12 40 47 34 2 32 63 13 47 43 90 66 94 80 27 25 32 50 70 14 84 63 29 77 85 58 44 58 40 52 41 38 64 2 93 66 19 47 90 5 23 95 53 50 92 65 27 88 38 23 89 19 45 88 0 51 95 99 89 79 98 29 2 85 46 92 23 26 20 45 83 23 47 5 10 4 13 50 40 62 7 41 1 2 24 19 67 12 4 93 88 93 3 83 93 92 49 20 96 76 40 81 62 7 23 92 92 86 2 13 28 54 56 22 12 28 42 46 54 17 82 26 6 29 2 22 60 97 10 95 11 20 25 46 78 76 69 1 66 11 63 57 19 53 78 76 50 13 9 77 18 62 91 87 1 52 77 42 15 35 48 41 8 0 72 27 30 49 72 82 25 66 49 81 7 15 98 40 34 52 79 2 85 16 4 48 69 33 92 8 34 27 47 94 1 90 34 87 85 41 62 27 27 22 100 30 89 15 73 3 71 59 87 83 38 12 20 11 8 90 56 95 71 79 71 40 85 11 72 90 45 9 13 20 93 23 97 29 57 54 63 5 77 11 49 16 11 16 38 14 97 14 91 73 1 31 8 69 24 52 88 42 47 14 41 39 88 96 39 58 85 81 74 19 11 96 76 7 85 69 31 36 18 55 53 55 53 59 10 52 54 19 86 75 78 95 4 76 6 1 26 22 89 70 45 98 23 40 32 31 8 14 29 66 24 49
70 32 47 86 48 32 12 85 100 48 83 35 63 46 85 88 92 28 23 84 29 90 57 81 94 68 5 66 11 52 65 81 42 91 28 60 29 39 78 82 74 74 72 66 66 58 16 78 92 18 54 63 29 30 26 17 85 20 38 21 1 50 49 56 57 60 46 66 6 15 8 16 18 35 97 2 71 34 84 41 37 84 44 70 32 39 94 39 2 5 16 96 89 49 61 4 48 25 22 70 8 70 50 93 42 96 11 1 88 43 59 73 66 80 82 76 89 38 4 93 79 12 31 10 86 33 36 59 55 32 23 50 7 70 17 3 100 22 38 6 75 71 38 65 16 64 0 52 62 85 27 92 60 50 89 97 84 95 70 17 57 55 94 55 41 45 27 61 82 23 72 28 18 66 63 17 68 24 55 89 23 80 1 25 71 33 34 40 20 48 36 87 80 94 73 2 2 43 65 23 41 43 26 96 91 12 16 12 81 13 79 43 98 24 11 24 34 64 66 30 3 89 26 13 13 54 99 25 75 47 17 0 63 6 6 65 22 38 44 20 45 26 86 15 84 28 40 65 56 4 91 92 45 57 60 44 64 21 63 49 49 58 47 0 32 31 27 2 92 74 3 45 60 46 4 32 12 76 61 53 69 26 18 23 18 57 76 72 98 22 81 53 29 84 8 100 93 53 25 28 83 30 13 64 99 4 54 43 71 81 60 84 67 96 87 35 1 44 30 6 0 31 97 16 99 74 67 2 6 61 76 71 51 53 6 50 83 82 10 33 48 87 13 8 78 63 7 49 97 85 73 17 78 50 32 61 59 66 49 95 62 17 7 44 99 70 46 20 81 74 72 97 77 92 62 60 29 17 99 22 2 43 30 25 99 33 76 2 84 51 40 8 86 28 97 32 17 67 96 37
54 88 23 25 44 100 0 57 76 84 12 37 96 96 87 67 11 50 97 21 53 81 95 42 23 95 71 43 38 66 58 37 21 67 26 70 34 69 20 18 52 60 75 38 71 87 56 54 2 55 38 11 82 52 61 47 78 2 8 84 21 79 30 12 33 0 65 17 21 71 26 98 90 49 38 73 60 79 8 66 9 61 15 43 72 57 3 98 54 34 98 0 70 27 59 33 81 91 66 10 15 69 56 24 0 0 17 37 6 99 35 15 7 100 68 2 87 68 3 84 17 51 33 82 6 14 56 53 15 89 59 81 17 21 85 86 51 57 48 91 80 1 38 30 52 59 34 74 1 27 4 87 56 47 100 57 61 19 63 74 78 12 83 52 64 98 73 15 39 53 97 4 27 89 16 4 10 35 17 58 44 39 67 48 15 93 72 54 43 87 8 52 14 62 11 77 74 89 76 36 14 6 63 33 48 32 69 23 80 24 51 13 41 36 40 27 87 58 47 10 31 63 41 97 96 4 61 64 88 46 16 77 36 53 61 51 23 24 91 0 78 47 31 62 63 80 42 60 59 76 30 89 85 41 17 46 83 23 18 61 100 28 58 14 91 35 90 43 27 92 86 39 57 58 74 33 55 90 4 13 20 57 44 96 87 34 57 39 54 54 56 56 20 8 29 38 41 82 63 89 48 89 96 17 90 8 55 87 46 75 82 83 85 17 65 64 91 42 1 87 99 10 87 48 17 43 69 83 84 71 27 27 16 90 2 47 79 20 28 84 35 48 40 80 48 95 33 68 84 28 26 4 89 44 82 42 23 6 52 33 44 12 59 37 4 74 84 54 68 11 86 14 68 99 59 63 83 86 41 68 63 41 77 84 78 46 1 4 69 88 62 53 7 50 91 47 57 81 48 72
26 92 20 30 60 26 83 49 10 10 48 80 71 2 48 41 9 23 24 95 11 14 0 34 75 75 26 71 62 35 35 8 55 42 18 42 98 100 57 58 48 26 82 90 75 5 52 96 4 34 39 64 37 98 88 21 32 46 36 38 41 87 79 73 85 75 86 44 61 17 90 43 16 27 77 73 4 76 28 11 26 4 46 25 94 53 12 22 13 76 29 60 9 88 89 12 86 81 53 23 34 39 81 19 83 98 21 51 57 33 31 70 88 65 60 23 87 23 82 36 30 52 37 2 96 48 77 76 42 66 29 11 21 96 55 88 64 78 75 85 37 5 84 86 64 93 59 70 61 3 54 40 34 3 84 90 99 45 9 94 75 25 49 23 77 77 41 19 40 32 61 32 80 33 60 72 60 72 98 68 44 94 20 76 98 20 59 83 86 94 62 96 21 49 8 28 75 91 55 62 79 60 56 23 69 99 81 97 38 28 46 60 36 55 80 92 72 3 36 87 40 34 23 41 27 53 75 71 13 63 52 10 56 17 36 78 86 29 69 20 43 49 25 99 7 77 91 84 40 57 74 4 7 9 57 1 77 32 49 54 66 71 48 31 7 36 62 7 25 66 84 47 22 71 32 96 85 62 4 51 51 4 2 87 29 21 93 22 50 13 40 29 22 41 52 10 11 76 70 85 27 76 47 44 26 13 22 12 69 39 68 66 22 13 64 71 99 54 88 24 1 7 11 55 14 70 87 9 94 66 55 25 9 79 11 48 31 89 60 36 75 14 34 12 93 55 57 92 83 0 53 35 19 3 79 5 44 72 66 41 86 36 19 86 97 50 28 100 58 65 65 0 65 85 41 73 90 71 71 59 61 9 53 10 8 53 25 76 42 77 48 89 71 9 67 59 64 9 29 39
54 28 89 16 61 91 61 42 4 66 82 81 46 59 98 43 43 32 88 39 60 37 29 95 66 60 40 87 69 63 81 31 47 52 37 54 37 61 72 45 7 44 49 16 17 63 94 32 27 84 58 41 16 25 67 12 67 26 61 89 36 30 51 44 16 79 89 31 97 84 31 80 29 25 83 77 90 95 84 92 87 0 51 60 64 21 3 22 91 47 21 69 65 21 30 4 88 20 45 56 31 40 6 72 45 30 8 1 60 66 37 71 36 31 31 22 19 45 19 77 64 8 2 36 92 79 99 76 93 43 48 98 61 97 27 41 93 86 30 22 96 70 6 16 30 13 66 53 8 66 16 51 47 82 3 46 39 66 36 87 75 30 93 0 89 81 60 46 25 38 6 66 11 11 90 8 87 48 60 71 27 92 78 55 93 94 7 8 92 72 57 67 39 28 66 37 57 28 63 19 9 22 62 31 49 18 48 8 75 81 36 47 73 28 15 40 39 36 4 76 81 67 27 3 96 28 46 67 26 59 6 13 74 61 82 79 11 79 95 86 22 2 57 12 74 79 58 68 88 47 49 18 82 76 30 61 50 98 1 83 10 73 72 14 45 7 26 41 46 85 6 86 34 58 30 67 61 20 72 92 94 4 1 4 99 22 37 97 14 57 84 15 96 94 99 31 82 28 48 82 73 58 14 37 91 50 54 87 87 74 93 73 54 44 11 76 57 0 3 95 47 50 28 94 99 48 92 52 58 78 14 11 77 3 33 43 76 41 89 68 48 74 78 83 76 87 11 54 20 94 23 86 70 91 9 75 80 59 43 88 38 21 5 43 45 13 21 71 9 13 60 79 39 23 33 57 58 67 45 51 93 56 17 25 79 3 87 52 20 73 23 58 1 70 10 78 50 40 64 29
69 11 81 6 19 57 47 36 57 5 28 24 85 52 74 53 78 23 48 17 34 2 20 93 5 39 24 85 48 95 28 96 1 94 30 23 9 96 37 23 70 56 40 76 90 33 73 99 58 26 30 54 12 2 18 3 56 28 77 52 13 60 40 56 26 86 77 8 61 78 36 19 10 88 60 24 49 91 34 86 2 1 41 88 83 25 46 33 28 29 81 83 26 28 82 5 24 73 9 52 52 6 100 69 2 70 77 2 8 88 43 9 44 48 55 87 16 31 98 93 89 4 44 53 64 83 2 79 1 5 4 16 36 71 40 70 76 61 27 54 52 48 47 83 21 25 39 84 65 75 1 100 85 56 97 17 38 0 88 95 49 21 29 70 41 77 8 33 11 65 4 31 21 67 23 68 51 37 67 19 61 75 55 57 88 1 36 15 79 9 84 62 13 98 0 69 37 21 77 11 83 59 2 31 48 33 35 16 8 14 1 2 62 70 43 6 20 41 27 22 46 55 87 74 29 43 20 20 1 88 80 57 20 12 16 56 51 41 40 43 43 56 73 84 44 86 51 88 86 7 91 77 33 35 15 90 30 38 97 33 26 96 73 91 86 74 77 29 40 26 42 44 56 3 27 39 2 56 100 86 30 58 13 85 84 38 19 56 7 51 98 97 91 86 30 88 80 81 92 54 50 31 81 78 40 46 46 45 37 98 50 47 47 38 6 3 16 32 45 24 37 96 76 34 63 62 29 8 2 22 83 67 41 9 47 12 41 40 32 47 76 24 8 31 80 7 20 42 30 61 14 62 99 43 63 43 86 5 58 58 6 82 58 6 37 25 23 15 25 31 11 12 80 5 1 45 64 92 9 11 1 94 49 4 18 52 43 54 43 2 51 41 99 25 35 28 46 77 74 24
83 79 64 63 53 97 31 32 63 49 10 85 14 17 77 87 72 86 44 40 29 73 57 71 57 50 29 80 17 54 21 17 81 79 95 87 62 20 71 27 85 92 18 7 78 52 53 37 77 91 62 54 9 29 94 16 73 92 29 30 96 88 18 9 97 62 47 26 50 35 35 79 75 2 92 66 81 60 98 72 67 58 52 1 65 66 64 53 19 62 50 2 70 53 4 52 99 50 15 56 22 80 100 75 17 20 63 25 92 88 96 46 46 49 12 39 24 61 94 86 29 55 29 55 41 60 8 43 2 3 40 17 2 62 48 67 5 88 34 53 36 6 12 67 79 72 63 38 70 31 9 40 91 67 27 73 54 52 26 5 12 40 35 74 89 21 88 87 9 83 28 93 49 37 55 45 60 18 33 29 92 76 91 82 86 83 41 55 19 97 95 87 28 17 37 33 47 71 16 15 93 77 54 3 90 48 67 81 58 70 78 69 66 3 51 14 90 32 69 9 46 34 93 92 34 18 90 67 91 94 11 5 22 53 67 74 69 81 84 70 46 56 69 85 6 20 28 100 46 51 72 40 16 27 38 26 81 57 90 21 51 45 54 6 68 57 52 100 37 98 54 37 74 93 99 87 45 45 60 58 6 49 98 90 25 61 8 8 13 86 94 59 74 98 57 34 68 25 9 97 58 10 99 75 11 49 9 86 88 45 20 34 4 54 66 0 5 45 58 72 19 21 9 39 91 66 53 62 87 9 57 57 98 51 97 92 8 3 27 46 74 2 76 7 35 32 7 49 66 87 5 25 88 60 80 12 10 97 40 84 70 85 3 75 85 13 95 31 57 72 23 1 75 13 5 70 88 76 20 75 27 79 67 7 78 82 10 4 41 67 99 95 71 47 100 30 24 20 8 32
65 98 49 44 51 34 74 68 57 81 100 22 100 43 95 41 37 31 94 49 34 29 28 65 12 16 58 75 32 92 84 15 72 49 13 79 42 45 82 37 4 81 4 2 52 52 25 62 37 7 71 50 100 8 35 71 35 4 4 79 62 56 2 97 100 23 58 74 1 1 85 71 98 78 41 20 18 10 90 10 8 81 73 70 45 86 31 34 71 71 21 0 21 41 41 44 79 16 85 49 25 69 81 51 17 27 100 99 19 100 31 99 12 29 36 38 19 0 7 75 28 38 54 7 53 2 67 84 91 90 16 31 73 33 27 95 14 25 41 12 34 0 19 63 97 60 39 13 66 25 35 84 61 54 28 17 10 18 3 18 52 96 75 88 62 72 32 2 67 61 43 1 27 61 94 100 74 13 57 27 14 27 20 27 91 39 19 58 93 33 75 46 45 93 82 80 56 66 51 53 15 96 25 92 51 77 38 4 81 53 23 18 36 15 45 14 78 8 85 73 33 17 61 38 17 5 69 25 70 52 15 46 100 37 47 43 9 63 63 61 85 55 55 8 99 100 29 85 44 17 56 85 99 0 60 98 64 3 50 28 25 25 88 50 17 44 43 50 48 48 79 22 81 94 74 31 11 75 99 81 27 5 8 70 72 9 63 41 32 71 43 92 97 52 82 47 77 82 84 100 23 67 93 49 74 34 29 7 59 42 93 24 81 76 98 100 58 29 72 26 63 47 11 60 26 70 93 52 57 5 39 78 42 81 77 42 63 59 48 2 60 85 78 2 0 69 68 84 66 37 24 5 6 37 76 58 93 75 79 61 42 95 66 70 100 20 77 56 46 80 9 75 94 51 89 100 57 23 91 35 56 11 5 65 54 21 26 79 68 58 45 80 71 74 43 43 34 51 45 43
43 7 64 15 0 87 58 30 86 76 93 61 27 42 49 44 84 39 25 50 13 25 0 29 4 4 56 92 23 22 68 19 0 55 18 91 7 19 59 67 28 22 0 58 27 49 74 74 22 33 40 30 9 21 7 85 85 71 94 7 65 19 54 19 90 82 42 55 43 62 80 45 83 28 10 65 15 28 7 91 26 83 65 43 77 14 23 93 36 77 80 64 21 7 62 49 98 22 27 80 94 19 80 7 62 43 94 60 38 60 51 63 75 83 13 52 83 69 51 8 44 25 82 68 100 16 27 80 12 45 36 24 12 71 66 6 25 44 28 49 81 56 89 6 82 72 36 32 6 75 9 58 86 68 85 13 9 51 82 4 76 52 56 38 77 46 35 35 98 77 91 58 58 39 35 73 29 32 2 62 79 62 87 9 13 12 29 18 100 99 85 41 26 96 77 96 65 93 13 9 99 2 76 6 26 49 95 100 25 21 62 79 71 94 17 60 93 67 52 86 31 32 76 15 49 69 65 91 80 95 34 35 86 29 7 35 83 32 44 27 58 91 72 73 30 59 25 69 77 18 43 27 52 85 84 12 19 17 73 76 34 81 3 50 38 39 99 60 73 99 33 51 68 16 71 90 29 54 74 67 65 38 21 55 82 58 16 62 2 17 60 100 93 30 82 51 0 7 80 100 14 57 95 76 62 66 19 67 87 47 75 73 30 28 16 2 95 4 37 24 7 53 83 97 66 57 1 8 11 1 19 49 31 0 20 78 11 9 89 59 11 53 77 1 17 4 97 59 6 87 96 4 80 16 50 93 34 42 100 79 2 94 50 19 86 34 94 42 70 95 5 39 2 64 70 42 57 94 0 78 13 57 59 58 92 27 12 70 52 76 33 19 97 71 72 61 65 43 26 42
73 5 7 36 88 36 39 29 0 38 13 8 20 35 92 16 44 54 67 13 80 19 77 52 92 20 68 22 1 15 100 39 56 62 3 39 31 23 17 77 68 19 20 49 19 36 25 34 36 34 92 98 91 73 42 52 50 45 80 18 52 0 98 16 52 22 50 90 89 52 60 40 78 7 98 78 61 100 1 25 87 44 13 90 38 15 11 47 52 62 8 98 100 92 40 47 7 72 36 0 65 51 58 92 82 77 23 52 1 86 55 33 19 58 46 61 26 59 40 55 8 14 4 55 81 98 3 8 52 94 54 65 99 81 83 14 6 2 5 100 1 27 25 14 46 80 6 72 27 19 98 96 80 22 94 48 41 49 91 69 57 38 85 41 91 69 71 7 87 45 31 43 55 64 11 80 79 71 49 54 48 52 39 57 1 66 55 51 79 10 81 72 98 41 61 37 42 93 64 97 7 95 23 83 37 84 80 45 61 20 99 88 52 98 88 15 53 60 5 40 100 76 29 47 30 59 41 78 49 79 78 61 36 65 55 21 43 47 38 57 60 5 20 58 1 79 4 78 30 45 12 41 76 88 26 1 88 18 47 61 93 18 98 43 24 46 61 50 33 37 30 12 38 9 8 1 20 42 96 85 9 3 68 34 10 51 55 6 57 92 62 65 18 25 63 12 77 15 45 4 62 47 12 26 12 16 85 52 59 19 66 53 46 77 57 4 74 38 65 59 65 26 60 12 28 17 71 1 93 39 27 45 19 64 54 14 4 27 93 40 40 34 14 75 9 55 87 87 85 14 22 58 86 45 23 89 100 15 0 44 77 38 5 46 80 22 27 60 10 8 39 72 50 53 19 72 43 90 17 12 82 20 50 27 99 58 89 13 86 19 17 51 29 25 55 67 18 9 6 19
53 58 95 78 20 93 24 52 63 97 12 91 84 44 57 86 71 36 17 2 76 91 81 23 41 78 23 27 83 87 14 86 56 82 48 3 100 47 26 69 7 2 8 20 22 92 46 80 94 27 38 68 30 40 19 16 4 28 76 9 44 75 7 54 97 38 79 9 24 46 11 46 2 55 46 57 23 0 2 99 91 20 95 92 68 42 58 91 0 31 82 87 45 21 79 12 33 37 64 73 42 58 67 43 91 46 87 94 79 39 51 0 66 40 35 6 15 54 97 48 65 1 15 68 28 58 75 49 82 29 82 75 50 23 25 16 43 84 74 57 17 8 56 70 43 91 28 37 49 65 40 73 22 14 37 23 17 79 2 20 71 81 79 10 94 34 57 80 65 14 75 1 89 55 34 75 74 91 68 93 37 88 89 39 5 75 84 12 12 19 88 51 94 18 27 10 82 24 11 7 97 38 86 44 60 93 80 93 16 53 69 87 95 40 90 64 33 84 71 67 89 96 93 100 34 89 54 63 73 17 14 12 76 97 92 84 86 22 95 89 29 20 5 60 50 73 93 48 72 13 78 84 62 88 98 21 15 51 59 3 73 32 94 89 50 70 28 34 80 97 100 55 90 39 59 79 9 89 73 80 83 18 75 54 58 83 93 18 89 67 91 80 0 62 11 95 49 19 26 55 47 66 89 13 49 62 75 81 53 40 100 32 26 19 46 6 39 29 68 41 58 2 15 46 42 67 30 42 94 38 33 96 44 8 67 34 42 88 51 22 34 44 0 33 12 77 47 99 52 5 95 21 74 53 7 88 60 29 69 20 6 56 31 81 17 25 33 8 38 46 99 21 19 42 17 12 72 29 70 36 21 98 59 100 18 23 53 31 87 38 20 98 35 21 37 95 72 28 97 61
77 42 57 36 2 8 27 19 26 22 72 77 52 36 8 38 15 96 41 99 12 66 84 90 62 2 3 50 88 43 68 27 45 56 28 43 73 42 67 78 0 39 85 59 25 53 23 32 57 57 17 67 23 18 9 99 25 38 7 51 73 13 61 51 50 18 85 91 48 94 11 90 89 23 50 61 88 22 46 28 22 67 20 54 93 96 2 89 53 24 96 62 28 57 2 37 64 16 74 1 29 85 80 68 80 12 1 45 7 3 37 76 22 83 27 82 9 59 1 62 60 99 49 59 1 12 30 12 5 50 87 35 83 29 67 96 68 24 52 7 62 82 76 82 78 77 0 88 60 40 35 35 71 33 34 65 70 19 78 58 2 22 62 4 62 66 56 39 84 0 4 46 92 99 62 44 6 10 29 89 35 37 0 44 83 83 21 74 80 3 95 35 85 57 83 94 8 14 7 23 81 38 95 47 92 28 12 93 59 46 52 91 49 31 7 22 61 18 69 83 100 86 63 16 85 39 81 62 82 34 28 32 35 28 58 57 10 21 82 8 26 88 81 89 58 61 82 3 57 94 9 39 58 0 67 55 46 98 81 91 69 55 93 85 54 43 59 79 64 32 47 53 36 93 66 26 77 85 60 29 60 36 21 93 85 42 39 18 8 76 91 65 93 67 56 24 23 75 67 68 66 46 71 37 51 5 37 48 75 57 74 91 62 93 8 48 97 73 15 49 58 41 12 65 97 70 47 34 33 53 72 43 76 95 47 5 1 44 97 3 1 47 89 88 17 17 94 54 76 46 41 54 3 22 38 7 29 75 73 94 78 81 34 5 20 25 90 76 62 76 63 16 45 46 66 21 83 80 91 61 50 27 53 18 78 43 73 32 95 83 55 11 40 38 47 75 51 95 84 19
99 95 28 62 21 48 51 44 79 24 38 91 35 26 50 67 43 86 7 26 40 30 9 17 32 76 39 48 72 60 10 22 4 67 30 90 87 31 47 95 85 6 84 39 29 80 89 52 22 62 31 28 61 56 70 8 26 93 2 17 97 50 65 67 22 39 93 74 19 41 71 59 6 69 22 62 6 6 83 43 99 82 47 9 18 17 46 71 67 14 54 33 60 94 48 70 26 9 57 55 11 30 82 98 49 74 62 89 50 19 40 22 30 11 32 36 26 50 70 74 93 63 67 88 32 94 62 7 44 34 0 27 75 84 16 54 86 64 59 24 55 79 67 16 78 76 82 21 69 93 69 36 73 46 50 36 84 41 33 12 86 20 81 97 43 58 4 44 97 44 7 93 35 50 41 80 53 38 44 37 21 70 89 44 89 57 11 70 11 100 14 41 58 53 42 92 20 2 23 8 2 81 73 74 39 37 41 53 57 45 83 43 59 66 14 27 31 97 27 32 78 5 10 27 86 75 81 80 97 66 14 41 30 48 40 7 7 48 58 92 1 7 2 84 37 18 32 99 28 68 77 94 78 67 3 94 67 6 77 54 19 21 16 86 42 25 62 16 31 99 36 76 36 80 17 96 19 69 14 21 83 48 24 100 34 58 15 72 74 66 45 65 24 59 47 39 55 52 92 8 27 39 18 34 8 16 87 62 37 22 76 40 41 30 12 41 98 99 87 51 20 40 79 52 96 8 30 6 92 55 43 23 36 8 84 80 35 70 85 49 28 53 47 76 91 65 86 33 53 39 8 42 48 84 19 40 25 7 24 78 24 82 94 75 61 25 2 63 6 63 47 5 23 95 68 75 25 90 0 69 11 37 76 16 7 44 8 13 50 100 64 13 11 80 84 2 66 14 12 45
25 56 21 3 39 13 71 27 23 33 55 5 71 20 21 5 99 21 57 95 21 68 10 3 48 37 69 45 33 28 33 18 75 86 60 43 49 22 89 78 9 34 90 12 92 53 49 57 32 81 6 38 98 88 50 0 41 60 18 79 86 57 70 50 82 2 94 23 14 84 2 79 29 66 56 75 41 53 22 19 62 3 21 4 31 16 33 53 6 93 45 89 70 18 10 71 35 60 44 73 18 45 32 53 17 68 74 46 34 82 85 3 16 53 46 27 22 78 4 82 70 33 37 58 8 11 19 75 68 93 80 91 56 29 98 11 6 12 41 29 0 39 9 78 68 72 41 43 27 15 57 11 58 25 28 37 62 4 17 45 54 36 80 64 99 23 77 72 73 56 16 89 30 88 49 81 47 61 24 66 47 26 18 81 88 35 66 49 48 29 74 42 58 1 37 45 71 81 51 8 6 69 69 60 14 65 85 78 79 53 36 61 56 28 81 0 99 90 99 43 12 29 21 37 100 22 27 18 57 93 81 82 28 93 13 81 17 91 69 46 73 4 47 91 45 14 11 56 59 9 87 10 84 4 72 2 43 34 99 4 11 24 36 85 79 61 50 85 69 27 73 98 57 82 79 18 74 33 85 42 85 89 74 43 60 100 56 75 64 62 80 37 51 5 98 46 32 7 67 47 22 94 78 99 2 78 74 3 69 64 8 75 61 69 5 62 28 98 92 29 6 6 66 72 81 28 2 44 73 76 67 100 37 62 4 25 60 9 85 56 36 96 44 43 57 43 19 75 25 53 41 75 74 9 15 98 83 42 88 35 44 41 17 18 0 20 88 42 57 84 69 16 71 99 97 27 10 42 46 51 8 62 38 6 68 72 74 32 75 44 5 52 39 67 78 76 32 58 45 20
89 22 12 87 83 92 100 81 37 67 55 24 17 11 50 39 29 14 4 81 21 1 4 9 23 49 17 76 75 24 92 18 34 13 41 100 54 5 73 47 67 73 28 28 73 21 88 79 80 59 15 12 100 78 84 29 72 57 28 100 5 85 9 52 88 56 34 77 17 6 1 83 91 79 86 54 97 0 46 17 32 43 94 12 1 50 57 86 68 46 52 61 90 100 72 87 48 46 100 100 79 54 79 45 56 49 95 52 35 54 28 58 28 55 95 86 60 73 14 77 91 49 46 53 58 35 24 20 47 97 15 94 18 86 90 2 23 21 59 16 1 48 89 18 91 56 58 80 3 16 3 10 18 94 73 20 70 73 35 79 23 63 14 9 78 69 40 76 49 14 60 52 68 46 75 27 86 24 68 64 2 77 56 51 21 61 65 65 32 65 85 51 24 40 66 4 37 67 4 51 54 37 74 52 95 21 38 72 41 64 78 81 66 7 22 84 48 12 90 65 4 50 84 35 25 65 23 57 47 27 25 85 19 50 96 99 100 17 100 20 62 39 12 20 96 59 52 73 99 36 21 22 20 54 74 40 76 73 60 89 63 93 92 56 11 38 28 94 77 88 23 59 83 3 7 98 55 100 48 54 100 88 63 39 86 66 83 84 34 37 44 63 8 52 67 77 3 98 69 57 4 26 89 62 73 5 19 27 27 76 8 7 11 35 80 66 87 35 85 66 78 7 1 36 42 76 31 12 64 91 5 86 5 95 90 71 51 4 83 72 0 29 47 48 76 55 85 9 2 52 55 64 39 1 22 20 99 48 14 53 74 48 24 1 99 80 52 15 29 7 28 99 15 69 2 72 37 73 66 53 39 32 22 31 39 67 26 2 60 94 4 100 52 38 73 14 13 46 35 85
68 0 2 95 35 16 16 44 62 13 79 23 4 64 74 60 20 14 2 63 15 58 83 79 46 29 40 92 22 20 50 17 41 7 9 5 75 61 25 38 100 11 76 74 70 97 22 29 94 25 26 26 30 100 23 44 96 99 96 93 6 54 43 64 49 35 21 98 23 60 64 71 1 84 12 86 75 91 84 71 51 94 4 64 0 53 61 23 94 12 58 83 54 63 64 67 24 34 25 9 89 22 43 3 58 54 85 53 93 91 28 85 30 67 100 42 97 57 58 79 37 90 38 65 5 14 97 46 68 38 78 20 66 15 23 48 66 78 47 60 13 52 40 53 41 11 17 16 65 78 100 43 42 82 11 45 76 11 25 35 56 77 78 29 92 49 97 98 68 77 100 88 50 82 78 85 52 42 99 56 75 13 38 68 58 79 20 35 95 8 49 44 94 97 77 43 48 86 37 49 9 10 52 11 66 68 72 19 18 27 62 37 64 35 37 60 68 38 95 4 87 45 14 10 43 91 18 15 70 11 84 63 50 17 10 69 38 49 67 2 63 46 23 77 37 35 81 52 9 30 66 34 98 43 69 42 45 22 40 61 68 62 8 86 100 99 39 82 10 75 95 19 3 84 42 35 97 95 88 74 77 52 60 98 90 34 87 52 24 21 58 8 16 62 51 66 44 81 9 40 66 43 66 23 97 15 48 30 76 83 85 56 8 19 0 78 0 97 28 5 79 18 17 22 47 77 56 43 82 27 69 45 87 98 67 5 64 86 29 91 41 41 20 0 92 76 89 97 1 82 55 27 80 5 7 3 66 38 86 1 80 54 38 32 48 53 1 56 38 2 93 56 60 55 15 29 87 82 94 82 29 1 76 33 75 16 60 28 78 31 99 82 69 15 59 56 19 94 51 97
50 71 7 13 37 86 2 11 79 60 59 81 88 56 73 34 74 45 34 73 62 29 78 78 30 41 32 87 56 67 56 19 4 61 71 27 27 49 75 62 67 39 57 54 10 74 63 55 35 53 57 37 30 7 50 94 85 20 80 53 16 56 93 80 6 79 20 79 11 4 28 23 35 38 86 57 34 35 21 79 62 17 58 32 15 81 67 87 23 60 96 78 69 69 97 19 1 69 46 56 24 91 16 51 97 72 71 65 38 1 37 4 23 69 18 72 12 9 75 59 69 7 53 88 9 89 59 61 10 53 2 85 44 85 51 39 95 38 33 75 90 68 83 49 84 51 79 0 44 33 99 46 78 23 97 24 56 84 78 90 70 6 26 63 54 77 22 79 0 44 78 47 20 38 78 55 1 1 22 64 34 7 23 24 73 82 34 40 95 0 8 64 23 53 66 20 12 37 75 81 18 85 25 97 48 74 5 5 96 89 40 1 3 81 39 27 58 93 10 9 5 22 9 98 44 55 41 50 2 91 13 13 60 41 61 28 92 26 70 52 26 32 13 53 72 67 0 51 36 49 31 21 61 26 97 99 72 81 39 43 82 74 31 20 52 63 10 35 55 60 74 29 73 41 76 18 84 56 32 17 68 7 80 79 4 35 20 26 89 27 13 29 70 12 14 80 34 12 8 0 100 73 47 71 15 92 33 24 84 18 56 76 37 74 17 55 38 34 40 47 64 50 62 38 57 92 46 97 98 1 66 64 83 70 36 78 15 76 99 2 11 72 44 1 32 77 78 49 93 8 30 34 22 97 82 23 55 32 32 43 25 62 22 63 95 63 100 70 32 1 76 51 47 85 20 30 58 86 86 5 97 45 45 44 2 88 67 83 37 48 6 91 2 24 41 37 94 24 71 23
95 48 38 82 85 66 85 44 63 87 46 17 18 59 84 47 70 61 20 51 79 67 87 85 49 56 30 45 81 22 67 20 60 23 42 43 35 42 79 84 20 0 100 4 82 80 90 27 34 71 12 43 85 28 34 59 77 88 61 82 31 61 56 38 16 50 83 42 75 63 86 52 37 48 86 23 60 58 93 31 41 1 11 40 78 59 4 18 78 48 80 49 3 91 80 23 80 53 7 9 64 21 22 55 70 54 74 1 77 87 85 36 15 13 82 10 97 2 89 34 41 58 79 15 83 88 98 34 27 76 31 94 16 11 78 39 41 32 81 21 92 23 65 12 17 94 77 100 5 53 46 20 44 31 27 67 67 31 42 20 17 0 18 12 50 90 39 64 100 6 30 28 99 56 12 34 53 64 78 24 25 76 51 79 24 12 28 86 95 58 52 36 15 73 47 13 38 43 49 12 80 73 20 92 90 63 27 86 52 49 95 94 13 41 3 75 46 82 3 14 49 7 70 78 72 16 79 27 50 16 92 77 46 6 93 17 5 91 31 6 47 84 30 86 60 8 96 95 27 27 31 12 63 13 49 38 26 55 10 44 29 4 78 12 84 95 91 94 20 21 8 10 60 31 13 81 39 99 58 53 95 87 86 45 80 31 64 97 80 75 97 99 27 9 14 80 44 24 80 18 64 5 1 100 95 63 72 68 51 40 56 85 45 32 49 77 45 10 66 4 81 29 4 79 90 98 20 2 47 36 37 67 73 10 35 97 85 33 46 72 53 16 95 37 91 78 12 24 61 97 62 32 23 90 23 90 53 38 87 61 73 85 33 39 23 20 33 25 22 33 48 100 69 93 70 73 78 87 87 5 91 80 35 2 79 99 93 16 21 56 99 60 10 3 54 49 26 89 63 49
66 23 23 64 29 64 70 92 88 55 53 50 2 64 23 13 49 83 22 49 86 81 30 24 69 8 13 67 74 33 77 12 52 25 55 12 100 84 94 45 15 16 83 8 84 34 27 95 17 80 52 91 75 10 44 62 82 66 24 10 76 4 86 31 38 93 95 70 80 15 58 87 31 69 60 70 35 41 34 9 59 50 93 59 1 27 27 70 99 46 22 77 92 11 100 79 40 11 17 3 12 76 19 6 64 79 35 13 95 94 99 67 12 42 78 60 41 67 11 11 50 86 14 15 95 1 88 59 22 38 13 34 2 62 62 29 49 24 79 34 97 0 40 9 71 45 22 75 9 59 47 54 10 35 89 48 90 37 21 92 60 86 22 12 54 42 37 67 23 29 7 45 87 7 23 27 74 81 18 29 22 38 49 63 0 52 86 75 1 97 65 59 60 5 14 79 92 72 34 46 81 89 96 64 84 1 66 66 41 17 70 75 1 14 61 25 88 92 19 53 11 12 72 7 47 58 77 92 4 26 37 3 11 54 100 58 26 58 7 40 72 96 56 15 64 61 32 48 14 74 46 58 45 19 49 59 36 89 62 22 76 87 93 43 53 53 47 5 1 33 13 32 31 26 36 88 47 75 17 10 96 4 24 84 29 46 63 43 83 75 20 56 32 93 57 43 40 87 91 47 71 44 3 7 32 7 11 79 30 79 63 52 2 74 43 47 32 78 84 77 68 64 75 77 38 89 4 48 32 52 68 48 11 10 92 58 99 93 35 75 90 95 70 16 34 79 2 56 87 57 24 55 73 78 93 9 38 0 72 36 91 23 20 32 10 53 74 26 42 54 73 21 20 16 20 6 29 30 80 5 25 12 4 16 6 69 52 97 100 99 70 80 44 81 32 88 3 95 54 79
76 31 92 99 2 22 12 68 94 9 17 68 56 51 0 94 30 9 94 90 53 36 74 72 84 7 21 38 10 48 12 38 0 43 63 85 85 93 67 55 24 75 2 69 58 61 13 5 1 48 95 52 90 55 5 14 79 56 34 95 46 93 78 76 55 55 15 20 89 7 72 55 62 22 36 26 17 75 61 89 13 76 41 59 55 6 71 45 82 74 23 20 47 69 66 93 100 28 65 15 63 45 97 68 12 100 66 87 93 83 13 9 11 57 78 98 70 37 84 80 96 57 84 18 28 19 13 84 34 84 64 45 59 27 43 77 15 24 59 14 35 20 12 8 100 59 42 37 30 16 2 65 16 24 60 44 86 94 31 93 7 13 46 98 4 100 93 4 49 94 30 63 12 71 78 20 2 89 74 92 51 58 9 72 40 72 46 11 20 100 83 100 46 9 87 21 8 80 72 7 73 77 84 95 79 18 71 33 81 77 43 88 41 86 38 28 98 12 27 62 82 61 32 79 79 34 11 28 29 53 37 42 94 62 75 29 39 82 13 83 98 31 13 71 52 11 44 49 68 9 7 15 78 41 20 100 43 28 73 13 1 47 15 29 71 8 38 70 84 83 4 1 23 16 39 93 83 24 1 93 1 10 38 23 67 7 28 49 70 75 93 67 50 41 27 93 55 96 10 88 52 94 63 68 35 100 88 41 72 30 80 25 18 54 60 28 11 12 79 10 97 97 47 21 77 56 85 1 57 7 55 27 24 44 54 79 47 99 85 78 2 86 95 14 28 61 4 96 9 93 35 62 61 4 0 14 56 12 53 58 96 20 8 17 81 80 22 10 17 69 96 3 67 93 7 27 7 58 57 18 55 56 22 27 82 56 67 49 35 78 73 30 42 88 98 57 73 95 53 64
56 96 56 32 3 79 74 98 2 93 54 55 1 57 75 51 73 89 6 57 19 28 11 10 32 72 97 69 77 64 30 27 59 76 27 99 81 77 99 92 76 14 34 8 61 95 6 64 61 6 17 48 84 78 100 81 10 100 48 54 86 76 58 69 8 2 16 47 59 52 73 35 63 64 97 8 11 34 56 3 37 90 44 83 93 95 73 39 38 34 43 18 21 52 93 48 33 13 46 58 25 94 51 37 26 32 15 9 93 70 28 95 42 39 12 42 85 73 79 93 67 81 89 34 71 25 16 42 85 18 87 43 80 7 94 88 72 43 41 64 37 45 61 37 86 41 74 30 93 0 68 25 21 18 73 79 53 62 60 13 41 94 50 42 66 32 19 82 43 64 22 92 24 9 90 6 35 8 71 9 82 20 94 89 12 4 7 83 22 75 33 71 76 46 85 64 86 95 12 81 9 58 48 41 86 12 75 27 99 39 52 30 90 14 37 64 93 72 28 93 95 17 7 65 76 70 74 14 56 37 28 97 20 30 37 25 16 29 46 21 83 51 5 29 15 31 63 96 67 1 53 2 51 27 95 94 98 80 80 10 31 5 24 37 12 0 41 10 56 72 52 55 35 18 40 87 49 99 45 80 88 14 14 41 78 86 41 27 93 28 15 40 56 67 13 46 49 88 55 28 25 41 96 75 9 93 97 10 55 35 76 100 1 10 78 84 4 27 17 25 3 73 6 71 26 92 30 44 0 16 30 26 61 10 31 94 82 46 89 17 29 48 96 94 80 0 15 81 2 1 86 63 47 14 45 61 69 35 82 33 80 15 65 59 7 42 78 95 22 89 85 12 99 67 96 91 22 25 89 23 82 88 87 52 39 24 26 83 27 84 23 80 87 84 58 95 50 17 11 93
78 6 30 73 7 89 32 65 29 24 94 90 35 75 23 45 80 23 92 34 18 29 39 51 57 82 89 88 52 99 35 3 32 79 1 19 63 96 47 19 34 68 14 95 11 60 43 39 79 29 85 80 76 69 31 78 43 20 90 93 49 82 47 84 89 58 42 45 80 25 77 45 23 85 87 32 13 52 26 31 17 59 82 100 65 79 49 43 98 75 14 30 52 24 33 91 78 46 65 61 7 77 62 27 97 64 46 63 22 26 75 47 32 45 62 44 72 86 55 38 7 20 17 77 2 59 18 67 61 62 68 29 43 99 26 18 73 67 2 1 87 25 97 54 39 27 11 85 94 2 53 2 44 43 95 29 1 45 51 19 84 86 19 45 49 85 33 68 81 22 22 47 57 39 15 68 42 58 95 61 63 16 55 72 35 95 80 61 45 9 25 26 12 84 24 22 6 26 81 8 11 10 90 56 26 29 29 44 55 62 46 55 15 98 82 55 14 57 61 40 30 92 61 29 13 10 25 73 67 42 36 43 62 81 60 96 34 73 94 38 66 0 72 13 83 65 64 3 73 91 30 91 24 99 13 26 92 33 40 12 81 63 28 76 13 64 100 33 98 56 20 66 50 13 43 68 5 86 20 20 27 70 24 39 64 96 60 90 84 61 20 84 12 70 62 19 71 66 3 54 95 84 24 24 0 97 98 13 56 65 93 65 19 10 59 13 2 21 55 83 71 54 78 32 6 5 6 21 30 13 37 76 95 80 76 55 23 67 2 96 22 3 18 23 64 58 95 39 27 32 69 71 0 75 15 92 57 35 29 91 27 2 41 6 54 97 51 86 45 49 8 78 11 66 83 35 82 40 41 14 100 100 93 39 41 59 6 92 82 87 8 65 88 83 57 30 46 44 30 65
83 97 99 54 50 8 27 21 9 81 67 11 74 11 23 43 100 25 26 2 35 35 98 92 14 11 49 16 68 4 20 100 56 22 6 24 9 32 16 10 30 71 3 53 82 10 93 94 74 60 85 11 36 97 19 45 96 20 71 29 72 88 51 48 45 90 13 27 72 58 19 7 53 39 44 58 43 27 62 57 75 62 35 34 14 88 79 7 67 63 79 54 36 29 16 88 89 88 95 97 65 68 93 50 60 14 34 22 7 62 25 44 46 82 13 3 46 90 48 94 54 19 1 92 67 37 78 61 11 3 27 1 84 27 45 43 48 86 40 82 85 64 38 99 74 59 41 41 19 93 94 69 48 21 14 66 44 27 25 9 78 42 71 4 17 63 99 27 25 26 16 70 35 95 13 50 38 60 60 91 23 82 12 85 77 62 32 62 24 9 85 76 25 86 30 77 5 63 87 52 19 87 86 78 59 61 27 29 62 94 66 83 69 47 95 34 59 23 55 93 26 99 11 2 53 63 40 52 6 74 60 83 40 5 51 68 0 34 30 43 79 72 90 47 97 47 42 92 19 24 91 78 99 46 78 71 96 54 48 37 61 26 48 98 95 71 35 20 37 54 49 80 14 90 74 23 59 41 59 59 93 51 96 41 41 96 70 56 57 5 77 53 98 91 42 52 51 41 46 56 29 77 20 18 13 76 54 28 89 19 17 63 73 15 46 27 29 82 47 70 58 21 15 34 90 84 52 71 79 95 63 90 99 57 2 61 67 1 36 13 62 87 28 3 58 66 84 22 77 67 25 42 14 88 56 25 14 58 75 19 82 34 64 91 47 35 56 64 7 91 2 77 86 2 39 52 90 76 4 13 83 51 81 59 40 90 74 47 36 69 56 27 74 81 5 81 0 81 82 37
1 60 66 36 21 89 3 11 55 75 32 35 10 89 53 5 95 8 5 80 32 2 39 82 51 4 72 96 56 96 32 1 87 49 10 15 9 4 88 4 76 24 83 79 17 5 86 23 11 75 79 100 30 74 45 13 86 25 90 79 41 39 59 98 100 71 51 97 70 57 32 8 93 31 65 65 90 66 8 98 75 6 87 26 72 81 58 76 53 6 89 92 0 10 13 74 24 78 54 97 9 54 84 21 41 54 51 87 55 60 82 90 88 21 60 56 79 1 16 44 35 95 59 30 8 73 97 50 86 70 52 78 36 78 92 95 5 14 98 71 1 75 19 44 40 93 37 70 66 56 72 85 58 80 65 29 90 55 89 58 31 9 56 75 19 27 21 20 5 22 76 47 48 59 64 70 98 31 96 47 74 89 4 3 95 96 38 13 64 38 20 4 23 42 43 68 50 44 68 43 19 12 94 55 52 19 5 47 9 41 72 70 4 5 65 83 98 17 65 11 3 30 49 44 47 73 17 43 80 40 53 2 5 59 54 60 26 91 77 94 30 10 57 49 60 40 6 23 30 14 33 42 71 34 9 54 86 28 48 88 38 71 76 73 37 1 35 38 50 12 24 48 71 33 76 18 43 36 56 47 46 68 14 82 88 76 93 40 18 25 98 59 55 47 1 67 17 85 61 19 8 88 88 17 55 27 80 68 85 30 71 49 89 15 83 11 55 39 45 25 97 87 89 37 24 5 11 38 25 12 56 44 46 49 100 37 37 73 89 88 96 37 25 91 95 53 14 89 47 46 13 22 65 33 92 59 3 80 1 18 96 88 68 53 33 51 91 6 81 5 11 6 98 62 27 33 38 48 52 86 60 26 98 24 89 13 63 48 42 20 46 64 91 78 37 56 23 91 8 71
20 20 47 60 26 76 61 25 67 80 10 86 85 42 69 0 88 66 95 13 2 52 28 70 62 55 52 81 12 43 13 27 88 89 22 94 19 16 67 68 7 55 65 99 27 63 70 53 9 15 78 79 24 51 65 2 12 48 97 90 61 47 71 74 46 34 70 94 33 64 12 10 53 14 22 83 65 77 16 82 16 39 21 18 97 87 70 84 2 51 49 17 72 5 28 14 61 51 94 23 47 73 3 12 72 37 55 25 76 45 50 19 57 55 84 93 35 89 55 53 52 42 56 39 71 22 3 88 72 59 31 2 30 12 73 64 30 22 4 27 95 59 68 27 96 17 3 47 97 76 37 59 67 65 88 46 8 34 41 89 59 88 64 55 79 73 35 55 65 58 82 36 17 56 32 25 41 69 12 84 4 33 90 19 65 82 42 50 16 86 63 20 71 58 37 65 14 6 44 71 40 83 46 31 57 5 93 93 22 63 43 75 94 46 100 48 27 72 15 93 4 60 21 27 83 34 82 61 99 74 85 9 91 69 72 70 86 93 36 5 7 21 75 47 74 64 3 67 52 12 66 86 17 14 45 28 70 20 81 91 30 70 28 92 39 47 17 64 28 95 5 24 52 25 4 48 55 96 45 30 92 99 20 46 65 0 7 77 25 8 99 29 0 26 70 34 40 71 56 37 24 18 73 50 45 53 88 27 12 21 22 13 97 65 99 75 88 83 89 79 51 38 85 34 28 50 23 60 37 96 28 53 88 10 29 55 2 55 22 6 45 14 97 38 27 46 43 16 36 53 7 13 37 39 43 17 45 9 4 48 58 4 33 3 42 30 17 43 33 70 29 1 57 34 21 42 24 66 37 21 3 72 83 88 3 23 52 61 10 100 45 77 4 49 67 15 87 12 43 21
32 50 99 28 70 28 0 83 52 76 55 7 43 96 74 87 79 8 23 69 40 9 2 99 73 52 70 37 9 24 68 31 80 44 32 17 88 5 6 40 15 34 17 25 10 33 30 83 52 52 49 19 83 65 49 13 100 7 84 6 96 22 83 6 60 45 46 11 7 54 42 36 21 69 8 9 49 0 91 50 2 53 99 92 100 77 71 61 21 26 91 26 69 16 48 86 61 20 4 43 28 64 25 42 17 83 96 20 79 1 1 61 30 79 39 95 91 70 64 98 65 8 44 58 52 91 22 96 68 87 85 77 61 45 61 21 82 78 34 25 69 64 3 99 59 52 52 56 97 52 47 11 50 43 93 94 3 68 67 24 23 46 95 5 40 18 40 0 10 49 63 18 27 44 44 28 76 25 62 41 23 83 21 59 31 11 100 23 26 44 22 27 84 34 60 81 77 20 55 9 76 65 21 28 53 95 31 90 37 26 95 31 69 69 96 20 13 89 65 23 71 68 22 88 54 95 15 87 8 44 85 77 79 29 68 35 14 10 64 97 70 35 59 98 56 28 3 87 68 7 3 100 41 60 28 2 30 61 12 15 24 78 39 95 26 65 79 86 74 69 31 32 26 93 98 50 50 55 90 39 47 13 12 61 57 27 88 13 94 22 18 55 16 27 91 68 40 4 61 2 67 90 25 13 12 81 35 4 52 38 79 17 10 6 24 20 70 73 33 88 54 61 21 1 81 57 79 35 20 2 2 75 100 48 60 66 34 58 23 24 7 97 100 68 10 59 83 62 37 74 32 92 41 72 61 43 41 87 76 84 77 76 20 34 98 23 38 87 1 60 21 3 33 13 17 58 16 59 13 72 88 68 68 15 76 85 68 19 75 16 66 15 22 72 8 34 18 85 26 29
31 26 61 52 45 93 43 3 28 49 13 78 7 44 96 43 10 6 15 100 62 2 62 60 5 45 73 45 65 86 14 42 32 9 18 89 41 29 84 80 71 47 32 70 60 63 53 10 81 70 63 71 55 39 30 23 71 21 11 81 92 45 30 78 15 81 13 78 59 70 82 15 44 89 71 68 75 1 63 54 56 40 56 72 95 51 61 15 2 1 34 38 1 2 89 70 46 10 20 56 33 64 46 48 0 36 34 97 40 21 61 44 100 85 44 69 65 24 12 3 66 26 75 84 91 6 12 63 15 25 82 63 21 91 54 5 33 51 53 59 32 27 75 93 86 63 36 30 59 81 40 10 12 17 73 59 100 60 23 43 93 18 82 41 64 64 29 83 66 14 15 80 7 64 76 14 32 73 60 53 44 13 5 22 99 4 82 83 65 98 8 74 7 20 26 53 44 81 42 86 9 20 98 82 52 8 31 1 9 90 75 46 0 96 77 14 71 77 42 18 22 26 98 68 56 91 71 64 71 59 17 58 88 24 49 72 89 8 99 46 8 72 9 21 7 48 52 61 92 19 72 46 4 93 47 78 52 28 21 7 82 66 36 97 13 9 48 65 53 79 14 82 17 25 88 66 83 16 70 77 37 97 97 100 16 98 83 56 70 95 32 61 2 64 20 30 63 94 27 87 3 52 60 72 47 21 19 45 24 14 71 74 79 82 14 76 24 95 11 83 69 60 47 91 2 77 81 89 2 18 15 42 96 29 11 65 85 35 94 26 18 58 96 75 55 76 78 65 37 63 64 23 10 12 10 94 33 50 85 84 15 21 71 52 13 97 99 4 41 79 46 93 77 78 22 37 32 97 25 79 78 62 46 65 60 62 73 35 53 21 55 64 93 87 70 89 84 5 55 7
6 10 14 27 19 53 60 18 79 78 50 6 59 28 35 24 25 90 9 77 86 5 45 99 97 68 99 87 34 55 40 49 30 16 70 43 17 49 45 12 89 45 35 79 29 59 6 27 40 53 71 88 73 88 28 33 47 26 75 55 28 41 94 54 97 99 37 35 100 65 13 52 23 25 47 33 18 61 11 69 83 64 52 25 16 68 11 69 78 64 42 90 23 86 75 55 48 55 53 85 85 49 30 19 25 95 33 22 14 13 90 77 77 94 59 24 91 75 15 60 34 26 29 22 98 94 22 59 57 22 76 86 92 12 7 66 40 2 29 32 11 14 59 23 5 24 32 82 74 83 24 96 66 49 28 23 72 3 67 88 42 49 53 62 93 58 22 37 84 1 65 16 64 27 48 5 38 37 27 46 43 28 11 15 66 59 99 49 26 32 95 11 9 97 59 71 68 27 36 25 17 39 87 47 71 64 74 57 7 51 35 58 25 63 39 38 34 59 87 27 14 17 81 0 11 72 19 38 94 91 88 32 93 58 9 68 49 87 2 83 18 33 34 10 73 51 42 30 32 17 22 14 60 92 5 100 9 69 27 27 35 55 54 80 75 38 94 30 25 78 61 59 3 54 27 79 81 75 28 99 36 61 65 82 65 96 70 27 40 48 35 94 62 100 32 91 28 29 72 18 63 3 9 13 99 69 81 55 42 34 71 56 21 2 4 70 38 80 89 39 61 100 54 43 86 3 20 98 86 16 91 77 49 85 9 90 42 95 28 38 76 92 11 45 73 27 49 77 33 34 86 72 56 74 73 31 69 47 21 56 62 50 67 39 4 2 92 75 17 95 50 97 69 8 5 43 35 94 65 22 24 51 44 27 51 31 26 71 23 40 70 21 16 36 11 98 18 96 9 75
38 17 83 89 71 69 73 20 22 13 56 63 21 34 84 28 95 41 22 69 20 57 71 69 37 34 83 85 89 49 14 20 82 81 100 51 49 96 34 69 72 73 64 9 10 35 6 91 82 68 59 20 24 69 34 61 25 5 88 75 62 17 64 51 9 50 4 49 67 19 67 11 50 10 53 91 37 84 5 5 58 25 74 93 100 18 21 69 5 39 89 37 31 72 20 55 33 75 32 31 95 39 80 23 29 99 93 66 33 96 38 60 90 8 60 38 33 60 88 38 42 30 40 87 24 49 38 39 74 76 40 36 16 100 50 28 3 46 2 41 19 89 71 32 8 73 100 95 16 41 51 54 48 15 69 30 90 19 11 69 22 46 42 75 68 24 63 46 16 8 99 41 69 78 55 72 6 69 26 35 45 70 71 99 15 95 65 22 37 52 14 10 100 16 29 14 23 22 80 73 73 9 94 50 95 53 100 74 56 82 42 78 11 59 36 63 57 85 36 0 39 66 40 86 85 91 63 81 66 76 88 98 95 42 2 99 36 28 67 93 70 58 74 58 59 1 34 17 54 56 51 4 85 79 82 18 12 23 10 95 25 91 41 88 91 15 33 94 45 24 30 50 18 40 63 68 21 12 7 37 40 7 31 96 47 70 35 76 29 66 35 9 77 53 99 66 85 49 71 43 75 93 39 42 64 52 57 96 37 89 82 18 0 35 56 26 82 88 94 82 50 27 72 30 1 64 22 51 18 13 67 76 69 57 92 9 3 81 33 38 55 21 47 77 46 37 51 28 11 12 20 71 75 57 64 95 27 94 7 68 90 68 56 5 66 47 36 99 55 60 49 47 32 40 63 16 27 13 20 20 80 88 78 49 51 39 47 84 41 17 10 67 27 48 59 4 40 20 1 16
32 40 86 13 96 87 81 76 1 94 2 54 53 64 74 100 56 3 8 13 86 81 93 96 90 22 15 87 26 15 40 39 13 31 59 29 32 52 23 52 85 7 90 55 30 73 20 65 39 76 52 8 44 61 42 90 75 85 35 10 56 88 34 32 75 29 93 35 33 45 50 64 100 33 31 84 31 15 9 88 1 13 51 43 58 57 12 45 72 39 56 85 48 13 96 48 94 9 88 17 12 60 56 32 50 19 33 39 9 48 96 50 62 78 57 1 81 79 20 76 90 94 78 72 12 0 95 12 34 94 76 68 52 8 83 21 95 98 99 17 59 56 46 0 70 94 79 35 16 95 61 68 31 27 62 2 99 61 23 76 57 68 44 73 57 15 56 47 79 80 45 12 41 52 8 32 24 14 41 37 41 84 47 68 7 71 37 9 2 51 32 83 3 68 5 14 33 99 90 83 17 78 79 75 18 35 69 24 9 78 56 54 30 77 30 16 32 5 59 13 15 34 73 96 39 12 87 23 95 36 11 46 81 49 63 59 52 31 7 68 22 18 96 98 24 71 15 82 97 81 73 42 8 30 70 5 9 87 95 70 55 4 86 14 68 16 87 65 71 71 70 22 68 58 55 59 60 29 15 8 32 85 76 3 87 31 15 76 90 21 0 6 36 58 49 42 83 79 47 61 2 80 26 26 17 75 12 61 10 45 46 78 8 95 4 30 29 53 41 10 99 81 5 93 75 70 97 59 35 62 40 33 43 66 72 42 4 36 48 4 94 15 47 53 69 16 11 93 86 31 77 76 33 90 45 71 77 91 2 68 84 15 33 52 81 86 21 79 17 24 15 9 36 19 56 27 86 71 34 28 83 53 65 12 4 82 39 11 59 87 69 34 46 74 49 48 83 37 18 40
48 39 88 16 18 50 95 100 20 25 22 63 7 53 18 85 75 80 37 81 41 25 73 12 64 65 21 19 100 98 75 72 35 83 0 89 49 95 76 87 44 57 34 17 85 1 6 72 83 57 69 20 76 94 74 90 24 23 10 82 93 47 62 48 79 29 42 13 92 42 32 9 11 66 44 76 55 61 17 83 64 36 84 81 89 44 24 38 44 35 73 33 14 31 6 29 76 99 25 35 34 67 50 78 39 85 75 2 27 61 77 5 83 100 27 66 59 73 76 71 64 43 26 60 26 11 75 85 27 60 9 45 34 83 77 63 79 94 65 78 36 56 100 9 49 28 27 7 61 55 91 39 80 3 99 61 51 86 89 68 18 95 97 70 33 57 41 8 9 31 20 80 13 21 18 17 87 33 0 60 89 71 29 73 5 80 25 34 99 88 95 67 46 74 66 13 27 1 3 57 31 71 13 11 42 87 90 88 12 77 88 15 72 27 71 56 78 69 63 8 33 60 37 67 38 2 86 35 55 90 33 59 71 14 40 57 19 76 28 49 98 52 75 49 51 0 27 25 25 67 72 81 37 27 80 99 1 19 7 76 30 82 92 73 81 79 25 55 92 88 81 61 67 69 38 76 71 70 94 25 46 8 42 69 49 45 80 67 32 78 44 63 68 14 12 63 81 21 1 28 95 72 88 81 3 27 3 35 92 72 7 14 83 23 50 79 19 40 58 11 19 4 64 39 42 8 69 32 83 26 14 43 99 83 81 23 74 0 34 79 49 91 36 69 79 23 18 58 57 67 69 97 7 51 66 51 87 53 56 59 62 5 78 89 49 50 69 63 96 18 93 13 33 48 2 59 47 8 11 10 61 52 60 12 42 87 92 47 84 65 62 56 59 8 30 15 90 56 82 21
67 86 67 39 41 84 74 6 100 70 12 80 71 47 40 63 23 90 51 26 44 54 53 33 21 88 20 30 14 99 36 24 81 50 35 73 52 29 84 53 63 25 93 20 72 66 10 49 25 40 35 61 78 61 13 60 2 9 56 79 92 20 81 1 1 47 32 55 40 57 62 32 28 85 27 16 97 73 72 88 6 59 23 64 3 16 64 70 26 12 32 97 88 1 58 95 10 99 36 82 79 26 23 95 68 36 38 22 1 87 86 18 70 8 32 77 73 14 46 44 78 2 22 90 53 75 5 80 5 89 5 5 75 38 7 44 5 64 43 59 66 76 75 91 93 23 75 11 63 94 92 56 78 88 79 36 17 94 34 70 19 16 74 56 37 1 37 57 45 44 53 56 46 94 34 30 19 10 24 42 43 5 52 82 86 97 85 35 57 57 64 23 21 32 5 80 44 20 43 12 76 16 81 87 55 59 60 39 68 45 31 62 9 12 24 81 64 20 89 53 13 5 100 72 40 93 48 13 95 63 30 97 43 63 46 97 80 92 71 49 88 15 50 76 29 61 82 16 23 72 79 34 87 13 23 61 33 85 44 2 98 41 93 24 26 31 43 24 52 54 15 42 29 42 82 4 33 84 98 46 83 20 97 56 2 67 73 34 90 57 13 56 9 31 81 24 85 81 60 50 79 86 71 38 24 76 21 18 58 100 87 97 9 20 88 36 32 24 32 41 85 49 31 99 100 96 40 47 1 73 0 64 67 76 77 79 67 99 0 100 8 48 72 60 60 85 45 92 95 35 87 39 9 50 41 4 97 77 5 97 83 2 6 92 56 10 47 69 45 23 77 76 47 68 61 74 50 1 11 83 87 68 98 89 91 56 95 31 32 48 86 96 11 20 32 22 24 100 78 80
100 76 83 1 52 91 73 5 74 23 44 12 97 46 54 54 54 90 44 98 57 7 52 48 55 22 17 52 46 31 22 43 92 60 68 58 5 77 8 84 19 88 92 66 0 72 25 5 37 88 63 45 94 49 53 84 53 98 30 76 2 1 84 75 73 74 7 63 50 92 73 35 13 41 17 18 22 29 6 66 95 80 94 41 38 92 72 65 39 99 30 100 95 80 37 35 25 80 90 75 81 52 76 57 55 23 96 12 13 62 69 12 59 32 9 47 26 63 80 1 77 84 76 48 34 87 79 71 82 9 99 63 51 30 70 95 55 13 9 89 58 85 78 3 23 43 29 46 9 1 2 17 49 85 75 81 82 58 59 25 72 50 90 34 44 42 24 36 58 93 99 93 74 21 66 70 12 0 94 98 27 99 68 0 7 99 15 97 98 1 89 92 44 58 1 63 85 48 27 99 24 44 78 66 65 74 87 14 58 49 92 88 47 96 11 64 0 78 29 52 11 28 5 32 31 58 63 75 98 52 93 10 67 88 26 27 58 83 27 92 63 90 21 59 74 67 24 92 23 16 63 87 57 35 91 88 80 28 56 60 28 45 48 47 38 82 69 88 97 68 89 93 42 4 94 25 85 47 41 97 61 4 59 76 92 16 79 64 52 41 54 14 52 63 100 1 6 72 53 33 85 67 93 30 2 10 3 67 77 43 36 91 100 76 48 20 46 42 94 74 26 77 1 73 17 0 10 100 56 26 40 78 36 12 57 60 49 83 63 44 24 51 8 100 85 89 99 63 77 58 10 69 77 85 95 100 2 11 10 58 99 92 65 59 80 88 25 76 41 45 9 14 91 39 85 41 26 64 32 24 53 86 25 39 24 5 52 10 36 48 45 99 5 92 17 1 63 48 18 28
34 89 54 7 4 99 26 45 65 39 23 0 26 60 11 2 93 6 4 80 47 83 40 92 61 46 57 81 77 37 34 29 16 75 38 33 49 19 80 4 39 97 60 29 42 53 63 5 9 44 8 80 90 42 74 7 79 73 68 43 85 57 22 39 49 79 8 18 91 52 50 65 52 54 84 94 30 94 41 26 99 60 52 38 93 97 20 30 4 37 86 16 14 14 52 54 82 96 62 62 15 39 27 86 17 62 51 43 80 9 92 72 79 37 50 12 17 3 80 42 14 50 44 90 26 45 29 43 97 22 24 59 46 94 61 81 54 61 80 33 90 47 65 90 93 26 29 69 40 80 20 82 31 64 44 84 30 85 30 13 9 64 96 62 26 90 67 3 13 86 65 16 94 86 54 28 19 38 63 43 63 76 90 62 81 16 52 38 45 44 80 52 29 90 56 26 47 20 17 50 14 40 17 28 63 92 85 92 47 23 83 86 12 2 89 83 31 36 34 17 59 99 73 76 89 66 58 7 23 85 3 41 95 4 38 72 78 79 53 83 26 89 7 59 66 91 59 63 10 0 27 31 96 0 72 7 86 30 24 91 66 2 37 74 38 99 31 57 52 76 57 16 82 27 35 60 14 15 16 82 89 21 44 33 15 100 59 96 12 6 53 68 67 73 25 94 16 0 100 89 59 27 77 73 7 64 82 56 6 57 83 90 53 95 88 17 73 90 44 60 90 69 59 67 79 53 44 45 10 47 52 31 85 99 18 31 93 42 27 13 93 73 99 31 31 81 14 25 44 71 21 97 99 39 54 54 9 82 26 29 81 44 17 90 49 27 39 95 29 2 13 26 26 42 61 80 12 85 55 16 17 30 89 41 71 28 17 66 24 24 29 39 37 76 43 14 93 65 94 100
22 85 13 82 65 8 53 46 3 47 68 77 56 76 46 37 97 47 45 85 17 72 46 60 87 22 51 62 4 71 35 11 0 82 20 65 19 62 45 35 100 13 44 52 78 23 35 10 16 48 1 79 2 40 41 37 96 14 72 3 98 35 56 30 46 48 1 19 42 51 56 48 13 92 90 72 79 49 81 31 9 44 70 26 21 84 48 10 39 61 47 87 65 14 37 85 31 84 6 69 21 4 15 22 19 46 2 19 38 78 87 17 69 60 29 89 81 38 95 43 63 7 12 16 96 62 45 29 65 92 0 30 50 9 38 65 69 25 8 73 99 61 87 72 67 63 61 40 43 56 40 7 20 57 68 16 31 35 78 61 8 36 11 49 31 90 99 29 72 37 35 31 47 73 24 39 6 79 65 14 51 36 40 25 21 41 28 71 85 26 57 79 35 33 40 37 59 98 79 0 6 57 7 34 45 44 7 24 49 62 56 34 99 63 76 88 33 23 16 69 22 97 77 35 3 40 39 30 97 14 6 60 93 17 17 67 91 32 60 10 93 75 91 47 36 77 2 15 99 24 100 47 46 48 71 95 13 12 6 48 36 36 4 6 32 46 13 62 18 1 100 26 29 38 23 62 41 45 76 69 57 48 52 91 26 63 85 62 1 43 94 60 50 32 86 9 58 89 46 88 62 85 47 40 57 1 58 78 10 98 98 45 55 43 32 91 100 11 95 23 84 21 63 91 82 70 82 37 98 81 46 64 88 85 11 92 46 98 43 39 77 77 21 66 86 80 56 98 16 77 38 85 66 27 8 50 77 46 94 61 85 24 97 2 45 52 20 72 5 70 42 88 64 56 93 35 52 46 63 96 9 15 90 72 26 75 69 3 33 32 4 28 33 60 64 57 35 66 42 42
12 42 64 6 77 32 19 88 34 50 100 78 78 74 92 7 93 5 53 47 8 20 66 73 72 95 60 30 97 58 11 22 41 66 85 46 49 7 97 94 86 57 65 51 57 71 36 74 65 79 70 60 52 51 56 39 98 14 46 87 56 67 54 3 32 81 53 61 28 71 39 23 30 85 50 85 18 51 30 97 15 19 27 84 19 48 100 95 53 61 77 55 6 63 61 8 55 72 33 69 75 10 11 83 29 99 63 35 29 82 19 22 96 100 81 25 65 50 4 18 37 5 79 76 77 70 74 38 99 81 52 55 89 1 70 82 30 61 48 58 38 37 14 10 31 13 76 32 12 29 78 20 91 78 62 52 0 65 32 72 51 98 52 70 71 5 80 11 4 33 96 31 3 30 51 99 92 68 66 90 68 34 63 21 86 32 36 46 3 38 38 92 51 53 67 76 3 77 34 27 65 19 74 64 57 42 82 3 99 19 70 39 14 4 73 31 32 61 79 24 56 57 75 31 41 14 81 15 97 10 22 100 12 75 44 54 74 57 75 3 95 34 36 76 56 49 30 97 5 31 13 79 71 95 55 19 77 37 48 58 56 20 96 52 11 13 37 84 64 32 5 44 61 84 16 70 60 43 9 76 81 37 73 25 99 37 27 75 7 82 29 72 59 59 11 95 5 9 91 36 43 77 16 57 37 72 40 76 45 21 56 96 75 100 93 83 26 19 86 95 82 64 51 42 51 63 18 8 16 89 38 19 89 86 0 64 15 8 50 55 18 19 35 48 29 69 82 54 61 42 1 73 92 22 64 70 78 23 54 72 77 79 94 86 60 73 96 81 49 9 95 91 42 74 67 92 32 42 66 98 90 0 90 65 70 44 40 65 44 0 42 73 51 79 23 88 71 2 55 62
47 70 84 87 90 66 39 91 100 92 2 88 32 64 24 16 44 30 90 57 63 11 83 0 33 38 4 33 70 85 93 98 28 94 23 25 38 86 75 98 91 74 9 60 35 4 59 73 20 96 75 20 96 89 75 64 84 88 29 98 4 64 42 80 51 42 71 68 24 59 17 32 15 10 57 22 53 23 40 46 6 61 12 28 54 73 46 30 75 21 97 8 32 17 85 58 43 23 40 34 16 53 35 5 69 75 14 81 21 14 27 22 45 67 53 34 23 74 63 52 92 80 58 49 65 37 50 7 18 93 2 33 76 24 89 61 98 74 3 61 44 63 35 90 19 62 71 91 56 80 100 99 69 80 38 29 35 89 41 62 17 45 53 52 11 74 19 94 8 75 1 76 88 1 12 57 15 6 51 66 69 47 70 18 3 4 3 68 17 89 98 37 52 67 79 67 75 16 69 26 93 44 54 86 80 9 65 59 89 95 19 18 68 48 71 6 56 47 24 30 51 47 60 33 43 4 14 90 83 18 57 56 48 29 56 95 72 96 86 11 92 74 67 75 20 63 95 50 9 81 44 65 30 78 78 85 63 21 73 30 44 74 55 46 45 38 0 28 49 51 44 47 45 42 3 7 1 22 44 92 55 44 41 20 6 78 63 9 74 81 68 29 22 77 16 70 73 69 99 65 94 6 85 73 59 57 22 82 35 33 50 36 54 93 59 39 35 57 13 95 100 8 16 46 23 67 3 99 73 71 24 68 58 100 7 69 51 75 69 86 10 77 71 28 79 47 75 53 88 58 97 70 37 29 31 61 19 38 22 4 28 59 45 19 59 90 100 95 62 99 97 72 45 56 41 66 5 4 89 45 100 88 26 97 40 71 12 72 12 98 86 37 67 68 40 1 63 14 20 53
100 12 20 89 89 35 10 29 51 66 59 95 83 14 18 9 1 25 39 12 56 36 13 24 75 55 12 74 23 25 77 63 10 31 93 97 51 6 25 36 85 61 61 25 23 48 86 24 74 71 50 5 30 68 96 30 56 91 80 54 8 62 79 70 98 82 12 86 18 44 74 97 65 99 87 38 10 26 86 96 58 79 44 83 31 67 92 6 34 62 61 6 67 65 40 97 79 55 57 48 5 75 65 59 81 77 18 31 44 79 58 58 37 6 62 29 67 20 17 85 72 66 79 62 7 95 68 81 11 57 79 11 34 95 31 44 89 93 11 37 28 41 26 2 54 35 10 64 92 45 14 24 41 68 16 73 57 10 81 3 61 76 66 75 25 97 38 15 12 57 6 22 62 4 50 32 14 67 0 72 80 55 71 22 69 91 56 49 74 22 65 4 10 99 25 71 25 43 45 58 24 51 3 68 90 61 37 59 83 40 2 30 38 71 8 43 27 84 80 65 95 10 95 13 79 68 56 71 17 40 4 49 6 75 28 2 80 35 49 52 50 27 23 98 27 94 21 88 10 40 37 78 47 50 28 80 91 84 16 69 81 7 98 100 64 86 21 4 3 79 70 66 10 98 14 1 66 82 29 5 60 72 95 100 55 47 2 85 92 17 20 78 46 83 0 33 98 73 81 99 85 4 46 53 80 9 18 76 18 87 22 75 1 97 69 71 83 19 4 26 2 87 59 85 25 46 16 14 39 10 22 32 12 41 2 51 69 31 69 62 28 61 6 61 33 98 57 59 96 27 27 48 2 55 25 97 54 87 76 47 73 40 44 40 36 36 89 45 74 78 27 17 71 44 96 45 93 12 85 28 42 17 96 0 74 68 31 80 58 19 54 52 70 88 68 8 25 88 46 90
74 86 100 12 11 91 23 62 34 73 96 0 9 14 73 41 52 27 23 81 75 92 100 57 74 60 67 41 71 38 70 13 72 98 68 31 57 17 79 79 55 85 47 78 5 86 76 34 27 37 11 28 2 73 92 78 55 29 61 38 23 94 60 17 6 56 53 81 51 49 90 10 72 62 56 35 75 59 81 50 71 79 26 91 30 100 69 48 59 43 65 75 37 82 29 90 41 94 49 21 94 16 98 68 76 51 52 20 57 61 62 6 83 90 7 48 2 16 42 0 70 42 0 90 26 32 27 42 18 1 67 94 94 52 82 13 60 38 26 83 31 81 59 36 32 79 21 42 85 25 62 31 23 42 95 35 20 99 1 72 40 80 98 33 96 35 39 60 9 16 69 19 64 32 58 30 32 74 90 93 80 80 54 42 56 21 8 64 82 23 5 72 56 38 10 21 55 17 32 57 52 13 31 93 79 37 34 28 91 90 15 94 75 71 11 47 16 67 9 70 55 92 83 9 55 74 66 6 47 93 16 36 83 86 99 4 60 91 50 82 85 38 65 81 93 4 69 37 86 46 48 22 98 87 21 80 17 45 8 46 31 19 90 73 59 82 12 86 42 25 65 61 68 88 13 12 36 22 89 77 81 80 87 25 19 87 10 2 84 64 99 74 58 95 57 62 67 77 28 50 64 14 2 66 57 92 85 68 27 12 71 8 28 61 24 7 96 47 49 98 93 45 82 55 84 75 31 0 84 48 50 83 41 60 75 14 34 41 94 39 28 79 2 98 8 16 46 64 1 15 69 99 49 56 98 32 97 28 17 29 43 98 53 55 2 56 18 20 28 5 68 37 21 98 73 47 27 18 83 69 74 13 33 0 53 56 56 46 85 3 96 58 54 82 92 25 92 57 26 53
14 49 33 65 13 60 27 47 32 17 3 74 71 34 49 26 51 70 27 4 90 79 42 71 49 86 11 59 82 93 36 81 70 51 80 64 2 30 44 54 82 36 7 47 54 19 42 87 92 72 33 9 7 80 35 3 54 43 86 2 71 43 82 54 53 63 85 92 65 82 79 29 48 31 28 11 8 72 76 43 28 17 37 36 92 62 74 20 0 29 10 68 9 7 77 55 95 10 35 73 18 91 94 15 44 83 87 31 81 21 22 75 45 90 87 86 62 87 58 24 85 46 55 51 89 24 28 78 15 61 44 95 96 47 86 8 51 96 44 29 94 86 78 67 24 47 38 67 78 88 12 58 82 13 39 18 2 77 3 75 18 72 20 46 32 21 29 61 99 23 43 93 93 78 69 50 62 89 94 11 86 94 71 41 29 52 10 62 80 15 5 0 28 39 86 2 77 66 70 52 44 23 33 59 90 46 95 38 68 98 50 91 89 55 70 62 22 19 30 41 65 78 94 19 19 58 96 11 21 95 59 30 11 10 49 44 36 96 14 99 56 96 24 47 83 26 100 25 73 33 52 6 54 66 47 61 98 14 49 46 34 96 52 32 50 93 34 20 90 71 97 43 58 86 71 89 94 0 59 54 3 60 63 42 70 37 8 94 17 48 15 19 62 61 7 12 45 64 13 29 10 80 98 39 55 49 41 89 38 96 64 82 53 24 100 23 24 38 1 78 22 42 44 24 32 35 78 50 99 42 73 7 88 16 55 32 78 14 88 95 14 87 41 94 27 90 45 82 85 19 43 38 83 54 76 54 39 93 100 81 45 66 85 96 60 54 9 69 61 42 91 4 42 71 41 89 83 31 7 53 34 13 42 33 94 57 23 40 29 27 83 37 37 97 75 90 95 55 11 99
25 83 59 89 77 45 24 17 35 57 9 18 43 48 92 32 58 21 0 61 100 46 10 32 44 62 96 49 45 29 37 1 45 21 39 13 58 88 70 44 10 57 41 82 5 67 60 46 22 59 24 65 65 40 51 38 100 61 58 34 44 90 94 73 56 90 27 50 49 55 62 75 35 33 53 94 23 36 33 32 0 69 26 30 86 76 46 79 62 88 34 3 19 5 14 3 66 14 66 92 83 92 67 92 80 44 67 23 37 2 5 64 51 84 79 26 63 74 29 80 47 46 11 65 26 99 2 54 68 81 69 2 11 14 27 91 34 15 32 23 4 36 99 1 56 83 62 56 81 4 60 3 44 15 38 0 39 12 90 9 32 72 49 52 15 65 3 92 61 51 90 59 79 91 83 35 0 92 10 0 8 15 53 37 91 57 5 81 31 46 84 15 72 77 66 56 58 46 44 27 97 2 41 85 10 68 8 59 61 31 70 64 38 25 20 33 73 46 47 17 2 7 54 51 2 0 65 51 59 100 71 4 18 71 79 60 63 10 36 7 14 72 71 100 89 22 78 15 31 14 41 74 47 2 15 65 17 96 85 43 5 37 65 51 46 47 1 53 64 38 98 43 79 51 28 19 27 4 26 12 5 32 93 8 98 20 87 19 86 43 26 36 74 44 99 10 51 89 63 35 36 20 21 23 93 9 68 70 87 64 45 86 51 29 93 20 67 8 17 30 36 14 4 29 97 86 63 85 80 9 54 67 46 98 11 96 55 66 48 30 16 62 7 84 91 19 69 22 52 59 62 65 97 27 75 18 4 97 55 66 43 32 6 32 91 81 79 36 76 34 12 64 68 14 71 47 80 80 75 75 81 27 74 48 3 43 18 79 72 41 70 89 89 96 17 15 37 83 87 14
11 58 9 70 1 79 99 76 96 23 86 89 41 8 91 83 0 17 13 6 79 86 5 16 10 84 96 26 20 3 87 28 97 45 73 63 48 17 97 64 17 83 79 52 17 97 29 69 26 37 85 79 37 13 69 76 67 43 29 10 50 74 83 90 29 79 65 95 78 90 28 86 89 75 19 38 24 18 51 69 54 18 55 75 67 71 17 50 38 50 13 68 75 0 4 36 63 71 85 80 83 32 21 76 65 70 88 89 42 90 58 9 2 35 64 10 28 76 72 99 19 65 13 16 40 56 77 58 19 29 15 24 92 33 60 26 90 24 98 20 15 40 63 66 38 29 71 68 60 96 7 23 14 81 28 27 82 7 63 54 50 82 71 40 30 82 5 88 58 38 29 85 17 49 32 26 5 32 84 34 31 9 27 56 35 26 16 25 96 72 41 55 6 15 0 13 66 2 74 28 66 52 25 85 99 47 21 16 49 13 40 13 21 4 23 17 52 36 67 29 84 47 70 8 87 69 100 31 59 25 65 91 72 78 68 57 7 51 19 85 19 1 38 54 17 84 6 95 49 15 59 32 89 74 75 1 20 99 57 11 100 84 99 78 71 43 92 96 9 46 20 78 51 91 37 56 74 80 62 19 0 30 0 55 75 7 18 7 63 24 60 26 0 10 98 45 33 51 45 60 62 86 33 85 11 30 48 93 68 35 0 17 51 15 89 74 70 57 12 27 88 91 31 4 6 26 99 12 16 88 16 99 65 15 59 99 16 14 35 11 64 100 7 41 31 10 84 86 97 52 9 41 37 74 82 90 19 38 23 54 39 81 92 49 2 5 70 9 89 18 24 55 83 66 41 72 53 39 23 99 2 36 49 22 85 7 9 84 74 27 12 61 67 28 36 28 49 88 45 5
14 33 1 14 1 83 84 61 17 95 2 75 14 48 56 75 89 77 14 3 49 77 91 57 27 14 66 53 57 9 99 97 80 85 36 67 56 47 6 36 17 74 51 58 35 100 59 68 5 86 30 2 56 90 95 73 95 11 38 78 30 75 73 86 76 80 27 47 62 56 84 45 68 93 70 7 99 96 52 53 9 92 66 23 19 23 96 89 40 78 52 61 8 58 67 69 64 32 28 1 15 60 42 68 54 48 69 60 78 29 40 100 100 12 36 82 99 73 51 71 55 70 97 96 31 70 62 4 99 88 17 53 100 13 66 75 54 30 35 44 28 78 34 57 9 1 10 14 92 67 76 40 38 69 7 31 66 89 49 66 100 32 84 13 27 30 3 49 89 91 51 72 55 7 9 62 75 14 5 37 33 82 61 6 64 30 4 13 75 87 57 45 73 51 17 44 11 8 99 46 24 45 4 53 25 10 99 82 91 70 88 42 47 21 94 77 97 45 90 62 76 57 57 23 96 46 72 69 84 88 39 83 90 26 59 65 35 15 61 62 25 60 44 9 4 84 47 78 93 46 48 42 5 11 49 71 90 1 40 100 15 78 92 92 47 14 16 46 44 81 18 97 18 5 32 86 98 54 48 80 14 16 100 2 69 6 69 84 54 96 100 44 67 58 57 87 0 33 29 31 3 100 98 0 95 6 20 73 81 50 43 80 56 25 41 88 51 26 100 98 26 98 91 49 74 56 57 25 2 65 57 52 49 90 65 1 45 92 77 84 37 78 50 32 24 32 35 74 17 23 45 5 86 52 87 4 0 25 45 7 34 30 98 29 31 25 20 82 42 62 62 97 42 84 80 41 100 3 0 13 62 57 59 38 88 33 26 75 46 89 76 48 88 80 63 12 58 15 76 79
