59 69 30 36 9 75 23 95 19 74 95 86 9 99 67 3 89 66 17 39 31 23 43 46 41 100 97 71 22 22 72 98 80 47 29 57 22 26 43 99 4 78 57 61 75 61 26 22 6 72 47 16 100 92 28 63 8 100 16 56 13 80 56 72 3 81 31 30 45 98 33 73 66 45 14 51 100 41 62 50 99 48 3 32 20 20 94 51 83 36 63 82 27 62 86 53 92 43 93 14 74 65 94 11 63 21 86 88 28 74 43 19 64 11 57 32 91 48 82 53 84 97 0 10 68 91 12 9 44 27 31 94 40 98 5 70 77 87 51 14 73 65 8 63 35 25 88 74 53 34 63 15 4 14 94 60 71 76 8 64 65 64 26 55 72 99 52 9 59 91 82 55 77 51 30 66 21 15 23 10 63 11 62 64 94 35 84 16 94 16 98 57 4 73 53 27 65 17 40 36 69 3 73 51 58 60 53 2 45 27 17 3 88 51 27 41 99 45 12 60 18 100 62 82 46 24 68 70 32 98 94 57 27 43 47 43 45 18 2 92 64 7 100 80 65 41 73 1 57 49 64 78 80 66 73 21 16 6 8 93 75 13 84 79 34 94 22 49 13 41 5 48 68 27 81 14 72 5 49 13 16 12 95 29 15 93 53 97 36 3 41 77 43 37 7 66 23 34 11 3 8 22 20 23 16 44 55 23 94 66 84 3 4 54 88 30 90 64 58 2 75 24 13 18 77 71 94 42 12 76 88 87 52 67 98 6 34 2 85 43 23 100 98 99 66 54 31 88 84 16 18 69 31 89 95 59 11 14 91 4 48 67 30 80 58 63 68 18 5 97 17 19 96 83 100 54 15 89 17 79 78 35 94 9 76 98 32 50 71 45 24 85 86 47 20 3 100 1 68 13
37 24 79 96 41 97 3 48 10 23 67 17 16 10 72 46 78 97 24 54 22 25 47 11 26 96 48 75 6 9 13 30 62 38 49 100 99 4 7 41 18 69 0 97 41 12 23 52 4 7 54 90 11 48 83 88 61 100 52 80 67 44 21 61 61 28 61 39 36 53 0 41 30 25 57 80 56 30 6 49 54 42 32 29 94 42 97 29 30 43 65 58 36 35 79 22 71 93 42 89 63 87 19 77 93 71 95 78 3 65 56 34 76 39 89 12 43 81 13 62 89 84 24 67 40 28 53 41 99 69 0 15 74 13 95 100 56 92 2 1 49 13 95 69 91 88 14 39 93 27 93 77 94 67 4 93 38 58 7 94 18 17 58 78 17 49 87 21 52 37 22 54 99 73 96 18 43 46 22 17 21 36 15 35 81 51 53 42 57 17 75 19 55 21 98 30 82 94 37 30 53 46 55 21 66 38 13 77 31 24 0 85 17 14 74 13 1 67 34 12 49 96 35 44 64 3 9 94 20 71 80 99 91 64 44 22 68 16 64 0 61 19 95 49 82 49 64 70 14 6 23 64 71 20 100 89 58 89 39 62 79 6 64 68 34 21 2 50 16 30 54 19 96 99 71 25 62 55 9 73 32 14 83 100 94 77 6 9 23 37 99 27 33 41 14 83 77 37 75 44 78 18 30 92 80 57 39 7 58 23 67 50 80 22 75 43 2 89 69 45 1 24 0 71 55 4 34 0 76 53 49 52 59 58 51 55 89 100 15 79 71 29 48 55 3 96 21 45 66 89 88 6 61 58 67 46 26 42 21 39 26 41 27 79 89 69 69 90 77 53 51 25 66 19 77 84 65 93 93 20 36 93 43 65 57 87 15 93 93 5 82 85 93 40 15 2 83 49 43 11
54 75 17 28 0 65 45 21 50 16 10 24 15 7 58 25 27 37 91 57 81 37 8 8 42 7 19 80 41 47 0 82 27 39 61 78 5 95 43 96 14 27 92 15 10 33 93 33 36 40 53 18 62 42 36 88 47 4 41 56 37 42 11 79 92 88 84 11 5 4 43 0 8 43 33 87 1 97 66 60 68 73 28 20 18 71 18 10 4 24 94 29 26 43 62 23 70 31 96 50 43 84 85 19 10 38 6 18 72 53 71 13 11 94 4 25 84 77 18 6 20 94 46 21 98 48 61 88 72 60 36 17 39 67 58 55 46 77 86 5 55 90 37 70 13 33 36 59 46 98 93 51 75 79 94 48 86 40 19 95 87 86 57 16 50 61 97 10 48 52 88 92 8 61 34 61 94 32 75 71 24 46 87 22 34 11 58 53 46 33 5 0 10 36 99 87 4 33 88 78 54 47 79 54 63 6 4 55 51 27 34 17 73 42 47 89 81 77 10 26 58 19 70 79 84 74 19 73 62 8 82 41 51 28 83 14 100 58 33 52 17 99 58 26 98 18 8 83 22 50 71 28 60 29 15 48 38 51 58 19 84 74 71 0 0 84 96 80 79 99 89 66 8 24 27 57 22 87 45 7 17 37 3 74 43 84 58 46 34 16 72 56 3 73 72 38 99 30 88 44 88 85 56 81 45 95 28 38 59 94 5 42 7 51 64 75 78 64 86 92 21 70 5 39 35 58 77 28 99 65 87 72 24 83 13 61 94 20 86 16 48 0 37 64 99 56 5 87 93 65 99 0 87 54 43 92 70 8 12 73 77 51 78 78 26 73 83 0 89 99 79 48 10 28 15 47 15 94 89 29 91 93 3 26 22 21 57 95 83 49 92 57 18 84 55 42 20 31 35 70
49 98 14 60 51 89 73 70 18 0 85 8 66 27 53 41 16 25 30 95 50 78 96 24 96 24 30 86 12 7 4 77 82 100 56 46 28 12 74 97 69 36 49 50 83 12 33 84 7 16 23 17 94 51 46 37 83 51 3 21 38 49 89 83 34 5 15 87 34 52 33 40 87 66 71 77 45 56 53 86 16 83 84 4 94 6 61 66 31 88 25 70 49 95 93 95 88 29 94 69 89 28 91 80 8 40 65 27 72 14 4 45 15 86 1 91 28 66 94 32 41 97 38 87 77 93 89 59 87 35 98 51 9 85 94 70 86 49 4 57 40 72 80 56 89 5 87 98 31 20 27 34 82 0 52 87 58 45 60 52 84 88 66 2 7 57 78 49 73 50 29 62 56 29 81 23 98 51 16 40 91 38 18 85 50 39 59 69 63 41 68 10 37 53 88 53 75 38 68 46 40 35 72 61 6 59 80 63 74 94 1 43 27 17 40 61 67 7 41 76 62 36 85 60 89 10 38 20 5 43 60 55 97 4 73 3 71 75 60 2 15 83 55 64 69 62 88 37 91 64 31 19 66 28 87 58 62 7 49 19 88 71 92 57 32 80 42 7 60 17 28 18 97 26 89 51 13 13 16 20 52 23 17 47 5 73 57 22 16 18 59 46 74 42 12 41 64 6 47 93 14 98 41 14 57 4 70 73 10 6 60 9 41 88 43 60 75 44 85 3 52 99 57 88 90 55 46 27 68 21 37 75 98 98 18 12 74 73 47 89 60 26 41 84 19 56 62 78 44 3 67 4 72 74 95 56 17 37 18 69 100 42 32 60 11 44 26 26 89 35 15 76 73 83 14 48 77 68 44 72 17 41 39 82 0 51 53 94 61 89 80 4 48 58 97 15 22 98 12 0
87 36 46 65 28 47 74 15 20 81 61 100 94 20 67 67 85 50 28 41 65 15 62 34 7 20 67 36 6 84 22 48 44 12 95 59 66 22 28 0 93 48 100 39 83 52 61 94 31 76 39 13 29 89 82 30 30 30 100 95 41 98 12 90 64 1 66 42 9 14 28 10 81 41 16 28 99 56 64 90 84 73 94 79 58 87 93 2 13 46 98 97 57 7 44 87 77 52 4 99 74 50 11 58 79 13 15 34 15 5 92 39 88 86 65 52 84 57 28 89 21 44 12 60 59 91 33 49 85 12 16 97 81 89 99 23 31 99 90 12 58 90 53 62 71 92 80 9 40 75 54 99 22 56 15 24 85 77 32 24 69 0 1 78 2 67 36 50 66 80 14 44 18 7 17 4 17 88 81 49 68 94 1 71 77 2 4 82 82 9 79 0 73 62 25 52 0 96 63 92 1 65 31 31 62 35 98 76 36 74 68 97 61 63 90 40 23 95 99 23 31 69 54 49 60 98 13 13 70 47 34 89 21 86 25 50 70 91 98 84 71 50 79 85 27 51 99 55 43 79 49 60 20 80 27 19 2 65 10 43 24 18 89 99 27 32 61 83 30 80 33 28 58 3 15 99 44 79 1 91 12 76 84 53 41 45 21 11 0 20 39 6 93 51 40 87 15 10 39 73 80 37 28 10 47 51 28 90 63 12 44 32 43 40 26 19 82 30 0 81 61 98 58 8 68 19 31 98 5 22 33 26 10 90 57 95 72 90 78 96 9 64 92 56 96 10 60 22 59 76 93 93 24 83 86 66 7 98 74 78 45 41 65 67 73 16 40 84 86 10 38 62 57 24 56 44 49 51 66 7 3 24 36 36 27 12 20 13 23 90 45 3 97 56 83 20 40 12 22 38
0 61 75 84 16 10 95 47 28 11 36 2 77 2 39 85 55 33 66 61 22 43 64 52 32 79 86 25 45 47 25 22 87 36 6 6 72 74 63 24 17 26 54 80 55 78 93 64 20 85 55 38 37 27 26 36 78 37 78 43 6 96 42 64 74 27 75 88 77 21 15 86 31 73 42 92 30 63 72 89 97 27 30 29 1 83 35 9 53 6 79 5 71 56 46 62 15 43 24 65 27 90 52 29 83 16 61 19 33 82 11 15 80 70 73 79 4 96 80 92 6 75 11 67 38 74 100 50 34 75 72 5 66 47 22 33 69 21 24 3 95 53 20 98 0 53 20 52 12 100 25 94 43 13 13 76 17 71 13 1 98 46 56 13 88 61 7 24 38 18 11 20 70 69 32 22 39 26 4 83 39 13 61 14 54 23 12 85 49 86 100 65 50 47 29 90 36 72 12 38 22 98 29 8 77 59 60 3 33 55 74 31 51 91 36 32 90 95 73 2 64 70 7 45 34 68 89 93 8 26 52 3 3 6 99 23 18 19 85 3 31 42 79 100 94 3 97 66 60 51 72 10 43 76 63 88 96 73 3 3 91 23 58 24 87 96 36 34 43 27 48 78 78 39 13 89 89 19 60 98 1 64 86 93 38 25 66 30 76 81 88 6 73 48 46 45 84 90 84 66 38 64 46 21 4 88 79 98 31 48 60 96 48 94 68 29 48 39 32 23 51 73 80 77 5 0 38 42 62 10 36 0 65 43 7 27 1 29 21 5 14 21 4 70 3 23 40 42 43 34 48 81 74 42 55 84 52 86 23 37 34 54 82 9 38 16 25 77 38 54 95 89 66 73 35 95 5 16 49 22 13 77 56 40 78 61 89 99 8 4 36 96 57 46 11 42 7 49 76 21
52 20 79 51 36 13 55 92 43 59 10 91 23 79 79 17 60 23 97 67 58 67 76 82 7 66 30 67 85 84 68 30 51 74 22 24 76 14 63 53 34 2 94 22 96 1 95 13 7 55 30 99 39 11 56 7 52 98 76 28 82 56 18 84 89 24 29 72 62 67 40 80 37 29 35 79 8 72 42 60 93 87 25 46 61 98 69 41 70 30 56 77 22 9 9 60 64 33 35 84 21 50 6 90 99 53 51 66 7 52 27 83 84 66 61 58 18 23 56 47 73 95 53 66 95 8 39 63 21 77 47 92 61 33 69 22 77 9 90 59 52 76 79 65 79 43 25 34 19 30 86 38 9 66 67 63 12 86 66 82 17 31 84 17 67 91 72 42 97 58 82 29 13 83 27 7 65 62 11 74 61 34 99 32 34 14 22 5 41 12 9 83 36 45 35 48 39 73 89 39 36 94 86 8 41 15 99 41 87 87 76 35 69 31 77 98 58 19 35 3 15 38 66 24 2 88 83 48 87 84 45 33 13 3 99 12 90 28 63 90 42 13 74 26 11 7 62 18 4 71 57 33 84 75 35 35 73 79 11 46 77 15 63 81 89 95 27 99 54 29 90 6 33 89 51 92 14 44 88 10 53 50 62 80 86 58 73 85 68 31 64 13 88 36 7 2 6 100 28 28 17 89 23 82 44 1 24 47 73 83 15 14 28 17 43 21 76 92 70 8 50 50 94 96 10 0 77 67 21 88 59 15 81 56 45 52 25 39 80 55 15 52 44 58 35 99 54 4 100 62 33 1 100 64 37 18 14 24 87 70 75 56 88 1 0 97 53 77 97 93 43 60 75 11 7 43 74 72 67 83 68 63 84 100 43 61 5 20 45 34 76 22 65 47 0 44 34 11 57 14
87 96 62 29 33 5 32 68 12 56 30 33 58 53 50 10 61 95 42 22 23 71 20 13 73 69 85 5 3 94 20 4 41 83 87 97 33 37 38 72 44 8 71 22 67 65 73 93 36 59 54 57 96 78 5 74 61 17 25 59 79 5 71 89 96 51 12 69 41 36 94 92 76 75 65 56 16 5 49 15 50 90 23 1 60 45 63 49 28 61 84 77 78 95 44 42 16 2 80 97 82 57 32 46 68 90 89 36 75 60 50 12 70 18 26 55 10 8 74 6 22 31 8 19 18 67 74 52 0 8 78 73 74 6 72 76 91 72 66 47 51 84 34 94 15 5 13 77 85 84 55 4 94 35 64 22 13 68 7 46 80 77 73 58 68 75 51 38 6 74 9 77 2 98 76 77 89 76 97 19 24 54 75 69 22 42 10 86 90 4 45 43 83 24 71 9 19 65 75 8 57 73 58 74 52 92 88 86 31 15 92 34 88 29 89 31 75 68 29 52 76 83 49 23 77 6 8 90 60 75 5 35 69 16 67 27 61 34 1 97 47 14 76 45 9 31 52 100 95 10 77 22 55 33 68 11 43 79 70 47 99 6 57 52 66 94 67 34 32 87 10 46 15 31 40 1 31 78 75 72 40 88 11 9 0 23 48 6 62 87 67 37 78 54 50 21 58 11 87 90 64 32 96 6 18 36 4 26 27 72 93 94 24 55 43 81 57 6 34 24 80 46 91 83 85 47 58 79 76 20 59 91 60 14 96 38 62 28 20 50 51 89 84 0 37 70 75 24 55 35 53 81 81 64 21 69 13 72 87 19 76 63 91 46 42 21 58 44 81 68 31 80 0 49 88 43 91 80 41 61 54 86 69 49 97 13 69 2 20 7 62 71 86 1 13 63 96 3 42 3
69 11 74 55 16 50 81 54 62 38 80 44 77 81 85 46 65 49 37 81 75 13 50 76 3 25 95 23 28 52 61 83 15 23 32 14 36 57 9 70 25 22 9 56 87 70 88 38 46 1 27 56 36 60 20 17 38 61 8 50 92 5 39 85 60 36 65 55 97 41 96 56 1 14 60 30 4 87 29 72 33 31 57 98 44 55 58 51 54 37 29 74 28 70 33 75 58 19 43 95 67 73 43 15 77 73 88 93 15 94 86 50 66 9 57 88 48 12 46 56 85 2 27 74 28 99 88 88 54 1 67 12 87 32 47 57 83 15 27 59 41 28 15 45 85 79 0 35 29 79 34 25 29 19 10 83 65 87 32 37 87 26 8 24 81 65 86 52 94 19 69 67 4 98 32 83 89 68 64 76 98 100 22 92 60 15 59 73 1 42 1 51 6 83 70 2 85 58 39 79 71 67 83 53 27 53 33 24 69 2 100 10 74 15 11 10 25 92 49 100 83 21 99 1 50 18 42 38 47 91 58 88 87 34 97 96 44 78 75 6 50 90 81 92 27 10 60 13 88 36 27 1 39 4 85 97 93 15 77 62 100 27 2 6 61 61 8 98 21 55 75 85 17 54 55 55 82 20 79 82 96 56 31 48 59 77 26 72 86 50 89 38 90 83 95 19 78 61 77 41 33 88 61 59 45 0 60 93 96 97 52 98 5 9 25 73 57 81 92 32 95 65 21 80 52 96 70 70 8 49 94 31 60 68 69 39 44 12 62 51 53 21 66 41 46 54 38 73 53 29 89 26 31 83 47 89 27 73 24 32 1 98 2 98 42 66 20 15 77 83 64 10 70 18 46 4 21 55 20 60 67 52 70 8 70 46 92 30 98 99 76 46 76 19 66 45 93 51 63 66
74 89 84 36 42 65 86 74 21 65 25 45 72 11 5 82 90 21 18 68 96 50 11 43 91 4 57 82 22 36 6 97 49 22 89 85 50 72 60 55 87 0 32 8 36 62 62 76 87 5 43 40 93 51 21 30 62 63 55 89 12 99 31 81 1 60 5 42 4 54 9 34 79 46 99 34 75 66 8 14 45 58 77 30 69 14 87 37 25 24 74 34 31 56 81 15 26 71 44 23 53 75 31 86 42 60 75 67 86 97 14 4 93 2 9 100 27 90 66 69 61 32 54 35 52 89 0 47 36 67 82 99 62 6 56 82 76 27 10 16 39 2 17 0 41 86 17 67 74 71 55 97 30 55 54 54 59 50 45 78 99 84 93 38 67 49 88 86 13 69 14 29 21 41 70 84 54 31 47 16 33 63 31 79 65 79 95 39 67 29 46 86 40 13 68 19 98 15 18 32 88 21 77 56 70 26 37 54 10 13 57 82 59 25 57 64 54 74 25 71 21 3 25 100 5 16 94 83 91 90 56 9 60 42 36 20 77 71 28 86 0 3 90 27 67 69 77 14 53 0 77 96 94 10 85 48 14 75 90 96 37 8 1 12 85 38 8 63 67 99 8 39 79 27 96 88 88 47 17 76 0 100 89 38 95 25 46 90 77 74 35 87 98 68 8 39 96 83 59 29 21 84 64 86 46 86 83 1 39 8 24 5 87 92 40 45 55 91 15 68 33 43 65 62 66 73 85 91 8 9 69 60 66 5 46 60 41 68 67 81 80 82 29 78 84 91 16 2 61 71 92 28 89 73 45 29 92 55 23 82 60 45 33 91 94 70 70 69 50 28 83 49 60 37 94 89 29 36 91 62 1 52 50 93 92 56 31 72 58 50 51 90 54 97 81 47 54 46 86 90
43 53 42 77 21 99 59 85 73 78 33 79 43 94 43 11 53 36 47 68 72 66 49 41 22 30 19 82 77 2 58 92 31 45 76 30 0 40 86 62 58 88 68 59 52 74 18 56 64 60 15 43 35 67 59 73 71 98 68 9 14 54 54 51 74 92 72 16 82 32 76 46 88 64 57 52 24 80 82 33 40 18 83 54 84 79 74 15 1 95 85 84 29 89 3 30 44 67 99 18 15 22 94 40 41 55 31 12 78 49 3 9 74 97 92 18 10 65 87 83 79 82 91 21 50 58 55 66 9 63 91 4 35 74 30 30 67 66 19 53 85 22 53 15 97 28 17 24 99 80 54 31 48 93 87 53 70 84 99 36 78 31 34 94 9 5 63 88 59 44 1 5 60 41 26 94 2 36 0 96 8 42 36 52 29 49 64 10 86 69 3 81 81 17 95 6 72 28 96 52 44 85 66 37 45 24 90 32 10 25 27 89 70 29 56 62 2 15 84 62 96 1 89 19 42 41 85 91 63 85 63 97 0 47 63 12 48 72 80 90 5 21 12 56 50 56 46 80 0 1 97 40 25 53 47 33 86 55 39 8 12 95 16 33 51 16 1 33 44 43 33 58 91 34 93 47 5 73 35 19 66 94 82 49 80 1 8 70 76 55 73 52 63 45 90 36 29 33 61 90 100 31 73 85 45 72 63 15 80 13 91 61 41 25 14 67 14 10 64 99 44 50 79 32 53 30 93 95 88 7 2 59 49 90 61 92 52 5 41 34 57 47 7 47 93 61 28 42 73 48 26 59 28 14 87 83 98 56 64 58 85 89 60 1 13 45 43 51 44 80 43 3 62 15 98 51 37 43 77 2 59 68 72 8 80 84 4 47 46 23 19 62 60 83 13 36 96 42 97 85
59 16 82 56 12 21 9 48 86 47 23 19 92 38 97 9 69 19 78 65 65 59 84 32 78 35 80 88 78 91 10 39 42 2 15 8 87 93 74 69 41 68 94 15 55 70 26 5 35 14 28 13 28 35 56 17 17 4 51 36 80 29 41 31 30 50 58 77 83 43 1 7 10 73 82 72 26 52 94 56 64 52 97 31 37 58 59 27 55 59 57 43 87 72 80 95 74 50 43 6 14 89 25 28 71 7 27 83 37 45 75 41 71 14 75 21 38 28 15 25 73 67 18 41 15 50 33 74 35 49 57 44 86 58 94 39 71 78 98 98 51 28 83 6 12 6 4 20 80 78 29 41 23 72 1 78 66 34 7 27 88 17 80 85 7 35 91 98 72 89 99 48 41 8 5 5 67 98 15 76 93 35 32 61 8 8 70 14 65 1 56 98 25 100 90 44 27 80 11 73 46 4 92 79 14 51 30 94 29 68 1 18 80 82 92 7 25 99 42 52 0 18 83 52 9 77 23 52 11 81 25 95 84 6 16 36 60 88 31 56 48 2 96 96 61 42 49 87 31 75 48 63 78 5 76 44 8 45 7 19 72 91 39 71 65 53 77 57 98 67 93 97 60 56 34 34 72 32 7 3 88 31 50 2 8 20 22 63 29 56 26 39 41 32 40 31 87 35 3 77 77 25 7 64 73 0 98 100 98 41 53 78 26 47 30 94 64 94 7 11 66 81 11 70 44 36 51 70 64 63 26 4 52 80 67 58 34 81 14 88 59 57 80 19 58 11 97 40 6 51 5 5 74 47 16 49 97 6 20 59 67 96 58 71 39 57 81 33 21 84 35 55 11 37 97 65 49 60 27 75 50 78 3 61 78 23 40 10 52 28 33 66 54 27 59 94 31 79 51 40
10 70 92 25 74 29 85 86 90 90 13 76 5 25 82 96 47 38 61 17 54 7 27 11 14 45 75 59 91 3 89 21 34 25 49 23 6 52 52 51 96 19 98 28 64 3 42 71 48 1 85 81 17 76 14 100 32 31 72 6 4 49 75 100 98 9 31 59 1 61 87 95 84 62 46 44 42 77 7 27 71 96 66 16 9 43 34 28 15 97 61 11 31 67 48 4 94 32 51 48 49 38 30 63 40 41 50 62 89 99 87 9 74 83 57 25 85 63 5 79 50 96 1 6 40 16 98 16 85 19 57 10 66 91 33 43 99 38 75 15 62 96 15 37 96 81 6 39 53 58 97 29 44 74 14 96 36 92 93 20 5 92 64 18 21 31 44 13 33 41 94 69 49 92 63 17 45 43 77 8 70 0 16 27 21 56 28 35 30 31 97 10 49 33 26 27 5 39 3 67 64 6 65 41 97 16 48 80 74 85 82 29 45 41 61 87 56 2 13 99 72 2 46 17 65 15 24 15 90 8 39 44 80 91 60 50 25 20 38 62 64 48 44 42 62 57 38 58 90 58 5 90 93 14 30 69 87 78 99 87 79 22 43 39 12 24 70 7 66 25 22 19 79 41 36 0 39 7 4 43 88 69 47 82 66 47 45 8 71 43 47 22 26 47 97 85 44 23 18 32 65 52 1 43 77 29 11 0 17 64 0 37 84 58 92 65 9 26 43 1 76 69 100 5 32 87 54 45 50 88 54 8 94 24 2 24 100 77 2 27 54 94 68 14 82 81 70 64 79 99 73 57 70 51 70 64 15 86 79 23 48 41 2 93 16 57 58 87 53 63 83 54 22 0 71 84 68 52 15 8 42 89 98 35 18 21 45 65 79 43 44 17 55 82 23 92 75 89 53 73
60 56 77 96 30 70 88 100 49 31 23 20 80 19 40 64 3 94 94 13 80 61 13 61 47 39 15 53 54 17 55 33 43 49 67 25 18 61 25 29 59 61 96 87 14 21 88 77 1 93 0 51 84 27 55 49 60 8 60 56 80 36 65 77 34 53 63 15 69 39 67 11 55 82 37 21 94 53 86 84 54 38 11 85 62 78 69 67 64 26 6 74 16 100 37 100 46 94 65 19 36 75 32 44 10 94 59 44 60 2 70 71 37 30 84 40 63 20 14 34 59 28 20 0 33 0 95 61 84 19 24 45 24 51 69 83 18 54 87 29 31 23 26 65 86 20 80 81 9 45 75 1 12 40 45 43 94 86 55 9 32 21 81 81 78 9 83 56 22 88 5 40 34 29 77 87 79 19 92 44 84 3 11 38 37 26 72 58 4 76 16 81 18 31 34 79 95 84 6 89 22 32 67 90 30 99 1 34 82 13 23 34 4 80 12 31 100 41 53 86 23 41 98 66 14 50 96 28 83 33 14 13 12 18 48 97 20 53 32 0 50 12 3 79 4 60 14 37 53 92 55 97 45 88 10 85 93 83 7 0 42 42 12 65 6 8 75 36 37 96 82 29 8 77 61 18 7 96 12 82 29 100 38 74 63 52 32 1 83 17 99 12 31 90 73 98 44 72 4 46 94 86 63 78 51 17 39 86 58 77 34 37 24 14 51 71 86 70 50 5 81 96 92 84 66 43 82 57 86 21 15 33 16 28 83 39 45 0 48 77 66 35 83 69 22 33 4 19 22 51 68 30 15 91 23 38 56 28 16 63 8 87 57 85 77 92 25 60 59 50 48 4 70 1 77 69 79 50 11 19 66 51 9 93 92 20 23 95 16 72 71 56 0 72 29 89 22 84 11 63
31 77 50 86 91 93 23 41 58 66 63 59 2 61 68 49 81 71 83 76 41 53 18 40 43 54 79 28 37 65 32 47 74 11 46 9 63 98 5 79 57 17 78 55 86 7 66 83 82 56 16 54 61 93 81 23 69 48 2 67 67 19 1 65 66 57 27 52 22 75 6 78 4 22 8 20 35 82 57 40 73 70 6 38 57 77 42 17 29 40 35 77 71 24 25 45 91 40 37 36 19 13 16 7 4 0 99 34 9 78 42 41 66 39 92 90 31 36 28 80 52 80 42 67 0 50 44 98 100 64 84 28 64 55 4 54 77 14 51 87 39 73 45 1 78 6 100 37 92 41 42 15 25 28 13 19 88 68 45 44 96 70 89 66 8 64 94 9 89 15 11 42 31 50 71 91 28 37 54 60 5 16 42 54 0 38 62 98 30 46 1 66 63 46 96 72 99 22 18 45 68 40 28 12 61 4 94 96 68 72 81 100 24 83 13 83 78 73 26 3 90 37 22 91 33 11 55 82 37 36 96 7 93 56 65 80 14 21 62 18 23 53 65 11 44 0 58 15 18 56 95 15 72 5 62 58 46 83 90 79 34 72 69 20 29 63 64 44 12 97 89 77 71 43 89 50 1 59 58 25 91 70 96 25 45 56 84 88 28 13 32 19 17 24 29 78 51 23 38 64 9 66 82 40 58 8 55 29 46 67 40 35 39 22 35 83 28 43 4 88 22 0 45 65 3 24 49 20 46 58 52 83 84 18 42 57 37 25 44 91 17 16 11 80 21 83 71 85 0 91 13 57 90 71 22 81 41 52 83 4 32 41 3 50 28 71 65 85 37 54 83 81 79 29 72 3 89 76 49 71 17 64 57 33 56 45 34 100 7 48 34 63 51 35 99 64 39 85 78 55
76 47 70 12 66 31 55 94 59 1 38 76 78 3 66 56 52 40 8 86 34 5 4 6 32 7 35 91 2 64 3 12 39 54 58 0 76 69 27 93 64 22 93 82 31 35 21 27 8 39 91 10 67 25 72 80 61 53 78 15 13 75 24 23 36 74 85 92 89 8 75 48 72 13 58 74 44 92 9 52 89 87 30 91 47 18 48 28 60 74 66 82 55 36 0 15 98 26 25 28 3 17 8 20 1 99 75 61 24 51 98 91 49 52 62 55 54 79 89 84 77 5 5 19 23 53 72 90 41 29 78 31 96 32 17 86 60 68 63 89 34 77 44 16 63 16 39 2 54 36 58 33 88 5 70 34 35 13 2 17 32 100 18 17 10 66 57 63 89 12 5 93 19 88 57 97 84 97 36 52 36 64 16 55 64 73 45 19 15 55 15 52 84 49 93 46 36 79 87 8 67 71 21 4 39 73 50 79 52 9 66 48 91 61 30 31 88 38 39 16 57 11 38 36 32 25 33 22 14 26 74 79 29 98 69 29 58 22 38 91 99 29 56 11 3 18 28 94 49 72 37 38 52 25 27 6 22 16 8 63 55 21 19 3 40 96 70 67 42 74 4 16 91 55 31 41 0 25 95 22 30 78 62 47 54 48 34 47 34 78 60 63 96 20 64 61 13 22 45 19 25 17 8 68 43 73 52 51 77 96 1 75 23 5 82 66 31 87 68 63 33 94 29 71 60 62 69 29 26 56 19 33 70 25 60 23 36 70 92 12 67 18 47 68 1 85 69 75 55 7 80 18 91 10 29 11 20 63 25 32 70 35 38 17 18 40 36 85 94 58 67 17 45 18 78 9 9 31 68 56 50 39 37 65 0 59 37 75 6 72 13 44 1 36 36 15 2 81 50 23
90 44 4 8 22 52 28 93 58 22 87 16 99 38 55 38 93 84 51 99 68 12 2 31 45 24 36 65 60 75 9 79 40 71 60 98 99 50 27 7 69 19 99 40 83 90 74 21 81 67 87 76 59 63 92 3 37 0 54 67 70 49 50 69 70 87 85 23 72 24 69 95 73 20 74 54 98 57 5 14 66 98 85 66 69 57 18 55 35 72 74 86 12 33 35 86 9 85 10 59 76 33 100 27 55 46 84 76 36 94 6 62 88 90 99 3 66 59 35 29 94 38 30 44 20 19 56 14 94 26 85 61 22 5 24 83 5 64 2 79 13 72 28 89 40 24 59 80 97 61 87 52 67 72 91 81 91 1 47 27 5 78 51 0 0 88 21 0 22 54 65 7 79 49 71 46 42 5 77 56 71 30 77 30 59 62 43 20 36 61 37 23 23 21 42 83 61 19 98 94 16 54 25 39 10 46 58 71 45 81 61 1 67 84 67 17 24 69 71 84 48 38 79 38 68 44 18 80 86 23 69 77 97 44 33 52 27 48 25 83 10 42 18 97 61 63 50 51 93 67 27 9 3 53 68 72 1 72 44 33 28 23 59 100 18 64 78 44 90 82 67 19 14 73 55 73 88 35 23 66 15 84 65 26 72 93 16 7 7 97 51 84 17 27 95 38 4 49 55 55 75 8 5 35 84 17 30 64 97 47 37 80 34 33 84 32 61 32 90 31 12 24 50 81 85 70 36 80 34 77 52 32 9 44 76 45 65 28 70 0 99 69 37 94 14 49 87 6 42 11 27 66 69 90 83 5 12 88 35 5 54 93 40 86 24 74 60 84 13 37 73 38 53 83 87 76 31 0 73 21 90 32 3 25 3 96 5 99 17 48 49 9 77 16 47 16 21 86 68 68
16 29 40 25 24 26 16 5 35 28 75 7 23 67 86 84 60 61 94 31 99 19 44 11 24 38 71 95 39 1 5 97 31 62 54 91 80 95 70 31 60 97 62 20 19 33 47 23 2 10 48 62 73 36 2 60 52 70 95 14 15 74 66 7 61 7 85 27 1 65 30 97 20 72 100 13 22 46 78 33 90 45 62 0 59 95 11 73 53 60 39 56 32 92 39 52 52 99 92 48 33 52 31 65 54 72 50 70 23 98 53 42 75 42 60 69 76 92 97 85 99 75 13 28 92 19 13 51 97 70 56 61 17 42 2 80 52 4 100 96 23 62 64 17 49 8 41 57 93 46 8 96 67 12 65 98 11 77 39 66 66 53 96 84 50 68 99 9 96 35 86 95 55 45 53 35 57 31 69 13 59 19 75 80 59 95 30 6 25 36 32 62 43 94 37 71 17 30 91 83 80 52 74 27 2 74 47 6 72 77 49 61 94 6 64 13 12 30 95 45 70 74 13 45 17 82 44 61 83 36 39 8 56 44 3 84 14 63 0 58 16 21 87 78 97 55 58 72 34 25 17 31 31 28 87 79 1 64 28 54 72 86 11 52 23 61 46 14 95 98 38 1 30 69 28 8 12 42 22 23 64 90 84 35 32 63 61 33 88 61 86 73 49 66 37 31 22 37 42 92 64 78 85 95 98 38 36 6 65 84 19 66 76 52 98 41 54 91 31 62 64 33 69 65 17 79 66 89 4 83 74 71 32 19 83 74 3 16 61 100 23 31 17 80 44 2 77 38 84 100 5 29 3 97 25 22 62 17 48 31 78 66 12 67 41 99 71 9 7 96 90 39 91 8 82 96 39 60 96 13 46 48 73 41 53 18 72 88 26 88 9 1 8 89 64 30 67 84 17 37
82 39 34 78 77 86 40 83 75 26 22 68 6 2 15 57 2 91 80 77 39 61 98 73 71 84 86 52 36 73 11 44 50 42 27 33 45 11 83 57 58 3 6 85 39 62 60 72 13 56 68 44 76 10 26 88 26 71 47 97 46 88 39 27 44 15 75 54 6 12 18 73 85 1 41 52 19 53 3 99 96 2 17 59 27 36 83 9 20 70 30 21 4 13 82 77 81 30 70 98 83 17 52 33 87 3 83 82 69 26 5 31 36 81 78 19 19 60 29 42 79 6 65 87 19 50 8 35 31 74 66 62 28 47 56 7 71 100 42 47 55 98 35 85 61 27 100 100 69 13 54 66 12 83 36 19 44 99 13 57 73 42 74 64 96 99 17 71 90 29 56 62 0 24 40 21 17 29 88 2 65 4 67 29 12 95 12 80 55 51 99 0 37 54 37 74 23 76 60 91 1 66 74 59 46 23 2 61 17 33 16 82 44 15 16 70 48 67 91 80 3 6 44 30 20 57 1 14 28 38 31 43 43 67 45 39 50 66 61 47 92 35 44 51 45 67 83 3 28 56 6 64 40 83 43 24 60 87 0 46 68 69 28 76 65 69 60 77 78 1 61 65 1 33 1 27 84 2 40 97 65 21 67 83 6 59 10 9 10 90 49 32 68 95 89 22 17 39 69 97 25 95 99 51 35 50 98 45 26 39 69 35 35 26 27 92 58 74 68 69 70 23 81 84 23 64 11 97 19 83 45 47 59 58 76 56 57 99 72 97 48 96 10 49 90 35 58 32 43 87 41 53 39 1 8 34 100 3 16 46 54 70 58 7 92 41 38 29 84 80 34 47 66 59 20 55 34 31 56 53 55 22 2 32 45 32 69 89 78 28 77 13 46 10 80 91 76 42 88 77
81 0 69 45 57 8 50 82 21 83 24 44 55 89 59 45 32 87 44 73 92 76 24 97 97 85 20 91 79 15 31 0 2 16 97 86 53 68 20 50 10 13 10 84 89 9 65 1 79 72 68 67 8 29 74 68 46 85 29 75 88 59 1 62 85 7 42 7 40 30 30 88 69 20 82 45 54 76 38 88 32 23 43 60 8 45 84 88 95 41 92 50 45 30 45 42 26 31 28 98 60 81 97 84 100 52 99 18 46 31 88 57 49 26 48 36 83 98 34 71 66 13 29 94 59 53 74 76 34 47 58 39 28 35 22 62 42 32 35 23 67 43 15 28 26 40 73 87 17 89 23 99 89 66 73 50 75 69 53 76 26 98 61 59 89 16 96 50 75 99 6 71 47 36 34 29 75 65 34 70 95 26 58 97 85 14 36 22 58 2 63 42 40 94 24 11 1 12 54 43 42 37 48 42 57 79 28 70 69 40 97 86 69 15 70 88 86 32 58 76 42 50 65 41 67 33 38 31 50 84 8 68 87 23 25 27 66 29 51 29 80 36 33 58 1 68 97 67 58 46 52 9 98 60 2 41 33 39 64 31 60 57 76 39 45 28 36 90 89 76 16 26 25 21 58 67 33 67 26 86 72 36 97 77 68 45 97 38 98 43 53 81 34 48 26 91 22 70 51 4 49 80 14 96 70 80 93 12 57 85 20 12 21 13 56 67 83 48 98 17 85 22 84 24 66 66 21 63 65 3 92 42 27 20 60 18 86 27 76 27 87 86 89 49 100 80 31 94 42 13 99 89 84 32 54 41 19 37 28 10 26 91 26 41 25 85 28 45 78 88 4 22 36 45 42 83 1 10 37 65 94 9 85 42 4 20 80 66 56 47 5 10 5 37 34 96 68 89 66 18
33 46 96 42 74 95 58 21 90 61 30 40 23 82 24 18 56 45 24 74 66 44 23 48 73 29 22 73 69 29 96 53 99 100 33 28 61 95 35 59 0 43 5 45 25 44 75 9 100 11 89 17 55 3 67 28 47 54 46 47 55 0 43 18 94 26 16 95 16 30 89 0 0 15 45 49 55 48 100 80 88 21 99 9 77 70 0 52 42 57 7 98 63 59 98 36 25 71 88 49 87 83 33 21 20 70 66 83 60 11 35 4 22 29 75 54 19 28 88 44 38 75 61 81 7 40 47 71 80 66 95 64 7 64 57 3 74 82 41 73 16 33 2 91 33 5 38 66 80 42 81 0 23 43 11 36 82 89 35 71 91 67 0 32 72 100 6 19 58 31 23 39 37 28 18 69 19 40 18 64 92 5 31 23 52 13 81 89 61 69 73 33 39 86 80 27 32 92 67 46 13 100 75 94 81 37 95 79 98 52 76 52 43 75 76 14 76 56 69 79 52 81 98 4 50 1 5 53 81 21 52 6 45 38 74 44 90 3 44 0 50 26 42 9 19 83 43 8 95 8 0 8 69 63 92 0 30 86 31 54 35 19 26 2 51 80 69 65 68 43 19 86 19 99 23 25 57 59 52 15 25 72 91 70 13 47 14 82 62 91 56 14 55 5 74 88 61 58 8 22 42 70 74 46 63 70 9 52 53 19 27 79 51 53 63 30 42 69 20 18 94 77 4 34 39 27 92 21 95 36 25 41 59 9 35 1 94 98 0 92 36 41 44 51 31 21 34 96 74 39 14 39 85 77 71 53 44 41 62 36 38 10 65 79 90 5 10 33 83 46 28 87 76 83 43 50 85 38 72 51 57 79 23 15 80 41 56 90 2 91 47 69 47 65 71 95 37 8 58 32
54 63 75 21 33 47 50 11 25 76 83 72 1 20 30 2 41 85 50 63 87 3 32 7 91 83 35 41 53 76 58 37 41 59 62 49 42 82 14 18 28 17 85 75 94 51 94 75 36 88 70 20 70 95 12 90 80 41 93 53 43 34 54 24 80 70 40 5 25 88 91 29 54 6 39 42 0 66 77 24 97 82 46 20 69 65 71 25 87 1 73 77 94 90 45 30 73 39 91 75 77 3 14 47 10 38 82 80 23 7 17 77 18 73 64 19 44 53 52 15 15 30 94 17 25 15 30 48 39 53 1 45 86 26 36 25 71 89 96 30 22 90 2 29 22 67 90 45 11 11 94 67 25 39 53 7 33 57 100 47 36 45 29 22 70 72 31 4 28 35 35 54 32 9 42 9 60 0 21 89 59 77 54 38 93 49 31 64 64 24 77 21 68 21 25 87 62 13 38 0 90 83 82 47 83 28 18 97 5 16 38 5 98 72 67 55 94 49 30 36 67 12 23 31 79 92 13 22 54 1 7 73 83 5 97 74 4 39 42 40 79 40 40 83 42 65 88 29 8 16 25 58 39 35 27 25 55 57 30 7 52 45 1 10 55 40 64 20 95 12 65 2 37 39 70 24 93 50 30 72 17 20 25 21 22 58 1 64 5 40 9 100 17 35 76 24 10 79 50 71 51 13 78 9 89 67 43 13 86 49 3 18 73 38 10 14 53 20 81 82 44 62 50 23 37 21 69 55 18 26 12 92 40 97 97 49 41 54 7 41 90 65 48 69 60 80 3 46 9 11 10 32 31 58 64 84 89 63 78 35 63 43 72 88 51 67 78 23 52 64 4 33 38 10 76 45 61 46 31 54 70 12 50 87 21 94 24 42 88 34 85 77 11 36 77 74 76 8 88 25
26 32 96 27 32 34 92 44 32 82 1 31 61 63 60 52 58 26 82 53 61 68 0 55 63 2 51 79 34 33 29 20 64 80 15 76 23 60 20 0 18 80 78 11 20 26 87 8 40 32 20 91 80 63 53 17 29 73 3 26 91 58 52 41 31 100 10 9 5 43 75 13 84 86 12 49 33 79 56 25 8 5 95 84 39 62 64 4 97 84 24 52 14 26 90 71 73 81 1 41 98 82 91 98 27 84 38 31 90 50 72 73 39 22 99 66 3 74 28 16 71 11 10 40 77 11 40 78 99 73 93 76 8 82 61 66 72 46 22 4 31 98 80 81 99 8 90 54 95 29 73 13 8 36 0 33 27 94 93 23 52 14 67 57 19 44 37 76 84 15 71 76 25 46 7 1 36 47 81 4 67 5 22 76 37 80 23 93 94 91 94 29 96 7 5 48 13 69 16 92 95 53 7 53 24 9 10 69 67 60 10 17 53 45 15 77 92 63 86 67 49 31 49 35 47 23 78 30 81 92 78 46 32 10 3 89 23 77 2 77 41 52 88 19 78 68 23 37 76 23 26 22 39 96 72 93 100 10 79 30 46 46 54 2 42 17 82 5 74 95 85 22 28 16 63 38 67 71 63 85 9 59 28 26 24 96 88 93 48 17 0 45 2 56 93 5 7 66 27 53 64 99 66 68 50 20 50 28 67 80 99 16 66 54 12 76 29 62 16 77 6 65 47 85 39 22 78 0 25 61 84 65 23 77 66 15 67 71 98 87 2 28 92 83 45 59 39 60 78 73 45 15 52 98 0 48 9 92 55 61 55 14 31 74 1 9 58 89 0 96 57 83 71 15 6 28 96 71 37 19 87 56 10 8 12 91 56 89 72 2 22 95 99 76 41 100 7 2 61 52
2 36 24 28 81 6 98 43 9 7 21 43 65 40 35 96 78 37 34 14 70 88 48 79 94 28 34 100 60 27 91 7 62 39 45 10 68 65 96 56 60 51 46 65 24 54 24 17 69 64 24 37 11 47 44 67 65 43 72 30 5 91 79 12 25 58 91 89 15 7 75 30 93 91 37 23 63 82 35 64 16 69 70 26 80 91 100 19 80 38 78 77 50 25 3 6 28 1 67 9 27 48 14 5 59 74 44 87 33 79 39 33 18 17 93 58 38 89 40 22 59 41 49 76 66 67 74 81 7 83 8 53 22 72 67 27 29 66 55 96 95 70 4 18 20 82 64 40 47 9 3 88 46 33 79 98 23 86 48 66 40 33 67 29 45 35 22 78 56 17 17 23 63 59 68 18 72 81 26 64 10 79 81 88 54 79 60 90 90 14 49 78 47 12 84 23 22 39 78 41 14 56 4 90 1 55 38 7 38 20 78 2 49 61 57 50 39 63 15 60 99 61 9 59 11 89 87 1 94 78 62 36 83 95 52 62 97 15 80 6 51 70 28 58 21 56 42 8 34 52 76 53 26 7 5 90 60 60 24 45 51 99 68 98 43 39 21 95 73 82 23 50 92 82 80 49 70 23 87 86 82 55 44 70 88 28 10 13 95 23 92 15 39 32 56 5 49 97 54 29 78 65 90 41 58 2 8 23 33 10 89 7 93 19 3 94 90 24 37 17 40 100 33 90 79 69 12 7 39 18 56 95 41 58 36 35 30 28 72 15 44 98 55 32 67 82 28 47 80 90 40 97 85 63 36 76 54 100 42 91 97 78 69 54 54 94 55 80 32 11 4 98 68 13 58 38 71 65 58 81 43 29 31 29 13 68 37 61 71 19 14 8 19 39 30 22 37 38 51 13
17 77 83 57 76 90 47 6 5 16 47 94 38 39 73 0 15 77 18 60 59 14 14 65 45 58 92 18 99 86 21 81 35 88 69 69 55 91 9 14 94 96 17 25 59 17 54 47 60 95 31 75 35 45 73 44 32 99 77 45 25 68 40 71 67 71 9 47 36 32 95 70 92 12 15 26 12 85 64 31 32 90 67 90 35 41 57 53 59 7 82 68 77 18 53 12 0 38 85 70 49 40 16 36 43 1 79 5 55 44 34 19 15 84 91 16 63 41 98 71 91 46 32 93 3 100 56 32 43 87 9 54 90 39 10 33 80 22 42 90 87 53 66 73 40 98 49 6 28 5 58 19 82 47 62 94 83 54 48 21 88 53 31 98 98 55 84 24 98 74 12 5 37 67 29 10 35 19 69 53 31 17 8 71 37 64 51 54 39 91 38 92 50 92 57 44 22 62 37 61 37 43 75 83 54 66 31 27 30 10 76 87 82 80 53 35 14 34 69 81 4 69 99 71 66 82 6 55 46 47 16 83 23 52 36 59 80 10 9 2 6 59 9 6 74 64 97 14 53 18 27 100 72 64 99 67 65 97 77 85 46 4 88 66 91 43 51 78 50 96 11 33 70 86 1 35 90 14 67 22 14 9 53 62 34 75 73 34 3 64 29 75 83 72 58 54 78 91 20 55 6 26 95 31 18 19 37 42 52 89 81 69 21 0 28 71 13 29 51 35 86 29 95 41 25 28 57 10 7 90 84 16 41 28 68 99 24 12 32 91 22 64 24 72 28 61 63 51 78 88 25 51 44 18 9 90 66 53 63 4 48 30 94 81 20 95 16 16 69 24 81 62 8 54 64 6 67 44 78 9 10 45 97 97 5 30 24 89 46 97 94 65 86 95 95 11 69 82 79 0
8 32 22 0 61 9 41 82 56 75 48 71 22 72 93 9 1 75 51 41 54 6 24 47 72 62 83 23 49 0 35 8 73 81 21 3 63 88 32 53 79 35 62 46 83 85 71 16 27 57 70 1 36 36 28 75 64 13 77 89 1 90 50 41 13 70 56 11 49 57 55 82 1 56 65 48 63 32 37 36 75 40 98 38 75 16 37 4 20 55 60 96 72 31 24 55 43 75 97 96 97 44 15 76 73 15 25 63 81 12 89 44 23 33 67 58 10 7 66 2 59 45 76 41 68 95 84 44 57 81 5 96 41 64 81 22 90 58 29 79 87 11 45 1 37 40 49 72 34 39 43 32 7 70 51 55 12 81 28 81 63 87 36 99 3 16 32 74 54 79 74 3 27 69 24 81 44 63 69 71 76 15 60 79 39 52 66 54 42 23 49 99 90 89 41 45 10 74 41 65 62 55 18 70 98 70 7 68 91 19 48 58 27 63 50 33 27 46 79 48 41 35 29 67 37 22 62 1 34 4 21 98 84 59 19 76 12 63 41 10 61 93 73 64 3 50 53 98 71 55 50 17 56 7 57 38 25 62 36 51 78 24 78 82 12 40 16 68 28 98 7 5 71 2 74 32 98 30 46 73 97 74 8 80 96 91 11 58 54 67 73 89 36 40 21 97 48 20 17 77 76 12 26 1 80 72 27 36 54 62 4 92 76 55 53 65 46 1 10 24 49 34 46 56 40 94 95 68 8 25 63 15 23 98 20 93 37 97 34 7 76 23 40 75 74 62 47 62 36 18 52 15 92 52 48 22 38 42 30 47 15 48 14 46 72 49 20 18 47 71 1 1 50 70 95 0 44 27 4 67 57 44 100 41 69 0 44 57 13 17 55 81 99 94 70 3 52 18 97 15
52 52 19 95 1 63 94 84 53 75 73 28 18 15 91 41 43 28 36 71 2 17 76 81 45 57 55 19 47 97 72 48 28 13 82 40 63 0 63 65 34 8 3 32 5 12 0 78 75 7 49 83 25 63 71 97 65 31 26 85 8 0 40 48 33 87 25 28 75 91 13 93 11 27 25 85 54 30 72 71 66 52 47 71 10 34 32 56 20 89 85 29 79 81 60 67 44 72 85 15 48 39 43 34 90 92 11 97 5 84 0 28 46 11 9 32 22 11 78 14 14 90 93 99 69 3 96 90 55 39 94 60 54 50 71 94 24 80 50 90 35 20 55 52 36 94 1 82 93 68 81 72 85 61 70 55 59 24 34 61 70 33 11 62 10 34 29 50 69 88 67 45 35 58 0 46 12 7 49 98 98 86 38 79 6 30 87 57 7 10 70 1 72 55 72 26 71 23 62 74 10 23 17 98 58 52 65 84 91 21 54 16 64 69 91 70 80 59 99 67 76 80 95 51 54 62 53 38 71 46 63 69 25 13 65 95 77 82 27 13 0 74 6 31 71 29 51 24 61 1 0 86 6 98 52 45 34 1 76 8 41 86 98 95 7 62 82 15 35 17 72 10 30 74 76 77 85 46 61 87 89 10 11 15 75 31 77 90 50 14 40 31 36 4 15 24 78 42 93 16 41 71 88 63 36 2 6 22 1 50 24 49 98 48 62 51 75 90 22 13 80 31 9 89 35 98 84 45 0 82 20 76 55 57 6 12 72 32 74 57 4 39 66 36 4 100 63 82 0 11 41 45 93 91 46 15 75 36 43 8 92 17 45 30 10 34 14 46 81 27 64 18 61 53 84 17 98 96 47 77 11 71 77 50 51 31 96 96 23 33 82 11 24 62 85 92 100 46 64 68
44 55 68 14 33 6 10 35 41 99 63 59 31 12 92 89 28 23 22 88 29 74 28 38 9 56 62 47 97 9 7 66 14 89 84 64 70 82 22 39 60 36 64 0 99 49 15 50 26 99 32 23 27 59 52 39 28 14 92 51 39 95 35 23 90 1 95 76 68 90 95 98 49 50 34 73 100 12 14 40 15 28 25 67 31 34 20 39 11 86 51 16 17 40 36 83 69 98 62 78 25 23 25 57 57 66 44 24 66 38 70 84 86 39 3 98 8 69 80 32 24 94 36 22 66 72 18 51 58 79 65 94 37 40 48 81 30 89 4 82 45 26 39 35 18 80 51 86 26 20 64 91 53 92 26 14 52 1 33 32 34 96 95 13 77 73 48 67 13 18 67 51 10 9 91 12 81 70 17 5 66 24 25 25 94 64 8 2 7 87 68 97 56 76 31 54 8 16 1 52 83 32 42 99 73 79 75 93 11 33 10 92 53 22 56 41 73 45 63 83 17 82 37 29 57 21 46 36 98 87 51 98 96 97 15 81 68 0 32 87 48 33 58 40 63 69 83 4 1 37 12 91 82 15 76 43 92 50 81 91 14 59 8 37 32 65 60 32 97 1 11 80 47 80 17 86 78 47 65 6 85 48 66 69 100 19 86 1 52 39 10 97 83 71 92 37 41 1 88 96 49 42 71 44 72 69 2 28 41 13 0 77 14 58 22 16 23 68 89 67 47 36 65 68 89 65 30 91 53 37 70 62 89 17 37 81 21 23 55 72 2 86 63 43 1 81 58 73 81 65 1 80 18 13 12 49 82 11 4 3 83 44 44 51 15 78 23 34 32 39 35 73 86 61 3 92 72 0 79 54 71 69 44 42 41 48 28 67 94 39 95 46 45 47 19 79 68 20 17 74
1 47 78 56 15 6 39 40 50 77 25 82 84 32 36 73 92 82 56 57 42 86 45 4 69 79 30 63 81 93 0 77 92 58 23 55 88 77 13 61 89 62 30 53 4 9 58 0 16 79 47 1 52 82 4 34 9 99 27 55 84 2 76 53 85 86 27 69 0 15 88 82 1 5 8 14 85 86 97 20 65 9 93 0 85 81 41 33 86 49 57 43 28 32 91 88 79 46 11 5 83 45 87 57 61 45 1 79 38 90 38 27 42 60 6 14 98 24 46 85 92 96 98 50 79 50 38 92 44 79 54 82 29 41 43 11 30 71 63 41 44 91 45 35 89 77 51 56 4 88 41 93 61 67 86 27 20 24 82 12 80 58 4 47 91 66 44 24 17 92 24 26 68 62 48 32 78 65 15 74 69 98 40 48 33 86 77 43 99 48 4 1 50 47 35 53 26 30 59 17 3 65 86 76 74 79 7 43 85 12 46 39 67 93 91 1 17 76 74 73 28 84 47 18 40 40 51 92 19 88 61 61 37 28 9 46 83 78 23 56 58 29 2 20 89 89 92 53 45 97 76 37 84 44 71 16 31 59 55 17 18 31 94 83 72 42 49 45 80 4 68 25 65 10 35 27 98 72 77 33 40 25 85 30 2 72 77 33 98 92 82 99 45 93 26 79 63 53 42 47 18 44 76 24 11 20 65 78 37 13 47 42 34 55 24 60 11 26 52 1 7 27 92 74 89 59 98 22 89 97 5 53 50 37 94 8 51 6 48 56 84 34 37 49 34 97 31 4 75 25 32 75 38 88 50 39 73 98 27 98 6 84 28 96 82 44 21 74 22 96 4 21 76 74 78 41 5 39 44 91 93 60 33 68 39 92 32 30 21 83 54 19 70 84 96 40 10 15 35 69
27 5 67 63 78 69 97 54 36 1 100 21 87 31 83 26 78 60 66 7 93 54 93 95 31 28 90 86 55 55 35 52 66 18 85 2 28 33 66 17 77 67 66 18 59 18 31 67 65 63 39 7 34 51 71 80 3 4 70 97 46 79 99 7 46 56 72 5 88 72 19 51 66 6 80 51 72 42 63 42 30 71 79 2 4 15 25 96 65 68 75 94 56 94 34 70 39 65 47 92 96 37 35 23 44 3 63 76 82 46 30 3 75 70 22 96 42 86 94 43 1 17 57 47 83 59 6 70 28 98 8 66 13 80 57 79 51 48 8 55 12 14 19 11 48 84 1 56 81 8 100 85 14 42 27 82 48 15 46 92 61 97 6 37 59 56 49 54 96 95 2 58 69 95 77 26 2 98 75 67 39 93 71 10 33 20 82 15 79 100 60 52 32 58 20 81 81 59 89 61 68 47 64 64 74 27 7 98 73 9 48 12 55 26 100 98 35 46 55 75 28 14 96 31 1 20 88 76 29 98 51 69 35 32 48 88 91 73 52 25 2 18 17 77 1 91 39 2 47 73 88 57 93 0 95 19 64 57 50 85 79 17 27 51 40 67 23 48 33 68 76 82 93 91 12 98 77 78 19 93 31 46 67 84 5 96 1 74 85 22 0 29 35 35 40 99 10 94 49 11 75 67 71 39 17 98 95 6 93 90 13 21 89 88 88 3 56 97 37 6 78 16 64 95 61 27 36 71 41 69 80 100 67 30 47 24 50 50 94 43 45 56 30 65 84 59 50 97 28 7 56 26 15 25 35 91 6 70 70 89 38 22 97 8 2 4 89 60 20 99 42 78 77 65 94 70 58 70 63 8 95 10 40 7 27 7 36 29 7 85 93 83 77 47 38 74 73 79 16 76
86 23 12 13 18 2 41 0 72 36 54 18 52 38 16 86 3 83 99 48 96 42 99 72 87 19 69 10 21 15 52 11 32 45 13 6 28 35 29 66 91 28 13 49 51 26 75 89 26 87 6 83 53 88 51 15 29 66 9 45 48 84 56 32 64 28 54 3 14 21 11 33 91 94 89 21 91 79 32 19 50 35 84 85 93 91 88 38 67 79 4 74 13 53 84 93 82 75 36 4 74 47 48 62 76 55 21 69 100 13 7 47 50 24 25 26 31 76 62 24 8 56 12 20 92 53 45 84 90 78 61 86 58 53 28 57 41 55 36 64 71 29 17 53 81 67 84 36 31 96 42 94 95 38 82 95 30 44 25 45 8 43 2 4 93 67 99 50 50 13 22 93 93 12 96 75 14 63 0 33 33 25 16 57 79 98 97 92 38 20 2 77 52 77 84 82 84 9 20 68 29 99 63 45 75 13 50 21 88 15 17 86 54 2 13 74 31 68 47 24 38 39 16 31 91 73 24 74 75 24 70 66 64 46 2 25 94 13 42 85 28 9 70 19 56 72 58 88 4 99 25 3 64 61 23 16 32 39 85 12 95 53 55 77 1 84 24 8 66 41 19 64 100 0 68 48 36 79 18 50 78 9 30 3 3 53 22 23 73 43 81 72 51 69 72 86 38 31 61 49 76 59 34 29 62 83 71 30 83 94 27 75 14 58 81 88 78 67 39 42 65 97 88 66 90 7 60 33 38 46 43 47 47 41 91 90 6 73 93 66 18 42 93 4 24 9 44 23 5 68 62 56 73 4 57 27 7 95 38 55 78 96 37 66 76 86 0 100 2 47 67 5 23 16 62 32 52 76 82 58 81 19 25 52 37 24 78 96 54 2 62 26 37 77 59 10 78 70 2 94
20 52 62 54 16 41 32 17 88 40 70 15 74 19 87 74 97 11 16 94 92 77 82 7 7 87 82 3 78 74 67 81 0 97 79 42 66 91 70 48 39 29 38 72 49 53 20 56 98 71 70 5 22 55 78 11 88 19 12 65 76 38 23 63 75 11 94 15 13 21 4 10 63 23 66 82 46 7 46 57 93 31 32 42 63 5 57 32 75 41 57 13 39 37 84 53 57 28 93 22 77 85 7 96 47 70 10 35 9 64 54 17 15 70 12 8 10 39 56 29 91 99 68 28 31 5 31 40 19 59 2 70 65 71 15 62 8 59 83 90 65 92 53 2 37 38 90 31 58 30 90 55 54 19 70 89 59 46 87 9 18 58 14 28 35 68 76 5 7 83 10 53 28 42 15 50 55 34 8 33 12 43 28 96 32 23 52 84 88 97 13 21 12 91 97 4 33 14 4 90 89 91 28 86 57 30 53 11 87 79 76 72 19 95 22 25 31 99 50 94 22 14 21 79 65 66 46 79 62 15 63 76 98 93 37 52 43 52 92 65 6 99 44 60 35 83 86 10 55 5 54 47 14 82 44 88 99 58 34 40 25 89 38 27 83 50 24 41 79 10 92 26 61 53 9 76 3 14 26 22 6 51 0 78 78 58 74 8 55 16 17 99 82 80 3 79 60 16 86 45 61 24 87 80 85 27 54 81 48 53 27 14 55 84 96 49 98 6 47 66 54 56 55 64 1 90 97 32 77 28 72 30 76 95 94 32 57 47 93 54 28 86 39 43 0 75 38 73 72 60 49 4 43 6 14 33 9 89 79 64 50 70 15 70 72 54 85 22 83 39 72 6 47 20 2 68 79 2 54 25 27 100 42 14 27 49 88 73 78 18 72 79 79 80 73 56 11 38 94 77
62 49 84 33 13 96 64 94 42 18 16 2 96 82 61 44 60 32 62 28 76 92 59 70 29 31 37 22 74 41 21 26 36 33 86 12 99 59 8 83 89 83 73 16 88 79 0 22 60 95 21 34 49 10 77 28 4 73 46 12 58 100 9 88 58 49 20 54 2 10 21 92 8 69 56 23 42 17 16 2 86 68 59 16 45 96 51 1 55 97 1 23 27 46 31 97 17 15 84 42 59 36 48 22 79 73 48 85 33 12 36 13 22 18 26 47 0 23 4 35 76 18 45 49 63 41 17 43 59 87 51 22 49 86 80 39 77 49 69 7 14 74 57 19 85 35 45 95 90 97 79 18 96 46 50 8 100 71 22 15 84 45 27 55 88 64 8 27 7 81 16 91 18 66 3 7 94 89 69 5 85 39 89 81 58 84 80 63 6 71 55 5 57 37 98 80 72 51 72 71 2 42 22 90 46 5 21 91 95 22 100 64 98 80 61 90 100 75 81 28 85 72 32 47 87 66 87 50 49 39 34 71 59 29 87 56 49 48 53 92 7 19 9 31 94 73 88 97 59 36 89 90 99 59 86 34 71 94 56 16 93 14 2 71 40 81 98 21 89 48 32 73 75 2 9 43 15 56 90 25 53 7 94 46 39 90 36 70 1 61 48 68 34 100 9 21 78 26 92 42 42 11 13 5 34 73 5 54 20 1 88 95 59 14 24 54 54 3 76 20 1 93 37 57 53 30 10 17 10 70 36 67 93 52 0 39 95 77 22 9 36 54 95 1 33 57 88 31 83 59 65 70 51 42 52 65 23 52 78 36 44 84 41 46 17 41 32 83 87 2 56 10 14 15 26 73 40 88 24 15 39 3 7 18 77 91 30 4 97 63 80 15 77 41 55 30 89 47 13 27
74 37 35 26 95 88 87 91 30 35 67 81 70 8 22 15 59 46 16 71 97 97 64 75 46 25 100 79 68 18 96 76 23 98 46 12 4 21 24 87 4 2 97 36 95 25 55 72 98 42 18 46 24 74 31 4 0 53 74 17 45 17 97 87 47 86 80 25 76 59 44 5 28 4 6 54 2 69 22 49 40 17 1 18 61 73 93 46 83 38 84 4 85 88 69 84 27 90 62 49 6 45 46 16 11 17 52 97 28 34 2 19 92 34 68 15 36 86 2 74 43 32 8 100 28 84 38 2 5 33 12 57 81 26 79 11 10 87 70 96 58 63 97 42 27 47 88 47 80 95 18 50 92 94 74 97 28 12 99 8 76 22 88 13 55 42 65 96 49 57 71 89 62 28 58 26 72 0 64 29 10 99 44 47 67 96 92 87 84 84 51 53 2 79 4 5 55 64 50 62 90 68 95 27 72 49 20 34 13 14 45 30 99 35 99 7 65 49 48 36 15 62 90 5 13 91 7 27 34 16 51 67 61 91 84 24 9 96 9 48 83 41 9 62 98 54 18 55 92 51 5 24 89 99 44 26 93 70 39 30 39 43 4 1 13 77 52 10 92 55 55 69 3 57 54 37 26 80 29 2 88 96 27 77 41 50 98 55 66 53 15 13 48 73 69 52 39 57 28 29 66 20 15 23 23 75 53 88 65 78 36 95 5 84 76 12 36 30 16 55 4 35 41 39 34 57 26 49 95 89 84 21 20 70 99 26 3 42 98 51 42 25 27 91 38 16 36 43 18 38 30 53 5 11 73 64 57 55 27 47 36 6 20 65 0 95 24 83 14 74 52 99 88 2 19 44 42 79 18 55 19 82 23 99 22 42 33 96 26 56 54 83 88 62 56 77 64 27 47 54
95 5 61 95 85 66 100 25 9 77 8 19 13 91 44 8 1 30 78 3 47 40 52 80 4 33 44 43 54 37 35 8 77 52 100 22 10 76 99 53 9 46 3 86 49 22 48 25 93 53 90 43 48 30 69 20 83 1 91 49 61 88 66 15 66 99 89 0 34 9 100 83 44 8 62 77 4 21 25 39 16 46 98 7 22 17 9 12 3 94 65 0 78 5 76 21 59 39 54 99 51 94 69 48 92 93 77 5 46 70 71 99 18 19 25 2 0 61 89 91 44 89 9 82 15 73 28 27 51 5 50 28 83 82 2 80 4 11 42 82 4 83 78 34 47 79 33 16 96 5 11 18 48 14 7 28 42 40 7 97 75 45 65 78 57 16 18 64 43 44 20 25 14 52 55 53 30 71 29 15 93 92 17 69 54 30 16 32 36 97 53 98 27 94 25 76 25 60 31 61 81 87 33 12 30 36 17 81 50 21 56 75 68 64 32 14 84 1 88 14 85 31 79 75 54 51 78 19 8 44 80 37 42 41 28 54 83 84 83 0 52 10 99 36 22 6 65 75 7 93 52 33 84 62 77 14 12 84 64 97 61 62 61 88 13 17 67 18 73 84 15 22 41 33 46 43 3 48 16 71 81 39 31 11 35 72 100 58 2 35 58 40 37 91 57 99 20 39 9 10 69 72 70 55 90 88 94 61 20 54 38 59 47 44 50 4 73 73 51 3 30 65 5 97 43 7 65 59 86 98 17 29 51 95 55 89 47 20 47 28 31 98 78 14 76 79 45 84 25 29 7 94 41 94 95 92 75 88 41 33 20 65 56 16 37 5 3 33 81 10 78 71 36 53 22 15 24 26 25 65 3 11 16 60 74 79 96 12 6 52 0 24 76 92 3 50 35 6 34 95
20 26 53 57 87 21 68 10 88 12 92 99 66 67 57 62 76 89 79 11 12 43 17 51 13 38 49 81 49 75 18 33 80 52 72 13 35 96 12 23 4 37 14 63 78 72 43 15 7 75 89 65 97 78 71 32 82 38 88 4 84 72 70 32 62 57 34 31 2 33 7 10 37 77 35 57 11 13 30 37 63 37 11 42 91 86 57 4 17 46 100 70 53 62 62 85 33 78 74 49 66 91 49 33 53 31 75 52 68 32 61 82 34 10 60 51 85 67 27 59 10 17 94 40 13 38 57 97 97 61 18 65 93 42 25 16 1 56 67 26 33 55 50 16 15 5 65 5 63 53 22 100 43 12 17 65 28 55 70 67 64 58 47 2 6 33 53 88 24 57 51 43 66 55 63 6 94 31 76 62 77 34 56 11 36 31 6 4 6 12 20 19 84 53 61 27 30 16 43 74 83 18 77 2 25 96 5 41 35 41 82 76 60 13 37 68 97 87 78 90 66 6 85 34 19 91 54 82 92 17 13 36 7 48 13 19 48 87 29 0 11 59 65 74 62 36 31 8 21 32 75 100 26 91 41 66 20 98 34 38 36 59 76 47 78 68 67 65 88 53 1 54 85 79 26 94 22 35 48 23 5 100 40 9 70 36 24 41 21 66 62 55 85 38 57 43 94 45 53 33 62 87 39 11 62 15 60 57 85 71 43 93 41 24 73 26 24 96 88 57 28 53 49 67 79 18 36 49 78 4 35 76 79 8 1 30 25 16 65 82 29 22 16 25 4 59 74 25 61 3 20 58 12 25 12 44 36 32 44 18 71 70 6 49 39 78 82 48 79 13 17 1 41 27 97 90 38 9 18 8 4 23 76 40 48 89 6 56 20 79 73 75 11 7 80 31 57 70 89 19
11 28 77 51 27 3 70 30 30 97 65 31 67 90 85 32 39 3 34 2 13 58 58 89 26 7 64 93 19 39 92 71 0 85 72 54 98 25 71 3 72 49 62 96 33 20 81 49 91 72 77 14 4 33 94 9 74 8 38 17 72 75 71 92 21 61 25 60 49 64 3 25 15 55 34 93 15 15 75 61 85 67 72 87 94 88 69 92 64 1 63 98 53 27 84 56 26 92 25 83 40 7 42 70 92 16 3 15 70 65 73 92 17 34 51 13 36 72 94 44 85 9 12 41 27 0 27 51 92 9 57 3 79 14 9 38 52 40 40 82 27 81 71 20 54 70 94 90 47 4 93 6 90 100 92 39 68 48 37 13 42 97 51 97 93 47 81 9 17 45 92 2 97 21 84 57 55 9 68 79 48 25 92 7 3 61 94 66 74 98 29 95 33 38 56 41 36 92 99 89 3 80 94 23 81 57 78 48 45 30 23 65 35 75 30 6 85 30 31 13 56 36 37 69 18 24 74 36 14 18 62 7 26 27 65 95 43 27 86 36 76 62 56 48 48 65 2 34 75 93 63 38 1 40 69 19 80 53 2 10 72 68 21 11 27 34 27 56 74 58 99 26 10 43 81 15 55 6 40 93 51 94 71 4 65 88 87 43 59 60 19 26 58 69 23 67 11 7 18 54 4 15 76 91 95 55 67 27 22 38 0 78 33 79 71 92 32 44 55 28 44 44 32 66 86 24 71 46 69 63 96 97 82 41 19 49 69 57 15 14 40 29 14 11 88 89 35 1 17 70 74 80 11 53 4 17 45 35 65 37 32 75 91 98 95 56 28 3 0 94 83 12 38 51 89 8 33 20 55 85 72 54 67 31 61 47 15 97 16 46 74 3 32 48 98 66 73 42 37 79
19 67 31 33 47 22 18 53 46 48 77 55 85 65 7 44 80 33 19 68 97 32 38 7 18 70 48 68 49 76 95 90 62 14 51 40 100 29 80 59 74 97 82 77 62 98 56 52 93 55 89 95 13 30 34 5 37 1 58 88 72 67 69 45 16 66 33 70 47 29 57 8 12 10 77 87 96 32 64 69 88 41 99 58 33 36 47 11 64 75 28 80 28 47 27 10 27 29 78 26 96 94 62 15 46 39 65 67 78 4 3 15 72 66 46 70 75 56 48 100 63 100 74 54 63 56 71 64 10 49 41 79 40 51 0 50 14 59 59 57 58 6 74 72 35 79 33 39 68 57 37 33 12 48 2 9 4 57 70 46 3 100 31 37 68 79 79 55 46 29 60 35 9 35 90 9 100 69 65 12 0 51 58 16 63 11 72 3 87 62 71 56 30 67 99 88 23 56 98 95 44 22 11 100 22 64 63 85 48 66 42 4 25 95 49 94 65 90 23 63 79 64 82 86 98 34 51 5 64 19 67 56 57 10 17 35 76 96 76 34 44 80 12 5 89 30 23 64 23 54 14 41 44 63 4 98 46 58 26 40 97 81 78 49 15 34 63 72 24 98 45 17 71 39 61 60 87 61 31 4 70 44 66 19 51 80 92 10 66 69 38 36 70 58 3 100 84 16 3 74 61 24 51 41 75 63 94 81 61 81 18 23 96 10 83 67 61 80 37 27 5 72 31 97 66 27 49 25 25 70 47 100 65 49 36 86 73 65 78 0 34 71 36 88 42 64 95 62 55 84 90 65 61 76 75 73 69 10 46 58 2 8 8 54 78 55 67 65 66 21 55 3 68 80 26 45 33 22 63 12 96 48 47 54 85 95 28 52 40 90 96 43 5 62 66 52 45 55 56 86
50 22 53 45 4 7 50 96 98 20 6 52 26 56 26 83 0 71 80 17 41 12 26 44 52 45 97 16 30 4 38 40 20 33 86 11 100 38 29 38 56 75 89 18 34 70 20 14 1 70 86 58 17 57 68 68 83 45 25 95 85 69 40 20 33 74 97 7 77 2 23 51 91 49 19 53 30 21 10 71 76 36 52 48 24 24 96 24 91 37 91 90 88 92 43 84 46 61 71 67 40 5 46 22 79 92 91 78 31 35 94 77 33 6 19 78 49 59 26 46 32 53 53 65 30 55 66 74 55 8 54 44 48 31 19 5 67 37 36 49 16 95 76 60 45 35 46 45 69 7 30 64 84 14 84 95 29 100 65 46 30 50 97 33 70 5 75 8 29 4 26 37 100 18 45 24 100 90 33 92 27 68 83 30 38 5 48 85 73 41 78 2 88 93 24 35 69 62 45 75 55 58 41 13 60 30 56 76 74 74 95 96 63 1 50 87 27 78 7 26 77 97 67 7 62 43 77 62 77 0 99 38 37 25 7 74 30 23 60 3 10 35 26 0 90 100 66 81 12 65 63 57 94 70 61 10 0 90 60 48 81 58 10 40 9 39 29 63 74 21 79 25 72 86 53 25 25 47 77 76 7 100 70 12 12 23 84 52 99 19 27 5 6 67 57 93 36 11 44 69 27 13 60 90 70 20 83 93 99 78 45 22 74 27 16 83 25 19 80 1 45 97 3 99 100 90 93 97 50 53 67 65 36 70 37 40 20 49 58 16 45 56 77 5 66 53 27 55 19 0 46 84 53 14 0 19 44 23 8 35 46 41 0 53 82 34 96 39 10 36 6 98 27 26 72 79 42 36 37 3 92 27 51 96 81 4 37 52 12 97 63 83 60 79 96 33 74 90 13 89
5 2 37 78 35 0 96 30 49 18 71 97 93 7 15 78 42 3 99 24 68 70 41 36 46 92 38 86 55 73 100 86 23 26 27 12 26 26 21 5 51 17 1 12 23 15 38 40 38 42 74 58 85 75 83 97 56 50 98 65 37 28 46 53 19 94 41 40 90 13 60 42 87 28 86 70 17 47 15 100 98 68 11 23 74 59 71 69 89 6 44 10 23 7 84 80 57 4 63 91 23 56 94 10 46 76 54 28 93 31 52 74 68 10 74 2 100 48 38 10 25 68 98 5 44 82 2 14 11 74 90 26 71 62 71 93 52 63 49 85 96 97 75 61 50 28 83 88 97 18 35 70 71 53 79 34 56 92 46 43 38 1 3 45 5 66 53 91 47 82 2 49 4 86 47 59 18 99 22 69 68 73 27 73 90 93 85 27 75 3 56 30 23 4 6 36 96 73 30 46 68 45 37 14 60 94 60 30 82 4 68 31 34 96 11 10 45 5 10 23 69 74 72 41 87 17 57 65 80 28 49 48 10 21 98 0 95 63 21 99 3 39 13 50 54 73 64 65 22 61 49 71 43 12 36 46 2 81 97 94 72 8 15 21 62 76 71 16 5 72 82 31 19 93 6 55 34 58 84 46 22 27 18 37 21 67 64 4 34 73 56 8 13 90 30 83 15 84 99 54 14 62 30 15 83 30 86 15 62 26 1 68 63 75 100 52 41 97 51 5 37 89 11 97 76 94 9 9 34 18 37 51 92 48 29 58 63 58 58 73 20 41 62 38 88 80 46 69 68 50 41 24 83 79 13 8 86 45 18 52 79 67 36 82 24 58 16 97 52 84 31 16 90 8 0 52 58 56 84 86 62 87 61 85 1 37 28 9 26 47 63 58 21 68 53 64 64 56 82 95
35 20 4 79 62 59 11 79 82 5 65 35 18 75 1 47 39 43 39 16 27 87 60 58 92 26 61 74 32 82 34 89 30 87 73 98 71 10 34 6 13 5 83 99 63 84 69 51 27 41 56 72 21 19 88 8 61 85 31 48 53 22 19 2 4 19 47 80 23 32 55 89 24 75 3 49 41 17 87 29 72 33 89 49 89 82 34 29 1 81 86 16 5 66 71 3 78 76 96 85 78 47 36 49 59 32 63 32 94 0 53 15 70 11 59 74 22 93 65 64 51 34 13 100 45 9 47 47 35 93 21 37 12 73 97 80 4 29 71 24 10 69 34 69 40 42 19 89 73 3 8 65 68 8 35 40 72 72 46 1 69 42 37 69 100 86 3 16 42 90 2 81 73 98 3 44 20 59 27 46 1 63 99 54 14 5 29 2 79 59 97 12 7 81 64 35 70 19 92 54 81 94 34 1 100 16 86 42 46 65 26 24 60 92 68 81 32 2 99 9 97 24 58 35 92 10 14 34 13 86 49 88 59 92 42 84 79 73 16 21 14 63 24 99 86 98 46 42 3 49 9 27 44 84 9 91 9 98 11 61 70 65 53 24 92 60 57 47 10 25 54 7 5 2 93 25 59 67 37 40 85 24 59 52 49 66 100 15 11 83 24 24 62 45 5 76 94 80 99 81 85 41 39 69 52 15 94 93 52 9 45 13 17 29 15 14 67 18 79 69 74 80 53 77 48 30 8 26 78 35 8 41 52 57 71 35 1 73 61 34 38 0 18 89 93 43 18 51 54 81 59 88 0 3 46 63 85 19 54 47 98 42 69 67 35 13 36 67 40 63 0 6 39 27 49 28 45 24 94 66 6 7 100 89 49 71 36 1 58 91 41 90 43 92 30 68 84 46 14 30
98 78 85 50 5 4 38 94 2 33 39 54 44 40 9 81 80 44 63 62 64 51 80 82 65 37 43 43 7 80 61 21 11 99 29 3 78 1 74 51 86 63 63 27 100 38 9 100 1 33 94 57 95 94 65 4 48 35 31 29 79 98 21 83 19 85 39 28 15 84 80 1 61 86 5 72 51 100 25 27 97 80 6 26 3 34 45 24 77 98 46 15 44 91 6 8 16 76 22 27 98 86 95 73 43 85 95 80 4 62 14 36 42 33 41 9 71 89 79 45 95 5 59 12 96 3 57 38 18 62 78 55 25 39 34 23 7 63 99 63 61 82 81 87 15 72 48 98 62 69 58 1 3 51 39 31 19 68 95 2 5 21 50 53 90 46 8 85 52 20 34 85 83 45 73 6 97 0 59 22 31 71 47 69 74 79 48 81 68 91 41 25 89 37 10 66 42 22 27 97 71 1 81 13 11 56 33 96 79 3 70 70 99 71 72 71 5 20 79 88 70 18 49 55 35 18 54 86 78 26 5 29 11 6 56 17 9 99 41 98 59 53 42 93 94 26 50 32 53 37 37 29 48 95 28 92 41 82 26 22 3 99 1 34 2 3 92 13 65 24 0 76 57 97 29 14 39 8 43 85 18 71 51 48 11 74 39 99 53 67 37 52 75 51 12 86 77 13 20 28 100 85 17 79 14 24 85 79 54 23 32 87 39 13 98 53 21 80 56 96 12 7 0 49 65 49 93 32 46 41 43 59 99 58 99 56 77 63 67 100 85 20 91 52 90 1 80 83 4 94 41 22 6 36 12 78 59 6 76 55 84 34 67 98 60 8 33 56 53 68 78 42 16 26 35 26 50 36 90 42 59 72 31 30 30 16 59 0 5 78 65 23 52 31 78 64 37 66 16 1
34 5 78 100 75 57 93 88 22 1 46 34 77 74 10 50 33 10 63 68 36 3 55 2 85 100 75 5 31 83 32 80 10 43 14 39 1 19 76 11 78 34 89 26 1 68 82 84 79 94 9 46 46 9 40 30 18 35 55 23 6 52 35 80 52 33 64 84 63 70 2 24 21 40 39 92 25 99 97 20 23 73 77 45 63 100 69 29 98 22 87 95 48 27 4 79 94 82 48 72 30 9 12 58 73 63 27 34 17 70 3 90 99 73 22 66 77 61 0 2 98 43 10 80 43 9 80 34 1 19 54 51 83 20 1 12 97 10 26 86 27 93 24 77 17 29 75 79 8 74 99 83 58 82 5 0 64 86 79 8 99 75 93 56 56 37 83 25 55 92 14 10 44 90 54 22 61 8 12 95 13 95 89 31 23 68 37 96 58 72 98 1 80 7 56 35 11 93 43 82 71 2 35 44 1 0 11 90 22 70 59 100 3 89 38 92 30 35 52 58 27 11 81 7 46 78 7 62 26 3 42 100 28 86 82 97 84 45 16 4 45 41 83 61 44 4 18 19 95 46 90 50 29 92 54 86 77 92 84 73 20 89 7 73 25 6 83 13 27 16 52 97 21 34 41 91 66 63 97 18 0 61 63 77 63 49 90 17 9 83 59 10 19 76 95 55 49 98 79 60 44 97 64 51 14 51 84 23 85 71 43 45 16 25 82 91 63 85 100 73 62 86 56 34 74 49 65 44 32 11 18 33 89 71 25 45 67 57 92 19 3 39 61 35 79 43 79 24 16 39 26 30 86 35 80 18 94 8 38 79 18 57 16 40 15 25 55 35 59 64 85 76 56 5 16 4 21 20 24 36 52 58 52 39 90 94 3 33 2 84 62 90 70 16 6 63 2 56 94 78
1 37 60 83 86 100 46 68 34 75 3 19 66 50 69 41 33 55 6 45 17 14 84 37 52 43 38 73 68 69 19 35 51 45 44 70 38 12 10 52 54 73 71 49 89 19 36 36 95 63 37 8 97 53 94 74 42 74 90 8 63 93 8 8 8 29 75 40 42 100 45 100 52 58 49 4 80 7 49 33 86 14 17 5 16 14 98 58 3 73 48 11 9 56 43 84 49 21 26 1 46 36 68 28 78 23 1 49 23 97 56 25 81 26 96 19 80 6 16 45 87 33 22 55 40 71 5 1 38 58 2 74 73 97 70 90 93 51 16 79 82 62 54 49 94 11 44 17 53 25 55 37 8 5 54 70 7 60 49 52 3 84 68 81 1 67 47 16 76 41 36 18 62 21 92 53 45 57 36 37 33 41 23 65 16 94 38 23 62 47 82 24 70 87 90 54 49 37 95 92 8 25 82 30 38 3 55 79 98 41 74 77 51 81 81 34 88 45 65 37 87 74 51 7 13 63 45 0 35 92 100 81 51 98 70 61 36 91 8 38 67 36 69 65 88 94 99 57 63 77 1 3 0 72 56 70 21 63 50 36 96 83 15 70 85 0 89 35 66 4 72 11 30 89 92 77 79 100 25 24 44 72 79 82 20 5 30 22 59 46 33 40 85 59 43 33 42 43 51 34 12 61 59 38 63 1 89 32 39 86 20 65 89 0 100 12 67 61 53 86 16 81 99 84 13 18 48 20 20 55 18 80 40 16 92 52 23 36 47 59 90 24 85 93 58 26 55 39 73 50 4 59 0 0 1 46 88 10 44 29 58 16 44 52 25 74 3 40 74 76 46 36 62 80 72 69 85 41 17 75 75 70 82 75 92 11 2 74 54 16 98 83 42 66 17 77 40 70 83 66
80 32 21 13 62 18 94 25 0 17 50 64 17 90 98 97 85 55 42 45 1 83 64 69 21 6 47 30 5 48 1 2 80 12 79 6 84 20 30 21 53 59 91 43 64 76 24 78 36 89 67 43 93 42 67 55 89 99 93 23 78 80 99 53 83 76 22 89 11 16 39 18 32 17 100 27 51 25 8 14 82 69 71 9 60 90 40 61 2 3 44 1 80 93 38 19 93 97 98 78 54 97 77 59 98 54 25 81 5 22 67 39 21 13 35 69 11 47 57 88 91 13 59 74 69 57 27 47 53 15 89 8 99 61 99 16 76 27 41 20 59 10 68 72 99 32 1 4 23 42 60 4 39 64 14 9 47 47 19 90 29 63 98 21 63 2 11 26 10 38 53 58 36 69 78 71 18 3 97 79 17 30 72 0 77 26 44 50 97 85 93 4 38 62 43 66 65 66 22 20 85 42 76 3 62 84 59 47 46 90 11 75 52 47 38 58 55 10 26 16 79 54 83 86 19 95 92 99 45 97 37 35 9 52 29 19 55 27 54 77 49 37 99 80 82 42 95 13 85 98 100 99 90 44 7 18 7 15 7 37 13 45 33 54 18 68 87 39 70 61 71 31 38 0 53 53 89 87 69 9 1 60 54 4 25 13 53 12 43 47 54 70 59 70 75 17 78 31 72 89 6 24 84 8 86 5 23 51 11 51 69 27 16 22 8 50 35 34 70 37 87 74 22 61 80 19 23 58 55 89 12 52 34 45 55 95 56 81 75 41 98 67 63 88 77 77 92 66 28 86 7 97 9 10 100 47 26 49 42 90 67 18 65 29 47 22 43 90 78 47 32 16 77 55 90 14 38 75 4 78 19 40 0 95 68 40 83 33 44 42 69 36 95 78 0 10 9 81 62 92
83 41 75 77 97 20 18 64 52 70 28 24 18 40 45 10 69 100 47 52 58 21 31 86 20 7 54 65 90 92 59 31 33 47 94 81 55 75 8 87 62 46 68 2 33 54 35 56 20 44 34 61 70 23 67 96 41 60 29 54 15 14 29 85 36 17 4 70 29 74 25 54 61 25 39 31 3 19 8 88 47 41 14 67 22 32 98 91 12 27 61 34 28 30 41 86 86 61 69 17 38 12 55 59 27 19 100 40 41 83 52 95 37 32 47 36 68 66 66 49 86 11 32 3 88 75 44 12 62 25 90 2 29 69 18 78 31 88 89 61 86 58 60 85 24 22 22 48 91 65 43 35 2 89 91 66 68 69 41 82 2 93 22 94 59 24 7 19 49 57 71 68 84 58 11 4 48 5 17 40 38 14 9 10 28 90 68 44 53 80 46 2 7 2 3 60 23 90 69 16 48 21 53 32 19 95 15 58 18 60 75 19 77 8 14 43 43 69 11 18 100 84 92 99 32 35 39 93 66 51 8 58 92 51 70 62 31 40 21 25 86 89 14 5 80 20 51 18 83 25 43 39 85 35 4 33 22 46 70 53 1 51 26 71 77 39 50 62 6 3 66 53 67 93 45 70 53 3 14 70 51 87 84 19 30 37 79 29 7 46 3 91 90 91 20 52 15 29 80 52 82 63 90 5 43 82 40 87 17 70 97 66 74 85 73 29 88 7 95 88 96 87 85 36 98 53 17 27 96 18 3 3 33 14 73 79 28 80 63 12 60 91 87 39 79 90 47 89 22 3 64 8 44 12 34 75 88 63 42 51 80 74 23 90 91 60 59 95 84 9 8 98 12 21 58 46 60 18 79 80 37 49 90 13 85 91 20 89 78 9 75 0 68 17 55 53 54 10 62 18
40 41 12 80 63 7 74 27 14 51 0 60 15 27 83 53 59 31 47 45 74 30 81 53 58 58 11 84 62 75 31 19 72 35 34 86 28 55 2 75 59 99 68 17 86 39 56 47 77 70 49 93 49 11 59 20 21 18 15 46 11 92 7 66 78 24 7 72 46 26 11 14 66 67 21 23 76 24 25 84 37 14 95 97 100 40 12 50 92 64 46 63 12 71 32 8 62 45 20 4 97 5 41 80 88 13 44 47 13 42 71 55 61 58 80 26 6 89 100 44 93 41 13 73 51 39 31 70 47 6 98 90 11 21 28 68 75 44 33 22 27 63 61 87 91 72 66 92 22 66 36 49 5 98 49 31 18 81 61 56 89 45 94 89 55 40 31 93 90 39 63 17 46 91 32 74 53 9 19 42 80 58 7 23 32 94 20 7 47 34 29 75 19 41 78 93 84 22 18 98 85 82 10 47 12 75 15 68 43 64 56 52 78 95 63 75 9 90 34 28 64 63 80 30 60 26 57 41 97 10 36 3 66 76 4 28 4 65 34 51 9 26 67 79 70 13 41 85 88 8 68 62 9 66 50 61 20 28 32 0 39 86 77 60 40 73 30 95 41 67 5 84 42 7 1 12 79 83 37 1 40 25 37 41 22 46 38 90 65 46 28 54 99 64 25 94 70 71 94 51 83 97 24 5 17 67 94 58 98 95 48 8 27 84 37 7 10 51 85 22 2 13 45 40 83 35 47 49 26 51 22 73 77 50 90 58 92 74 57 1 12 57 98 10 99 41 89 54 18 91 22 70 100 84 79 41 99 11 56 76 88 25 19 63 15 61 17 30 88 94 60 89 5 1 83 82 7 49 51 18 89 81 52 76 100 38 24 68 29 95 17 74 3 4 73 20 60 58 74 22
51 73 88 76 39 49 91 93 48 29 96 10 14 22 35 95 41 87 55 6 11 13 69 2 17 68 6 72 0 85 73 4 41 98 8 60 28 43 78 84 32 2 99 35 29 96 2 62 93 5 88 20 63 95 18 1 34 9 48 77 82 32 67 78 0 11 77 25 74 85 31 52 72 43 59 99 82 99 84 25 26 61 61 84 73 88 95 2 39 52 70 21 8 31 40 72 34 79 96 5 43 31 78 46 25 49 37 51 68 93 99 31 64 76 58 88 43 0 76 15 54 4 42 35 78 97 61 41 13 59 22 6 29 4 14 7 77 5 13 17 88 54 50 29 29 70 38 35 66 90 66 60 24 20 12 97 5 92 55 52 0 12 41 36 62 73 67 21 90 64 94 25 30 11 55 1 66 7 22 39 4 46 32 60 8 32 76 50 13 72 13 64 91 26 57 9 32 86 88 98 89 76 92 38 29 96 65 24 17 8 75 15 89 87 61 64 66 100 9 92 70 10 61 25 71 41 96 54 37 65 39 90 27 62 33 58 88 42 12 71 43 5 32 99 2 81 97 37 100 3 4 46 70 94 60 48 10 88 93 47 81 85 6 60 16 66 10 64 7 78 66 87 47 28 14 78 37 42 12 34 13 11 74 23 16 90 1 5 3 66 24 59 62 28 74 65 75 9 91 21 78 96 78 94 45 62 62 84 27 14 97 71 70 96 84 80 49 67 99 99 29 50 62 4 76 40 96 100 5 29 7 30 64 35 4 62 28 51 71 30 44 57 1 69 50 42 33 71 32 52 37 8 44 6 24 6 94 78 36 94 74 20 25 67 80 34 85 98 29 24 67 97 86 70 32 19 28 78 30 64 78 56 74 87 45 24 14 48 96 100 24 11 48 12 76 87 49 0 92 66
91 85 66 2 98 60 18 58 81 89 43 74 15 18 88 93 82 67 7 72 99 59 86 40 98 65 44 51 50 28 100 41 73 16 15 39 52 38 10 32 56 96 40 18 85 69 25 68 30 73 22 42 11 14 31 79 56 93 19 88 99 93 8 17 38 79 83 76 60 8 33 76 93 21 57 15 59 1 61 60 77 40 50 64 16 47 87 95 7 95 60 3 35 50 12 75 54 51 56 7 49 57 31 4 68 5 77 40 35 37 47 82 11 77 35 4 46 19 7 84 54 53 36 48 89 36 88 31 39 2 53 41 44 90 84 28 68 19 99 7 87 77 17 68 49 84 91 90 55 88 37 49 4 23 30 84 4 36 41 58 13 28 15 5 42 19 14 57 94 33 25 38 3 9 82 12 2 43 100 58 79 30 80 44 77 33 65 38 92 100 72 23 18 41 66 31 5 74 95 78 28 91 91 100 28 14 11 47 36 81 14 76 18 62 2 98 33 69 6 30 92 10 52 80 53 33 27 60 84 2 69 10 68 78 79 17 38 99 20 68 46 41 45 72 36 92 11 92 8 88 63 38 28 93 78 95 51 47 99 43 36 16 55 93 22 34 68 31 70 18 44 29 33 32 95 43 33 41 44 22 86 44 16 15 42 86 20 48 30 98 78 55 45 43 56 31 22 9 81 33 14 89 98 95 13 85 23 34 21 54 14 100 100 32 63 2 32 42 38 52 38 58 23 88 10 66 93 6 91 91 38 77 57 71 42 32 1 2 74 87 24 54 36 71 2 44 27 97 77 47 97 39 47 90 57 88 24 81 70 1 35 44 80 82 100 62 61 73 57 42 1 60 48 55 44 64 27 53 95 28 12 34 33 55 43 54 9 81 69 47 17 60 40 53 53 17 60 79 46 28
41 24 11 16 55 51 56 89 26 45 14 31 1 56 2 68 67 30 100 41 44 100 86 20 58 99 82 60 48 70 54 53 77 66 78 36 63 56 41 28 28 91 24 83 4 63 11 88 12 18 27 55 0 36 85 47 50 39 34 51 79 91 9 94 46 8 18 56 36 67 62 33 67 44 53 96 30 91 58 24 43 32 95 35 1 53 69 80 11 83 53 19 50 62 6 95 68 3 98 60 82 62 82 39 2 78 52 16 56 68 59 54 53 12 11 48 79 49 31 96 83 68 65 37 12 17 26 63 87 81 66 12 76 6 25 38 45 47 46 94 17 50 3 89 56 48 64 77 25 9 66 43 50 65 7 0 0 62 69 21 78 26 36 41 100 93 26 61 47 20 45 81 28 80 89 51 26 10 35 75 76 56 49 60 15 52 42 41 81 85 96 41 1 60 27 98 8 58 57 38 35 1 39 95 39 43 98 74 94 67 79 44 13 75 90 93 17 71 85 52 61 55 67 98 23 90 8 88 63 25 84 67 100 8 42 1 89 74 35 79 70 26 91 37 53 18 34 7 90 87 23 16 91 38 8 17 54 39 56 73 63 38 49 58 12 69 59 100 80 15 88 42 69 68 64 68 73 92 31 95 36 43 60 9 97 9 63 88 0 31 51 49 97 74 95 22 93 22 98 46 65 0 4 52 37 83 44 66 1 4 94 39 29 90 53 77 38 61 91 44 15 59 82 78 100 99 9 29 91 68 62 37 3 90 63 65 41 13 52 34 24 67 83 50 75 84 40 84 48 11 15 47 32 65 63 78 23 6 42 89 89 50 37 67 25 66 94 29 19 86 52 99 28 67 66 82 24 42 2 15 64 86 27 37 57 100 2 81 91 19 62 54 56 85 53 35 96 59 51 43
86 47 97 20 77 89 41 49 9 91 46 13 30 94 63 4 83 28 14 33 51 17 84 42 27 60 12 26 23 81 11 49 68 78 56 80 97 29 91 66 21 73 6 56 90 5 50 23 64 40 61 1 45 45 79 98 13 79 23 39 83 68 64 33 85 30 15 82 35 70 99 22 62 4 31 84 95 47 20 83 82 29 41 81 44 80 96 55 53 43 57 44 58 6 1 61 93 84 43 23 53 88 21 100 63 38 40 67 97 58 78 12 76 4 1 33 35 36 19 57 57 17 58 7 41 66 67 98 97 81 68 50 88 48 94 43 89 64 10 95 15 62 56 77 77 93 13 30 40 32 61 1 69 78 28 100 30 37 46 54 34 81 84 76 67 15 88 49 16 40 20 70 22 99 82 21 54 20 36 65 55 46 25 4 63 88 18 14 66 45 99 52 35 87 15 45 34 24 81 46 48 0 17 96 39 79 90 56 43 80 86 27 65 89 17 82 8 79 16 27 82 3 3 86 5 92 37 39 65 47 38 55 66 74 21 26 29 76 53 89 33 40 95 71 27 1 73 8 75 84 54 25 48 41 78 52 29 90 63 42 72 26 38 27 10 87 92 95 74 18 84 97 25 25 52 26 41 77 27 8 56 90 4 96 50 42 24 73 89 71 1 87 28 78 34 46 33 19 10 18 36 75 25 21 56 7 22 45 49 68 23 19 2 73 21 83 83 6 88 52 24 43 18 89 67 91 61 69 77 46 57 7 4 33 89 20 24 100 86 39 41 73 39 46 37 34 11 54 32 12 83 78 71 11 29 19 98 86 60 43 79 9 62 89 90 23 81 49 30 9 42 99 66 41 95 75 59 77 49 36 62 79 76 41 32 52 21 55 37 14 49 46 81 85 13 38 54 87 67 82
25 79 20 45 2 27 11 93 14 93 28 78 33 38 30 82 15 29 27 60 63 0 40 38 63 57 96 48 85 69 78 28 88 67 13 67 32 89 44 10 91 59 84 4 75 71 45 27 53 26 16 33 19 91 12 98 70 18 59 16 63 84 32 66 35 71 91 39 60 21 69 82 22 0 12 92 13 38 41 30 59 100 92 46 56 98 82 34 61 20 69 84 77 15 42 97 8 30 69 24 63 100 36 93 94 19 69 25 70 85 9 44 99 66 49 6 96 79 49 36 10 59 51 96 62 18 29 63 82 23 37 30 83 99 59 68 40 74 60 34 48 77 16 97 41 28 55 91 83 76 11 39 65 55 5 13 33 24 49 1 26 13 10 45 49 9 43 25 67 30 44 47 28 30 62 24 76 15 48 39 36 54 97 25 68 84 25 99 37 16 72 26 94 60 12 23 51 98 22 86 39 55 96 72 85 59 87 73 1 82 25 93 18 56 52 32 33 31 80 39 40 26 6 65 69 38 19 46 37 40 26 6 54 57 74 35 91 80 87 43 91 63 5 95 45 21 82 78 13 86 75 28 6 39 41 100 29 64 15 66 85 53 21 46 88 88 94 94 41 62 14 36 44 79 13 91 35 38 41 100 71 54 16 53 34 29 41 28 80 12 9 61 44 93 26 53 55 20 64 14 28 60 36 16 26 21 85 74 36 78 33 0 22 47 47 56 8 42 59 28 87 41 92 12 15 29 64 46 16 10 11 92 70 93 48 46 4 96 59 98 19 98 33 10 15 76 31 85 68 58 95 54 93 44 99 60 10 39 99 85 39 6 84 26 81 90 26 47 93 68 14 83 10 39 34 26 45 45 81 0 39 2 58 8 95 83 62 70 16 51 76 63 63 98 100 2 59 47 13 22
23 29 2 34 48 36 39 81 70 77 33 75 76 75 62 23 70 29 87 97 48 64 56 13 83 23 41 45 40 79 4 18 34 22 18 8 10 84 9 22 13 37 52 68 100 87 10 32 58 39 32 3 46 85 43 77 69 93 74 9 99 96 53 16 65 98 69 29 92 32 12 59 20 29 51 27 84 30 39 79 49 48 64 45 84 4 34 80 16 89 70 86 73 81 86 92 39 0 94 53 84 94 65 55 95 63 50 0 95 71 62 34 31 80 72 49 78 47 47 2 59 25 61 64 24 53 64 87 35 72 19 7 72 77 63 21 43 41 40 21 11 60 52 46 38 63 87 59 35 11 42 61 82 11 60 74 97 75 95 72 51 38 100 22 84 80 96 45 37 55 36 74 92 44 2 61 76 49 28 22 99 98 97 44 76 2 1 18 96 68 72 10 30 8 100 33 47 90 9 80 84 62 44 52 74 55 15 17 92 34 54 16 97 8 1 66 75 24 29 93 54 71 8 53 43 44 30 51 82 89 20 18 16 31 26 72 23 53 65 56 64 20 3 85 91 37 66 14 69 92 64 25 11 71 58 81 38 55 9 27 73 56 46 72 1 26 35 94 32 94 34 60 42 17 3 68 12 83 99 9 22 59 58 2 70 84 36 69 85 0 89 68 75 34 9 78 56 47 86 1 82 57 95 41 28 71 16 23 5 2 43 92 47 41 44 44 13 80 92 23 96 50 51 63 92 42 19 55 9 20 32 61 20 58 43 23 33 88 96 62 79 45 78 77 16 57 21 80 3 92 69 55 74 23 40 64 86 7 88 91 79 22 41 8 79 38 24 54 63 30 91 21 58 22 46 81 46 32 72 65 15 61 3 87 26 54 64 36 80 64 58 13 46 52 76 50 41 76 58 39
31 24 80 61 43 13 80 19 8 88 64 4 90 74 68 77 9 88 85 44 85 43 87 51 98 24 86 33 47 92 95 79 82 39 98 52 7 95 68 100 4 31 86 39 68 19 96 51 92 97 79 74 67 41 13 32 51 38 71 2 35 47 78 63 4 3 50 95 23 33 84 13 98 46 16 44 79 55 78 47 26 32 32 77 22 74 93 71 1 48 76 12 16 70 91 25 17 37 65 49 51 70 77 74 86 97 7 86 51 60 88 90 27 72 52 67 0 61 92 97 98 74 35 71 88 7 66 24 7 84 46 15 73 71 80 53 33 14 27 76 58 10 91 47 16 47 87 84 28 97 8 55 74 38 60 54 9 80 55 65 64 11 98 46 5 61 35 84 9 82 18 82 50 55 36 6 74 49 40 25 63 10 3 69 14 64 3 41 55 57 46 20 53 42 19 100 67 46 6 37 48 8 98 12 4 20 0 77 31 87 45 93 9 20 66 44 61 22 68 41 16 22 12 67 20 60 63 30 53 41 80 10 46 24 3 75 55 6 29 61 98 18 95 41 41 3 42 59 15 5 36 93 27 57 62 8 66 62 96 82 81 49 17 43 1 67 58 59 10 86 17 8 48 75 95 48 40 18 37 7 61 25 2 33 96 65 34 60 76 48 93 50 65 30 69 91 61 94 58 25 20 57 15 81 99 78 58 48 6 17 30 77 41 52 70 86 27 9 85 28 29 48 1 96 73 22 83 9 11 61 76 72 83 8 82 52 49 74 92 87 84 2 16 33 74 1 25 100 32 96 79 38 31 36 29 78 70 93 9 48 61 80 8 22 73 46 92 97 20 41 94 38 99 21 64 8 23 85 66 13 43 68 35 46 24 45 70 42 54 58 39 23 37 98 74 71 32 83 9 22
80 89 47 96 23 9 52 2 26 24 98 11 64 52 69 53 51 72 27 17 63 17 15 48 77 21 33 57 90 28 63 89 26 30 3 83 61 89 27 97 48 13 15 71 20 46 49 5 69 62 78 83 45 67 5 8 17 67 4 19 20 18 22 26 37 90 5 37 96 70 88 2 80 71 0 80 14 45 81 12 43 15 48 80 74 40 37 40 38 43 15 76 16 52 76 70 39 61 94 40 84 7 24 78 57 36 79 55 85 11 37 48 17 22 69 22 80 60 28 76 100 49 64 60 28 30 95 24 17 60 67 43 9 24 23 6 11 3 65 98 59 69 19 16 98 3 86 45 96 27 40 16 11 78 8 87 80 13 4 82 6 80 92 100 56 72 87 77 38 44 13 27 18 79 49 90 56 72 44 57 52 79 41 16 69 47 10 46 16 62 46 63 43 22 2 73 26 94 50 99 43 90 12 2 2 4 88 21 86 85 68 2 35 47 18 49 10 3 71 83 24 64 83 47 71 22 1 82 96 32 48 53 37 97 44 89 34 47 38 0 73 50 40 98 41 98 78 40 14 28 76 9 18 38 96 72 39 27 66 10 17 75 52 3 56 72 29 50 54 34 21 69 68 7 58 99 77 69 28 33 97 95 94 44 60 26 80 75 8 76 4 77 14 39 58 48 93 63 33 7 68 34 100 10 26 70 83 42 82 84 9 7 85 86 70 73 35 69 25 68 1 83 27 82 76 86 64 28 59 4 51 68 91 74 43 75 30 68 52 54 18 9 70 63 30 23 18 44 5 55 34 4 44 57 18 15 70 27 28 80 28 11 5 47 21 89 86 73 71 91 4 14 29 36 2 60 57 79 63 65 33 72 80 40 43 3 39 98 25 16 64 0 19 0 14 94 30 83 5 92
39 58 100 90 35 99 81 25 26 4 95 69 98 63 17 42 37 19 48 21 23 82 44 2 52 39 22 22 7 48 20 52 59 68 77 28 21 54 32 66 21 55 48 61 89 76 10 57 74 59 71 49 63 41 72 14 60 14 18 44 16 51 75 85 59 45 32 15 55 99 21 85 34 80 59 5 16 63 25 46 47 21 18 13 57 0 1 37 62 34 100 11 93 57 42 29 16 72 3 14 22 96 36 47 74 32 71 70 56 62 34 3 18 84 9 65 6 88 3 5 13 66 48 40 83 47 95 62 6 29 57 61 79 62 3 88 92 3 26 65 9 7 33 64 32 88 86 34 89 46 46 43 7 67 13 47 49 62 56 100 94 50 13 75 48 5 90 100 0 59 57 93 30 38 88 64 48 42 46 68 0 93 19 83 84 30 78 57 25 17 33 93 97 7 98 90 13 86 98 44 33 8 93 44 31 21 58 27 1 75 9 13 53 26 58 23 66 96 43 41 62 54 24 34 33 12 67 89 78 41 47 25 12 35 0 61 15 0 69 76 77 72 0 21 49 67 83 85 15 59 81 51 99 96 72 37 76 31 100 10 76 22 96 8 71 63 66 81 38 51 44 76 65 4 22 43 76 96 95 98 58 55 94 86 60 67 58 24 76 35 42 42 20 87 17 85 46 73 73 45 26 30 100 30 83 56 27 36 31 45 56 52 71 54 23 44 90 41 26 39 75 97 16 47 17 62 86 75 23 74 53 49 29 46 93 87 30 73 16 37 74 63 5 0 96 3 33 27 41 98 79 77 93 82 66 22 70 25 97 68 8 22 67 36 53 34 7 88 47 58 25 91 49 34 6 22 41 40 44 44 6 11 63 34 20 9 1 84 25 78 45 76 54 21 40 26 51 12 100 65
14 95 23 73 48 26 1 98 45 68 4 35 57 0 45 3 80 66 91 15 9 52 88 38 88 51 74 93 64 54 3 99 42 72 30 71 77 87 100 85 4 15 62 59 88 84 51 68 93 31 9 51 29 94 72 84 64 8 28 44 39 83 45 87 24 96 77 3 76 63 83 27 52 91 28 14 72 63 53 53 84 55 15 83 22 17 20 74 38 55 61 74 6 59 4 22 72 91 95 32 45 27 93 55 89 59 36 81 99 49 86 84 1 52 43 72 88 91 57 21 25 6 57 11 83 33 23 42 58 94 64 92 73 68 92 91 74 58 45 67 2 71 20 25 89 33 87 78 31 42 24 11 61 71 12 91 5 88 21 9 71 8 36 54 55 72 76 81 96 83 60 88 64 50 39 65 87 51 50 25 72 83 94 15 71 92 20 39 69 2 79 87 25 69 64 56 3 41 94 45 73 21 93 22 39 97 56 87 87 58 42 10 44 64 22 17 71 37 56 37 12 23 55 54 83 49 54 82 68 70 28 32 41 44 12 27 28 72 5 89 35 68 2 5 62 9 24 37 63 42 68 27 59 22 9 93 16 97 76 47 13 45 65 50 28 13 69 1 32 76 97 32 41 90 4 9 34 69 84 18 98 81 36 26 97 59 51 15 37 19 32 95 33 92 64 50 96 60 21 2 85 54 45 61 75 13 71 53 89 86 27 71 94 12 38 66 38 14 78 71 27 91 95 82 91 49 58 65 62 5 88 21 56 0 68 10 84 40 7 100 4 53 48 73 23 81 87 66 4 84 29 63 89 75 76 59 9 37 25 23 55 13 41 17 57 79 36 48 81 64 56 56 98 73 9 15 38 68 39 92 55 58 51 33 23 55 45 26 82 98 20 15 27 75 25 40 53 80 6 44
11 64 12 63 65 91 75 1 63 27 30 82 21 88 5 87 87 31 47 23 49 82 9 33 37 93 94 24 7 42 61 3 2 60 5 28 49 19 90 73 51 40 99 29 24 28 60 94 46 45 45 72 52 73 64 73 29 78 91 16 71 85 17 43 21 79 68 91 93 13 95 5 70 17 75 43 72 79 52 56 36 48 80 26 72 57 71 7 64 27 21 70 3 79 2 2 96 38 68 33 98 97 12 15 32 24 98 55 73 33 79 66 60 15 46 18 39 10 16 37 23 67 32 4 6 45 28 77 4 30 65 40 12 80 94 0 71 47 34 63 12 26 42 25 43 90 14 51 35 78 4 23 74 39 72 55 61 39 50 60 93 11 1 76 43 58 43 83 16 23 65 89 22 62 99 20 31 71 35 33 23 69 45 45 21 99 94 49 89 29 36 27 17 50 13 14 80 87 63 38 86 43 71 62 56 16 85 61 76 3 14 38 86 65 46 98 80 87 45 54 58 22 66 31 40 38 65 30 7 49 59 94 99 12 89 80 44 58 3 82 58 55 22 40 23 6 28 92 2 27 26 96 86 10 81 25 69 76 72 48 43 46 95 85 35 31 16 22 43 91 65 100 17 88 92 56 68 6 90 60 76 41 17 17 7 9 10 4 47 46 86 100 65 18 20 36 21 13 100 72 14 65 54 91 45 11 54 99 90 74 55 73 44 89 3 23 96 80 88 72 77 7 62 54 88 93 42 58 59 30 23 86 69 54 41 69 77 2 94 22 7 94 10 19 22 68 44 24 24 36 60 47 95 90 82 89 98 60 11 92 67 8 53 4 92 47 13 94 52 38 63 99 99 18 86 63 35 26 51 64 61 16 22 61 64 58 21 79 34 5 92 95 96 71 29 59 69 88 100 19
82 81 71 55 52 89 12 99 74 15 57 67 40 20 58 54 82 26 74 7 64 79 3 60 6 48 27 26 94 81 81 95 43 87 26 9 18 7 84 51 33 72 41 13 45 58 26 18 42 21 48 85 79 14 28 60 22 40 89 94 23 96 83 96 1 23 62 34 32 49 15 85 29 95 43 36 48 17 80 6 71 84 59 93 68 26 38 3 39 16 69 16 32 81 69 9 90 34 62 14 40 26 6 34 51 60 4 92 64 94 68 53 100 31 91 9 26 52 42 73 24 99 100 8 52 42 54 39 5 54 7 79 51 76 85 63 45 75 98 93 45 73 32 60 46 8 85 58 63 71 66 91 13 39 20 86 19 44 58 43 100 28 51 61 24 28 32 52 92 12 16 91 58 59 67 58 23 13 43 30 56 39 81 37 18 19 95 8 94 2 46 7 94 55 9 99 98 12 92 17 53 8 30 24 41 37 1 85 75 70 80 31 45 3 30 89 30 12 12 59 46 9 71 50 97 12 72 47 0 76 9 63 89 85 80 33 76 4 82 95 26 41 75 85 34 84 69 83 35 54 40 99 21 4 84 100 78 94 45 68 24 56 66 100 38 36 53 4 44 53 75 47 6 0 23 7 58 63 34 40 2 81 15 3 68 15 71 41 34 38 29 35 60 36 79 35 92 80 66 72 95 41 86 40 56 31 14 13 35 13 28 20 42 21 40 96 99 55 87 76 21 84 60 33 32 40 57 94 78 33 64 39 66 77 54 45 92 79 35 36 82 85 51 40 42 86 16 24 82 94 92 93 74 60 35 2 86 82 86 3 87 67 76 4 84 10 31 63 16 88 78 92 31 20 51 38 26 13 78 60 15 67 84 8 78 26 91 4 89 63 44 76 40 41 87 62 90 76 84 94
96 73 36 14 36 64 11 11 72 22 72 0 89 92 71 47 75 77 40 48 78 94 28 13 22 73 16 32 6 99 57 60 91 77 7 25 78 46 90 44 98 10 51 87 73 73 16 40 51 7 8 42 76 8 90 93 18 85 0 85 13 31 47 36 94 67 31 78 92 19 92 37 50 22 86 98 67 57 99 0 6 94 67 5 77 5 32 69 49 53 0 93 4 41 46 16 67 11 17 82 95 64 39 34 2 80 54 81 40 82 38 37 66 7 23 83 49 70 20 68 42 13 13 19 61 8 68 20 94 87 53 62 6 66 21 64 93 45 20 73 3 25 18 55 58 16 42 82 9 78 63 86 24 59 19 44 55 20 44 16 80 61 20 67 38 73 46 72 54 42 90 39 100 74 87 93 44 63 3 59 58 3 51 41 71 52 62 80 21 54 77 40 51 41 63 48 25 60 9 18 52 37 85 28 88 19 70 28 61 44 85 97 5 57 30 22 58 91 17 43 16 48 22 63 99 12 62 90 76 45 42 27 88 15 17 77 96 64 16 98 15 37 8 79 48 9 66 24 71 36 3 73 1 68 95 12 30 49 49 77 21 45 79 58 38 24 99 41 25 27 83 67 18 93 77 99 93 50 53 69 56 7 21 38 54 68 71 62 0 97 84 13 9 27 73 48 2 35 12 45 65 24 38 40 42 23 24 47 13 24 49 5 69 55 64 1 66 56 47 23 30 11 94 19 52 38 31 22 44 75 95 2 73 58 38 90 13 65 73 8 87 17 41 10 39 93 63 19 64 30 99 84 100 74 20 49 31 77 78 0 64 84 24 20 17 35 78 42 26 43 67 73 57 65 50 65 79 96 68 27 76 77 41 65 85 13 48 75 55 77 34 40 55 44 76 78 19 56 81 57
86 47 89 0 42 62 56 10 7 5 38 86 37 85 26 96 74 16 8 33 38 66 99 70 21 44 40 70 100 77 98 19 93 93 50 69 59 39 60 54 41 55 97 35 7 87 80 26 57 53 80 58 94 79 70 10 10 29 95 48 18 12 42 89 43 96 85 3 66 42 43 12 31 45 4 18 70 31 5 42 79 22 55 22 18 3 51 94 36 90 50 67 4 53 98 58 6 1 52 17 91 42 74 63 13 12 77 89 9 38 2 18 24 17 75 12 42 18 23 42 93 67 43 36 11 25 60 24 81 32 26 22 14 7 97 71 93 75 50 38 52 20 87 94 85 92 50 10 96 1 34 2 82 29 28 33 20 44 40 64 86 31 50 86 71 91 20 96 91 16 16 76 14 25 89 6 67 76 97 67 99 70 14 16 8 99 96 35 72 16 69 13 43 58 7 25 0 92 91 55 31 75 64 46 50 80 92 32 75 26 40 5 15 61 92 90 70 38 10 5 64 93 93 70 56 75 3 34 66 87 11 16 81 93 71 70 24 62 49 86 33 13 32 21 96 37 13 60 80 94 21 35 51 0 18 70 43 22 100 39 1 58 5 43 51 38 36 74 37 62 44 39 50 19 32 6 43 51 22 71 15 54 71 95 84 81 99 50 77 95 45 74 4 60 59 49 16 44 99 68 25 61 20 59 38 51 36 3 1 36 50 85 49 70 11 94 85 1 66 10 59 98 95 83 99 34 5 20 66 9 94 32 48 25 77 67 1 4 47 52 83 0 19 21 7 55 34 38 10 16 22 91 97 63 1 37 84 22 68 21 76 3 39 75 23 66 27 70 37 72 40 85 55 26 20 69 1 26 81 15 56 95 56 98 44 83 71 87 55 38 42 28 78 32 9 97 35 41 34 97
54 3 84 67 73 27 52 3 28 36 15 82 49 10 16 64 61 28 69 100 69 70 28 0 38 83 100 85 84 90 86 13 94 51 87 5 59 64 83 37 12 16 52 7 3 55 62 25 77 61 76 88 51 99 57 46 28 39 18 14 89 72 82 1 89 84 21 97 71 90 27 39 12 16 90 6 27 44 36 55 19 1 62 62 51 99 44 29 15 67 26 45 80 62 73 0 66 77 90 34 90 7 30 98 75 29 51 20 74 31 37 4 17 96 30 68 84 9 83 90 51 18 25 70 67 33 98 96 66 4 31 30 1 48 87 43 15 81 68 94 11 98 0 96 90 38 31 46 54 40 94 20 47 55 28 59 86 73 10 13 66 51 30 38 11 87 14 49 6 1 53 86 66 53 18 37 97 25 1 17 32 4 67 18 34 84 45 39 20 79 100 36 28 73 38 21 25 65 20 33 29 19 69 4 70 89 89 89 35 20 79 24 44 91 74 80 25 43 58 25 9 76 22 91 65 35 4 50 26 69 37 27 10 19 73 69 50 57 60 20 30 60 62 72 56 39 100 19 73 3 21 60 87 60 96 26 19 3 49 77 84 34 18 90 14 44 83 38 99 59 98 25 24 94 59 18 35 58 58 7 54 41 77 98 63 69 10 15 24 92 8 11 92 47 58 48 16 91 30 27 90 67 47 37 54 73 44 72 84 65 26 94 39 17 60 18 52 32 5 84 11 1 41 42 17 57 82 43 83 96 20 58 34 18 13 15 15 89 24 25 14 95 46 20 20 35 71 71 32 80 45 26 58 68 70 98 15 21 70 41 83 79 14 6 92 68 12 35 7 82 17 52 89 20 37 3 94 71 63 55 30 26 71 58 72 94 37 46 12 31 50 36 55 28 32 78 54 53 92 82
92 75 47 87 19 11 39 11 11 25 40 53 74 38 74 37 48 49 10 79 41 77 88 24 52 32 53 56 95 41 100 13 0 75 41 70 53 76 39 66 34 52 96 62 68 4 7 92 16 94 15 23 52 3 29 12 70 91 92 3 35 53 9 2 20 41 69 3 34 32 58 38 37 73 62 75 75 7 60 30 27 69 6 35 74 34 50 54 35 47 87 30 59 61 82 81 90 12 62 29 10 42 36 76 68 96 28 42 41 15 9 70 10 22 83 55 27 73 72 14 96 1 75 83 82 5 23 96 27 3 28 54 11 47 58 82 63 63 16 42 57 50 62 80 59 78 28 71 91 77 94 85 25 38 11 19 40 2 1 100 57 97 45 55 44 44 38 43 65 89 53 22 26 100 67 14 47 52 67 95 93 64 69 20 77 80 31 36 59 41 92 86 71 79 13 0 65 76 18 74 18 38 18 38 28 43 47 3 56 91 47 53 73 46 11 49 84 74 11 52 75 69 26 9 74 84 63 45 81 57 85 27 10 58 22 33 7 41 86 31 67 20 73 67 28 80 78 10 92 30 53 58 69 60 65 38 52 91 53 70 2 64 4 8 73 8 76 10 11 28 70 49 83 55 62 20 56 68 37 73 4 27 28 72 70 74 93 49 23 52 1 36 89 96 97 77 39 91 6 83 20 12 13 45 50 73 99 19 75 66 64 24 95 43 90 98 59 1 60 18 29 33 17 65 42 48 41 65 59 38 77 68 57 41 7 61 99 39 93 5 51 51 35 47 40 62 90 84 82 63 41 17 67 52 39 98 27 71 48 5 15 87 26 99 39 14 70 6 86 28 6 8 50 73 92 96 84 18 17 32 72 83 55 19 90 11 63 72 94 16 78 88 98 11 40 94 66 65 93 85
90 94 2 78 40 38 1 68 33 77 27 83 16 73 5 12 11 48 76 28 57 47 76 43 19 80 74 63 23 96 83 33 15 9 25 94 67 27 58 53 42 54 5 7 41 50 74 36 21 25 40 47 46 92 42 26 90 23 9 45 71 16 30 47 90 71 80 96 74 46 86 86 76 64 73 39 71 55 51 21 8 61 39 47 80 16 41 32 11 31 35 2 50 92 96 61 34 78 41 34 24 11 85 81 69 36 12 87 2 1 66 99 28 72 46 84 93 2 18 21 89 3 50 100 75 35 89 10 63 84 93 76 57 32 93 11 2 22 87 13 56 22 17 100 24 89 81 28 10 57 51 70 39 50 3 43 87 15 55 27 90 77 61 11 18 28 63 80 98 76 90 48 80 82 14 34 35 53 24 13 2 0 64 44 40 41 39 100 44 68 48 32 53 89 3 83 87 89 64 2 33 33 15 24 63 81 35 78 82 47 23 100 74 93 8 39 96 65 84 70 26 38 71 71 37 54 90 6 89 51 68 53 23 84 18 89 33 13 73 81 3 81 20 59 30 38 13 67 78 47 73 70 98 20 26 55 80 77 6 61 64 27 59 6 68 56 68 22 66 90 44 6 92 29 69 10 15 100 45 91 62 0 43 65 57 55 48 80 96 27 37 61 66 32 90 10 66 52 15 62 72 32 64 2 45 21 21 62 21 88 47 10 72 50 53 81 60 46 95 8 83 26 88 78 52 47 23 94 34 62 83 52 77 19 76 85 32 44 49 59 46 42 91 56 9 78 35 50 62 58 45 6 62 70 69 70 71 32 49 48 21 27 1 2 72 98 24 56 48 27 75 75 39 7 0 87 68 11 71 91 43 70 43 25 93 97 63 68 66 56 98 83 16 64 35 30 79 81 72 70
95 58 68 78 48 35 52 28 2 63 2 72 1 25 43 14 76 62 40 87 79 5 34 27 44 10 52 35 57 52 49 92 41 6 92 14 74 95 11 74 58 54 30 34 2 98 94 81 34 14 88 0 33 49 64 97 60 39 67 40 13 42 45 50 80 86 87 1 45 57 70 35 100 56 67 41 73 74 0 4 86 74 96 6 3 52 33 75 17 30 10 46 26 65 59 77 94 93 70 15 20 83 80 30 66 89 79 56 96 37 41 85 31 7 15 54 98 63 90 82 95 27 97 53 89 43 84 7 89 49 40 29 5 92 70 60 86 35 15 52 41 54 95 92 23 62 9 16 54 18 84 36 59 86 62 18 100 20 60 89 89 84 2 62 4 31 93 4 17 6 45 9 97 74 14 7 62 61 65 85 76 24 63 71 77 77 53 67 27 100 52 37 11 38 62 80 44 63 94 15 18 3 30 97 7 23 40 82 8 68 30 80 24 96 46 4 25 25 79 93 90 64 12 97 51 19 42 83 8 21 54 31 17 86 51 80 18 56 5 82 96 25 41 56 97 32 84 15 69 93 93 99 47 86 77 48 10 86 2 14 84 31 37 80 90 53 30 47 41 38 24 7 35 49 10 65 21 10 29 30 15 79 95 94 7 4 28 42 70 64 65 43 73 18 22 45 52 55 56 72 30 83 81 69 49 13 43 78 67 95 18 15 61 90 36 13 0 81 33 97 72 6 13 36 61 0 72 52 67 55 36 1 8 47 100 34 51 8 28 100 6 9 83 84 75 10 4 20 18 3 98 29 42 25 15 88 60 91 12 23 12 84 20 96 18 39 88 58 42 27 25 84 81 34 33 2 90 7 94 15 82 75 44 45 59 85 43 85 35 13 63 27 0 50 71 96 89 20 80 13
78 89 38 47 24 98 6 10 75 47 70 35 9 40 20 80 6 55 81 48 79 93 5 95 88 86 25 13 59 85 18 89 97 14 98 98 53 14 69 43 47 98 8 49 91 36 61 0 46 61 69 41 61 96 92 78 45 47 65 49 62 45 84 28 70 44 84 4 12 7 94 67 18 60 15 44 29 94 51 34 95 47 3 96 27 13 14 31 96 70 45 32 13 45 75 19 60 2 74 40 39 97 34 18 50 40 98 24 52 9 77 55 72 91 95 24 36 7 12 85 91 3 84 71 47 52 54 19 35 60 80 35 99 3 49 46 55 33 70 36 96 59 22 32 96 16 57 5 50 93 92 92 49 75 18 36 56 97 66 86 94 26 41 33 29 85 63 2 92 94 58 59 28 2 87 43 80 88 66 83 16 15 14 57 40 41 34 39 72 57 32 89 17 12 38 18 34 95 58 86 37 8 29 18 49 36 97 67 85 74 33 64 60 42 58 36 65 59 7 5 13 90 67 23 59 79 43 50 84 8 24 34 24 63 35 20 10 73 55 41 24 66 9 92 51 73 48 97 45 62 22 99 35 40 38 8 17 35 24 57 95 91 28 89 65 43 28 96 72 75 100 18 21 16 12 81 71 16 74 15 15 16 63 98 76 59 65 10 23 85 81 8 73 54 43 18 21 12 48 21 93 67 37 89 89 2 27 37 17 23 42 2 94 4 49 20 53 39 34 8 49 64 56 96 50 26 99 24 66 20 9 96 1 50 69 65 96 62 17 47 43 19 88 52 98 60 89 65 80 20 71 41 53 99 40 65 54 84 94 89 79 70 1 86 75 14 39 85 74 54 98 87 66 8 23 17 62 62 74 97 84 92 83 10 6 66 61 25 69 22 15 70 75 42 6 88 58 60 51 82
71 89 84 78 11 67 5 51 65 36 71 90 31 50 20 39 30 97 42 89 97 63 91 89 1 28 60 26 93 80 40 3 49 54 35 54 89 14 75 97 11 39 5 17 30 4 89 61 65 82 39 13 59 42 27 91 88 80 88 63 17 18 63 84 75 64 68 33 93 35 2 4 82 31 33 79 2 40 6 79 32 83 37 89 68 54 7 3 59 67 10 42 15 45 60 99 29 2 12 59 22 2 42 100 23 78 34 82 37 60 4 47 76 67 89 3 57 50 53 4 38 34 11 21 44 53 2 83 73 32 47 56 11 27 5 55 51 62 52 16 94 42 64 93 79 42 72 65 1 78 27 17 32 67 47 32 87 90 92 56 31 99 75 7 38 94 88 99 84 10 97 88 60 33 85 3 75 11 74 26 64 45 5 26 64 33 60 74 10 46 35 21 91 95 62 9 29 5 94 52 71 93 88 75 76 26 100 80 98 38 41 6 1 5 67 25 11 82 97 1 15 33 48 18 69 81 15 59 0 26 76 25 70 99 43 59 71 79 30 60 27 2 45 37 25 82 84 72 18 36 59 68 15 1 66 23 16 64 7 38 0 41 34 24 2 67 86 28 59 41 86 9 94 69 84 38 24 24 10 63 95 66 73 51 18 9 25 40 99 56 87 74 94 29 27 82 8 31 57 58 61 89 85 95 29 44 67 39 72 77 90 76 38 73 8 100 79 56 76 33 68 59 34 39 78 78 67 11 67 44 48 25 97 34 72 97 95 25 78 20 13 15 67 95 38 18 44 0 48 2 4 58 30 48 89 68 98 3 24 30 42 61 96 96 66 71 52 19 88 41 94 30 80 46 48 73 41 21 29 82 8 81 100 97 48 44 58 50 5 46 87 73 35 97 28 54 73 92 36 81
38 74 54 64 75 72 59 68 49 30 52 42 63 24 50 70 4 41 50 69 51 33 79 100 3 32 88 77 37 14 59 52 98 56 19 26 42 68 6 12 53 90 58 90 71 15 33 77 76 44 6 35 55 55 6 84 5 8 45 24 23 15 42 47 83 58 51 24 18 2 97 72 85 44 91 89 2 20 46 27 28 61 39 44 47 14 68 51 82 82 37 36 79 70 3 42 49 67 92 87 5 69 19 75 95 86 27 19 37 94 45 49 22 7 61 74 27 63 60 61 24 86 12 45 39 12 73 18 39 16 55 14 7 31 38 67 63 31 21 6 16 3 4 76 10 80 50 35 2 26 98 73 31 7 36 60 55 67 9 21 46 97 10 15 2 52 80 18 94 18 88 44 87 44 70 16 19 100 18 7 75 95 58 25 63 68 36 52 18 24 87 16 69 26 55 10 94 9 68 27 31 89 83 65 18 47 60 48 4 64 3 82 74 36 94 49 40 84 59 45 61 28 82 15 67 80 26 87 29 78 20 22 10 18 97 82 91 60 23 72 30 47 63 72 43 60 13 79 8 35 58 29 59 41 27 82 98 54 8 56 49 60 99 20 54 65 88 24 90 41 81 75 84 22 82 13 55 88 11 36 45 14 27 18 82 58 65 25 60 47 22 58 50 91 90 47 18 46 52 46 48 64 79 28 0 84 58 25 70 81 29 76 19 98 90 36 48 44 43 7 46 58 54 87 9 10 90 61 78 71 36 9 3 1 54 5 47 78 95 42 30 6 38 64 7 44 9 87 60 15 47 44 54 0 92 72 80 15 89 46 39 70 73 56 61 81 19 11 74 31 22 28 16 55 55 17 100 77 30 2 35 18 81 50 22 38 52 39 95 62 63 74 73 37 44 88 75 35 78 81
38 1 92 94 73 28 51 35 59 42 28 59 57 23 48 25 50 22 43 77 61 89 26 27 1 93 60 31 28 78 8 26 27 89 74 65 8 58 38 46 67 15 24 46 3 87 39 95 66 89 89 55 30 10 53 56 65 61 21 9 81 42 5 95 67 85 41 97 92 64 25 16 100 56 66 35 18 85 22 87 85 24 19 87 8 44 78 74 90 54 15 99 86 100 49 85 36 51 37 30 64 63 54 99 56 86 5 43 56 81 69 79 63 32 1 35 82 73 88 53 25 43 14 24 32 53 35 8 72 90 45 29 13 65 78 74 21 93 7 8 35 87 46 69 80 32 95 19 77 97 0 58 51 29 1 41 17 17 48 32 38 22 50 23 48 71 54 8 32 97 18 87 53 3 75 3 52 94 62 88 83 4 72 11 49 39 63 65 10 10 73 82 54 27 10 95 43 13 47 84 74 93 21 56 4 16 7 57 55 14 2 45 95 91 9 20 100 10 14 29 84 12 100 11 81 89 77 96 97 2 2 30 27 58 69 82 79 75 12 73 64 11 78 30 48 35 100 45 95 49 42 67 93 22 58 1 12 17 91 37 26 26 54 21 79 3 24 94 59 66 93 97 31 87 73 63 78 1 34 15 34 77 4 60 100 19 97 81 56 24 25 67 5 7 6 49 28 71 77 47 75 14 91 61 40 70 61 95 28 68 29 51 1 86 42 92 29 4 39 38 59 88 2 28 37 97 49 41 52 88 76 67 91 53 15 88 8 27 30 85 60 21 80 49 45 100 4 37 42 100 59 23 31 24 68 84 86 63 36 72 15 83 59 90 22 48 9 12 0 14 36 67 69 74 62 8 63 76 84 84 85 68 62 71 38 7 59 38 9 30 61 86 31 22 26 45 21 48 22 13
71 66 38 44 14 15 34 54 71 53 85 5 1 77 15 96 51 20 21 75 6 56 9 45 44 76 30 10 72 10 88 19 8 36 7 11 74 94 59 50 55 86 64 18 0 95 93 66 88 63 5 21 1 87 8 95 89 91 30 37 72 23 41 81 55 43 21 46 19 23 51 95 23 66 84 81 11 61 45 26 92 45 23 33 61 26 100 36 26 14 82 64 19 33 67 0 13 33 79 4 50 18 25 48 31 40 39 98 19 64 7 76 98 63 76 11 60 10 44 51 38 62 60 31 6 16 40 74 76 78 3 8 88 36 70 80 80 61 61 81 67 72 87 37 13 14 47 77 67 20 98 58 97 74 75 8 82 75 64 2 84 97 47 50 23 21 41 11 5 42 87 86 82 95 72 31 81 84 97 67 90 38 5 62 4 5 41 94 10 59 53 50 81 71 70 72 36 0 68 85 49 10 29 30 94 1 45 4 79 34 3 65 39 87 86 16 80 33 41 37 96 88 5 60 94 29 6 51 73 1 23 52 8 48 91 82 65 99 4 10 9 91 83 28 68 42 43 80 17 77 71 75 26 8 19 72 85 1 76 34 87 35 36 39 52 56 36 78 81 40 23 16 24 31 20 40 1 64 30 4 40 86 26 52 7 67 41 99 77 46 13 38 83 84 70 59 83 80 47 65 68 35 23 51 74 18 100 55 27 35 50 47 17 82 13 7 46 50 8 72 68 78 25 10 63 85 69 11 68 86 38 16 81 54 87 67 19 90 99 40 46 62 96 16 45 91 16 58 23 63 45 54 0 12 29 27 80 81 8 11 67 14 3 16 99 97 72 38 32 13 43 63 74 28 45 60 20 80 42 25 85 30 64 28 54 48 100 44 0 2 66 40 97 85 67 22 69 74 66 6
73 64 58 97 42 67 56 12 32 82 84 19 20 94 27 88 89 38 26 49 68 8 73 45 88 73 76 36 44 51 26 10 52 15 45 15 17 93 50 5 54 32 45 80 91 59 48 52 3 80 11 30 66 74 76 50 19 80 28 52 98 68 87 39 21 70 43 82 71 7 54 66 66 67 73 4 91 50 37 61 29 61 54 72 32 95 59 65 47 84 39 73 12 82 6 1 66 57 19 15 84 32 75 9 16 4 8 69 87 57 78 93 81 43 92 54 1 77 41 12 44 46 66 88 76 25 29 0 95 41 7 30 53 83 79 47 66 5 78 89 98 69 41 97 90 62 87 58 26 32 59 31 19 36 5 83 76 79 4 28 36 18 72 44 28 65 48 35 61 8 64 61 10 85 16 61 58 45 67 43 98 87 20 54 94 17 65 19 48 7 85 52 71 48 27 19 23 21 17 50 59 11 64 69 32 65 54 40 95 29 43 28 91 42 77 31 75 51 31 16 18 21 19 32 42 90 72 76 98 19 19 54 22 42 15 79 13 3 5 98 37 45 14 12 41 65 47 92 38 47 9 8 79 80 85 98 54 68 51 1 61 60 11 31 59 63 78 19 93 50 37 97 4 44 95 25 89 22 76 90 21 44 2 86 87 49 54 56 0 97 64 70 51 60 67 69 11 12 48 10 94 19 92 84 86 62 13 54 14 30 13 67 25 69 13 2 84 63 88 63 44 40 21 92 66 49 94 54 46 60 71 14 49 79 60 71 37 28 49 33 92 67 29 62 22 95 54 62 5 36 97 26 56 46 40 45 17 74 22 87 37 86 61 77 65 90 76 77 34 48 86 25 3 14 26 88 100 39 52 78 12 92 96 95 70 100 95 23 91 33 72 15 84 10 60 100 93 92 42 77
21 39 75 52 76 98 92 53 43 67 1 29 75 17 92 76 69 75 20 46 55 17 64 77 96 66 74 26 96 77 51 49 67 40 32 66 42 99 87 24 42 7 42 77 54 85 30 86 21 73 39 43 97 37 94 98 71 34 100 26 16 28 53 42 81 72 61 42 28 49 41 2 42 73 35 63 56 69 66 24 95 86 5 87 22 19 78 75 35 71 75 1 34 31 99 59 88 46 80 85 51 76 59 88 94 73 65 82 19 100 0 53 42 76 76 49 99 47 13 10 78 19 80 73 83 22 15 93 11 26 94 86 38 99 51 22 82 6 43 51 15 30 4 72 75 37 61 91 28 14 73 64 15 71 17 64 74 90 11 0 68 9 88 96 78 83 62 37 94 79 8 15 70 37 4 97 13 81 28 19 100 83 72 26 91 64 33 49 74 54 76 95 53 68 57 79 66 61 50 3 76 69 23 74 36 52 29 64 74 19 43 5 75 21 76 85 47 31 11 44 12 80 11 95 73 71 63 51 42 22 100 59 14 16 30 83 100 34 39 66 93 7 60 75 29 14 49 37 32 98 12 73 46 85 60 75 29 45 48 51 21 34 42 8 89 59 75 39 14 25 1 9 54 88 42 11 85 5 70 92 40 8 97 59 98 68 93 13 61 54 96 38 99 99 92 90 97 93 35 60 67 32 95 54 57 78 74 100 0 80 94 23 7 3 14 72 92 28 79 63 35 13 78 4 66 1 2 59 85 25 58 89 33 59 41 49 26 40 86 86 45 4 89 15 9 24 7 44 62 71 60 71 77 71 80 7 34 12 31 62 30 97 84 14 12 40 92 90 41 55 88 77 62 76 23 3 83 24 100 24 48 96 11 92 75 100 77 11 91 74 4 5 23 32 77 11 88 25 52 84
12 67 16 0 38 2 5 6 67 62 42 93 19 51 52 0 88 99 6 32 37 54 51 29 100 29 2 66 38 49 1 28 61 23 4 80 18 84 76 53 9 76 100 44 55 94 39 10 27 9 90 4 64 83 58 9 67 27 82 0 54 97 6 57 89 28 67 41 53 5 53 67 8 14 25 77 33 22 12 65 56 68 97 51 60 47 9 54 42 17 56 27 97 79 50 18 50 75 40 31 59 4 2 78 45 36 42 92 80 18 51 3 63 80 94 88 73 0 6 52 39 8 18 7 27 87 83 100 95 20 82 89 25 93 62 64 99 94 21 80 81 30 69 100 20 83 1 51 73 68 33 88 7 56 36 96 37 35 6 36 44 18 31 99 6 73 96 75 69 84 30 61 40 25 96 76 22 92 33 78 7 94 10 56 58 16 67 97 39 93 15 71 16 45 72 77 48 95 60 77 15 41 13 60 44 73 10 69 89 42 79 100 55 73 43 5 22 0 58 13 27 62 67 93 87 27 43 62 35 39 70 77 7 69 25 94 50 84 74 50 48 1 20 68 3 98 52 91 55 8 8 10 44 79 56 27 74 37 34 82 86 87 59 73 98 10 59 60 2 38 84 17 68 25 8 45 38 66 51 57 67 70 79 32 55 36 57 1 63 13 62 71 22 89 11 2 46 39 32 9 43 71 5 75 74 14 10 32 81 66 45 36 6 7 32 26 45 14 20 88 42 9 46 75 78 3 28 6 38 33 34 31 10 53 98 92 22 45 89 82 95 91 16 26 36 99 55 87 82 45 53 63 8 7 56 47 8 7 21 99 1 9 36 67 51 93 66 74 72 79 93 73 39 72 42 10 0 90 99 59 96 30 47 6 81 1 58 22 100 47 45 84 6 95 35 64 18 23 72 0
62 95 80 34 77 2 48 27 64 99 0 32 80 97 4 9 71 64 90 82 0 24 83 99 49 41 91 1 48 79 68 76 39 75 30 99 81 47 38 62 100 47 16 37 82 80 26 82 37 26 40 40 22 99 69 93 46 76 10 42 16 79 63 43 84 3 0 67 66 63 59 6 48 29 16 11 28 29 18 28 36 4 38 6 75 29 70 86 86 19 32 71 44 84 69 14 21 79 21 48 67 49 55 24 9 74 4 59 59 18 87 3 69 8 7 85 73 84 90 19 14 98 65 78 85 34 19 97 45 13 99 74 11 16 80 19 33 75 33 44 100 13 59 91 93 74 6 91 55 14 55 51 9 8 71 68 8 31 44 47 72 55 49 59 15 31 81 86 74 25 78 26 66 66 16 85 81 69 31 50 71 3 44 50 54 19 43 1 15 65 87 88 42 2 87 91 20 39 35 14 56 35 60 21 84 51 84 72 100 48 91 69 52 67 89 65 63 20 8 29 91 29 26 64 57 63 35 3 62 57 63 31 97 99 94 64 13 30 5 34 69 38 90 11 90 97 80 85 22 34 74 47 8 72 78 44 69 65 5 72 4 78 3 80 66 33 20 23 19 90 7 76 23 70 90 44 12 57 75 81 88 85 48 13 64 97 9 2 65 54 64 8 52 22 73 32 26 24 10 90 88 53 55 97 47 15 96 31 11 16 29 25 39 65 95 58 17 4 5 78 47 33 12 33 95 84 31 55 45 80 54 98 31 16 75 42 40 58 26 15 16 5 93 41 47 3 34 19 61 77 53 41 61 32 26 21 96 12 35 91 94 14 27 0 82 34 77 32 47 37 18 45 46 64 68 49 71 33 38 21 38 63 12 1 76 21 86 93 98 9 13 69 7 38 1 23 32 77 96 50
82 50 64 71 78 80 98 82 26 84 7 74 85 97 73 87 73 83 74 53 3 91 62 98 98 52 18 91 37 97 1 33 86 75 58 41 8 67 27 2 42 81 36 7 31 47 10 76 61 76 62 74 84 91 41 22 39 83 49 85 72 45 74 97 25 66 57 28 15 99 5 82 68 15 70 40 38 38 12 43 7 63 18 62 6 68 41 95 85 84 57 35 78 2 8 45 1 23 41 5 94 16 63 68 35 50 66 68 13 90 19 63 88 19 47 15 48 74 35 31 74 86 62 42 95 89 28 68 21 42 70 35 41 72 25 88 65 82 90 95 65 34 0 8 81 91 65 70 73 69 3 79 79 78 52 37 69 18 37 80 15 68 56 95 76 64 77 85 58 85 24 18 80 56 81 52 76 37 84 70 14 73 9 31 69 93 93 33 5 98 28 62 35 86 66 14 30 3 93 83 72 90 14 21 16 11 65 26 74 44 93 69 76 20 30 39 31 1 65 27 13 3 94 95 71 31 0 98 96 38 83 92 12 13 80 41 47 48 82 15 6 62 2 50 15 11 94 6 48 2 94 26 26 6 78 9 82 70 92 40 67 99 14 77 39 52 28 68 19 34 62 72 29 40 17 48 52 27 61 55 55 14 89 24 2 30 99 70 77 65 29 9 66 85 24 18 25 1 69 94 67 85 7 96 14 99 50 68 64 34 97 96 75 30 86 28 42 76 35 44 11 30 26 96 56 79 50 62 81 19 29 86 10 55 0 15 3 53 34 70 34 16 33 90 27 22 72 35 84 32 46 0 0 7 86 1 39 63 99 66 82 45 33 45 94 10 40 12 26 73 63 2 76 45 3 88 69 99 15 98 90 83 85 28 63 23 32 4 27 54 5 9 20 18 92 74 98 42 36 27
35 48 34 56 32 40 98 40 87 46 37 74 33 72 11 49 51 10 63 37 47 56 20 89 75 66 2 43 83 15 21 72 42 79 10 43 7 60 60 95 94 96 92 60 19 20 63 50 90 68 46 88 21 41 32 100 13 67 0 56 98 82 31 6 51 31 99 7 85 3 78 40 75 55 79 98 5 1 53 27 99 64 0 38 81 28 51 52 52 92 83 23 60 42 1 57 50 26 95 46 98 59 47 25 91 82 33 48 14 57 41 23 15 36 19 47 11 62 19 31 24 80 1 2 21 36 61 82 88 99 47 30 46 47 15 22 6 58 66 36 15 65 30 41 45 80 37 72 90 37 68 23 65 25 80 18 69 4 84 99 0 45 89 74 0 79 51 91 96 67 76 1 95 73 24 79 43 13 11 53 32 100 35 88 33 40 48 31 68 61 98 21 64 22 0 52 64 33 99 71 36 56 88 92 39 55 93 12 57 14 22 89 53 68 8 57 8 24 11 67 43 32 27 77 26 90 66 64 51 49 87 37 4 78 75 0 61 14 70 5 11 96 52 79 54 51 4 31 96 62 57 20 67 98 47 52 20 80 3 24 73 53 75 35 33 10 76 25 0 90 80 91 49 46 80 1 23 44 27 31 53 17 39 8 84 85 50 80 30 55 21 5 94 82 58 91 66 35 6 4 4 41 90 82 34 33 76 26 6 47 64 35 57 34 67 99 5 39 18 10 91 21 0 0 42 51 27 0 72 18 1 71 5 73 7 24 100 99 29 54 75 55 79 5 23 93 8 0 92 61 80 40 88 75 79 49 71 88 24 68 94 27 8 19 49 28 88 61 95 81 73 88 94 0 90 1 70 25 56 37 25 5 17 8 49 27 32 12 38 82 59 95 45 41 71 89 25 12 8 6
18 29 46 58 93 8 38 18 91 52 11 0 15 64 65 80 83 50 17 19 10 32 39 41 47 47 10 51 64 11 48 45 37 10 12 60 72 74 93 17 38 96 6 33 76 71 23 19 16 89 27 84 32 98 0 7 4 67 51 1 9 81 41 5 5 76 44 31 94 98 5 98 53 7 59 71 48 49 54 78 66 69 65 28 94 17 45 70 61 99 7 93 17 92 100 52 64 98 14 67 34 33 68 78 52 76 44 34 64 48 85 20 76 4 4 62 81 30 80 60 7 2 35 17 59 59 47 60 17 83 79 93 30 22 39 32 6 55 26 85 37 87 66 33 88 97 3 79 64 24 41 35 86 7 35 44 35 13 35 70 55 73 97 41 32 98 50 88 65 81 13 16 51 55 80 31 17 26 35 57 49 84 99 41 6 91 60 42 96 25 21 34 15 71 14 25 65 100 1 4 68 9 59 50 97 99 65 65 82 22 96 38 28 14 79 82 48 28 92 79 43 23 52 74 63 98 39 78 72 59 22 69 44 79 57 61 59 61 99 7 46 48 1 25 47 70 20 14 69 7 32 39 82 81 97 25 77 49 95 45 91 87 97 13 61 0 73 33 25 92 82 85 24 33 73 32 97 78 99 58 57 94 57 43 34 20 63 36 50 30 32 70 67 1 85 74 63 53 49 39 79 62 81 51 51 32 90 84 59 71 32 90 25 24 86 93 75 75 84 95 10 12 65 80 99 9 59 24 96 52 59 30 7 98 86 86 31 40 45 90 99 16 89 35 30 83 25 67 4 91 14 13 33 34 41 73 79 78 72 96 71 87 88 12 47 16 81 64 85 47 36 34 13 99 19 38 18 95 39 22 11 8 0 30 18 0 51 62 0 90 87 76 84 10 100 6 20 70 89 84
88 54 94 42 64 87 20 41 94 13 26 100 25 5 14 42 52 70 71 53 50 70 70 69 22 100 45 63 80 63 64 41 74 31 75 12 40 3 39 31 86 13 48 21 32 82 93 84 58 38 29 74 93 42 16 91 25 67 41 40 80 65 93 44 28 13 76 20 21 23 0 30 69 58 49 80 36 10 26 66 11 100 0 14 8 33 76 98 37 48 24 73 6 31 36 39 16 54 16 71 46 14 25 74 73 16 73 97 48 65 61 30 1 57 66 76 21 33 27 67 72 9 4 30 49 39 43 29 28 68 28 49 33 42 26 94 65 83 20 100 35 12 77 2 93 86 25 43 64 83 67 79 39 86 5 90 50 42 4 69 81 98 68 84 91 82 94 11 7 78 38 100 16 29 84 39 75 32 35 75 68 50 62 58 49 8 72 72 68 56 36 9 23 79 24 27 12 15 15 21 99 2 92 73 67 37 16 34 22 62 91 21 18 51 96 26 49 74 75 91 55 42 45 92 73 70 3 22 44 37 95 39 55 13 26 74 12 69 62 55 82 100 79 69 91 36 46 68 15 21 49 33 43 89 46 73 73 0 10 15 63 43 72 63 73 45 19 69 21 31 19 16 12 69 79 27 36 63 66 10 36 54 57 19 57 84 14 54 67 13 88 57 5 1 86 67 37 15 85 5 71 45 47 43 48 41 28 86 90 25 18 41 51 54 27 75 91 97 40 57 7 23 15 61 42 34 17 6 17 54 97 8 51 71 31 15 97 28 52 39 43 27 61 27 10 39 50 73 13 22 25 57 37 94 24 65 69 80 49 41 4 18 83 49 95 76 1 36 68 69 84 4 85 54 15 56 71 72 96 91 16 98 96 10 8 23 62 44 73 1 42 53 96 28 79 16 87 63 85 46
89 11 95 82 12 31 23 19 7 57 24 96 38 5 18 6 62 87 41 36 2 5 28 24 81 25 40 14 7 27 11 92 4 6 94 66 50 49 28 27 35 95 22 82 4 16 67 71 36 19 6 66 83 63 65 54 43 40 14 11 77 17 16 37 16 52 67 60 87 88 28 26 53 20 11 29 15 33 20 51 66 59 13 59 75 0 35 93 38 34 6 65 31 26 5 8 73 86 76 95 87 90 82 55 15 34 41 92 0 27 94 50 45 66 65 92 80 80 61 39 32 58 31 5 61 26 4 77 39 99 63 31 82 27 68 22 32 12 88 19 70 42 52 15 83 88 25 65 42 3 31 10 89 59 38 75 98 76 31 45 4 25 21 7 62 10 35 47 38 97 16 60 51 54 97 60 31 97 34 49 13 89 74 41 4 49 39 64 66 24 29 90 74 98 92 74 35 49 52 76 89 4 62 90 22 31 59 15 40 100 75 22 7 41 94 74 20 92 41 51 81 24 39 9 63 8 22 37 49 25 44 77 85 20 95 13 93 98 19 32 4 81 69 3 93 12 40 14 81 5 92 69 77 58 70 80 19 66 40 73 29 54 11 65 50 16 73 6 95 39 19 79 3 19 25 12 46 14 82 34 35 62 41 10 61 79 56 26 77 3 89 7 78 44 43 54 35 57 27 76 100 33 13 15 28 66 87 27 3 80 29 75 96 66 47 88 85 84 91 33 89 30 26 76 48 57 42 37 41 60 37 89 7 1 92 94 77 93 79 40 33 25 58 85 10 24 84 59 76 90 79 31 17 75 14 43 31 66 15 4 36 24 90 89 31 28 5 55 100 54 72 85 66 87 61 44 73 36 0 42 25 31 83 65 97 8 30 73 50 68 31 96 13 40 23 17 5 79 14 15
36 56 36 30 9 91 75 81 96 69 70 99 49 10 22 48 27 95 59 94 47 93 87 54 58 15 78 29 92 13 86 68 77 12 99 55 70 0 91 13 21 74 1 88 69 59 58 10 21 38 44 31 88 35 60 0 98 19 39 77 93 34 16 60 38 9 69 20 15 62 23 79 41 46 74 10 81 76 50 82 28 3 51 11 27 80 79 77 75 24 77 76 24 7 91 30 44 50 74 79 63 86 76 1 83 44 76 87 56 3 90 87 56 29 95 90 1 2 62 59 100 76 5 32 97 7 46 1 47 66 64 92 98 29 28 6 4 77 1 3 79 83 54 20 75 39 6 34 67 24 51 45 99 12 68 1 30 79 19 51 64 84 16 33 1 75 97 50 80 65 5 64 51 21 52 30 34 61 88 65 38 88 5 19 74 50 20 67 45 37 1 0 13 99 50 81 79 87 58 77 86 53 28 45 85 19 60 38 37 64 26 17 78 45 63 33 94 15 12 69 50 19 11 47 5 67 3 48 4 73 22 12 32 75 4 79 89 75 16 22 32 44 25 12 79 32 9 32 12 64 69 2 36 52 54 78 90 78 73 24 18 46 48 69 9 82 59 28 58 28 61 90 76 4 96 48 37 16 87 25 6 90 96 5 48 17 84 3 99 34 18 18 58 68 89 75 7 56 78 97 80 84 15 96 15 30 74 61 2 19 97 74 15 71 81 17 58 35 91 15 51 22 85 12 76 48 99 53 53 90 53 74 79 60 18 68 70 1 44 65 46 13 45 15 93 35 16 0 68 3 90 25 68 66 47 100 9 36 24 16 57 12 16 3 7 32 55 96 69 79 62 98 2 69 93 13 34 99 99 24 34 69 52 6 20 40 38 1 8 93 18 98 49 80 35 80 1 90 16 86
85 95 73 70 7 84 28 75 21 50 5 74 51 33 32 36 72 15 95 100 47 70 82 2 19 88 60 62 91 19 71 38 63 100 82 57 30 40 38 83 64 28 4 86 40 24 22 39 24 65 2 14 55 85 43 41 12 49 32 92 82 37 83 91 47 34 45 37 44 17 50 69 17 83 60 56 69 68 3 61 68 16 83 55 94 7 70 99 100 80 64 82 65 23 85 94 59 59 53 4 80 5 73 49 63 37 27 100 48 31 46 12 57 72 13 51 42 37 46 83 3 93 26 81 33 54 13 14 67 99 6 92 64 76 16 36 82 30 28 83 24 36 86 52 41 92 53 61 65 95 30 15 55 87 43 21 95 93 22 24 34 98 77 31 76 97 77 95 26 43 52 81 0 22 30 61 2 76 23 79 99 48 4 9 10 81 51 35 20 70 32 58 89 69 37 50 6 61 21 2 72 41 58 89 10 95 85 64 16 78 45 29 47 83 9 95 88 89 84 89 41 55 36 34 43 55 64 94 20 73 18 89 81 5 100 96 31 72 10 73 2 65 23 83 96 27 86 55 19 38 74 84 18 62 24 7 73 52 22 67 11 31 72 17 97 44 41 33 36 15 93 39 60 100 83 20 90 79 29 61 17 64 9 47 38 74 42 37 15 49 30 57 90 54 55 89 36 52 90 99 66 67 48 51 71 61 90 43 62 23 25 96 50 27 88 15 5 79 39 83 20 18 53 47 53 50 81 49 17 60 31 9 88 17 89 46 31 12 83 32 24 85 24 42 18 40 70 10 36 30 92 99 50 97 99 25 51 9 83 5 64 40 27 36 27 36 90 45 90 26 27 46 89 53 69 28 30 99 48 89 65 11 87 48 21 7 14 44 94 25 5 2 99 65 7 69 16 72 94 66
22 74 72 71 14 0 41 43 63 76 96 88 38 96 32 80 20 93 58 72 14 88 66 10 64 0 28 61 47 57 17 74 91 84 11 49 14 56 28 61 6 57 36 55 85 2 55 34 45 28 49 25 10 61 4 93 53 2 62 89 59 87 6 5 54 9 66 60 58 53 93 80 17 42 62 11 21 96 51 21 21 36 2 97 25 23 2 74 52 17 26 89 62 24 89 22 39 51 37 1 91 54 95 72 1 69 16 41 54 67 15 70 3 29 66 98 14 40 27 80 12 0 25 23 69 7 0 63 25 27 77 27 32 57 21 6 86 17 91 54 87 76 80 6 77 51 50 23 48 36 6 12 41 29 57 92 52 80 74 72 81 51 92 9 36 93 70 69 4 19 43 37 34 87 19 2 83 93 100 99 59 27 86 77 35 0 66 21 32 38 43 16 19 51 18 87 59 7 50 87 22 9 44 24 0 5 11 26 91 40 18 75 34 88 84 51 12 100 89 70 25 47 6 7 38 1 73 95 18 42 47 57 33 14 5 81 34 86 78 86 64 68 31 76 63 68 72 48 40 10 93 52 9 84 32 65 76 36 15 68 49 62 16 89 98 37 24 20 21 88 22 38 84 25 31 75 37 59 99 8 74 80 51 42 41 86 46 87 22 26 61 32 45 70 6 59 87 34 13 39 3 34 17 83 66 26 69 91 25 31 42 94 36 96 73 71 66 24 100 78 39 16 69 36 31 13 18 4 63 70 62 37 52 29 59 78 85 15 49 5 48 7 72 11 14 77 4 85 27 94 20 98 76 55 50 48 99 45 45 82 47 49 71 19 57 29 53 26 84 50 89 47 40 19 10 26 69 74 15 21 74 66 74 12 45 72 97 87 64 8 100 99 97 4 22 58 63 20 11 95
64 12 91 63 22 41 89 52 19 53 66 28 52 88 22 77 11 27 60 61 13 31 12 0 23 66 10 26 82 69 33 17 36 68 59 85 6 48 31 92 77 96 9 32 53 88 87 42 60 94 33 21 0 54 96 84 3 97 30 30 14 87 85 23 21 71 83 23 90 58 40 100 56 75 99 63 2 29 14 95 4 22 0 55 27 81 56 29 43 65 42 34 65 87 69 48 13 42 65 8 5 85 56 10 26 73 95 95 13 70 51 64 71 57 90 47 72 72 21 17 29 51 93 66 74 41 45 87 0 25 38 59 15 96 35 12 75 63 27 91 97 42 85 70 71 75 59 59 23 100 99 29 19 71 17 5 78 48 47 91 53 81 4 62 33 98 19 97 48 6 20 25 33 70 34 40 66 4 29 57 14 97 44 84 73 99 79 71 2 70 20 31 100 1 41 78 48 15 99 43 13 12 89 96 66 43 53 19 2 100 26 4 96 1 89 58 24 39 93 30 41 77 78 56 50 27 75 82 44 80 67 87 43 95 87 66 30 32 30 66 38 25 52 100 18 18 51 0 36 1 79 97 66 29 52 95 47 30 52 49 36 95 44 72 79 4 6 10 19 12 23 44 67 62 51 21 63 37 11 14 61 52 61 50 55 74 96 65 37 88 70 36 100 71 97 25 26 42 88 9 26 21 50 42 68 6 44 94 43 18 69 57 54 86 41 81 78 75 31 89 44 44 10 17 73 15 63 49 43 77 22 90 0 30 96 25 27 64 46 11 44 57 24 88 97 37 56 71 97 67 7 28 85 37 91 36 69 2 64 31 88 43 40 30 9 65 31 69 81 62 45 73 76 1 60 67 25 77 93 75 76 83 97 58 33 91 26 21 32 47 88 76 10 82 60 24 89 62 54 89
53 9 81 86 65 25 59 19 69 83 19 55 25 38 17 88 66 71 48 81 60 24 61 11 86 8 61 87 62 16 100 63 27 59 63 38 24 61 29 96 22 37 13 10 98 4 4 14 71 56 24 16 36 45 76 21 29 32 52 98 80 71 62 44 83 61 48 25 73 50 52 36 51 20 70 82 64 96 41 28 68 12 98 40 45 72 41 86 100 17 89 38 20 63 94 40 1 56 70 95 98 23 47 33 42 8 84 58 40 67 91 91 93 83 12 81 76 93 34 29 94 95 92 26 93 94 48 93 50 98 13 32 77 72 62 42 12 47 39 49 32 66 13 43 63 43 2 3 70 82 41 78 13 52 20 23 10 1 72 46 82 100 99 55 34 8 15 86 53 10 83 71 46 15 19 88 40 72 75 77 90 27 77 43 28 100 30 80 59 97 44 48 99 93 41 1 16 15 70 93 91 30 67 35 21 6 87 8 58 77 48 98 88 24 60 67 46 51 47 51 73 50 60 40 53 64 64 80 5 80 68 8 84 14 50 58 85 62 44 33 48 2 15 63 94 89 36 52 58 53 48 27 35 100 83 96 83 42 96 8 21 91 29 11 60 64 46 44 29 17 19 39 28 89 55 35 81 42 82 73 53 38 87 57 80 13 95 83 0 33 88 46 43 91 18 10 42 30 9 66 97 4 24 6 95 79 19 16 43 42 61 98 96 24 26 2 26 85 56 63 3 1 60 33 60 55 95 91 95 11 7 74 28 80 94 35 100 86 37 54 100 22 68 87 99 65 6 84 31 61 57 56 81 88 58 14 86 83 62 86 56 96 54 27 66 26 15 31 58 71 7 17 59 99 95 88 14 11 29 81 96 93 82 84 59 31 25 17 9 24 85 43 78 95 93 31 87 82 87 34
8 29 16 72 0 9 65 89 4 5 9 49 10 63 98 76 30 95 51 81 89 57 49 2 78 51 66 25 46 55 1 88 38 39 72 44 20 59 34 31 14 76 17 21 2 37 51 52 32 74 55 90 11 35 73 92 88 85 97 48 48 89 80 91 10 64 97 91 24 33 45 16 39 3 59 69 68 11 25 21 99 99 40 90 93 51 46 9 68 22 38 36 26 83 19 9 42 75 57 30 34 50 64 97 85 57 58 1 10 7 56 19 1 18 82 48 7 92 46 0 57 26 74 54 35 89 15 100 32 100 19 52 23 40 46 92 94 20 25 1 11 9 15 8 69 68 1 76 66 32 81 22 2 62 6 14 63 43 3 12 18 37 44 84 20 23 79 1 23 93 68 15 86 17 17 90 86 36 13 7 7 50 79 52 95 74 16 94 22 65 27 43 80 76 44 54 75 86 86 25 24 57 73 27 54 33 68 64 19 89 71 36 51 38 10 24 38 95 14 86 15 61 15 82 1 25 36 33 16 90 43 35 43 23 54 47 81 6 33 84 4 73 14 99 81 71 33 13 77 72 64 56 37 84 96 39 55 78 27 35 98 32 25 21 5 24 23 5 24 59 52 41 46 7 29 91 32 19 77 86 95 90 10 61 83 47 56 80 54 57 95 17 52 27 3 77 53 56 63 100 28 58 62 25 66 88 31 22 15 98 10 24 54 34 100 69 9 8 95 93 28 76 46 43 9 8 74 46 31 78 74 69 15 58 60 73 72 48 41 72 87 23 59 53 27 76 27 53 12 24 24 23 82 43 78 46 25 88 65 18 70 40 33 53 2 83 42 42 77 18 55 41 36 86 41 77 67 48 53 82 98 60 29 73 81 11 87 55 99 92 49 76 97 32 5 58 91 84 21 98
39 34 24 87 82 66 17 3 76 73 40 48 44 65 50 64 9 57 16 29 85 70 57 34 20 82 73 88 63 43 88 23 35 38 50 84 46 17 34 58 18 68 58 36 2 13 54 26 66 89 26 93 92 55 5 17 56 38 7 43 62 8 39 11 24 72 84 6 15 49 81 78 60 75 100 55 46 25 89 14 87 71 56 59 85 2 58 16 44 17 23 27 5 24 97 64 8 79 67 87 40 5 98 97 52 17 50 7 3 47 5 92 90 31 0 81 2 5 0 43 81 54 61 93 74 86 34 84 79 44 20 15 58 18 58 44 17 86 48 60 20 97 67 18 82 83 0 38 88 70 89 98 25 75 64 4 47 72 5 31 28 94 69 1 28 24 20 1 63 63 17 0 15 66 74 48 28 61 5 25 83 1 71 67 52 77 88 95 44 96 3 18 74 40 31 44 16 53 13 14 78 18 69 42 82 33 53 43 17 59 33 6 32 93 44 42 2 25 1 17 30 13 34 1 89 0 100 39 88 4 89 10 62 11 90 83 3 0 51 40 96 6 25 81 88 5 24 66 69 70 54 97 0 66 82 26 66 33 11 97 71 9 27 89 53 36 93 3 92 93 54 48 98 26 89 47 58 6 71 99 67 68 77 20 46 92 100 61 55 48 49 56 53 59 43 97 48 31 87 8 98 16 41 51 73 99 97 74 100 48 80 82 56 32 95 53 77 78 96 100 60 40 32 17 11 21 68 93 22 69 19 96 36 26 86 33 6 24 30 36 22 4 89 40 23 71 56 19 68 89 50 30 49 13 41 1 51 6 1 73 100 7 98 44 85 100 77 46 44 75 50 36 61 0 44 42 78 71 15 83 83 11 7 7 73 80 35 53 46 1 91 40 8 5 69 13 90 19 95 97
85 97 1 90 72 35 71 9 54 16 13 32 66 7 64 6 85 86 7 43 98 64 64 11 27 61 44 23 50 6 84 79 89 77 50 50 71 83 35 10 47 7 65 41 51 50 33 24 45 11 3 85 63 92 43 45 19 59 62 60 65 3 17 76 84 35 23 16 78 50 3 48 82 23 8 61 2 75 54 37 7 53 62 30 37 62 29 45 29 40 3 19 21 38 14 37 46 36 17 81 78 73 43 16 46 58 88 98 1 68 60 24 46 23 12 90 83 56 27 85 86 7 44 59 47 88 80 53 85 62 12 86 27 30 98 81 22 33 13 25 93 80 2 94 64 57 3 54 40 3 3 10 36 20 64 24 64 23 59 21 75 1 84 41 31 77 19 87 10 67 53 34 68 58 21 58 72 12 22 83 15 90 75 36 0 87 35 97 56 26 59 91 57 49 56 91 92 75 62 42 92 84 5 84 70 23 46 48 82 48 33 58 3 92 98 86 83 82 24 51 29 95 42 94 80 38 70 99 47 76 52 63 16 12 83 46 63 64 12 41 29 85 34 24 85 77 65 64 82 45 88 41 43 9 32 20 6 13 85 37 86 32 66 44 77 59 10 6 88 39 21 27 67 72 58 38 22 26 8 80 35 35 49 10 5 73 11 2 78 12 72 98 75 59 75 70 65 30 74 5 26 45 96 60 48 22 80 64 41 98 70 69 86 85 60 60 92 75 0 62 31 78 33 16 36 82 1 12 7 22 25 39 18 20 22 50 49 76 82 82 0 15 71 33 12 12 71 13 67 77 85 80 31 95 51 72 34 56 14 36 53 32 99 85 80 40 59 92 2 19 25 77 38 63 69 23 5 9 100 5 52 97 97 94 23 11 59 28 80 59 35 77 88 16 92 26 54 12 92 80
29 56 73 48 88 37 54 97 18 46 7 48 20 38 82 40 62 27 56 20 44 43 100 45 89 55 37 50 51 35 97 91 93 24 48 65 79 68 24 68 36 53 20 64 19 36 28 13 67 94 80 35 7 35 98 73 6 55 72 11 31 21 87 53 50 67 95 64 93 56 78 38 42 34 66 14 68 30 78 93 52 2 8 79 86 49 3 97 44 12 46 40 76 36 5 55 1 82 1 67 50 26 70 44 39 38 86 26 88 22 20 11 61 14 61 58 31 85 67 42 34 12 91 2 86 92 72 92 16 23 88 6 83 74 74 15 92 5 70 77 50 49 99 25 44 76 87 21 65 67 32 51 58 26 49 52 71 61 46 0 26 16 48 49 14 63 72 87 73 42 75 3 52 39 63 45 80 33 57 54 42 6 40 50 76 29 17 65 20 32 9 83 17 65 51 42 28 38 67 21 56 65 70 6 94 71 91 37 56 29 43 15 1 56 74 100 25 54 4 96 70 3 89 29 17 65 10 3 29 4 64 72 3 45 29 20 6 2 93 89 51 89 63 82 7 77 16 58 28 30 66 50 12 85 51 52 3 59 38 99 93 91 96 23 49 70 90 70 83 96 53 56 70 19 48 88 90 56 49 30 37 3 16 24 96 62 35 99 20 30 32 73 36 100 27 8 54 2 13 66 50 90 26 31 53 73 76 52 93 46 83 18 5 67 43 89 70 9 22 31 57 8 32 55 40 20 44 96 50 65 93 56 22 3 73 95 52 23 43 60 55 0 77 98 2 93 50 35 56 96 31 72 93 21 16 17 26 28 11 46 7 60 68 29 25 93 32 17 67 20 15 33 76 5 53 75 41 45 69 45 75 72 66 47 10 28 52 38 42 70 37 39 4 85 100 21 100 76 12 67
86 94 81 95 9 63 69 47 38 70 61 34 20 45 56 20 21 81 53 17 44 15 61 37 1 1 46 14 60 74 32 65 5 9 23 4 71 27 70 50 34 34 4 85 32 51 43 25 71 84 47 67 35 0 23 10 74 31 5 42 40 4 88 43 34 82 94 73 66 76 86 13 11 70 1 59 81 1 55 68 49 4 65 39 68 20 15 13 7 22 14 12 61 94 30 84 20 4 40 33 13 61 88 53 67 96 57 31 29 55 6 71 30 71 5 65 98 43 66 13 62 86 69 14 11 93 69 20 66 47 0 61 20 61 78 17 32 34 65 4 36 55 55 76 62 26 69 46 87 41 27 51 70 3 70 35 0 71 45 66 65 64 64 67 14 37 63 42 9 15 53 13 56 21 38 46 88 89 44 9 99 43 48 84 62 50 12 100 85 53 66 37 34 50 75 14 52 21 10 94 64 77 84 9 58 30 42 49 83 85 37 4 64 27 87 19 7 26 8 20 72 7 51 21 36 35 16 45 4 4 86 83 41 30 22 81 55 87 62 52 48 61 26 49 70 23 57 33 58 6 92 63 21 20 53 96 84 3 69 81 77 26 22 24 70 99 61 41 67 82 82 55 71 93 36 93 54 56 78 44 87 77 74 29 40 99 63 14 72 47 35 67 0 62 56 46 40 2 49 34 1 98 25 73 88 45 15 45 64 68 63 37 37 0 22 36 79 98 8 55 17 78 73 9 49 9 80 42 36 35 98 71 63 22 33 95 89 99 17 57 83 33 2 78 78 74 73 79 91 20 94 16 33 1 47 96 59 58 87 33 53 55 47 32 45 20 55 13 11 67 68 86 55 96 89 49 96 73 56 96 3 94 38 57 92 95 47 69 11 32 39 37 38 29 66 89 93 33 86 25
28 25 52 77 6 30 32 32 33 6 93 51 75 32 8 1 14 97 70 39 39 96 40 15 37 71 10 44 65 18 89 83 86 34 66 92 64 95 8 78 42 52 6 62 36 15 28 84 75 31 33 100 32 80 4 96 6 20 36 80 53 7 96 11 18 75 51 92 95 23 82 77 36 52 93 70 65 42 91 92 63 85 24 76 66 97 35 7 22 71 100 99 6 60 1 31 19 0 40 67 53 84 72 76 27 54 27 100 46 60 33 17 59 59 21 35 93 52 100 56 44 23 5 83 73 13 52 57 4 5 55 62 100 47 67 6 40 40 76 24 96 85 16 33 95 45 48 77 78 8 32 74 84 84 54 92 30 61 13 12 21 45 46 57 58 47 85 10 89 65 79 17 97 33 55 60 31 88 38 52 40 46 45 51 28 95 0 30 34 89 52 43 73 75 74 7 63 7 82 83 41 58 7 49 13 84 35 63 18 45 96 83 96 24 12 20 37 0 66 74 16 46 9 94 17 51 82 92 99 8 93 24 63 72 82 85 21 54 60 49 12 98 3 18 91 83 22 56 42 54 48 72 91 64 82 9 62 9 79 90 54 86 80 12 64 96 15 13 18 43 86 98 42 57 74 53 86 10 34 56 94 38 61 30 80 26 86 0 79 12 72 61 25 68 8 31 59 24 14 85 38 25 75 57 37 77 0 59 1 14 25 94 25 30 6 90 56 8 43 29 18 57 35 6 27 75 46 87 77 2 73 2 84 72 77 62 4 66 93 62 20 80 6 95 44 30 41 83 85 36 50 79 60 93 50 53 43 97 50 33 42 54 38 44 78 44 58 66 18 51 25 55 69 32 52 22 54 77 3 45 7 60 79 62 9 100 37 18 13 89 61 93 97 63 53 61 66 83 13 79
6 72 20 13 30 15 12 72 53 39 83 100 65 28 95 33 53 82 23 48 15 85 98 3 48 14 29 98 43 43 66 51 61 69 65 100 8 63 9 27 34 41 86 79 52 3 55 56 46 62 11 40 1 13 1 64 40 84 92 21 6 87 85 86 33 47 32 21 24 91 67 50 34 1 99 86 43 65 58 58 89 22 73 16 70 59 77 53 18 21 74 9 30 72 87 62 71 54 28 18 70 48 77 41 27 33 6 75 70 87 59 10 72 89 23 83 25 36 38 67 76 2 86 96 91 48 44 19 32 58 89 96 82 7 95 54 99 27 32 47 27 42 92 33 61 24 92 41 36 79 37 93 42 87 67 70 76 92 23 1 18 86 9 28 68 44 22 15 72 41 60 72 40 90 89 87 28 12 81 10 83 26 10 6 19 15 12 81 14 100 15 71 41 26 72 13 80 35 87 87 89 4 26 98 83 47 47 65 35 81 95 54 45 8 16 13 86 4 74 83 91 2 27 53 27 17 28 44 53 59 43 25 13 1 98 46 48 57 51 76 51 10 51 63 48 66 10 1 77 58 62 76 43 91 56 86 79 26 68 5 80 95 79 4 10 61 65 10 27 91 64 97 96 10 91 45 20 16 20 85 60 5 82 77 31 56 75 72 26 50 53 18 63 52 24 55 65 52 98 39 89 29 80 66 19 7 65 35 93 73 26 40 35 76 36 62 49 52 59 96 31 7 76 5 47 45 16 40 68 90 31 75 62 86 53 22 67 12 66 40 41 93 81 84 51 99 50 58 89 1 55 98 36 46 82 88 13 91 29 63 96 42 46 6 13 48 20 61 12 2 4 48 34 29 16 40 67 100 52 5 26 41 2 37 2 56 13 19 95 48 92 70 13 52 31 47 87 9 95 79
75 38 1 9 86 39 61 16 94 11 30 84 46 11 55 73 69 73 7 5 91 66 57 27 23 16 66 13 20 19 11 69 73 92 34 17 81 53 53 5 54 24 7 87 90 20 91 9 20 73 93 26 39 83 15 29 39 69 40 64 42 75 23 3 34 41 68 12 36 76 16 97 4 42 90 64 63 30 33 45 72 96 44 38 75 56 67 75 64 77 78 85 53 42 29 50 26 0 42 4 6 69 2 59 23 26 89 93 41 42 84 23 78 23 83 54 25 22 74 1 49 42 63 31 68 18 100 66 47 84 79 23 98 6 19 57 84 99 4 7 22 13 79 54 25 1 28 47 66 50 38 48 80 74 80 51 43 45 100 73 1 83 4 50 1 25 85 44 92 6 6 19 59 74 31 50 8 65 5 10 52 51 4 74 38 1 62 43 93 77 44 17 15 23 47 0 66 69 83 33 19 1 85 22 78 40 25 81 51 31 60 24 56 18 5 22 7 25 64 77 8 36 66 12 95 99 70 10 40 26 29 56 57 90 1 54 60 3 45 99 95 21 38 70 43 71 23 72 79 80 59 98 7 0 88 98 89 11 13 4 91 65 57 8 31 61 100 15 95 43 48 73 43 58 80 27 82 73 31 70 66 36 55 32 24 76 85 92 60 42 28 63 58 58 27 53 67 62 96 20 6 98 66 47 19 95 22 16 44 34 75 45 1 99 95 27 27 33 78 11 10 47 56 90 85 6 69 67 67 93 88 16 73 17 75 84 77 10 1 15 89 70 90 20 19 26 90 93 68 76 5 93 100 95 15 13 60 70 40 94 94 80 95 72 44 92 92 9 51 95 46 86 13 93 30 57 65 28 26 50 90 53 4 27 85 14 56 19 58 96 44 6 32 5 72 84 34 65 1 86
9 26 88 18 55 17 20 11 42 10 27 60 13 100 2 35 15 17 58 32 60 88 19 71 9 86 84 32 78 67 51 90 47 8 74 100 32 37 85 32 86 47 88 60 40 94 96 97 1 52 79 98 24 35 3 17 48 65 32 53 61 20 47 49 21 22 15 81 58 17 14 84 23 44 69 35 56 24 3 78 96 84 35 15 84 70 80 94 4 71 68 24 4 32 29 17 33 51 72 17 20 58 27 39 34 4 4 82 50 67 29 33 52 67 94 45 39 39 92 94 7 48 86 98 1 90 77 97 28 52 41 58 85 86 75 84 34 7 81 37 67 35 27 13 7 60 14 34 72 10 33 13 56 57 84 16 82 82 50 93 85 14 93 33 87 24 75 40 75 73 68 27 10 46 31 59 79 18 20 5 23 16 54 89 57 71 61 91 95 29 24 19 2 72 27 75 50 53 73 20 11 12 88 91 75 92 16 20 45 76 31 3 26 90 56 85 0 0 80 98 21 66 49 53 44 77 66 80 67 3 69 59 43 29 7 96 27 70 26 4 20 34 45 47 87 87 41 11 83 80 19 49 26 3 44 85 49 71 68 20 8 28 1 4 74 75 36 53 23 87 30 57 81 41 36 65 64 29 34 43 20 18 46 34 4 61 96 89 15 42 57 8 88 32 79 64 55 90 22 33 93 46 68 99 97 10 56 11 66 53 19 88 86 24 17 72 74 35 34 14 81 28 58 15 19 66 56 96 73 2 41 84 11 12 12 64 91 79 45 82 7 87 45 64 7 2 70 100 24 5 81 81 23 91 19 56 81 56 68 32 62 100 96 28 38 52 16 66 21 98 23 57 29 90 61 15 80 68 9 2 42 62 13 73 83 70 80 98 3 38 18 98 22 58 16 52 13 88 15 22
0 28 92 7 38 8 23 10 57 90 33 0 23 14 63 24 28 23 89 19 0 72 50 95 47 28 4 25 63 31 33 91 40 50 77 84 43 44 91 86 15 91 29 71 73 12 0 30 58 29 22 9 10 73 28 87 1 93 2 53 69 97 32 11 69 43 38 25 74 87 60 94 98 94 85 23 41 46 24 29 78 96 21 98 35 28 58 13 45 73 58 79 90 33 21 44 89 55 16 86 85 46 25 98 85 75 61 14 24 91 75 99 72 11 57 80 12 90 29 57 28 86 74 79 91 33 6 12 67 29 69 52 75 12 0 66 52 29 87 99 64 65 72 50 63 6 65 74 81 95 85 64 11 73 92 54 80 63 10 68 75 35 92 9 17 53 70 39 49 55 9 62 75 37 18 38 12 19 30 87 42 23 9 37 59 94 25 60 100 5 55 77 79 26 24 69 38 19 1 37 0 97 44 88 74 76 17 72 42 97 5 36 60 13 75 12 39 21 84 53 65 38 68 32 78 26 95 37 19 4 22 51 61 11 75 15 50 1 16 62 40 79 50 84 95 62 4 56 36 8 10 51 15 28 80 18 30 1 30 32 77 57 100 4 3 17 95 81 93 9 39 59 12 98 76 72 53 59 98 28 49 34 73 90 5 100 75 100 32 84 44 95 15 30 63 72 29 25 17 36 14 63 72 23 93 14 82 67 19 15 11 58 5 79 33 71 80 53 17 3 0 42 2 14 88 53 98 0 84 40 41 18 28 74 11 5 38 33 21 1 75 3 27 75 22 86 43 74 36 57 67 84 59 89 3 83 0 15 76 81 73 19 95 8 50 1 18 17 50 28 55 16 70 82 32 46 39 5 48 42 71 74 75 90 26 57 24 81 46 12 37 71 57 46 47 45 69 71 60 25
28 64 0 7 66 33 18 44 69 27 42 76 46 61 8 44 7 90 21 62 96 6 13 26 20 67 8 75 24 7 67 91 48 49 84 91 10 66 1 65 34 34 33 95 38 8 67 16 88 31 38 54 3 27 82 60 22 37 86 81 73 87 74 89 81 38 95 87 27 94 72 84 4 67 34 21 14 81 65 83 10 56 24 32 10 72 85 62 13 44 4 71 68 18 8 78 58 89 52 75 42 48 27 71 6 50 67 0 33 35 67 62 10 32 39 91 28 34 78 83 21 1 9 3 42 84 57 91 9 59 83 96 59 97 20 40 35 54 39 97 97 43 29 39 6 78 50 72 6 72 76 26 44 37 13 19 26 72 55 91 69 87 77 97 76 93 100 61 82 49 47 6 71 96 100 63 49 87 85 73 78 85 0 31 92 2 5 48 21 50 29 97 51 52 57 36 57 93 86 56 55 91 13 97 57 95 92 33 93 56 88 79 6 16 14 22 36 88 56 11 82 49 74 8 38 99 9 47 59 18 8 39 82 46 100 16 13 31 24 93 69 91 33 98 20 13 92 60 37 12 6 6 32 40 69 54 5 59 78 21 60 52 14 66 60 78 19 36 39 76 52 100 41 97 29 59 56 24 95 78 65 9 62 50 87 40 29 57 34 20 19 17 26 89 9 53 36 14 48 39 83 99 82 48 64 61 9 63 76 52 0 66 89 19 23 51 72 3 17 96 60 26 32 42 38 81 6 94 2 81 94 12 93 67 65 49 7 8 55 14 24 5 41 42 55 17 77 16 42 94 37 23 84 49 44 56 65 49 94 5 80 26 85 33 38 48 37 55 91 55 86 93 77 37 3 80 74 22 81 3 21 96 58 23 39 30 50 15 70 4 87 83 44 95 69 77 82 40 82 41
27 74 55 83 9 1 66 19 0 19 86 81 42 24 74 2 28 53 81 27 24 90 99 66 17 46 64 34 59 61 59 18 38 31 46 8 64 40 38 100 72 43 86 69 59 68 14 27 16 70 8 25 35 98 49 11 41 48 95 75 79 65 59 34 14 5 65 40 80 89 97 16 61 24 12 97 39 57 22 85 72 8 27 49 60 66 43 100 51 6 63 20 14 36 70 80 96 64 50 2 6 56 8 71 72 68 73 48 3 5 24 50 5 57 62 67 67 48 4 67 28 56 98 83 58 86 54 96 23 94 50 88 45 100 44 79 14 3 33 44 90 1 52 49 49 21 67 74 48 13 59 4 7 65 78 27 32 18 57 63 16 82 27 18 88 0 25 24 18 30 50 10 74 77 67 97 28 75 74 74 61 95 80 16 91 31 72 68 98 76 49 25 26 40 84 88 46 24 32 0 71 0 70 76 82 17 88 57 64 58 75 39 75 64 52 38 94 36 27 83 87 32 31 15 30 34 98 22 86 38 31 38 75 42 46 77 64 55 85 63 39 55 4 38 100 75 63 18 14 76 17 20 20 80 77 64 35 100 47 66 44 83 55 57 4 1 49 15 41 61 10 75 8 36 45 56 43 35 32 2 25 27 10 40 13 8 14 10 19 62 60 26 91 65 27 39 89 51 47 24 89 32 51 3 15 37 29 87 46 68 25 5 25 23 77 66 19 98 30 31 19 18 80 35 92 49 64 8 61 34 29 41 2 42 32 32 84 96 43 92 9 49 8 39 97 95 25 26 23 95 50 27 30 61 18 2 43 28 59 38 21 65 34 62 100 84 16 49 79 34 52 70 65 39 29 14 93 96 21 5 2 46 31 89 92 29 97 0 78 12 69 44 52 52 60 51 46 53 54 66
94 24 39 34 5 33 94 0 99 56 21 60 47 98 91 42 55 46 67 13 69 82 95 100 17 100 54 84 32 73 36 54 26 3 48 14 48 20 99 62 22 28 70 96 52 98 12 43 32 2 63 74 82 12 76 93 13 31 14 90 86 10 11 81 11 44 55 17 42 34 0 67 78 4 70 1 88 51 72 62 41 64 16 90 9 10 22 21 3 70 63 31 7 93 35 22 24 7 67 34 27 37 96 78 95 60 60 9 54 93 78 25 74 30 31 64 94 71 4 55 63 55 75 61 80 1 98 57 71 9 42 61 11 11 72 90 67 47 11 51 89 5 75 40 81 19 27 55 55 12 63 33 47 64 55 19 17 70 74 97 70 8 37 19 3 79 19 38 26 96 3 15 25 74 26 24 91 78 82 64 99 2 27 35 0 71 21 37 11 81 89 24 15 92 68 30 86 83 17 61 72 99 41 94 57 59 61 86 9 3 30 13 89 68 65 27 20 22 99 91 88 60 65 80 43 62 33 57 22 83 26 60 35 20 19 91 51 28 90 92 48 93 83 83 98 67 16 9 65 30 49 13 74 84 7 23 56 26 45 78 88 14 71 24 21 10 68 1 29 97 73 76 42 38 26 33 100 100 4 36 78 93 78 59 7 66 55 83 95 31 23 46 22 2 81 8 88 42 3 5 21 43 29 13 81 51 24 52 28 76 76 19 17 68 35 52 55 58 8 46 6 50 36 80 69 29 94 16 17 49 70 23 91 98 6 44 2 58 59 39 77 44 1 2 100 11 17 69 51 12 26 33 74 58 23 62 27 90 61 25 64 42 63 26 23 1 35 25 39 66 98 12 79 85 94 74 17 26 60 58 11 51 24 39 10 47 35 92 7 32 30 52 25 62 44 54 50 0 98 34
26 41 17 54 81 2 77 57 48 19 40 23 23 41 76 16 59 5 78 15 97 99 16 95 59 18 26 58 42 40 44 95 18 80 35 34 95 46 29 87 61 94 17 48 13 8 20 63 11 69 30 33 16 40 22 72 61 85 81 50 65 27 43 83 96 30 30 48 82 73 93 1 51 65 10 62 94 61 73 94 86 25 32 78 87 36 59 17 90 56 59 0 92 90 48 80 31 31 78 40 47 62 69 75 53 30 85 92 99 71 24 19 11 88 26 76 58 25 1 82 45 77 88 41 49 45 71 91 86 70 98 99 16 0 47 16 14 82 61 31 90 83 37 38 88 76 68 42 88 71 100 98 95 12 10 82 29 39 5 79 9 39 14 39 76 25 72 58 19 71 23 16 43 13 3 25 97 26 92 86 85 55 86 48 80 70 21 6 31 51 0 26 43 87 83 22 29 68 75 13 8 79 77 49 37 69 27 36 53 21 11 26 54 56 98 96 40 76 45 97 31 67 31 20 84 3 89 83 68 84 5 5 52 42 59 28 95 11 16 9 41 37 35 26 41 74 77 95 49 23 5 34 37 16 28 16 79 43 36 18 0 35 26 40 45 53 18 7 20 15 35 88 69 62 97 15 54 57 96 95 48 76 88 37 2 85 48 2 29 83 28 5 35 38 93 31 81 77 22 8 40 62 67 78 16 19 5 57 76 65 4 47 88 61 91 35 64 32 82 96 89 61 10 67 100 75 15 1 0 80 37 78 57 85 61 64 3 74 53 91 25 92 18 80 26 96 45 48 40 72 24 97 54 5 47 31 57 67 47 19 93 6 18 24 78 70 48 70 1 42 45 87 6 59 61 82 93 85 27 91 43 13 93 19 99 23 69 86 96 49 53 29 49 32 89 63 27 40 71 80
63 4 40 76 95 49 75 67 68 99 23 44 15 49 1 32 63 62 20 11 36 97 96 51 33 88 12 25 92 35 22 36 0 32 6 84 17 61 80 18 81 50 81 75 37 64 82 35 51 39 53 89 35 99 94 87 27 56 58 50 22 14 79 9 31 74 63 75 98 18 43 13 6 56 9 33 76 19 59 45 47 19 72 99 7 1 60 38 61 92 32 68 25 14 98 33 45 89 75 64 56 41 35 55 77 43 37 79 10 14 9 99 41 23 34 70 0 46 60 8 87 80 15 50 3 3 45 83 26 57 93 26 87 3 18 29 81 34 40 68 15 96 5 19 17 66 51 73 28 37 88 18 2 30 96 79 56 54 64 98 2 42 48 60 65 26 67 45 65 70 52 67 29 45 65 86 48 18 74 0 93 69 14 45 67 27 89 22 72 48 11 15 36 49 66 25 58 89 60 88 63 79 22 59 63 55 58 87 46 91 98 78 91 50 57 54 0 16 71 70 40 78 59 40 90 89 41 47 23 94 3 23 83 64 68 99 21 31 59 72 94 69 60 41 27 16 99 71 75 2 8 7 25 3 65 69 17 72 87 8 11 35 74 94 97 72 31 78 45 38 46 71 32 0 35 93 85 48 17 55 5 90 98 56 49 37 89 19 47 23 20 59 99 42 24 72 35 44 51 50 78 67 67 84 44 20 12 24 13 40 72 66 19 22 23 38 16 14 64 73 88 43 49 3 88 38 67 5 0 95 10 32 84 11 29 59 32 70 12 45 77 29 28 95 26 0 65 50 99 16 76 90 87 83 89 41 29 61 39 27 52 50 2 74 73 72 82 41 42 97 32 99 63 56 74 76 74 3 2 100 94 83 1 31 17 28 39 98 42 79 36 19 48 52 29 40 87 47 2 98
30 64 42 46 20 34 21 26 19 23 69 78 53 54 13 55 5 3 93 48 1 18 63 6 23 72 95 35 34 93 49 94 61 62 97 41 67 2 100 94 81 90 88 15 42 100 82 74 66 54 10 41 70 88 66 71 47 12 94 69 12 31 3 60 33 35 46 95 19 70 56 89 99 23 56 1 0 78 43 45 65 63 38 25 81 72 16 32 77 56 23 91 39 25 61 92 89 57 25 93 80 34 60 74 73 67 17 23 7 2 43 95 28 36 82 73 12 16 0 25 5 43 24 99 45 77 2 68 67 63 68 15 66 27 99 99 18 72 12 47 66 19 7 31 10 50 95 80 100 74 39 93 54 24 94 48 87 91 42 25 49 79 27 6 28 91 36 32 24 28 52 40 44 46 76 53 59 84 7 30 48 33 41 80 45 56 92 14 33 84 30 25 64 5 78 89 16 55 50 48 1 7 15 44 90 29 15 2 11 82 96 49 39 33 49 85 72 1 85 7 36 89 44 94 99 26 93 45 58 45 78 89 77 17 30 49 67 69 83 67 19 81 17 95 14 14 17 42 71 72 81 71 10 96 98 31 44 27 86 99 24 87 58 57 71 79 5 41 78 25 46 9 39 0 44 73 15 25 41 14 19 37 8 47 99 86 10 45 24 40 5 29 32 10 94 38 23 69 61 51 17 6 97 7 69 18 34 46 37 64 91 45 60 55 13 99 62 10 21 66 0 31 93 62 2 64 51 22 19 25 84 64 90 36 43 47 95 34 48 95 40 44 80 98 57 35 38 90 78 67 85 96 73 24 80 94 73 16 39 13 72 75 70 17 99 33 51 22 35 100 93 13 81 73 45 75 25 54 29 66 56 98 22 90 53 10 81 48 16 98 1 46 10 53 46 58 5 60 47 41
31 20 74 91 48 57 57 6 41 23 52 34 64 79 62 58 66 15 36 61 77 78 37 69 2 58 50 67 80 83 88 61 71 71 73 72 18 45 87 0 51 82 58 56 54 56 36 18 34 81 46 26 12 13 44 88 46 81 81 37 84 43 84 2 6 37 52 19 77 74 56 36 17 81 70 14 19 50 6 45 25 36 58 5 56 53 27 64 8 21 8 47 77 32 98 42 25 52 88 75 81 15 27 27 72 48 4 53 99 78 4 63 75 69 74 60 91 94 69 61 96 34 88 3 63 7 53 48 45 91 98 53 89 60 82 47 29 66 1 49 25 75 45 86 63 72 35 24 36 97 16 64 92 6 3 81 6 71 26 61 68 4 98 23 46 8 25 5 77 33 82 90 51 13 95 9 64 57 15 72 35 4 96 53 11 30 79 93 20 6 68 34 80 64 95 24 46 62 42 17 58 66 46 67 8 53 5 22 66 54 50 92 35 92 91 84 66 99 97 73 43 56 55 58 90 97 13 74 2 94 19 49 96 39 36 32 44 82 59 81 89 97 71 15 6 35 69 97 9 92 91 38 49 22 74 48 41 50 18 31 7 95 63 76 37 73 92 27 41 28 89 96 92 31 66 50 77 18 2 40 3 62 89 6 32 86 25 46 93 61 88 50 52 42 54 39 100 98 14 84 20 59 21 0 2 22 71 24 94 15 98 90 90 96 30 49 63 82 59 44 34 10 79 69 95 86 58 43 61 52 76 14 45 90 75 47 89 31 12 90 67 12 64 99 42 46 70 31 59 52 79 14 79 40 8 16 79 35 84 7 100 79 27 78 7 41 8 36 86 42 40 73 80 51 13 47 25 89 26 26 64 17 84 63 55 47 49 86 74 18 9 45 58 100 21 99 18 8 79 19
66 97 42 41 64 92 61 92 60 72 27 74 49 27 34 36 92 70 6 9 14 17 3 57 28 19 98 75 43 75 91 2 83 53 2 11 33 56 41 49 39 63 77 88 10 35 88 5 66 69 96 8 55 67 68 31 94 28 98 42 0 45 64 100 68 5 57 80 88 8 33 64 39 64 17 42 30 33 35 52 66 44 63 13 33 5 71 22 1 44 78 46 87 94 28 64 36 79 21 27 47 11 37 84 9 55 80 13 10 25 25 24 100 62 51 87 59 93 81 11 55 81 23 45 26 94 2 8 36 97 100 50 24 84 0 52 27 8 22 90 74 24 68 98 86 32 53 68 58 9 43 94 74 21 37 60 56 4 74 34 13 55 22 17 97 82 81 57 15 48 65 78 53 96 95 60 61 89 54 21 32 57 89 3 62 8 51 61 90 54 65 10 51 94 100 33 45 4 61 80 25 36 95 13 74 77 14 69 63 58 16 20 94 96 79 63 13 90 41 66 27 84 97 90 68 42 25 51 88 68 29 2 63 62 83 100 87 2 37 54 67 65 26 73 53 54 92 49 58 88 97 69 92 1 96 20 85 54 86 68 21 45 66 63 18 96 30 69 97 28 32 21 89 45 77 33 97 29 63 2 3 8 15 73 8 47 11 63 88 10 39 5 61 45 83 18 13 46 88 79 47 70 61 29 32 100 71 1 42 79 59 58 1 3 12 73 90 59 46 70 10 91 95 74 12 16 29 56 58 7 30 13 64 57 46 7 42 18 82 2 2 29 91 57 77 3 49 25 9 28 59 85 5 87 71 14 58 19 9 88 53 4 14 80 96 28 79 31 73 11 14 3 81 25 23 28 45 16 19 85 23 100 82 0 99 17 46 49 97 97 46 15 98 81 83 4 47 94 61 7
39 78 86 85 17 54 60 3 78 29 23 84 86 32 89 31 73 92 95 7 19 15 98 73 56 39 66 68 38 52 71 55 22 64 14 35 15 34 7 34 5 70 54 43 94 75 100 70 89 5 39 98 80 72 73 94 55 74 29 15 85 40 33 42 66 41 43 28 82 97 35 54 82 95 63 82 80 42 50 82 56 66 89 15 58 82 31 65 50 83 63 52 69 61 3 36 8 99 7 51 81 21 29 0 16 70 39 29 61 92 14 55 86 6 55 34 43 1 99 59 54 62 37 10 57 92 75 13 37 68 10 13 94 67 83 80 73 72 40 50 54 41 98 18 62 10 88 2 9 4 18 92 96 75 33 79 7 92 26 1 83 56 37 63 9 19 6 42 53 61 34 73 33 7 16 0 33 6 93 68 32 3 34 1 91 15 61 59 75 40 22 39 32 18 37 14 52 16 2 3 19 23 58 69 8 100 40 70 75 39 91 24 35 55 6 71 15 81 53 35 86 12 66 91 62 57 46 25 69 12 56 26 84 28 94 46 23 8 74 35 84 14 63 65 23 12 7 5 84 20 71 28 9 0 37 59 12 6 18 78 61 56 16 79 98 89 32 57 75 58 84 84 81 37 83 54 57 11 63 68 91 43 67 90 23 92 39 47 52 6 52 87 43 87 93 74 19 98 49 48 23 77 14 62 31 21 93 21 94 96 71 80 93 39 98 64 6 15 94 37 99 55 40 84 62 32 27 65 76 15 11 39 97 33 18 13 50 92 77 52 72 0 43 61 6 91 80 18 94 32 54 23 37 91 81 78 5 23 3 21 68 2 99 97 84 30 26 91 66 42 96 1 45 31 77 99 52 70 23 48 30 47 40 87 62 28 19 19 23 17 46 93 4 100 74 86 6 80 72 51
55 62 97 66 59 71 95 84 7 86 56 63 2 39 94 14 25 48 66 70 75 23 30 51 40 43 5 8 13 58 100 16 29 93 16 76 42 76 78 95 66 16 24 38 13 55 21 80 44 40 53 14 40 63 97 68 61 41 98 74 51 68 10 31 73 77 23 33 46 69 52 80 32 99 66 73 54 85 38 44 80 48 18 32 30 1 29 52 8 76 47 57 13 52 22 22 73 69 98 1 7 94 75 62 51 58 23 75 60 59 26 91 29 98 11 3 84 69 69 18 45 21 77 50 37 98 25 15 48 23 34 45 31 86 96 58 87 37 47 7 38 94 18 55 12 7 35 29 79 56 95 67 11 85 46 44 14 69 22 99 20 29 31 54 5 37 41 12 28 39 51 3 35 35 37 93 23 16 78 72 58 37 76 7 69 32 29 11 23 76 94 34 4 16 92 32 91 34 24 63 80 51 21 29 25 17 95 99 14 6 36 88 38 31 84 91 22 47 5 71 72 66 79 21 81 39 97 33 99 62 3 45 98 90 11 50 55 56 25 84 14 92 56 53 0 81 49 97 71 92 23 50 1 4 79 47 54 2 84 53 13 89 80 70 63 16 77 71 64 2 22 84 51 94 31 97 70 18 50 48 69 100 1 13 67 93 69 2 58 42 57 79 35 61 69 15 30 22 54 76 62 82 63 19 68 97 46 89 16 20 19 71 85 79 41 31 54 16 13 50 73 87 37 45 28 69 13 66 72 72 27 93 21 88 10 3 69 60 25 35 93 51 10 68 41 47 37 12 92 67 17 18 32 24 40 4 12 80 12 66 75 99 39 58 19 3 15 26 94 31 46 29 74 48 43 90 38 52 52 65 27 54 35 13 87 53 34 13 25 78 15 39 44 9 1 22 49 27 51 11
48 66 42 98 38 20 3 8 3 71 6 63 33 84 38 97 93 70 88 30 55 26 32 1 57 91 74 79 45 72 35 43 86 95 70 26 27 15 97 92 32 17 63 39 95 18 32 89 92 79 52 29 5 9 57 44 72 69 59 53 66 3 74 91 58 56 7 2 91 70 19 78 13 55 31 77 45 61 87 78 25 79 12 27 69 50 72 4 89 43 56 95 88 11 90 33 8 91 61 42 76 44 79 46 40 3 50 26 10 56 54 11 88 89 24 23 76 59 14 19 96 90 96 61 80 87 65 50 62 74 50 10 73 1 50 47 60 87 48 36 17 21 100 51 31 35 7 6 20 23 5 51 44 30 64 69 66 51 68 99 59 14 58 92 88 59 11 8 50 6 27 82 31 14 3 92 88 0 32 65 26 28 83 11 83 29 62 12 45 90 8 56 8 82 80 54 22 32 17 18 7 30 91 81 69 67 67 90 57 77 96 70 81 60 8 5 10 48 72 23 35 19 15 92 59 27 6 38 60 92 26 67 39 76 80 25 24 1 76 84 61 11 17 24 88 100 50 92 30 26 73 67 28 58 1 81 15 89 35 2 4 94 3 63 98 69 53 96 36 89 10 69 73 44 45 23 44 6 49 24 91 37 45 77 95 64 54 22 33 40 57 46 16 8 27 9 57 89 79 18 23 63 40 94 11 4 30 19 94 61 92 5 52 5 60 97 12 57 92 23 61 25 76 60 74 60 17 0 5 84 36 54 20 61 64 80 8 32 2 47 46 59 87 69 41 33 92 12 10 55 78 26 82 38 59 31 14 48 55 63 70 47 78 20 63 66 54 89 47 39 0 50 82 31 15 98 40 40 83 22 86 100 56 63 20 70 2 64 83 26 45 67 75 55 50 86 87 60 81 7
53 89 47 69 52 3 21 55 94 71 66 97 54 93 29 29 69 89 79 56 93 82 85 9 13 21 79 72 91 71 26 80 15 100 9 85 10 86 46 7 40 43 6 22 46 60 97 17 19 86 4 44 58 15 8 24 82 41 78 71 97 43 58 43 71 98 28 88 48 32 23 69 6 75 87 90 66 50 74 69 80 75 31 26 87 9 24 14 67 38 64 75 0 67 73 51 95 46 35 32 16 80 43 21 3 9 99 51 30 13 60 39 84 87 38 90 12 78 72 0 5 82 22 5 42 57 80 78 44 39 69 52 30 79 78 39 73 91 73 24 47 79 46 1 42 48 55 24 64 16 85 55 73 24 52 10 57 84 56 69 1 56 3 26 16 81 78 32 74 36 51 33 100 62 15 3 13 15 39 39 80 41 49 63 78 82 11 96 70 1 36 95 14 100 8 61 12 35 8 92 15 67 81 64 44 37 92 29 91 26 84 85 8 77 59 29 82 78 26 64 96 36 61 64 6 50 25 8 28 17 61 46 91 50 33 49 61 85 46 79 65 72 59 16 1 19 45 82 35 8 64 18 40 67 75 24 35 23 37 85 6 71 97 6 78 67 80 8 11 54 78 58 75 19 26 28 91 76 75 11 7 19 28 97 93 64 26 15 91 51 1 22 65 98 58 39 0 16 78 4 30 83 76 54 79 14 17 85 14 92 7 10 23 8 87 67 37 44 95 87 50 76 57 5 25 21 62 82 85 51 80 9 100 29 55 12 26 64 53 6 45 44 29 71 54 15 24 10 36 12 22 5 36 45 90 6 4 81 53 2 17 2 3 33 71 91 67 25 4 23 22 86 70 91 12 91 13 3 63 39 98 10 62 72 62 62 53 60 60 93 33 9 64 9 57 24 3 94 35 80
25 23 2 47 18 84 57 40 95 59 37 4 89 72 58 75 62 55 24 67 61 57 44 97 75 52 56 62 73 29 60 60 99 8 96 50 50 71 43 87 5 67 93 25 79 51 42 53 62 31 43 72 92 71 45 49 50 88 58 58 23 38 5 73 68 100 29 44 36 60 74 53 55 99 13 15 97 92 66 76 20 59 55 62 61 22 65 0 65 9 18 3 97 25 89 18 94 75 98 45 11 21 6 19 63 45 76 34 48 14 77 72 86 90 51 74 100 25 38 39 79 2 49 27 19 43 54 39 93 60 95 76 59 92 72 74 47 46 61 95 7 62 90 18 8 50 43 48 98 98 67 71 78 15 14 34 41 93 56 23 8 50 53 86 73 38 100 91 70 82 56 83 34 65 63 46 56 40 59 2 64 39 71 70 7 2 59 96 96 90 59 13 51 1 50 67 23 93 33 77 88 72 40 75 68 52 100 86 39 73 67 27 76 40 43 69 11 81 55 58 81 22 9 81 15 32 69 78 19 76 49 13 31 66 48 51 39 12 57 12 0 39 36 48 15 7 77 23 26 59 59 86 69 85 91 18 13 19 82 53 15 97 97 42 8 8 9 17 93 49 5 81 35 7 85 14 31 97 87 87 76 60 27 68 6 24 80 80 0 7 75 59 31 63 9 1 20 29 20 28 77 89 21 71 90 0 4 17 79 71 42 77 80 21 78 25 21 72 24 6 41 61 44 26 14 59 40 48 51 99 4 3 55 47 64 0 56 44 75 50 94 63 91 91 6 99 88 11 23 43 37 56 4 81 85 93 30 9 65 29 71 49 45 98 40 70 41 73 8 87 32 28 4 52 93 62 9 73 81 74 91 71 94 20 25 28 1 76 95 91 49 64 24 60 62 78 18 67 100 7
47 89 77 68 88 27 75 8 18 45 65 61 86 13 41 60 61 4 55 99 49 10 21 48 89 89 28 66 83 25 62 7 53 83 66 28 0 72 1 56 96 61 3 45 12 31 41 40 68 61 11 55 32 91 95 32 73 13 28 82 15 63 85 69 36 34 40 16 16 66 77 81 42 67 3 61 65 15 20 44 80 11 21 6 78 40 53 79 40 52 14 97 7 1 7 70 17 59 78 79 35 94 87 30 47 66 37 19 0 3 5 18 54 82 25 56 70 58 4 66 12 0 34 92 95 68 80 32 3 13 61 48 100 23 55 55 35 59 71 59 7 18 75 45 3 27 32 23 22 22 87 76 47 73 49 90 13 57 100 85 68 43 96 13 89 48 26 59 89 55 59 100 96 90 39 97 54 84 72 92 50 33 52 80 73 8 86 45 48 93 0 42 81 77 30 5 13 14 84 47 78 11 92 7 32 42 8 81 39 89 76 90 97 15 27 17 54 29 5 42 93 2 20 33 97 41 73 82 49 99 96 7 35 55 10 29 21 85 86 31 100 48 21 41 83 31 75 5 15 86 92 97 89 6 10 5 74 94 77 100 43 96 51 99 64 79 100 51 8 15 9 49 87 66 78 6 75 50 99 3 69 61 43 79 87 4 68 31 30 93 59 100 30 29 70 0 58 45 36 62 5 61 33 4 75 90 23 65 9 90 44 43 67 27 72 33 100 8 54 47 11 94 87 81 19 88 31 59 20 19 41 97 4 81 79 66 56 80 85 8 75 51 31 62 52 94 9 90 55 71 25 90 67 12 36 21 28 63 3 12 88 10 50 42 66 0 26 74 34 75 63 49 69 28 75 10 10 40 14 4 94 35 69 36 30 51 7 67 60 1 80 34 26 75 62 9 70 84 28 43
65 3 1 40 46 64 19 49 39 67 86 87 44 60 94 3 50 3 52 52 56 55 1 66 60 25 62 90 28 60 96 23 73 24 42 35 29 18 51 98 66 7 3 63 75 100 1 80 61 41 79 98 73 94 84 38 55 88 59 91 88 95 52 68 60 72 99 12 93 54 50 49 8 88 60 4 14 11 87 25 97 50 39 30 50 16 87 90 86 28 98 63 96 83 37 42 56 71 65 5 54 51 45 63 62 29 97 56 44 47 97 46 55 36 94 58 55 17 43 68 99 75 82 95 3 11 62 95 64 28 14 39 6 69 81 32 96 85 8 72 14 8 39 92 97 16 40 81 11 66 60 40 19 49 2 88 63 29 99 81 62 41 80 91 32 50 3 10 58 61 75 73 85 61 75 57 51 19 93 59 41 85 6 15 70 53 66 63 30 86 92 17 34 19 70 53 63 55 27 22 0 2 0 0 68 13 17 53 75 9 5 59 90 96 53 98 5 46 65 88 45 7 60 16 75 81 31 80 58 100 60 95 33 96 99 52 3 76 17 61 23 44 92 71 66 20 85 62 38 98 21 28 85 81 7 97 18 92 12 67 95 12 35 33 30 79 45 26 5 25 79 60 15 30 99 2 58 68 65 31 4 99 31 82 58 71 90 70 97 74 11 25 55 60 32 65 68 2 37 83 13 29 46 34 10 84 66 96 5 39 97 65 74 34 96 79 19 63 81 56 38 51 74 7 100 17 66 70 75 87 57 34 32 44 7 34 67 2 28 68 41 27 93 7 11 81 17 68 4 45 37 78 75 38 96 33 46 66 56 99 2 20 34 56 17 99 51 9 56 86 4 2 72 100 90 45 63 52 34 2 21 5 43 14 100 93 62 81 100 83 5 39 60 71 41 56 42 82 98 8
94 62 90 92 59 38 67 57 75 85 11 63 51 54 50 38 51 79 55 39 18 81 75 23 90 90 50 47 6 55 31 65 48 37 35 21 17 67 6 21 38 83 84 59 30 26 76 97 77 30 12 96 2 29 41 18 90 15 92 86 60 41 9 87 13 3 7 99 55 67 81 85 84 70 70 69 92 44 97 66 78 3 5 53 26 25 94 84 93 66 14 33 63 15 52 61 77 33 80 49 74 47 41 96 99 79 3 70 18 28 63 18 52 39 15 66 43 80 18 85 35 49 62 86 90 27 29 11 26 34 62 37 93 44 63 14 85 8 49 45 8 53 8 4 1 43 54 52 34 95 28 13 39 2 22 2 91 85 94 37 37 53 28 23 21 91 85 78 86 63 61 65 66 35 41 39 67 89 61 6 87 5 35 10 57 33 37 45 21 33 15 14 3 7 79 76 58 88 35 93 70 48 57 25 25 27 12 97 27 61 51 50 100 98 89 61 56 99 66 54 4 54 21 49 8 54 64 57 7 72 78 23 97 5 36 0 100 86 36 60 72 52 92 58 72 75 91 96 35 94 42 37 48 76 89 91 45 29 42 13 47 80 26 61 14 20 21 92 65 86 79 7 80 23 52 22 10 29 18 64 56 85 5 46 44 71 20 10 4 94 57 58 69 88 28 84 16 56 53 67 52 32 24 88 94 65 86 69 38 36 81 3 17 76 80 23 5 64 10 85 32 89 7 3 81 41 25 53 90 44 64 78 13 56 69 15 18 96 14 18 90 69 0 60 65 42 25 12 12 77 30 60 100 45 28 72 7 73 55 66 4 17 78 14 87 61 76 75 68 44 30 71 67 87 52 37 8 18 37 87 82 80 100 9 93 80 76 60 22 52 87 21 89 9 97 31 68 71 95 31
54 34 12 42 33 10 89 51 23 34 72 40 87 17 60 1 36 12 99 64 11 55 88 54 69 23 58 72 70 48 56 69 66 20 81 24 59 94 73 13 81 78 86 39 91 89 14 23 87 80 60 30 85 42 1 6 82 20 50 56 28 17 30 21 89 87 18 11 74 68 29 79 70 25 31 5 52 8 33 45 50 9 18 52 99 90 7 67 11 31 75 61 30 95 78 42 12 85 10 12 27 64 92 27 41 2 9 85 63 78 77 64 77 38 38 45 17 52 32 66 20 38 49 67 16 38 97 75 92 47 77 46 89 19 19 3 3 18 36 33 49 87 76 85 19 63 35 97 66 14 57 11 59 15 59 38 90 92 11 32 90 56 89 78 61 76 67 55 6 10 77 55 77 47 84 12 27 34 18 2 57 91 17 32 40 64 41 9 44 5 94 19 58 65 55 30 25 9 97 72 70 91 60 1 80 93 25 14 40 65 34 57 79 9 25 15 63 27 32 97 51 94 39 73 55 40 34 57 43 21 35 68 43 93 68 76 1 99 23 77 18 49 94 1 66 82 1 67 58 1 85 87 55 96 13 49 20 35 69 34 82 40 45 12 45 34 83 89 50 60 27 50 28 53 0 52 86 30 42 94 95 75 86 78 94 89 66 21 57 47 24 46 100 19 95 37 51 3 84 63 41 86 87 74 90 51 100 76 42 95 5 63 65 70 30 98 78 94 73 25 23 61 2 100 51 89 62 91 91 75 49 78 34 80 73 13 3 29 84 19 74 72 12 75 46 28 80 3 30 96 94 10 87 37 25 15 0 60 53 44 76 72 14 56 83 56 51 31 44 29 82 7 75 33 66 43 80 7 81 55 86 83 24 84 81 26 28 50 88 18 65 20 15 62 28 8 22 48 33 53
99 85 95 73 17 31 95 19 45 64 22 27 73 2 23 19 67 6 54 71 21 79 6 96 91 94 5 19 28 40 64 56 68 79 62 40 49 1 20 36 30 25 18 38 88 21 86 10 69 15 98 57 26 49 30 70 32 35 78 15 45 4 98 63 84 84 5 44 52 9 15 80 81 33 32 48 36 100 11 27 61 35 60 21 70 33 39 54 81 43 38 53 76 67 79 83 33 86 73 51 97 19 88 41 72 29 60 83 71 38 56 72 95 13 13 33 27 15 92 36 73 46 77 82 45 67 15 28 92 32 33 62 59 70 1 34 92 14 38 88 99 98 85 82 52 20 30 63 9 38 67 43 4 31 56 47 80 44 11 54 23 29 54 67 18 88 96 83 31 52 61 21 92 64 63 13 73 27 14 5 82 34 25 17 20 54 10 57 6 17 67 35 44 56 72 97 16 31 36 93 0 71 48 69 68 25 36 52 57 32 25 48 26 60 67 73 96 89 22 47 50 63 59 55 3 97 78 63 20 40 45 62 87 98 40 33 61 92 90 6 30 43 22 49 24 25 39 78 42 41 66 10 53 75 28 25 56 34 59 65 35 35 99 55 57 62 100 3 41 92 1 73 80 95 14 71 94 5 12 71 85 49 4 3 40 29 88 93 63 99 21 52 69 82 54 10 92 65 45 95 26 8 56 16 8 39 90 83 64 41 52 14 97 35 47 80 65 63 23 25 70 81 35 30 16 59 11 23 86 41 99 48 3 22 82 57 42 30 25 72 0 26 21 45 35 48 78 26 60 72 18 24 24 48 13 78 72 82 61 62 11 96 46 9 71 43 77 4 13 42 92 15 17 85 78 61 50 96 60 15 39 47 83 84 8 70 26 9 38 80 69 100 71 31 78 60 54 70 30 100
46 19 0 64 52 7 6 55 71 47 98 31 7 44 79 13 77 54 26 78 76 13 3 98 84 28 83 1 59 65 95 38 28 24 58 62 88 97 79 48 27 25 24 36 42 9 50 76 10 47 58 66 14 61 27 15 18 76 15 51 35 18 33 78 74 10 44 49 18 69 39 30 45 45 35 18 6 36 60 3 71 71 2 30 54 99 9 66 23 63 42 45 89 88 16 77 26 100 66 62 43 21 39 75 17 25 50 9 96 20 85 41 14 15 69 82 90 47 25 31 84 58 80 46 11 56 4 96 93 100 36 10 55 9 73 55 30 33 53 91 25 26 57 91 41 36 66 27 18 90 80 57 70 0 46 35 29 30 42 34 54 31 87 17 16 1 70 65 33 37 80 55 69 85 58 59 41 54 19 71 80 23 36 13 58 37 38 0 8 17 34 0 1 94 80 4 99 83 47 53 68 51 8 81 98 85 23 78 87 2 59 87 23 6 59 35 29 45 3 70 17 54 48 27 95 28 59 96 86 52 51 85 84 15 88 63 26 43 78 10 38 64 47 95 28 76 67 97 31 81 62 96 32 6 49 78 75 99 87 65 64 88 10 77 10 63 85 64 55 69 7 88 14 32 10 49 45 3 10 95 16 88 12 9 84 31 66 81 40 17 48 78 48 36 84 1 81 75 59 7 76 2 54 53 18 83 85 5 25 95 10 55 1 37 37 61 59 63 17 74 85 20 40 21 92 0 69 4 42 62 85 5 20 6 28 74 63 62 81 81 56 6 52 54 12 66 25 12 62 12 92 78 43 3 22 6 9 16 31 16 84 13 20 49 83 75 98 12 41 88 63 47 2 25 79 71 94 14 61 44 15 68 22 91 36 48 15 95 29 39 63 25 91 20 16 70 29 80 71 35
75 46 82 43 66 34 16 80 72 77 15 93 33 8 30 12 72 1 43 29 71 99 81 53 41 1 62 76 60 17 38 92 0 99 42 46 30 20 10 70 77 78 72 17 41 9 96 2 5 71 45 35 3 95 70 9 48 32 61 32 60 42 14 47 33 61 16 53 2 64 71 62 15 73 24 19 26 75 89 32 85 14 0 28 38 83 14 4 1 52 93 32 36 76 67 56 83 8 83 99 72 88 33 7 97 87 1 69 1 12 28 56 56 86 98 93 82 75 23 27 62 47 80 30 91 7 75 72 37 95 98 6 67 71 32 80 38 73 80 97 89 14 54 76 16 94 33 97 25 67 73 33 52 4 89 2 21 46 94 78 31 54 52 94 71 22 48 27 86 7 40 68 77 10 33 7 54 65 71 50 7 9 28 10 92 94 22 24 37 47 13 65 36 93 73 75 53 94 47 6 34 65 27 25 22 21 38 31 34 31 50 63 43 4 69 18 65 53 81 9 59 90 38 89 84 85 98 2 38 66 86 0 92 33 41 22 2 87 66 87 58 83 93 73 12 73 19 9 18 91 23 32 50 80 2 24 48 88 6 69 3 2 6 22 6 93 69 86 89 98 15 61 92 68 23 25 14 61 69 30 3 46 5 86 88 84 47 23 92 98 79 31 11 84 86 14 50 86 68 20 94 14 28 26 84 80 54 94 50 1 62 69 42 28 84 97 79 22 69 10 2 99 75 48 22 66 44 23 44 76 73 60 80 54 12 93 55 24 98 35 75 13 2 86 48 95 11 13 26 31 23 4 86 58 78 4 25 43 80 26 64 33 60 21 99 30 37 10 26 96 44 52 82 73 89 100 32 34 70 52 77 59 82 75 47 53 67 25 45 95 62 47 7 34 11 7 22 33 48 5
94 51 36 10 6 11 85 44 77 29 5 80 42 41 84 76 23 51 93 20 58 35 67 61 98 52 23 38 34 100 99 97 34 79 20 72 29 89 10 61 96 59 24 32 6 37 89 14 31 35 95 36 78 15 44 51 71 67 26 82 11 36 85 45 79 70 44 83 9 67 56 36 64 42 12 6 25 97 7 85 79 3 7 13 86 29 52 73 88 31 15 5 0 34 41 70 60 68 38 91 31 64 99 86 97 59 40 16 8 99 45 67 60 8 64 28 7 56 37 26 2 60 27 60 19 68 10 32 69 67 22 80 29 78 29 75 86 14 63 77 62 7 41 39 30 85 26 12 67 27 51 43 72 50 36 73 40 72 38 1 72 96 77 59 56 21 69 75 82 4 53 67 59 5 31 89 42 37 32 11 88 5 54 26 31 87 39 1 87 81 76 67 14 39 70 47 80 63 94 44 12 81 52 32 47 6 3 8 75 30 47 46 35 18 9 26 20 67 75 19 85 49 73 23 45 62 87 31 57 20 21 89 32 34 80 28 93 27 52 47 39 55 72 96 93 100 74 85 51 77 86 47 63 47 42 17 70 78 38 93 64 22 92 59 33 11 25 96 35 77 16 16 23 3 35 47 12 83 24 4 59 79 91 26 35 72 58 7 22 83 49 57 60 77 36 77 28 63 43 76 37 26 23 57 5 60 97 80 74 51 4 27 23 6 70 7 53 57 48 73 1 43 89 27 77 59 19 28 59 64 18 98 2 92 19 65 59 4 48 99 22 58 35 100 85 93 62 96 71 88 18 44 7 32 32 32 39 4 20 83 82 25 60 0 58 64 7 25 15 57 17 8 18 16 100 87 55 97 3 14 74 74 4 15 3 91 31 97 57 6 44 88 55 35 1 41 88 5 52 67
9 65 52 63 26 14 21 49 91 100 51 74 43 7 20 85 88 15 8 60 92 79 35 35 61 69 43 30 29 16 86 89 91 84 50 4 1 13 74 40 21 4 71 4 63 93 71 56 45 38 86 13 19 85 4 2 92 59 82 21 0 77 41 32 64 51 44 81 40 40 14 73 96 4 16 18 6 1 94 57 2 3 23 78 6 90 57 48 4 62 49 28 11 98 36 36 57 48 89 98 56 52 69 94 59 47 18 68 56 80 22 73 98 3 99 9 8 35 14 21 25 16 36 98 1 46 11 75 6 32 46 24 48 88 40 89 4 74 37 27 64 41 60 41 51 65 93 34 58 8 72 3 4 34 64 94 16 34 52 100 89 81 5 50 67 55 23 76 61 75 62 92 89 39 42 89 10 10 58 97 57 72 12 61 50 97 69 31 2 90 20 45 17 12 19 24 18 23 58 50 60 12 26 51 21 54 86 30 26 48 90 60 71 15 81 63 19 27 84 76 44 10 9 6 27 88 77 21 47 43 46 71 27 58 42 10 80 10 58 62 32 60 2 94 90 25 10 92 52 95 7 8 15 67 70 59 44 4 21 53 68 2 9 63 38 7 39 32 4 22 16 100 13 56 7 85 97 23 84 9 84 79 85 1 74 62 3 22 31 40 82 1 74 98 20 36 70 73 98 96 73 21 28 70 27 45 69 51 19 61 11 16 2 71 82 27 76 32 67 1 83 60 19 1 74 35 14 50 36 31 0 4 73 91 3 4 42 51 10 73 67 1 39 70 19 87 89 20 94 69 30 2 23 16 51 1 10 80 69 83 44 98 72 92 100 5 69 60 44 65 30 1 66 82 46 17 77 1 52 16 91 51 93 88 51 38 56 23 4 29 22 9 34 39 49 58 85 5 62 67
75 7 73 81 21 45 45 3 53 1 25 41 12 55 51 97 37 87 94 37 23 35 74 63 84 63 34 57 67 98 15 13 57 69 8 21 53 60 12 84 87 29 26 67 18 38 51 15 79 2 1 71 99 65 19 34 5 6 99 91 51 32 9 32 21 32 34 1 68 79 17 72 19 100 61 82 60 6 45 85 1 68 19 19 51 62 97 36 38 6 68 47 61 10 22 26 4 47 4 49 35 94 53 14 61 28 35 66 66 87 49 83 1 65 6 14 25 64 33 76 59 78 77 30 74 55 39 76 60 99 67 58 13 75 94 53 97 64 6 25 26 68 40 14 64 34 56 87 88 88 23 99 73 48 52 2 58 61 36 26 25 65 13 89 83 93 11 21 75 65 95 30 17 21 30 14 55 89 3 38 60 73 33 60 90 17 88 58 84 84 51 100 2 93 44 94 5 31 17 94 19 48 10 79 57 71 96 91 57 82 72 31 34 64 86 14 61 68 100 19 83 75 5 66 55 86 90 39 78 3 0 83 73 17 41 56 97 19 63 0 66 85 82 29 96 20 26 49 5 77 31 31 20 100 93 48 60 8 31 35 64 63 66 71 92 16 100 70 0 2 70 81 86 64 28 67 11 61 33 61 23 89 63 37 81 4 39 43 82 95 13 0 81 18 55 6 84 42 34 82 12 45 77 45 1 19 97 12 22 74 61 39 46 26 2 84 25 92 60 32 49 42 62 97 55 31 43 60 44 28 84 47 71 25 36 38 71 80 47 47 35 26 46 5 53 16 87 0 10 72 5 60 32 36 47 16 15 48 67 4 6 22 6 70 71 85 23 65 14 90 6 2 25 3 83 5 63 72 75 63 47 29 33 85 55 6 62 54 99 16 48 39 48 97 18 50 68 33 46 4
5 80 9 95 55 54 18 88 68 32 41 11 98 33 74 5 47 36 9 94 37 26 32 86 73 80 97 37 26 54 11 8 17 63 53 58 17 27 14 70 13 97 71 29 84 38 66 35 33 52 79 60 15 92 68 27 1 12 76 36 86 35 32 87 60 29 19 60 49 34 95 12 95 52 25 55 31 0 9 43 55 94 35 39 89 74 39 24 34 63 63 97 30 31 60 21 79 51 28 12 35 86 89 73 79 99 41 6 77 81 22 8 43 0 6 52 3 44 14 22 46 66 58 84 31 91 13 73 45 29 10 42 85 12 63 63 44 49 31 73 91 80 4 21 18 84 32 10 80 25 14 9 22 19 21 39 57 86 32 67 29 53 79 36 45 82 78 86 94 69 41 81 6 17 35 75 62 43 69 65 14 49 0 28 65 94 94 11 5 65 8 35 68 82 25 11 89 30 98 76 95 52 69 33 5 54 30 7 11 42 34 95 7 13 97 99 32 4 23 41 38 10 94 58 14 71 14 42 6 11 42 48 52 37 66 3 13 47 30 54 97 84 5 0 13 19 15 77 49 84 63 87 18 66 83 36 65 3 8 0 67 56 28 82 46 50 73 53 20 56 34 24 74 62 49 57 26 39 27 61 70 85 93 94 93 74 43 35 90 54 0 83 100 0 83 93 17 1 9 98 97 22 83 38 96 72 84 83 19 59 66 25 7 56 43 71 63 12 46 94 33 94 77 54 21 8 93 46 25 20 81 47 40 74 12 27 6 64 24 92 4 61 82 93 57 20 79 34 22 19 17 33 34 47 45 84 67 89 87 76 25 53 85 4 39 17 39 46 31 37 38 23 3 91 57 43 96 21 13 40 85 67 1 85 9 41 36 35 66 0 12 62 29 30 38 75 42 14 44 76
57 10 34 79 57 80 47 93 89 57 29 81 10 19 59 66 23 9 53 17 13 59 93 31 79 38 58 38 5 76 50 85 31 57 93 23 67 47 22 24 43 27 75 14 52 2 9 22 10 59 64 88 60 93 18 45 16 33 100 70 100 17 47 41 69 85 15 52 84 12 35 38 63 5 88 100 12 35 12 89 79 82 54 41 38 43 98 51 48 35 94 78 77 26 8 77 76 11 81 63 73 34 4 56 67 23 43 17 63 38 93 78 57 73 93 84 0 50 14 70 95 4 44 28 93 79 32 94 93 64 57 83 81 38 89 99 3 84 96 3 13 85 61 54 24 57 13 55 15 74 7 92 16 96 45 28 37 57 5 5 65 86 87 72 46 51 53 35 67 85 39 7 54 50 8 16 23 86 14 1 2 26 55 31 81 66 23 49 64 64 58 32 8 12 1 3 10 92 77 16 40 11 92 57 44 59 39 14 83 96 6 51 64 0 91 63 68 64 64 100 81 67 85 17 25 22 82 94 0 39 45 62 100 0 100 71 75 2 25 43 91 59 90 48 74 86 10 59 69 59 84 93 5 11 54 38 98 90 38 87 57 47 75 21 33 87 55 8 3 8 52 91 3 64 47 51 68 100 22 31 45 20 66 54 1 77 50 2 5 43 86 79 33 48 9 30 61 20 46 81 67 20 76 53 64 55 77 57 18 15 21 36 25 32 72 66 94 45 35 26 48 91 24 24 67 17 60 50 60 57 25 26 92 98 15 26 40 26 2 93 22 37 44 12 32 83 7 58 87 24 83 17 49 67 59 31 14 87 7 43 58 75 87 31 29 45 46 43 92 38 88 28 18 98 15 57 16 7 0 75 27 12 94 57 79 89 26 36 21 14 57 93 74 31 100 41 17 14 75 14
15 70 97 73 94 2 18 64 15 75 1 40 85 17 40 90 91 88 9 76 63 1 95 86 66 80 51 73 44 53 35 71 80 92 94 73 58 50 12 46 85 47 0 62 23 87 83 31 62 29 69 23 60 96 2 43 25 82 58 31 37 97 14 48 45 0 27 51 18 86 78 51 62 83 24 94 84 9 54 9 69 55 69 35 78 51 24 47 58 88 34 77 76 21 67 66 6 81 71 84 92 89 62 27 4 77 61 52 82 49 42 16 71 67 10 93 35 45 1 81 79 66 41 82 46 6 45 61 63 47 90 62 98 71 97 10 36 45 77 33 74 80 35 63 3 90 19 63 66 81 23 65 9 99 51 39 9 13 99 56 71 50 74 81 89 94 78 94 82 51 23 0 93 97 49 78 79 9 36 95 7 54 59 5 79 79 41 21 11 43 84 31 30 51 7 90 94 33 93 80 25 47 82 52 5 64 61 70 59 48 36 17 87 82 22 71 65 66 74 99 41 98 63 18 25 84 40 50 61 99 90 42 31 5 100 30 91 23 92 51 44 71 61 15 76 48 71 80 55 27 51 9 85 31 68 8 77 100 35 46 26 25 40 55 28 72 53 55 45 58 69 86 75 42 21 55 67 11 40 39 62 98 99 48 21 89 41 86 11 64 71 51 82 50 3 6 91 24 99 91 16 63 7 92 24 35 42 12 3 32 68 100 6 8 3 45 82 91 59 56 27 58 50 67 77 32 14 50 38 48 87 3 11 13 37 21 60 99 60 47 42 20 6 26 33 85 0 39 67 85 7 76 90 26 90 63 40 77 52 79 8 66 53 38 98 63 31 72 80 26 58 14 69 97 30 65 77 30 98 94 14 17 72 39 70 44 90 57 63 80 30 93 35 30 57 85 19 62 35 42
41 32 89 2 27 0 47 34 70 5 6 93 93 77 96 7 34 33 52 79 81 32 95 81 1 61 45 16 4 95 97 83 59 99 43 99 50 93 94 78 58 89 25 73 90 95 72 68 9 26 42 36 52 61 19 55 53 66 69 60 43 98 63 73 41 65 96 33 13 30 11 23 76 51 36 73 17 14 27 94 36 21 47 30 68 4 10 45 91 85 6 17 31 57 61 79 85 53 66 4 10 33 21 62 1 38 30 49 86 90 81 46 100 78 19 98 37 72 88 11 1 13 70 26 66 16 54 52 44 85 41 12 36 43 23 4 22 24 33 3 48 78 100 48 54 48 98 44 87 62 91 75 30 88 61 18 89 8 64 98 61 1 22 67 29 10 59 16 43 99 84 54 16 52 23 64 29 51 34 64 37 25 23 59 46 1 50 77 40 45 81 81 69 73 66 73 30 70 32 84 7 60 3 32 34 26 44 58 26 81 36 31 21 22 96 54 79 53 38 38 34 18 32 13 45 37 95 27 65 99 47 54 24 14 33 75 6 47 59 72 95 79 33 20 12 76 97 18 51 11 7 32 99 26 85 58 26 29 41 74 67 91 67 42 80 20 35 17 6 67 5 52 2 29 36 73 9 9 61 24 70 80 24 56 19 82 76 78 76 97 96 3 6 38 45 31 84 68 94 90 58 5 17 86 60 79 10 15 34 48 40 94 7 33 43 49 33 45 73 28 52 25 36 86 59 54 15 53 84 99 47 34 95 100 57 71 5 85 45 76 77 12 34 35 73 29 28 11 45 9 73 31 98 85 75 85 64 67 62 78 26 25 81 97 81 21 26 67 62 64 80 88 9 26 12 41 16 66 94 39 77 8 90 50 97 14 15 20 56 18 69 94 1 5 66 24 91 19 69 25
46 78 4 5 16 29 48 58 81 92 17 43 13 25 14 97 50 39 36 95 44 8 46 92 65 46 7 3 21 12 0 46 57 92 0 79 21 53 7 91 93 42 76 79 40 92 46 2 18 11 63 83 10 64 78 64 40 53 67 50 76 11 52 69 50 2 84 96 62 70 40 9 54 30 2 14 12 36 73 9 1 95 6 77 76 73 69 100 37 86 78 32 83 51 93 42 17 40 99 38 66 68 55 60 69 32 30 21 21 11 58 90 5 66 80 20 80 98 30 54 58 89 71 100 61 3 16 76 96 14 22 20 23 86 59 68 48 4 35 82 77 9 62 70 62 77 46 35 86 96 8 98 7 95 81 19 35 7 36 88 36 31 17 13 93 86 56 36 65 12 43 86 19 14 34 46 38 31 75 44 95 89 71 63 7 7 91 38 6 27 45 60 57 59 26 94 17 1 59 66 36 72 68 41 68 39 75 88 18 100 7 21 88 63 5 34 14 32 80 20 49 13 67 86 79 84 13 81 20 46 17 54 64 63 60 20 55 87 44 68 99 94 7 50 14 56 44 81 19 89 73 61 78 46 32 26 78 93 68 0 60 18 26 1 71 26 73 80 56 64 44 45 77 50 40 52 96 79 76 94 7 91 79 31 48 33 94 98 13 8 58 44 51 21 51 68 0 83 88 78 35 13 45 33 19 20 99 34 3 54 76 48 16 84 52 5 27 55 2 20 12 91 62 37 70 35 79 53 37 55 54 76 89 61 21 85 70 70 18 54 83 61 99 2 73 75 20 45 35 75 41 93 33 25 10 42 80 4 70 35 92 42 47 84 16 25 18 47 13 35 85 77 9 86 51 61 12 14 91 38 67 19 11 78 21 21 99 5 48 56 90 0 57 39 87 58 56 21 25 65
45 27 27 20 41 79 100 17 13 92 77 100 77 15 88 16 15 34 73 64 42 6 84 40 88 42 52 39 48 24 67 11 26 84 100 45 73 3 35 99 39 77 64 16 79 86 71 30 91 6 86 31 55 28 52 66 12 56 28 0 94 17 23 5 22 38 92 27 40 57 84 34 49 1 87 7 4 58 87 69 89 29 5 45 22 77 3 27 14 3 43 52 57 27 35 33 6 2 68 49 5 34 39 9 71 28 3 85 43 27 11 88 76 24 100 55 33 70 60 28 34 11 17 4 87 15 74 92 24 58 53 51 35 8 32 24 99 64 100 77 38 44 5 80 3 83 10 40 37 25 61 38 100 97 57 45 94 72 59 1 81 23 30 99 75 42 38 17 75 92 8 24 41 78 92 39 6 58 99 6 23 83 92 46 53 75 99 3 14 32 17 1 13 56 10 31 69 3 19 68 57 46 98 49 87 47 93 17 91 45 9 63 16 31 8 48 4 45 67 2 84 100 80 73 77 87 20 31 18 67 89 51 94 21 46 56 48 8 24 2 68 48 70 83 1 97 31 20 39 62 18 25 73 20 22 87 100 75 70 46 86 90 10 80 59 66 20 90 1 45 56 36 70 45 11 15 66 58 12 72 44 91 59 1 85 76 13 55 73 88 12 54 75 83 40 78 27 2 97 14 83 42 98 39 88 38 82 39 40 85 7 15 31 45 38 19 0 27 83 49 91 58 27 8 12 34 20 83 35 6 96 1 22 35 1 11 67 50 4 0 76 96 51 68 20 27 40 20 5 25 44 5 93 90 29 38 85 58 26 17 68 51 44 44 73 80 95 8 30 38 97 9 80 70 13 87 26 68 39 87 27 47 3 36 82 31 7 52 2 99 24 15 85 66 27 41 31 44 35 96
72 6 30 65 57 52 35 20 37 85 60 50 42 79 16 26 95 36 73 84 12 9 52 25 83 55 71 50 34 15 38 42 69 2 24 4 83 73 37 42 84 59 4 15 22 20 100 66 91 39 99 24 11 47 98 33 23 40 81 16 48 93 24 97 98 84 1 87 88 63 35 43 84 83 61 73 8 96 66 98 61 55 41 2 47 40 90 91 5 23 15 19 85 64 2 18 9 24 77 0 87 96 89 19 5 68 50 35 89 36 24 13 11 90 6 96 47 2 23 55 96 4 28 44 94 29 33 94 75 38 87 2 52 67 38 9 22 14 87 78 12 30 84 25 40 80 79 30 84 94 6 74 80 30 84 57 65 94 75 12 6 79 8 51 66 16 37 39 21 89 7 5 50 4 75 7 8 79 71 43 90 59 72 15 74 0 89 11 92 7 9 91 62 68 67 60 2 89 51 2 61 17 64 94 75 14 69 16 54 6 3 9 86 31 12 80 53 23 73 63 62 21 8 7 82 89 68 78 58 17 79 66 94 9 26 63 17 82 77 13 85 18 10 91 39 12 95 43 8 3 48 79 31 34 74 96 72 57 7 62 6 48 24 29 98 50 53 18 12 26 5 9 29 51 94 62 48 81 72 27 47 53 73 24 54 91 61 80 51 2 46 8 50 14 48 74 44 7 9 7 38 27 83 75 18 96 6 50 76 13 67 79 99 82 83 100 2 31 4 48 37 96 78 38 56 37 53 97 67 100 90 65 57 34 26 36 69 34 65 62 35 76 97 65 83 97 29 14 32 81 97 92 42 92 73 88 66 15 12 68 21 81 30 11 17 100 71 12 21 83 20 37 48 65 77 61 15 2 69 29 77 37 96 32 9 93 72 30 82 91 50 37 10 48 61 9 70 55 51 89
67 42 16 78 53 42 26 7 83 0 69 41 34 59 16 6 46 20 92 77 35 59 15 75 100 47 52 0 43 84 67 99 94 49 72 24 29 40 34 18 100 38 73 19 44 17 18 38 17 59 12 25 68 96 26 17 24 14 90 27 1 13 81 45 43 51 79 96 65 53 79 15 69 85 1 41 9 79 5 1 43 54 35 47 41 2 99 18 19 91 29 6 85 60 74 22 59 30 15 80 1 55 35 70 10 60 39 65 41 100 36 24 30 12 72 86 70 33 79 59 25 9 82 96 90 72 81 86 37 33 35 39 29 61 95 4 40 43 58 28 27 58 52 68 6 61 69 6 28 43 16 7 61 23 23 40 10 31 54 82 29 68 25 72 69 93 53 38 88 22 25 34 29 65 46 83 3 56 48 89 59 28 82 77 33 38 33 98 84 96 58 74 70 89 65 71 52 84 67 99 73 64 7 82 75 19 79 43 91 14 37 70 1 39 51 50 30 18 14 26 38 6 9 28 66 99 54 64 0 80 44 62 87 53 96 14 17 18 45 31 71 0 97 49 94 61 74 7 67 81 32 87 24 2 52 42 74 70 59 76 90 51 41 57 27 18 51 47 48 55 80 57 50 31 55 82 36 23 9 6 10 29 39 81 21 0 2 60 91 20 49 36 69 33 17 8 83 95 52 82 80 0 89 80 21 0 9 46 21 18 28 94 49 75 92 73 4 21 66 65 33 43 43 78 64 13 30 30 34 7 4 75 53 31 33 75 68 97 91 28 82 85 46 70 37 9 4 30 68 54 59 59 19 7 49 15 54 76 93 12 98 19 39 54 2 21 3 62 42 59 22 34 74 65 60 80 80 71 36 73 57 50 67 33 47 63 86 93 42 8 68 40 61 7 59 12 55 29 98 75
96 97 39 90 48 96 63 39 96 77 66 48 62 9 76 0 67 95 77 26 14 15 80 92 36 33 56 47 55 67 55 76 41 10 6 65 42 54 64 80 32 79 74 84 55 84 39 34 16 86 88 100 39 5 36 53 3 60 11 8 10 67 59 36 97 3 58 27 32 94 41 29 65 84 91 96 71 8 6 39 87 46 87 96 69 26 16 20 21 49 24 64 91 12 78 47 20 17 40 13 55 97 55 36 55 21 35 35 7 81 11 75 59 90 54 59 91 48 1 74 29 19 68 61 64 8 51 45 69 98 46 37 44 3 32 57 4 79 79 41 1 77 22 89 34 34 59 78 53 52 90 45 79 73 20 77 62 77 82 62 74 56 32 11 64 78 93 71 89 8 92 75 33 3 56 79 94 2 56 75 10 53 85 68 47 37 48 92 71 49 15 75 62 84 37 61 30 25 42 19 20 60 22 89 66 52 98 90 13 41 38 20 58 86 15 92 35 80 72 0 30 58 69 47 79 16 43 67 0 61 66 46 95 91 42 8 21 73 86 29 29 79 17 82 1 7 64 38 14 12 52 62 44 23 90 75 12 50 23 89 36 23 16 23 37 21 76 49 85 35 43 71 26 2 66 100 16 3 87 79 94 2 93 71 13 21 84 60 49 27 67 63 78 68 57 96 85 6 65 58 1 66 60 2 8 53 36 64 46 6 14 77 78 36 75 24 55 100 75 7 42 82 93 81 14 9 53 4 34 80 72 89 63 70 14 31 30 46 53 26 79 29 13 99 53 59 42 53 73 43 52 100 79 64 92 26 60 75 66 66 53 78 25 86 45 2 25 47 32 29 41 12 46 75 94 92 3 91 20 0 4 63 56 76 90 92 80 73 96 72 14 11 81 44 51 72 53 91 39 80
70 4 5 22 38 73 11 94 66 40 93 74 43 5 38 53 91 31 63 87 33 37 65 78 8 35 57 76 81 80 35 23 54 20 2 12 15 11 20 58 10 64 35 85 8 79 67 70 8 32 69 97 18 22 32 84 3 82 42 4 91 49 40 66 89 5 74 39 25 84 63 8 68 54 44 48 15 95 20 64 46 46 96 15 14 83 85 84 86 72 3 36 34 41 97 32 47 5 20 25 20 61 27 62 77 100 85 23 12 15 33 77 83 63 54 38 88 90 64 56 44 98 96 24 35 90 69 56 40 95 99 81 16 26 100 45 39 29 34 37 9 75 38 79 18 52 46 72 64 81 92 86 63 16 64 11 64 13 64 57 83 90 2 85 37 19 77 57 62 80 12 18 20 96 19 83 14 59 32 14 80 20 36 54 67 49 31 22 86 62 42 6 28 89 69 64 44 29 22 79 9 1 46 89 7 43 11 55 67 61 19 52 34 79 81 7 98 39 78 45 54 79 73 13 100 90 87 35 28 39 51 18 14 56 38 64 95 16 66 55 91 6 84 92 25 83 31 98 53 4 23 37 31 11 4 54 92 51 15 11 42 26 96 33 87 46 53 3 69 40 51 3 63 44 67 5 92 49 74 3 7 89 25 86 20 4 16 54 34 72 39 59 97 4 40 15 27 11 6 72 50 3 66 63 93 80 3 78 7 92 73 48 29 10 50 14 87 72 73 28 73 58 79 37 60 81 95 72 29 52 29 75 92 46 45 48 56 10 75 1 30 39 21 80 28 75 1 76 77 53 82 60 1 38 77 72 59 31 19 63 20 92 56 48 92 97 18 30 31 41 7 84 96 7 75 89 42 45 88 9 33 10 23 12 32 70 35 79 35 100 54 41 58 80 11 31 51 79 27 82
6 25 25 30 53 87 0 12 78 88 41 18 88 26 67 27 5 26 25 73 62 35 52 75 5 75 20 56 90 14 59 74 8 53 98 65 28 89 31 33 24 92 85 4 61 54 32 13 72 1 61 39 90 55 87 82 55 48 25 31 61 81 61 16 36 99 60 76 87 75 97 97 44 29 69 31 25 33 36 24 12 41 56 63 33 88 59 31 11 31 5 36 37 14 72 72 49 78 30 25 13 11 89 21 4 8 16 28 58 61 64 6 4 64 65 0 83 57 29 87 73 16 40 46 71 22 61 52 71 50 89 32 94 56 0 57 80 1 5 96 74 64 76 87 7 91 80 0 82 15 33 9 82 23 75 33 8 15 89 62 11 20 35 58 29 82 97 9 3 96 19 18 70 93 76 14 20 83 13 28 13 3 74 36 80 97 98 47 7 74 59 54 92 30 41 57 53 48 92 80 52 70 80 55 26 48 95 55 45 4 72 6 5 0 34 9 71 26 69 27 64 96 68 68 71 74 44 56 45 59 77 96 3 15 38 30 64 32 58 13 38 11 28 92 0 85 83 36 52 60 15 24 38 16 22 5 74 27 32 0 99 96 53 99 53 4 94 14 5 100 37 61 34 51 21 38 7 3 88 60 35 35 11 86 25 13 25 40 30 37 71 10 5 42 1 36 59 48 7 33 37 93 50 57 43 22 54 67 69 58 7 40 6 85 9 32 0 3 66 84 51 58 18 26 6 63 79 87 96 29 26 88 75 94 49 28 34 84 4 50 77 63 67 56 67 77 21 19 94 39 98 83 93 94 77 19 92 71 2 31 24 55 23 35 25 37 5 27 31 16 36 85 60 39 87 84 26 74 10 91 57 38 69 35 87 59 12 55 42 15 87 15 48 47 37 18 7 43 61 28
66 27 61 79 34 62 90 51 37 32 87 71 61 62 35 27 48 76 92 3 63 13 65 36 36 5 4 94 7 24 49 57 53 11 26 74 64 23 37 24 95 34 95 55 83 62 36 31 49 7 77 27 78 99 33 69 90 90 92 88 25 45 27 34 56 50 69 59 43 3 46 4 31 2 77 99 12 38 20 58 22 87 81 76 99 86 98 7 0 87 8 72 62 0 74 31 35 41 77 24 49 59 32 9 15 45 95 33 28 58 19 73 3 100 33 59 56 82 32 61 88 32 46 30 6 71 17 98 27 21 39 44 77 90 69 32 94 38 48 84 93 75 87 80 8 11 77 85 8 19 72 77 97 81 60 93 89 50 75 8 13 40 20 8 17 64 60 55 60 40 22 94 36 76 45 16 41 50 54 44 83 84 6 38 23 97 20 28 75 10 61 3 48 13 61 76 41 71 61 49 63 80 84 76 8 72 17 2 3 68 10 6 15 78 97 95 50 70 0 20 82 38 74 59 26 29 7 62 27 77 22 78 48 29 6 23 11 90 90 17 71 81 14 92 83 12 88 63 76 24 3 21 57 26 16 34 72 90 37 64 46 58 78 20 15 62 45 85 41 95 13 47 36 15 69 0 7 72 54 50 93 33 70 95 11 77 7 8 56 13 3 74 45 17 40 55 54 15 17 11 51 51 85 10 49 26 94 64 83 32 59 15 7 4 84 38 37 16 90 12 14 31 92 95 8 92 10 16 86 21 43 13 61 100 22 79 34 75 29 33 44 8 22 60 6 90 97 28 20 98 90 38 41 96 17 55 6 41 32 89 46 37 47 36 4 16 66 98 35 96 5 71 78 26 33 35 29 53 53 27 45 69 78 80 12 60 91 86 9 25 58 35 43 39 78 32 92 41 70 3
35 1 82 38 4 3 28 16 18 17 38 82 48 75 83 48 17 96 14 36 81 92 14 56 89 64 71 3 17 43 28 75 59 77 68 90 75 89 10 59 22 64 59 30 57 35 33 88 93 90 8 5 54 54 14 44 64 77 82 82 42 70 54 25 88 50 1 88 4 93 80 37 78 44 71 14 14 98 27 90 97 86 69 1 54 70 52 43 29 8 62 60 48 26 62 49 87 87 42 36 4 44 87 49 85 58 20 22 87 90 68 60 22 50 53 63 90 3 100 24 7 93 90 24 44 87 72 82 20 48 13 53 31 72 95 61 35 86 55 81 31 30 42 75 9 18 31 46 10 4 50 73 92 61 48 92 49 40 80 78 95 47 29 33 28 33 97 51 83 99 7 21 21 29 41 85 59 79 51 4 91 46 8 65 70 95 64 48 14 52 14 56 84 22 33 11 0 81 4 0 84 71 14 56 48 67 87 64 53 1 77 32 73 90 96 29 69 20 41 85 2 97 48 20 1 56 52 46 74 77 88 98 20 17 87 87 79 76 15 67 4 17 77 14 55 40 0 95 52 43 86 53 49 63 27 86 94 41 43 34 34 54 87 40 36 37 61 58 64 23 39 98 81 32 51 33 26 60 40 85 27 87 59 55 75 90 100 10 40 16 5 36 71 42 12 100 25 45 55 19 90 76 55 63 80 44 98 69 54 96 31 14 17 9 29 24 24 53 37 34 48 40 9 2 75 95 45 68 83 1 85 47 56 5 7 85 96 47 100 88 65 0 96 17 55 45 69 57 71 42 68 78 87 12 21 8 99 93 100 36 99 60 52 0 11 5 35 51 60 9 23 52 99 73 49 7 53 77 28 5 35 68 46 1 45 3 17 26 43 7 86 59 78 74 15 83 79 34 48 33
29 81 40 56 20 51 97 8 10 73 83 78 1 72 77 89 98 78 1 0 19 85 29 35 61 76 26 5 53 54 73 37 40 42 32 81 0 70 34 45 83 60 98 79 36 9 24 29 74 58 84 60 13 94 55 13 71 30 68 90 56 31 92 65 28 33 82 39 27 87 62 28 42 17 48 46 30 24 86 74 99 52 33 9 28 69 18 25 94 2 1 62 65 6 47 12 39 39 30 60 3 43 14 87 41 44 54 15 89 92 11 16 40 90 53 34 75 48 20 21 59 70 69 84 65 54 9 9 15 59 22 84 40 70 35 85 97 10 73 60 78 82 16 36 50 68 99 50 86 35 49 11 38 100 98 17 1 16 87 42 16 15 8 32 71 58 6 10 77 100 28 19 31 71 25 52 43 52 35 88 4 66 6 61 68 82 49 13 6 88 25 38 37 45 34 59 47 42 26 26 42 15 78 58 22 65 66 23 1 41 60 5 26 19 61 22 45 40 5 29 50 9 37 81 98 3 16 57 0 15 55 85 78 35 69 70 21 7 42 2 54 40 44 37 91 41 17 13 39 90 100 17 81 54 65 4 43 13 4 30 92 94 95 9 97 26 65 85 0 81 42 91 23 34 100 65 56 93 53 44 3 43 63 84 54 83 19 54 56 79 11 72 27 86 70 50 52 87 2 13 57 36 97 73 44 6 84 40 73 83 15 17 93 54 11 30 52 27 21 74 6 28 10 54 21 56 61 60 91 78 96 20 35 68 12 10 60 51 56 93 29 43 75 93 89 35 14 78 32 30 83 13 90 30 25 10 3 5 30 80 67 29 99 81 100 22 2 62 10 70 18 9 60 60 95 99 45 63 94 76 30 32 26 23 42 89 10 28 24 26 55 98 63 73 74 21 61 99 29 29
28 13 22 83 74 69 0 84 82 41 96 79 71 73 99 3 33 3 60 57 89 32 87 45 21 84 93 37 98 31 37 84 74 34 100 25 79 82 48 81 66 17 60 14 72 56 66 90 10 33 53 52 73 57 82 44 7 16 36 91 34 53 49 78 14 88 9 44 73 19 39 43 81 28 3 44 95 29 22 21 0 77 89 3 27 84 57 3 28 50 18 70 62 7 43 84 58 59 91 55 59 13 30 20 37 2 85 76 54 70 71 1 31 86 6 51 27 65 51 13 70 78 72 14 13 65 8 60 29 47 28 50 99 42 52 61 55 48 88 38 9 81 89 66 25 13 2 43 93 43 51 33 73 38 21 98 2 100 15 3 35 60 54 13 38 24 65 92 59 76 80 0 7 16 18 47 77 26 33 28 49 3 63 75 9 44 81 28 64 37 99 57 43 40 0 96 99 86 7 13 75 0 15 82 0 27 76 46 82 78 78 11 21 6 33 77 42 63 93 67 64 70 73 76 76 86 34 71 89 63 75 38 34 100 14 15 32 12 65 28 35 9 31 28 90 14 43 50 74 61 76 41 96 47 69 78 47 72 85 31 87 27 25 99 15 76 37 54 3 89 26 75 79 34 84 96 31 11 34 57 64 34 41 55 73 89 70 30 40 0 42 17 18 46 53 51 95 13 21 42 83 2 96 39 46 30 59 47 22 50 21 62 46 74 69 83 33 33 85 43 100 81 68 79 20 43 67 84 69 52 30 41 12 43 30 26 26 51 23 12 1 0 64 33 53 85 62 10 87 22 51 55 24 97 62 38 49 82 65 51 55 30 47 93 64 46 10 65 17 60 62 45 39 41 44 52 91 70 44 32 13 7 92 87 99 48 50 63 23 8 26 62 73 39 45 18 68 36 47 78
51 28 85 16 9 61 51 70 0 43 5 63 71 8 33 96 63 45 4 71 64 46 4 17 48 26 15 89 45 35 68 56 20 65 13 7 24 11 47 85 78 64 93 7 83 47 57 86 67 83 40 52 16 27 59 46 54 86 84 57 47 84 74 11 89 37 19 71 17 28 80 59 53 0 49 34 73 94 33 99 52 46 19 78 69 25 21 97 79 54 98 66 13 16 96 31 55 30 10 73 77 86 89 77 18 16 88 20 72 81 4 1 19 15 14 70 58 92 69 4 31 49 91 14 91 90 31 72 9 99 48 70 7 100 59 57 21 60 59 86 40 23 60 41 36 79 88 88 38 92 75 95 65 6 7 91 56 88 100 11 30 42 33 81 56 83 6 71 77 26 21 80 27 31 54 7 75 87 27 88 100 25 24 4 95 55 77 30 1 30 44 78 28 77 43 54 71 74 59 62 5 25 77 14 22 38 28 100 98 41 85 83 99 5 6 70 22 61 97 19 8 32 21 75 80 76 14 48 15 55 66 32 49 99 39 7 46 77 86 95 76 72 5 1 16 60 70 96 71 98 7 10 85 31 13 73 77 100 70 99 59 99 95 32 78 59 55 62 13 96 97 62 3 42 50 84 77 89 41 37 35 58 83 72 71 42 54 36 35 49 10 60 3 72 87 53 91 37 43 74 47 75 16 72 6 29 93 80 17 100 67 19 14 99 46 91 9 15 27 49 85 90 95 80 60 63 84 4 88 48 46 67 100 59 17 86 85 99 28 4 77 31 17 43 29 33 86 27 3 25 54 76 93 4 8 38 58 22 57 87 10 10 28 80 100 100 27 43 98 98 0 99 97 4 16 42 10 48 39 13 74 9 14 74 2 47 7 50 44 9 12 94 93 67 2 28 74 86 44 55
98 69 49 52 5 62 11 25 32 85 54 62 48 41 6 18 82 55 36 15 4 46 59 6 4 24 26 6 47 16 87 35 63 33 72 36 98 7 30 7 53 82 19 4 8 85 64 90 18 61 41 59 57 5 10 82 9 96 67 50 35 15 7 83 5 18 8 43 0 54 98 28 8 5 65 5 39 21 52 34 86 24 10 68 24 19 49 7 91 45 54 48 91 92 50 59 14 70 77 18 71 33 81 68 49 53 52 22 68 99 0 37 81 85 82 99 6 19 91 75 53 58 9 36 18 36 32 7 75 87 59 32 29 58 77 41 52 13 18 56 98 58 85 44 10 24 74 25 17 46 11 39 89 55 36 18 10 3 36 98 80 52 14 91 93 80 72 60 27 74 48 52 74 11 64 57 50 36 27 25 35 50 12 40 42 55 79 93 88 15 29 70 37 71 92 95 77 76 59 5 95 1 65 27 50 58 27 88 85 85 98 55 96 73 92 93 43 92 46 85 87 69 50 68 9 18 32 73 48 50 50 62 43 1 94 99 99 19 27 38 97 41 33 51 69 32 61 89 22 39 61 31 82 91 28 93 67 99 67 30 27 31 17 15 86 40 53 28 31 43 57 38 10 95 40 9 50 13 27 70 71 10 24 75 80 35 35 14 38 20 89 14 23 34 24 76 13 83 27 89 27 96 21 15 34 33 31 11 62 38 93 89 2 34 97 42 35 36 57 77 67 75 62 57 32 61 59 12 30 89 3 17 85 74 58 73 11 74 29 67 22 86 81 45 78 45 72 85 21 26 19 55 99 66 82 54 94 31 97 49 77 99 56 2 19 69 63 67 99 78 89 52 74 79 47 82 44 19 57 15 36 62 21 34 21 64 98 62 96 30 6 47 38 9 27 25 33 72 73 81
88 25 61 80 41 83 54 90 40 100 37 65 45 74 16 31 18 83 82 6 17 51 24 16 62 19 98 81 60 64 4 54 8 0 78 49 60 14 81 53 70 33 53 53 9 56 29 62 44 31 31 51 16 70 46 23 65 95 76 46 37 33 99 67 89 62 90 89 6 39 77 47 23 58 8 86 30 23 41 79 30 86 41 8 48 15 43 4 28 54 84 72 56 66 22 69 13 77 42 83 1 21 36 55 97 34 95 9 10 93 61 82 58 90 5 46 53 66 83 65 63 44 87 66 63 13 3 25 29 59 37 25 34 26 8 99 59 70 68 29 84 59 24 25 15 15 92 51 28 65 39 73 33 69 66 51 83 56 34 31 5 91 94 64 7 9 79 94 70 76 47 100 27 14 96 53 0 94 1 25 21 79 13 46 39 98 4 42 20 28 49 98 98 67 56 35 42 55 61 84 8 89 94 24 3 3 17 14 29 92 65 2 73 58 27 37 96 2 80 70 41 67 42 48 81 65 49 45 24 52 40 57 0 49 91 49 73 89 50 89 70 30 15 15 8 89 25 84 11 62 73 68 35 87 61 43 78 80 20 14 5 7 81 43 33 61 86 26 15 12 86 1 28 59 46 65 83 23 27 49 44 6 100 2 72 86 84 95 21 17 4 3 50 51 91 4 30 22 94 63 35 32 76 33 48 67 84 14 91 71 48 0 43 34 18 4 94 45 6 93 47 44 88 33 52 13 25 88 42 54 75 8 27 71 83 57 56 91 61 10 78 65 24 83 49 43 22 32 58 49 26 6 13 58 17 91 76 25 83 52 34 27 47 65 41 99 10 34 56 49 97 90 17 76 72 17 40 17 32 97 80 83 74 26 33 22 77 68 96 18 57 15 77 81 58 90 42 19 85 56
5 39 3 91 98 57 25 63 17 31 45 71 78 95 83 69 80 43 34 93 64 66 58 60 94 66 54 96 15 35 86 43 83 75 53 31 19 55 36 73 52 37 3 76 65 34 98 38 76 53 72 35 30 70 42 35 91 47 64 4 53 84 13 48 98 44 19 90 6 6 23 42 66 86 46 31 49 4 60 98 48 86 11 35 10 99 7 63 0 84 99 44 6 38 55 50 25 70 14 17 79 13 44 38 95 9 9 44 27 82 79 15 49 34 71 5 14 100 56 4 50 75 22 97 96 40 17 92 26 98 50 7 33 26 41 87 55 24 100 61 32 56 33 88 99 26 78 97 46 4 29 57 92 92 88 73 40 60 43 62 5 12 13 27 93 30 79 28 26 25 92 19 64 58 60 99 59 72 57 85 70 98 92 59 93 51 50 38 31 21 75 37 50 32 63 7 52 93 45 86 68 86 94 10 99 54 93 34 15 25 69 47 74 88 67 1 50 23 64 54 2 3 25 18 62 23 45 39 84 2 34 90 81 0 93 58 93 16 18 32 48 52 70 47 88 4 25 45 66 17 11 95 71 5 15 35 41 30 39 72 43 84 16 51 52 51 17 95 87 94 2 97 64 79 56 4 89 39 2 75 6 11 68 64 36 23 95 72 27 52 95 52 6 21 50 12 63 41 37 11 41 59 44 93 57 36 49 98 85 42 51 97 7 41 8 87 28 63 67 91 37 11 62 61 11 74 8 43 20 57 2 81 79 25 54 37 17 90 26 90 6 82 27 29 66 55 61 32 63 14 25 12 35 81 8 53 62 32 81 32 76 35 45 28 74 71 91 31 32 81 45 88 65 31 62 89 57 35 90 41 31 68 63 42 38 79 27 80 37 14 59 34 69 35 1 73 23 0 2 100
3 5 27 100 94 17 56 34 86 67 16 90 17 96 4 76 96 81 60 37 11 35 85 58 94 96 21 11 69 67 66 71 54 49 18 52 58 0 52 47 8 38 91 66 63 36 16 77 7 69 87 12 80 83 96 65 34 14 18 11 10 10 23 4 69 13 17 21 36 79 22 99 71 27 8 56 18 0 33 79 6 39 50 37 25 32 76 78 72 79 16 43 43 36 97 64 23 17 13 7 51 96 84 39 72 63 34 60 49 97 32 62 64 89 86 61 10 43 75 35 55 84 21 57 51 83 58 37 5 16 47 17 55 100 93 23 94 60 75 54 61 66 15 18 50 43 72 40 94 99 66 22 98 61 2 2 22 90 89 79 15 41 73 52 16 17 68 52 34 18 72 13 16 31 27 51 10 18 9 88 97 96 59 34 72 20 87 98 63 86 18 8 10 87 85 67 76 95 73 91 18 32 94 25 65 81 24 38 91 30 46 71 37 36 53 99 22 32 28 63 43 61 29 31 6 76 79 51 41 45 62 97 45 93 71 41 2 67 10 49 8 33 36 33 61 28 20 28 90 55 10 42 100 98 69 81 44 64 22 90 58 14 92 73 13 45 8 41 39 40 11 76 26 22 67 58 36 25 100 60 86 71 46 2 27 48 75 35 29 41 13 64 89 2 51 80 63 76 72 0 0 22 85 26 77 27 28 52 38 32 15 14 46 99 12 53 74 9 40 87 39 32 78 62 54 57 83 42 84 99 49 12 86 54 19 94 24 53 46 49 99 66 63 59 46 75 94 32 32 77 46 33 4 65 55 99 43 34 40 65 99 45 36 77 75 95 43 71 15 19 96 13 81 21 86 19 71 14 56 16 92 26 58 51 15 27 22 63 79 94 70 55 45 18 87 22 45 10 35 46
27 25 46 80 29 99 26 13 25 65 8 79 21 0 82 22 68 83 38 21 64 27 1 78 86 85 90 39 80 4 81 87 89 49 9 4 87 41 61 4 45 10 55 17 37 66 5 7 9 8 70 30 29 47 69 74 76 20 73 28 24 56 4 47 41 14 87 30 18 12 14 49 100 82 39 37 50 58 58 11 9 50 37 62 76 6 42 99 79 36 78 88 52 77 13 46 8 25 5 0 55 92 22 1 74 64 39 87 11 77 66 12 12 83 94 38 85 58 10 47 46 5 39 67 51 18 55 23 25 52 47 77 95 70 73 57 80 45 62 42 51 18 37 64 11 54 70 36 46 68 69 45 82 8 81 80 13 30 92 98 25 85 83 55 70 6 80 14 14 3 81 16 34 99 72 12 38 4 97 100 27 36 92 99 38 85 54 8 9 53 96 29 72 39 93 42 97 75 11 69 99 4 41 31 32 77 56 18 95 17 10 32 65 0 2 36 12 40 21 4 31 10 65 71 25 23 3 17 63 61 95 53 38 47 67 75 29 11 62 54 51 88 4 35 96 7 46 99 28 11 63 73 35 87 86 30 25 35 55 62 37 14 56 50 85 20 82 16 9 8 45 82 67 94 68 55 13 84 92 94 4 9 83 37 5 10 25 25 92 52 83 13 69 95 72 44 51 70 25 1 75 86 5 31 96 2 94 36 7 92 77 63 66 53 80 72 71 98 60 19 39 63 1 84 45 32 22 9 3 21 70 38 70 5 26 81 66 11 15 15 80 13 26 57 49 84 100 54 87 4 48 33 56 39 54 87 81 80 14 59 63 98 56 49 25 0 15 77 90 99 19 78 22 57 46 91 35 22 32 31 12 43 23 68 14 77 72 24 81 6 39 18 38 62 97 5 23 18 39 49
73 74 5 42 77 85 98 60 43 99 32 14 77 13 27 87 91 77 75 27 42 9 59 92 89 44 18 87 34 79 65 93 52 40 78 4 41 42 44 71 90 81 77 59 22 23 77 95 60 88 37 84 76 20 73 46 59 40 11 66 22 98 52 48 41 6 77 39 53 43 62 47 68 14 50 97 43 57 36 47 65 100 19 96 31 57 83 3 60 62 25 14 90 42 0 4 59 51 49 54 65 67 39 81 37 70 82 80 87 98 7 77 82 62 98 55 81 3 29 5 93 88 67 91 10 39 8 38 38 15 23 11 79 37 24 74 70 97 30 77 14 48 10 83 73 65 25 66 60 19 59 49 22 58 55 15 23 30 89 11 74 50 10 21 1 69 73 28 34 76 29 85 82 5 51 31 60 6 35 78 83 99 89 44 99 67 40 86 80 15 57 36 22 61 90 25 35 31 6 6 50 43 33 12 21 73 4 60 44 26 78 83 41 24 23 95 9 63 21 12 6 95 20 27 60 28 51 17 8 76 67 24 95 35 81 96 23 59 16 6 44 42 58 51 82 43 7 73 98 20 18 77 43 52 71 17 37 95 5 86 93 99 69 36 63 96 2 79 18 43 30 62 9 83 58 87 69 64 26 61 12 35 64 41 81 99 13 65 91 39 49 64 42 12 50 49 83 97 44 41 4 7 15 85 61 28 98 91 76 89 49 14 29 23 44 14 96 5 37 60 7 96 25 4 92 33 42 11 12 24 33 57 97 21 89 36 5 8 74 0 33 95 14 54 7 77 93 75 82 37 91 15 85 50 29 82 4 28 79 56 59 18 80 100 91 77 13 57 97 64 55 46 13 64 80 44 36 44 75 30 50 85 76 66 77 57 87 9 100 26 72 64 15 9 7 86 23 25 1 67
28 66 54 60 76 52 93 0 95 34 92 52 30 58 34 6 26 46 81 67 27 97 28 90 26 71 47 54 29 92 27 15 23 28 71 98 37 15 90 95 0 76 41 40 65 92 14 84 97 32 26 97 57 87 3 16 86 71 64 78 51 2 45 45 93 8 91 20 64 3 46 69 88 14 59 87 33 36 3 79 32 91 72 89 20 95 81 73 3 70 95 4 5 69 82 91 21 57 24 58 45 8 23 0 91 68 11 63 12 11 39 83 58 71 45 17 23 48 73 17 87 80 5 70 2 16 24 43 27 75 37 4 32 35 66 71 24 91 86 37 32 89 1 64 10 95 24 98 4 15 4 76 70 17 89 41 25 64 36 61 95 84 68 46 8 88 97 26 20 1 27 0 94 97 95 29 77 66 90 51 36 43 10 5 56 75 69 95 68 34 33 41 15 91 32 76 3 83 17 54 21 34 39 32 82 41 58 13 75 69 73 5 76 85 44 60 22 0 26 27 0 79 38 90 17 61 11 46 62 40 15 28 51 80 37 91 50 94 2 13 14 6 92 13 22 64 37 70 61 25 40 56 11 56 10 48 63 25 4 80 97 22 78 51 48 20 13 81 9 31 24 29 58 61 57 31 53 98 41 91 54 63 100 81 53 18 62 68 21 90 74 73 64 19 21 63 30 25 24 57 42 32 86 54 34 45 30 23 8 33 96 21 77 19 20 22 64 35 58 93 75 36 87 9 98 57 51 46 66 75 82 24 70 98 16 36 67 81 18 56 47 90 20 28 70 59 55 15 48 33 12 50 3 13 15 45 53 49 12 46 32 73 5 74 88 51 62 93 78 72 14 60 56 36 74 58 14 80 10 7 97 15 38 18 51 12 73 10 88 24 15 13 51 76 89 69 22 6 87 52
27 52 24 6 0 44 90 95 82 6 68 61 57 90 99 21 86 91 58 5 90 6 57 22 15 82 2 80 68 8 55 68 68 82 82 45 53 11 40 23 81 40 39 10 31 94 53 79 32 86 41 76 63 17 21 28 99 14 65 65 85 82 69 77 15 78 2 11 90 22 58 26 1 15 78 29 64 56 50 90 6 47 35 76 11 42 61 100 43 92 97 45 56 47 11 73 86 42 50 64 83 10 61 21 46 80 80 70 35 77 63 57 41 6 8 61 86 40 44 24 18 32 70 21 27 65 57 9 34 92 29 68 21 67 32 30 17 39 8 80 94 3 41 96 26 39 40 50 88 52 27 3 18 6 20 17 12 6 92 84 6 71 63 67 48 79 68 94 45 46 14 54 44 64 98 80 31 52 54 31 80 3 16 40 42 36 21 77 96 46 3 99 16 96 46 13 24 28 9 98 77 10 71 74 10 22 89 64 64 45 84 2 94 14 60 47 46 28 10 45 24 54 0 21 40 39 43 90 1 96 25 33 26 63 3 64 90 72 81 98 41 89 70 43 53 47 93 35 19 1 96 64 4 93 87 83 35 34 2 17 82 6 62 83 12 4 6 20 15 98 8 19 66 58 28 39 25 68 64 11 5 36 0 55 98 11 71 47 73 27 53 57 58 53 20 3 83 33 60 90 86 96 57 49 16 9 79 41 73 60 23 13 63 59 37 51 55 62 24 72 21 88 44 67 3 9 76 63 27 99 74 0 45 15 86 83 28 55 93 63 56 52 91 88 0 59 57 54 5 55 64 9 11 60 77 6 5 22 21 46 2 44 72 42 0 98 99 89 68 67 73 92 75 50 34 65 52 93 31 24 48 6 26 82 43 36 49 26 77 83 4 96 100 65 9 25 81 65 34 47
20 33 19 64 6 92 96 58 20 95 61 40 38 87 27 27 86 1 22 92 59 38 21 77 52 6 10 20 33 30 13 65 18 16 85 73 72 87 81 87 93 66 59 3 22 99 34 54 81 28 64 45 59 21 49 20 67 95 47 4 5 84 42 16 30 42 60 36 35 61 11 74 12 47 96 9 22 55 48 67 17 12 12 50 98 70 10 3 39 35 45 30 58 65 67 70 44 30 23 48 71 41 90 20 60 6 74 25 22 84 92 85 38 29 80 19 72 62 48 62 54 100 58 6 95 55 22 8 4 60 50 28 10 64 72 10 14 35 100 8 61 84 21 87 25 92 73 32 11 86 37 26 80 40 46 62 36 100 84 90 91 9 87 64 72 11 56 15 29 69 39 82 53 24 51 91 9 7 76 51 87 80 43 23 61 12 48 64 87 53 8 58 41 4 11 90 14 19 95 3 30 88 41 74 23 93 21 83 57 92 74 85 30 84 25 16 98 75 25 44 20 62 69 74 76 100 77 80 24 13 83 43 9 70 6 32 71 43 84 57 68 8 55 93 57 38 3 62 66 58 5 48 0 13 95 80 47 57 96 27 97 21 55 93 73 57 44 7 25 85 12 25 56 93 39 0 50 91 86 71 65 61 29 12 51 83 34 76 14 63 45 93 27 75 76 86 32 79 27 48 0 73 15 78 48 8 52 97 16 68 12 78 11 69 37 75 11 48 69 6 66 56 84 81 5 67 96 69 47 11 59 37 40 70 93 39 51 87 16 26 23 61 3 67 44 52 21 10 18 6 2 74 81 34 7 6 41 62 48 58 10 65 26 62 65 5 95 46 90 82 8 60 3 54 81 48 49 8 37 43 84 17 48 48 6 96 44 3 67 50 98 33 50 88 14 82 41 45 72 50
47 6 50 67 44 85 78 51 99 24 93 62 78 85 41 15 1 7 69 96 81 53 2 7 97 35 69 94 16 12 10 1 13 52 22 26 53 84 3 15 65 42 39 23 54 55 49 34 80 94 78 90 36 56 43 97 28 48 59 61 47 12 60 19 45 93 76 35 68 100 84 67 94 94 46 15 37 21 35 33 49 30 10 81 8 93 87 64 8 76 95 36 81 18 85 63 16 8 3 51 75 74 65 96 14 65 69 70 53 70 21 40 31 32 70 42 43 98 76 77 86 18 19 61 29 52 83 69 61 69 49 99 35 87 52 54 14 73 17 22 7 86 86 94 39 37 61 65 51 89 66 1 64 100 5 78 59 58 50 81 10 72 84 89 32 76 36 74 44 85 40 58 74 91 18 63 44 93 69 15 16 80 20 62 37 52 87 23 72 98 60 23 29 88 79 96 58 71 78 72 37 4 41 51 58 92 36 68 33 15 0 4 23 0 9 72 69 89 1 61 81 74 59 21 15 66 59 19 44 90 52 70 29 80 5 52 35 82 9 24 56 8 54 4 56 7 70 6 37 21 100 50 69 53 91 18 77 82 83 42 30 26 1 7 81 50 5 73 77 73 100 49 81 2 50 85 92 8 67 92 80 32 2 78 77 36 82 11 25 80 62 77 62 87 39 75 28 98 97 77 91 20 64 12 40 68 49 12 18 5 99 46 81 40 32 9 33 88 28 68 25 7 8 13 51 58 89 100 6 22 97 22 3 39 38 42 36 43 29 1 12 28 74 87 7 84 46 57 42 97 69 25 27 14 52 34 98 4 45 41 77 48 87 61 17 65 87 90 97 31 47 16 30 95 56 98 51 95 25 32 28 80 45 77 23 56 87 7 86 53 29 84 43 66 1 21 51 10 20 100
51 60 2 45 38 0 93 89 29 68 68 17 88 85 33 47 57 35 59 56 42 34 32 32 88 91 45 4 87 93 33 79 41 76 40 92 93 42 83 100 10 57 53 99 94 2 99 39 24 63 30 29 86 75 52 1 80 15 92 88 43 89 92 4 1 58 78 85 58 50 84 48 96 39 10 84 39 87 97 44 87 30 70 63 16 16 74 68 50 95 80 95 49 84 29 69 75 66 31 64 35 75 43 78 30 94 47 70 9 73 28 31 37 57 58 29 6 29 66 63 0 61 69 37 94 57 56 47 23 61 17 4 55 15 100 39 30 18 88 42 7 36 15 57 8 65 94 9 78 5 52 2 79 48 52 40 2 9 1 68 72 88 72 82 94 85 27 58 33 75 91 49 51 92 8 6 11 82 95 37 90 36 16 80 16 73 37 40 78 93 38 46 24 22 73 60 18 18 76 15 24 28 77 95 73 50 44 87 57 92 34 94 29 71 12 4 100 23 14 97 11 70 39 46 44 21 97 89 31 45 88 77 59 69 49 26 82 96 42 68 33 67 96 40 90 96 48 3 50 69 31 89 16 38 79 22 0 16 50 73 72 100 97 61 35 41 100 11 3 45 23 70 37 11 71 85 33 75 75 91 66 54 24 27 80 31 95 51 91 99 14 33 82 9 9 23 86 55 87 77 49 25 51 54 83 11 91 63 100 0 1 79 84 33 25 64 60 64 7 99 95 44 62 40 28 94 67 89 92 26 34 76 39 24 76 26 65 16 9 87 36 85 47 45 0 93 75 54 6 7 64 48 13 96 24 58 43 72 62 20 75 5 2 100 10 13 89 57 75 46 87 14 80 16 15 70 60 99 84 24 87 98 32 95 11 49 8 6 42 83 77 39 77 44 56 95 25 8 82 24
17 59 77 2 3 97 21 79 93 37 56 61 2 80 56 84 48 12 53 9 23 61 70 9 23 54 18 47 8 99 42 78 87 37 93 36 16 42 98 40 25 72 38 85 32 70 68 75 28 24 6 38 100 31 15 5 47 19 20 48 55 42 14 43 43 97 99 0 5 30 53 21 26 92 35 82 54 58 94 81 33 18 7 82 0 4 57 64 38 37 3 10 83 89 22 63 30 79 73 65 63 56 7 67 98 66 48 41 68 99 65 100 45 57 53 30 28 63 15 35 92 68 55 100 50 11 6 38 8 71 89 70 28 93 90 85 8 59 20 88 42 32 18 99 99 76 74 36 50 72 50 89 46 79 63 13 17 7 84 88 7 34 30 76 34 48 87 48 55 22 12 55 52 58 58 2 4 26 62 83 11 91 48 47 1 0 68 44 34 49 49 98 83 38 7 3 62 98 80 68 76 87 6 14 83 100 3 64 91 16 52 96 56 63 5 72 27 45 88 99 46 47 47 63 13 26 69 49 40 0 64 18 25 61 22 81 22 3 25 51 47 39 39 52 72 57 90 97 68 4 29 56 70 85 89 56 31 2 64 16 25 65 82 29 99 90 80 73 0 61 57 65 92 21 5 57 91 45 10 28 65 13 57 20 69 13 61 1 1 33 35 78 60 96 8 95 21 70 6 52 61 66 96 43 16 12 16 93 0 38 61 24 72 55 16 5 12 77 42 26 56 2 47 36 18 94 30 49 38 64 71 20 19 52 88 1 91 38 92 34 64 70 6 26 56 1 95 43 96 85 6 50 32 8 88 70 8 9 76 25 86 57 92 55 67 86 39 93 81 37 92 65 38 30 64 28 84 17 20 48 35 60 96 96 22 28 25 79 65 76 80 76 25 60 72 25 50 76 81 49
23 99 37 44 0 97 100 55 74 70 50 80 54 58 56 57 35 66 54 9 0 29 30 57 78 41 2 90 53 77 1 60 63 82 32 69 61 3 7 51 19 79 51 97 90 81 30 80 51 97 22 91 42 52 37 60 87 74 88 86 43 10 91 5 30 84 89 33 11 27 50 80 14 7 3 72 5 82 59 62 67 34 88 98 53 39 32 89 3 1 8 15 11 13 47 8 45 21 96 8 66 44 50 79 40 67 74 3 14 100 43 40 78 3 0 36 45 61 2 31 95 50 33 45 29 27 87 63 86 31 70 98 75 90 39 27 20 97 80 98 24 3 18 7 60 56 11 0 79 59 84 9 79 41 2 43 77 29 15 99 77 23 43 96 43 34 60 54 22 56 20 27 28 32 80 38 23 100 67 86 63 100 87 51 43 73 72 47 59 10 60 2 66 8 40 54 59 66 27 70 23 85 59 1 0 59 99 68 14 93 96 76 20 62 45 87 19 58 65 89 38 67 65 97 33 31 7 42 54 22 22 49 31 89 99 30 90 44 5 67 31 93 64 22 0 93 94 15 50 77 97 27 32 73 8 95 48 70 8 10 15 17 69 3 57 91 34 24 91 41 60 35 8 67 88 62 19 54 89 79 34 78 37 69 78 86 97 0 23 46 51 1 70 80 85 93 69 90 76 52 12 64 9 93 66 81 0 67 59 22 18 61 97 18 94 80 76 82 4 99 23 14 35 17 63 41 73 78 28 82 58 57 55 24 62 57 23 87 82 79 99 16 75 34 76 78 1 49 51 36 90 66 1 90 69 55 82 76 74 80 79 38 85 69 58 8 100 80 40 34 85 23 20 42 14 29 69 54 62 69 53 28 5 54 78 19 7 44 78 76 41 28 92 17 55 50 33 0 51 100
82 56 16 30 7 21 18 58 13 99 70 80 42 0 73 20 65 14 10 59 92 89 38 10 76 44 22 52 90 32 80 26 48 63 83 14 89 70 0 11 33 7 69 1 61 69 30 15 47 84 57 46 74 42 5 65 13 45 80 0 34 35 38 54 76 46 75 76 74 17 25 16 15 56 35 88 86 66 81 93 65 51 32 49 90 83 12 74 29 23 0 40 60 22 54 56 27 13 17 6 4 90 72 43 21 49 58 90 76 82 77 92 71 94 79 94 29 34 79 0 61 28 12 31 47 91 52 76 2 88 93 77 80 98 99 4 46 26 88 53 50 21 65 7 46 38 46 52 88 72 64 64 36 33 30 45 69 93 89 77 46 94 59 24 5 45 11 46 27 66 40 39 0 65 63 28 49 26 8 95 6 42 61 22 47 17 20 4 100 76 30 92 3 45 78 97 50 19 36 83 32 80 41 57 77 21 16 84 53 1 63 68 67 70 83 41 23 35 16 51 70 55 20 7 4 55 64 36 60 99 79 44 61 10 11 7 21 61 58 30 56 11 24 72 65 45 20 51 87 23 76 56 15 39 92 26 82 44 17 69 26 100 5 87 42 50 56 96 46 89 64 36 73 92 5 35 85 93 50 13 79 33 26 79 1 87 23 92 7 7 40 51 68 36 24 67 4 28 80 90 6 16 31 13 69 8 60 14 93 5 6 21 80 29 4 87 27 14 23 90 81 30 25 11 37 70 71 81 28 19 60 23 12 47 35 56 72 31 7 58 58 79 62 53 58 84 75 36 36 69 1 17 41 57 50 9 73 1 92 85 63 76 43 57 56 41 6 25 37 35 78 72 12 44 48 9 84 95 78 69 63 43 45 66 14 38 54 40 55 81 30 8 98 86 23 9 43 1 9 93
71 76 25 6 86 76 87 34 28 38 98 27 19 48 42 15 57 70 11 48 38 45 16 35 26 76 95 7 93 2 85 20 61 81 12 30 87 72 8 28 3 93 61 98 27 82 25 43 74 64 23 51 25 43 15 7 83 24 98 26 80 88 19 11 41 1 33 54 94 8 48 30 86 21 55 65 78 19 78 85 0 88 54 5 45 21 72 1 2 32 45 22 42 24 21 61 43 1 80 84 0 65 74 78 20 50 12 88 36 97 14 74 33 9 7 29 75 54 75 32 58 98 51 100 61 91 22 86 7 1 44 13 20 63 90 32 43 99 57 86 50 9 40 5 26 10 17 5 45 78 94 31 36 29 84 68 17 79 0 52 79 29 95 20 85 61 13 32 44 96 26 29 25 36 61 8 75 48 33 44 53 5 10 40 31 59 87 69 93 97 91 56 90 23 46 38 78 30 11 26 86 73 64 12 76 38 62 39 29 80 4 92 19 49 69 32 28 46 36 92 59 3 68 73 42 72 24 18 18 37 13 85 3 13 5 53 8 98 94 81 89 83 14 39 31 84 61 58 28 18 98 8 57 87 86 75 70 22 21 5 82 62 64 48 43 92 14 6 36 89 11 45 18 87 77 74 84 78 95 72 16 52 48 35 52 50 60 52 22 66 54 32 36 35 89 42 12 100 82 49 49 31 76 45 99 76 58 91 11 69 0 64 74 26 16 15 88 79 95 86 22 20 31 56 77 2 22 62 96 92 17 35 48 32 67 0 97 29 75 26 100 84 36 79 54 26 11 15 74 68 68 12 79 68 51 91 1 4 74 65 28 61 7 51 10 59 56 100 36 95 41 47 40 35 79 65 71 8 84 80 52 74 83 99 43 87 52 7 20 8 60 19 71 46 35 21 93 28 32 93
96 43 6 43 34 80 64 73 44 86 97 43 74 38 35 89 0 10 23 31 95 55 8 31 54 94 56 75 70 13 83 79 62 50 23 61 36 15 14 97 81 73 97 84 58 68 18 80 89 17 81 86 20 54 15 49 78 55 53 38 76 87 53 54 80 10 50 78 9 50 29 39 35 22 58 95 3 23 30 18 54 12 16 14 75 41 22 36 72 67 84 9 52 9 20 51 66 70 94 37 49 56 39 50 53 53 100 64 83 78 93 8 16 51 85 71 37 69 25 56 84 96 33 10 19 78 86 90 78 62 88 34 5 37 66 30 53 82 48 48 47 64 70 8 37 60 9 42 23 69 97 94 52 1 3 73 82 78 71 41 99 96 34 73 16 21 79 30 21 30 31 20 55 95 79 68 71 39 100 51 82 41 74 90 49 2 47 20 23 33 83 83 60 25 46 51 67 96 10 78 69 99 91 27 24 0 10 58 100 42 36 92 62 56 76 33 4 25 35 72 35 94 74 2 88 52 86 34 45 84 80 41 96 27 59 84 11 66 99 64 28 19 82 39 40 45 35 44 74 49 83 86 95 30 33 21 90 70 8 46 88 37 40 37 83 63 5 70 42 71 37 100 34 11 42 14 29 78 3 22 56 86 38 11 36 18 21 18 5 70 36 28 78 74 33 3 45 17 52 44 42 39 88 39 83 36 86 33 24 20 87 22 7 96 43 95 28 22 70 74 89 42 66 47 0 51 11 28 25 28 24 41 12 89 79 89 74 98 54 43 63 79 17 50 5 73 71 2 49 77 80 19 23 61 91 43 59 43 85 42 15 83 21 33 86 60 8 73 80 26 7 43 14 21 69 89 94 61 89 36 26 73 70 79 56 82 49 71 60 82 64 20 28 100 78 59 21 2 73 10
75 6 23 10 47 58 76 50 68 4 46 59 33 81 37 59 91 30 17 37 73 23 82 24 20 88 64 24 89 88 53 94 61 46 13 31 98 17 50 27 66 63 46 53 26 3 9 3 56 53 23 89 88 88 59 30 95 21 59 41 21 81 10 13 37 64 19 3 15 35 83 36 44 14 70 74 24 55 79 1 26 34 6 67 83 93 4 55 5 13 71 95 9 28 17 73 2 5 98 66 82 16 72 59 61 20 89 50 83 39 32 75 2 40 93 10 81 12 40 93 56 79 76 78 68 68 33 43 6 31 33 2 4 23 37 87 85 46 44 93 13 32 57 63 46 58 41 95 49 45 28 95 22 80 9 95 33 67 52 57 98 22 59 81 71 50 22 27 60 5 53 5 10 86 0 39 50 58 48 36 57 12 14 87 33 48 21 96 6 80 25 29 6 4 41 94 64 88 89 36 15 29 47 55 74 33 17 60 11 7 93 71 58 70 100 75 73 98 5 4 10 84 91 42 20 35 77 17 22 59 28 60 63 0 4 96 24 6 86 73 14 93 2 46 13 77 22 69 30 3 58 90 77 24 19 35 44 19 77 83 95 84 12 0 77 96 92 10 84 55 94 87 46 84 48 87 91 19 44 98 98 40 30 76 4 32 26 45 90 43 14 88 89 66 30 48 65 77 26 23 7 68 11 46 61 35 21 84 38 84 54 92 95 40 41 12 55 45 39 2 53 2 66 86 65 81 95 94 65 16 58 100 25 35 80 79 61 38 38 0 19 75 91 97 25 87 92 73 12 22 74 7 49 33 42 100 75 23 39 17 95 43 35 82 90 39 46 84 73 79 51 92 24 94 15 94 72 7 82 63 66 66 61 30 22 24 19 56 56 91 62 8 57 86 76 84 72 88 14 34
37 5 3 51 48 19 63 37 71 10 63 19 65 79 48 4 72 57 36 97 52 45 88 63 0 97 99 94 31 29 13 58 81 14 41 81 97 12 7 2 37 55 33 95 15 23 19 44 65 83 11 36 26 85 5 84 48 81 61 35 84 41 96 48 15 50 89 54 44 52 7 28 80 2 9 31 87 83 58 71 70 7 3 21 36 37 47 36 50 45 50 71 45 12 18 7 85 59 32 32 55 96 20 44 11 78 9 86 21 77 31 33 83 24 75 100 47 81 27 49 12 44 11 37 5 38 73 39 96 3 100 38 63 34 56 57 72 62 44 71 14 71 42 12 71 45 80 59 69 95 94 41 4 84 14 12 19 39 16 76 30 54 99 11 1 36 18 58 94 41 88 82 58 60 95 29 40 8 37 25 73 84 79 41 71 56 38 80 51 67 81 9 63 45 51 37 17 60 61 41 10 40 12 31 80 32 80 48 16 16 83 5 18 72 10 14 58 52 41 69 42 99 78 50 9 12 17 35 50 82 52 80 95 58 34 63 11 34 76 66 50 11 18 12 56 10 87 28 86 30 71 32 67 66 88 72 47 84 8 61 41 53 75 75 89 97 61 72 20 56 54 78 72 91 52 61 42 28 59 79 22 81 44 42 77 26 28 57 47 36 53 47 44 6 86 57 42 74 95 88 44 97 6 49 73 6 6 8 67 17 19 26 14 82 10 68 97 92 63 1 71 77 35 54 21 53 77 79 53 46 5 96 22 52 67 51 57 42 89 73 29 82 99 6 19 63 12 38 18 22 74 97 0 54 83 25 23 10 84 7 9 71 11 51 16 64 93 23 35 80 40 95 34 41 91 73 40 50 43 63 46 25 28 64 81 84 38 83 85 81 98 56 40 39 17 43 43 65 90 62
55 91 84 45 22 25 43 87 63 15 0 47 94 85 83 61 11 30 52 53 85 47 8 6 42 37 13 2 72 87 48 94 11 93 9 77 17 33 86 50 28 92 61 61 81 40 22 20 69 96 34 59 26 37 10 97 36 99 23 52 64 1 53 87 46 24 54 69 46 68 99 66 61 90 73 90 31 35 97 57 22 51 95 0 18 43 83 72 16 24 15 90 95 90 9 54 95 42 28 55 58 93 59 22 76 68 95 90 28 11 11 71 49 79 10 69 42 94 22 88 90 55 91 86 47 10 23 85 29 20 85 31 13 17 67 35 52 81 62 12 44 13 81 4 68 59 13 22 62 84 62 17 68 66 89 45 72 31 87 0 70 92 17 85 89 40 90 50 58 4 54 87 28 41 46 30 47 66 72 46 52 89 80 49 46 11 34 92 31 3 52 3 38 55 37 4 55 24 7 27 40 29 4 6 43 78 9 68 61 71 8 60 53 51 57 68 20 27 16 72 5 25 28 11 40 39 62 100 90 84 49 92 87 88 55 41 82 17 90 59 42 12 26 44 63 41 35 31 60 0 15 43 25 18 53 28 8 16 90 73 99 86 66 24 89 99 93 52 62 98 86 17 4 42 76 6 52 27 28 21 39 7 36 68 65 31 36 21 53 70 18 41 24 6 98 39 7 55 92 67 67 19 79 77 12 64 83 71 19 19 77 64 55 9 35 40 68 5 87 79 32 17 11 78 73 45 6 44 85 15 79 9 55 70 32 64 29 39 26 80 2 59 3 32 19 43 100 39 3 81 9 76 76 94 69 93 75 45 78 38 64 68 0 42 9 99 70 9 71 26 16 42 51 64 72 22 58 43 37 43 33 59 26 35 72 11 9 1 55 52 19 91 91 95 79 80 26 78 90 63
80 97 6 97 52 77 15 61 92 69 9 52 47 76 79 50 61 85 57 92 31 42 86 72 92 14 26 45 12 74 70 69 20 73 61 86 39 66 41 41 68 31 41 24 47 85 32 1 31 39 44 89 44 44 9 97 67 3 16 65 26 80 90 86 97 21 62 70 94 57 20 19 44 19 96 26 52 7 14 94 42 63 24 47 56 28 39 53 77 10 76 30 14 19 47 91 24 14 56 72 66 43 42 24 44 7 1 63 3 42 48 46 65 72 8 24 48 37 13 43 72 74 67 45 20 69 5 100 76 19 39 83 55 49 21 0 27 0 37 30 20 50 25 25 98 1 16 89 88 74 100 61 89 65 23 35 61 83 29 64 49 26 57 23 29 52 36 27 33 65 44 29 19 52 6 79 47 22 8 58 59 11 89 11 56 31 4 58 13 60 22 1 66 60 55 84 81 44 93 5 17 35 39 60 84 51 78 17 73 97 95 14 8 23 17 62 14 22 28 89 6 27 72 88 64 44 32 48 30 1 14 61 82 71 12 21 63 27 48 62 59 64 75 76 31 45 27 17 59 54 12 12 33 72 69 98 39 52 10 53 7 89 34 19 87 10 20 43 60 76 92 24 53 94 39 52 35 82 65 31 40 16 49 83 0 96 60 28 93 1 73 35 35 0 91 81 35 48 45 17 47 18 61 83 34 19 56 39 28 82 18 29 13 52 77 47 28 22 26 77 67 22 40 24 71 66 52 1 29 35 8 15 82 7 31 12 82 43 23 63 4 63 29 54 36 82 98 65 95 55 64 85 70 80 64 97 96 61 60 46 53 65 19 9 45 15 89 85 70 39 8 41 5 99 52 46 4 89 36 50 88 90 87 69 70 35 24 60 35 39 59 1 84 60 57 10 72 74 10 61
52 84 72 73 85 94 13 28 32 30 35 7 15 47 55 84 96 41 60 55 61 28 86 29 31 69 62 38 54 86 24 9 13 37 53 86 19 90 33 26 81 71 66 73 25 86 52 38 40 71 49 26 74 82 24 22 11 6 91 67 11 54 5 21 40 93 26 16 96 0 2 1 67 64 57 98 68 38 88 32 30 90 45 90 36 16 73 85 11 16 7 58 14 73 64 8 45 8 15 43 61 47 63 61 48 18 10 82 60 22 86 29 3 88 53 19 54 13 71 83 95 53 70 34 4 93 81 87 18 14 49 76 87 3 51 84 30 10 79 76 76 52 85 93 43 32 23 39 56 25 18 17 24 59 94 76 24 64 50 85 56 38 76 99 19 10 60 15 11 18 1 61 0 74 37 13 64 15 79 67 67 78 9 7 10 72 24 22 1 29 37 12 78 92 64 48 41 83 44 26 17 56 11 32 72 74 39 18 4 89 75 41 28 33 100 68 29 20 59 89 72 96 47 52 50 7 70 74 42 39 73 49 20 4 50 19 75 1 66 13 94 7 16 19 92 11 6 22 24 25 44 74 79 41 80 40 57 54 54 72 77 63 40 75 46 36 17 19 93 5 30 5 74 74 34 80 91 50 81 75 7 100 68 2 53 87 0 25 98 24 69 13 7 29 98 31 70 9 61 70 19 85 48 5 79 70 13 25 85 13 1 90 100 40 59 80 27 38 1 89 31 99 16 12 71 60 76 11 54 49 65 78 43 58 79 22 95 1 9 30 34 64 4 88 73 17 97 40 46 36 49 74 61 25 30 59 12 97 67 91 70 97 98 30 97 59 83 55 35 59 91 70 21 69 40 98 77 94 39 75 16 6 93 25 85 77 1 45 32 73 97 5 8 11 12 52 77 88 32 25
60 40 53 30 4 56 88 36 35 81 80 77 6 60 87 45 90 94 8 14 78 48 2 71 66 95 30 26 60 97 87 24 24 82 90 42 57 89 44 50 87 96 78 21 92 14 40 6 86 6 85 89 90 29 6 92 72 49 81 73 71 52 23 97 45 74 25 49 46 69 59 32 53 72 59 83 71 93 21 73 92 46 38 64 45 42 9 74 79 5 5 12 46 14 99 25 22 98 16 20 8 32 70 83 60 62 9 63 91 89 5 14 7 48 9 19 95 37 85 21 17 29 96 76 70 66 41 11 38 5 29 41 63 87 88 69 61 21 0 65 37 32 85 95 93 50 31 82 51 29 70 44 37 23 92 14 51 62 93 4 49 73 82 38 58 86 40 82 39 28 25 85 63 52 62 71 93 12 82 43 69 3 27 33 37 14 67 96 83 91 57 82 65 65 92 28 74 18 59 70 43 42 25 17 18 72 65 67 34 11 34 90 1 2 92 69 91 51 31 81 10 93 53 28 71 35 4 2 52 37 81 17 32 80 7 76 19 47 69 11 63 16 36 97 31 37 69 63 87 71 4 6 43 94 75 94 94 44 39 39 57 2 92 56 62 60 50 34 88 78 74 100 54 45 55 50 24 79 15 93 59 10 81 31 94 100 55 40 59 76 3 52 43 19 42 52 4 24 4 20 68 38 87 60 92 76 57 75 9 58 54 63 96 0 57 88 18 38 41 6 88 3 5 42 66 39 91 43 27 60 50 84 56 62 80 27 100 98 76 84 97 23 94 0 95 44 82 15 12 87 76 13 27 90 18 72 77 29 46 45 76 3 17 44 10 50 82 95 18 22 70 77 46 65 95 18 62 26 35 79 65 69 78 34 53 99 18 35 34 26 80 7 86 36 60 4 32 71 58 48
44 99 52 16 72 12 73 6 23 27 85 85 15 18 48 86 25 25 89 80 88 34 17 10 68 89 62 9 14 24 41 33 89 49 55 75 8 16 98 25 21 77 10 63 13 56 68 41 90 33 92 33 84 96 86 35 23 2 58 68 35 4 31 17 59 66 7 64 91 40 14 57 74 5 51 87 73 29 25 39 49 63 18 79 54 71 65 48 6 80 95 24 15 72 91 57 94 54 1 34 51 88 3 84 93 5 18 77 56 22 52 52 88 95 61 29 78 18 1 74 14 18 57 13 19 25 39 47 93 17 42 34 15 93 76 16 41 18 45 98 58 18 37 36 98 37 74 69 31 76 52 35 30 72 98 22 6 59 44 77 45 10 11 15 56 25 3 83 11 19 64 1 29 68 95 35 2 77 38 43 67 66 28 53 46 13 41 57 54 89 44 59 44 64 55 38 4 94 34 92 63 66 2 49 3 51 14 41 61 11 46 14 55 22 93 3 55 92 56 14 2 8 76 54 20 48 31 45 54 92 95 49 14 13 93 59 64 99 11 14 91 83 22 60 81 85 42 51 57 49 99 8 99 13 57 88 63 84 45 38 56 10 80 14 5 22 81 26 17 27 29 18 79 73 63 14 81 41 16 72 29 11 2 41 30 25 42 95 81 52 9 67 49 87 54 91 43 9 14 75 76 91 82 31 55 79 37 74 99 57 19 44 62 23 9 74 4 35 64 6 96 46 62 99 63 56 98 37 88 11 23 11 78 80 44 27 8 12 81 92 54 13 63 69 23 42 14 100 16 97 83 71 83 99 43 46 3 20 23 33 23 64 35 73 21 93 92 37 81 65 77 59 70 92 9 58 94 45 1 2 53 91 19 65 21 57 51 40 91 45 3 86 36 36 24 87 79 42 50 11
50 22 51 5 22 67 12 93 1 49 21 15 58 27 84 99 99 58 98 36 15 76 31 11 93 59 13 29 10 33 26 90 51 19 30 91 2 74 57 14 41 12 67 99 83 52 58 97 12 16 87 38 5 10 95 83 90 64 41 88 98 82 32 56 39 80 13 29 16 85 82 3 33 76 64 79 14 34 37 67 90 81 13 46 67 57 57 13 35 42 42 21 11 80 60 25 5 1 35 45 0 8 70 83 52 22 25 54 64 61 17 100 3 15 2 61 79 38 55 36 48 41 90 31 99 34 75 3 55 27 44 48 15 31 13 26 1 71 44 27 35 22 38 19 58 40 100 72 93 86 80 76 69 7 7 43 23 84 27 54 23 15 94 0 64 90 45 64 87 76 13 49 56 50 97 15 19 15 76 17 61 80 71 43 45 21 91 18 96 25 40 39 61 77 14 51 66 45 65 82 24 82 53 66 37 84 23 31 65 80 43 3 36 51 48 31 49 64 17 42 56 47 96 2 13 72 35 65 27 42 75 92 60 75 83 81 89 33 80 57 32 37 19 37 4 50 44 44 25 15 100 91 66 1 30 70 38 76 70 64 16 41 10 85 49 48 80 48 43 33 68 58 79 24 18 4 89 94 34 76 97 71 92 36 43 3 52 94 44 56 49 18 40 65 88 41 79 31 49 40 100 51 15 62 6 81 12 81 58 78 79 8 90 13 25 37 31 27 31 37 20 5 27 74 25 2 79 39 89 50 50 26 58 30 20 5 12 96 63 57 42 74 46 73 41 27 76 9 86 44 40 63 47 81 27 85 64 41 46 86 89 72 36 73 68 74 13 56 89 81 39 53 95 99 95 49 0 86 49 64 33 84 64 79 73 41 90 52 59 93 73 64 52 77 19 61 23 46 71 35
0 69 50 62 18 23 99 7 71 81 31 8 1 83 96 39 22 52 31 73 37 57 40 8 30 87 5 61 54 23 89 77 89 93 66 14 19 71 37 29 80 13 28 25 40 33 36 71 36 30 89 31 96 49 98 2 100 93 84 73 31 9 92 75 58 99 48 48 16 58 59 97 24 12 52 28 78 46 36 86 88 23 6 52 50 0 70 86 53 12 66 94 7 98 15 82 65 99 99 0 59 0 11 71 52 17 92 59 49 48 46 82 65 64 67 82 11 67 61 42 81 18 3 59 72 15 9 73 71 31 8 20 22 23 83 28 6 91 18 29 92 67 76 13 87 12 87 68 93 79 61 13 42 90 3 20 43 6 16 98 72 92 23 66 6 17 13 91 26 10 45 30 89 95 14 9 59 47 84 28 41 68 54 16 51 11 25 35 76 57 0 94 20 1 52 81 77 80 43 36 50 98 53 49 4 81 85 13 53 54 93 6 55 84 85 57 65 91 38 31 50 97 46 85 50 55 54 51 48 8 16 75 68 13 88 85 6 90 44 11 68 50 46 23 43 61 66 75 87 21 67 26 85 60 62 26 44 73 40 48 91 58 6 22 57 27 7 91 65 20 78 98 62 92 24 97 80 100 51 94 13 15 100 19 17 10 24 74 16 16 12 95 2 83 67 32 66 43 65 16 65 25 64 21 44 14 3 95 40 40 1 77 32 85 52 46 68 72 75 17 56 3 49 1 71 62 71 46 77 79 54 84 78 31 59 51 40 65 47 50 30 96 66 92 58 71 61 34 71 69 87 70 10 72 21 3 15 96 77 92 1 57 82 33 59 87 42 93 16 83 62 85 13 100 84 64 44 90 94 71 70 79 85 15 47 24 15 22 45 68 93 56 25 19 85 55 76 73 53 44
7 24 9 63 11 22 71 87 96 14 37 66 1 82 84 22 97 98 57 65 42 19 50 26 89 20 28 87 96 86 54 28 78 88 87 82 38 42 27 2 27 70 39 26 77 99 84 39 22 79 3 5 95 9 92 3 21 79 30 26 59 5 65 1 64 99 13 22 29 3 5 0 16 40 64 25 8 24 79 74 87 61 3 51 82 65 82 87 51 85 60 93 83 61 87 15 89 20 88 62 47 65 16 56 15 84 29 31 4 90 38 15 53 53 51 32 96 88 32 79 43 62 38 70 27 6 2 25 57 23 31 97 14 87 69 49 24 80 8 13 8 59 95 25 27 51 62 76 49 45 17 60 63 19 0 42 81 63 54 95 62 48 56 68 80 72 19 8 25 86 59 7 8 49 80 2 83 15 38 10 30 12 20 1 27 75 35 71 95 74 47 100 25 28 82 92 9 31 93 53 16 62 49 13 48 90 96 51 15 66 80 80 68 32 81 31 67 8 64 5 48 75 97 29 3 3 0 94 17 9 6 44 1 84 95 21 92 3 17 75 1 28 58 72 6 48 56 8 78 91 15 34 30 56 38 77 79 53 35 15 2 79 82 86 56 69 75 30 69 24 52 14 23 8 35 67 75 40 94 43 38 11 18 48 75 60 69 62 80 91 98 77 74 26 37 83 85 18 23 81 13 9 94 38 92 41 10 94 42 44 85 23 44 9 16 96 30 33 13 76 72 29 14 65 47 86 78 96 10 67 75 53 71 80 43 5 46 33 98 14 32 7 10 19 78 65 80 13 88 2 74 47 100 84 14 85 31 22 50 72 6 32 17 32 15 59 72 48 10 13 80 75 9 63 99 41 79 2 12 70 69 98 0 95 25 80 92 52 80 75 49 26 10 31 57 10 12 80 100 36
32 100 86 69 70 62 69 93 85 18 68 21 16 7 58 81 81 44 80 4 77 74 48 31 64 99 24 94 62 8 25 73 21 9 43 55 52 71 77 13 97 91 71 18 68 71 51 77 63 77 22 57 22 14 74 78 38 29 40 73 60 31 15 63 34 71 70 91 95 15 52 34 86 23 0 56 36 74 5 25 61 81 18 48 72 13 56 25 55 16 99 94 13 59 72 43 10 56 52 96 51 86 95 17 7 1 92 29 20 40 82 69 81 76 53 75 22 70 6 85 67 13 53 84 25 33 80 66 34 81 93 23 26 40 93 61 43 100 71 45 24 2 94 45 64 41 81 98 60 99 66 77 45 39 21 18 55 48 47 50 34 61 90 28 12 31 43 92 95 8 6 55 29 22 28 70 90 60 67 93 65 86 31 96 74 34 91 40 16 34 73 42 47 9 84 22 80 76 14 56 14 72 69 50 98 94 1 10 71 58 95 100 83 25 74 80 71 82 58 86 84 93 82 61 82 38 90 17 9 34 3 60 67 82 19 40 67 5 93 1 88 5 40 75 60 77 0 81 19 55 63 78 38 55 92 42 30 34 41 84 86 54 93 0 77 82 69 85 88 63 21 85 89 37 23 78 66 83 28 60 1 64 17 38 67 37 45 37 34 98 43 40 39 65 61 42 11 21 55 45 64 42 30 83 89 58 36 19 65 15 56 78 24 28 78 67 16 94 83 53 85 65 0 21 95 13 67 12 25 20 75 34 34 30 23 15 58 71 53 13 93 84 27 9 65 73 37 22 70 53 5 30 22 6 1 21 93 65 90 76 25 23 86 2 51 46 67 80 75 59 72 76 69 7 25 60 80 4 39 42 57 90 88 33 23 14 40 90 35 62 36 12 30 57 100 66 7 15 33 20
24 85 35 41 70 26 87 13 65 52 13 48 10 97 56 93 22 15 14 14 57 70 98 23 51 78 45 68 0 89 23 38 58 62 80 72 27 59 37 60 90 89 54 28 91 91 52 18 82 98 21 22 75 17 72 85 6 4 52 20 55 37 76 74 49 6 55 26 51 72 10 75 70 12 75 54 40 73 75 53 0 85 43 97 34 7 72 98 88 58 76 84 12 51 44 48 86 72 24 83 74 45 54 66 4 74 49 67 82 14 58 63 61 57 30 91 14 27 8 58 33 66 48 43 100 63 14 87 57 66 89 14 76 52 7 33 8 73 55 42 83 70 91 29 94 98 19 37 9 42 49 41 77 39 28 46 32 81 90 84 63 42 94 78 88 41 89 82 58 5 69 95 12 99 65 91 29 59 46 83 44 46 21 41 34 25 68 46 15 19 58 65 84 64 95 92 2 72 47 12 84 69 63 22 77 8 72 47 42 64 39 76 60 97 62 0 37 100 66 63 61 77 64 76 77 90 26 50 81 16 65 28 34 99 50 30 84 48 43 27 2 98 33 75 1 11 66 62 77 12 6 53 98 80 16 75 35 35 71 66 23 84 22 72 16 63 91 49 47 31 89 36 62 78 4 77 20 30 23 12 17 25 18 42 40 67 89 65 84 4 47 72 40 25 10 24 19 78 52 59 11 46 8 76 91 70 52 37 56 59 62 42 28 17 65 50 90 97 64 11 12 94 47 68 47 38 56 67 43 46 19 69 38 48 72 18 38 40 77 16 20 32 72 43 68 67 83 72 60 24 71 76 3 39 51 70 63 29 63 15 52 29 81 42 68 66 82 38 28 91 51 99 55 92 60 18 18 85 77 79 20 32 85 89 37 72 6 5 76 50 46 99 64 94 52 6 92 33 4 58
10 51 28 5 86 11 88 75 88 85 83 70 59 39 21 36 33 83 29 47 21 58 75 78 73 93 16 92 33 24 34 26 92 89 46 83 56 31 39 38 31 47 67 73 35 42 38 21 78 51 90 100 6 68 97 27 23 78 20 83 32 46 57 5 51 22 16 37 96 90 53 18 99 78 37 14 85 50 82 29 55 100 14 82 80 54 29 66 64 40 51 99 46 68 23 93 97 61 68 77 5 86 84 30 92 40 22 37 2 32 67 77 29 83 39 39 23 26 87 61 100 31 23 38 74 43 2 40 62 23 34 38 82 90 57 90 97 80 74 43 75 73 13 43 82 27 92 9 59 39 65 18 80 85 48 85 71 87 73 68 84 8 5 97 36 69 78 73 79 6 24 72 2 17 33 45 53 15 93 92 47 45 78 20 29 34 68 80 16 97 51 67 81 94 70 24 47 77 5 1 61 34 38 44 77 19 32 6 34 92 81 57 15 22 64 22 98 70 84 30 94 74 76 92 96 99 38 65 41 19 70 30 87 72 70 100 86 2 62 86 26 3 36 10 26 64 50 46 4 70 43 33 0 56 72 73 86 22 83 11 12 85 95 95 42 76 57 68 49 86 36 43 100 80 6 67 50 96 90 57 15 54 19 77 76 59 30 76 57 33 37 99 6 23 59 57 87 47 94 97 64 39 84 83 38 34 33 77 86 91 22 58 44 77 45 91 71 90 51 61 30 84 6 40 44 23 63 62 32 69 86 51 94 40 86 22 25 78 41 53 80 63 52 84 62 21 92 11 43 25 45 77 55 89 19 20 4 72 81 87 24 33 15 9 36 98 28 64 69 5 27 42 68 10 87 28 25 48 7 91 51 75 85 68 72 95 54 14 73 5 58 89 75 52 68 70 36 9 70 26
93 100 41 55 28 37 97 14 47 16 30 96 28 92 30 47 12 41 91 23 8 79 14 85 75 17 23 90 100 8 14 36 49 95 81 43 73 26 73 71 0 64 81 6 50 92 91 50 88 58 36 64 43 64 7 12 91 77 2 51 55 30 85 75 85 31 10 39 53 79 96 67 96 6 5 63 31 9 59 71 30 82 64 44 56 3 90 66 2 22 24 22 45 50 45 92 88 94 44 60 7 81 86 59 72 15 76 83 40 95 82 92 99 99 21 17 35 46 35 46 93 74 15 12 92 42 18 5 88 16 77 44 97 86 38 69 40 19 80 14 77 32 40 68 69 87 37 60 58 1 67 25 21 6 53 58 20 78 59 77 49 88 40 73 71 59 100 64 21 18 17 45 42 9 63 48 33 81 59 2 31 72 37 78 45 40 99 77 23 94 70 32 6 96 51 38 37 76 29 8 16 51 64 85 72 8 99 96 61 7 93 85 34 22 33 23 61 72 32 36 100 2 1 66 28 54 81 9 26 49 16 22 45 63 100 50 55 4 55 14 40 25 98 72 69 33 22 48 6 18 45 62 51 18 74 80 6 18 58 23 41 64 17 57 78 83 29 85 43 28 14 53 2 58 48 36 78 55 78 80 26 69 87 54 97 0 26 65 20 62 30 9 65 85 72 41 53 53 41 88 53 6 71 10 52 79 20 77 15 54 63 40 29 55 22 98 48 89 39 79 68 49 65 22 46 5 16 71 0 67 84 89 68 62 7 77 92 70 34 33 80 28 56 43 69 83 59 66 21 68 98 52 26 17 91 71 73 35 55 1 89 49 72 18 50 95 91 94 34 64 52 84 64 90 83 58 57 80 61 78 49 66 58 40 96 67 62 63 76 10 15 76 59 18 1 27 42 12 61 11
19 48 23 56 47 82 26 87 37 87 74 16 70 30 62 82 53 40 55 69 92 78 50 80 45 93 45 87 23 31 49 83 95 24 93 18 60 97 82 13 0 70 15 81 18 31 96 1 50 79 32 77 52 47 100 21 80 75 83 42 48 71 21 50 91 78 88 0 87 85 16 89 67 14 79 68 94 65 47 96 71 1 83 89 57 43 28 60 38 87 48 28 54 36 45 48 44 97 95 63 38 89 10 24 79 74 16 69 61 2 49 56 67 94 69 5 18 35 85 54 89 51 72 59 90 27 30 6 92 98 56 35 96 62 11 14 46 92 98 28 77 87 11 99 3 58 64 16 28 79 89 25 1 85 46 7 23 21 15 85 56 80 86 89 44 12 87 69 98 20 72 32 39 14 81 34 79 94 11 52 56 85 90 42 33 69 51 14 12 23 91 49 65 64 8 12 46 59 68 52 92 52 10 10 16 99 45 7 4 86 15 72 98 22 55 2 57 82 75 64 54 66 9 3 17 61 43 53 49 37 30 34 26 24 14 42 70 68 97 13 55 69 11 60 51 24 79 17 59 18 91 29 3 70 87 63 90 92 3 5 86 4 77 26 64 84 23 77 34 7 6 77 16 96 14 86 45 71 86 98 49 1 92 12 61 72 58 72 28 93 70 18 35 51 48 46 20 19 82 21 71 40 45 43 56 34 86 28 79 71 48 82 80 37 24 82 59 14 20 64 36 90 77 89 25 31 43 33 28 67 64 65 36 31 59 84 83 92 28 32 66 6 59 10 57 92 8 78 99 29 89 39 3 53 19 97 3 3 68 42 10 61 58 43 95 96 38 16 65 46 14 20 6 24 35 63 0 20 84 84 92 37 39 93 73 70 40 46 68 25 38 39 23 70 98 21 10 58 87 9
44 53 5 78 60 50 29 38 14 74 74 40 39 9 57 100 14 46 25 35 79 0 87 19 34 46 54 87 46 10 93 60 20 99 37 34 94 48 48 71 0 60 82 40 62 73 80 73 94 59 16 28 2 25 52 83 53 19 89 96 88 98 80 78 39 16 51 89 19 82 36 77 58 22 31 29 92 54 67 32 42 100 56 53 86 70 64 59 43 76 42 4 79 81 84 47 90 1 62 72 55 98 65 13 57 1 71 1 47 39 84 30 19 83 11 74 79 47 92 46 85 38 88 80 12 19 80 17 66 13 72 76 32 56 72 90 83 53 94 7 10 68 68 74 31 1 22 8 19 46 44 22 26 93 23 87 31 4 21 66 6 31 72 93 20 1 71 68 49 92 7 74 75 25 39 45 29 75 12 97 21 66 83 91 55 13 32 38 18 61 61 71 69 0 28 86 70 98 1 34 68 100 58 68 80 19 52 83 41 34 53 23 99 78 21 15 39 24 25 54 13 15 20 66 69 88 1 19 60 26 46 22 46 14 34 5 100 14 63 65 30 90 86 46 20 20 73 32 18 19 18 13 23 42 86 66 10 16 100 3 73 98 92 9 25 36 93 47 63 41 20 95 30 71 68 22 75 24 91 94 76 100 76 15 49 10 74 50 1 86 80 28 82 40 75 11 39 63 58 56 67 88 46 98 2 92 88 100 23 43 14 3 21 43 98 75 16 9 57 34 81 50 5 5 42 79 68 52 66 48 98 88 79 7 57 47 35 91 62 84 53 81 61 16 5 24 93 88 75 1 100 33 84 50 26 100 16 17 41 95 30 20 57 96 65 75 86 93 94 23 56 77 57 68 49 62 49 54 58 75 11 42 8 51 2 15 95 87 30 3 54 5 79 89 50 88 71 100 93 79
7 36 11 70 49 17 5 19 17 80 54 64 19 8 39 69 4 1 11 33 66 55 89 94 95 28 49 4 77 26 38 2 73 96 18 17 24 4 53 20 22 27 46 27 81 99 72 74 7 28 98 96 26 68 34 8 8 82 78 42 37 26 62 54 62 7 8 97 65 34 84 26 22 2 56 82 43 85 36 35 12 93 0 94 27 41 0 70 23 88 93 46 77 87 69 66 31 65 86 21 42 82 95 38 76 3 20 75 32 15 25 72 38 0 82 97 39 24 39 14 31 73 87 88 74 75 0 74 1 90 36 73 39 86 98 99 82 61 39 26 81 42 28 45 84 92 93 23 83 87 59 66 67 13 85 33 5 77 97 15 19 47 29 99 21 76 89 36 91 10 53 8 46 0 80 12 86 94 67 3 1 99 23 61 91 30 4 6 95 59 22 13 4 23 80 95 94 30 91 39 100 98 98 96 94 84 66 33 91 27 92 34 47 0 42 21 11 71 47 53 3 2 7 21 3 65 77 7 81 61 15 80 66 80 100 16 83 63 66 20 68 46 68 67 73 26 59 96 34 69 73 11 70 95 3 86 3 27 51 3 27 77 50 62 22 20 11 70 20 85 32 48 81 62 30 26 34 55 75 85 37 76 20 91 28 21 35 47 50 85 31 46 58 71 84 30 64 94 41 8 69 57 99 52 76 56 24 28 38 2 57 75 47 81 95 81 45 81 91 32 77 66 79 86 0 66 6 27 47 78 74 26 89 27 52 87 53 23 73 62 74 41 89 28 39 61 3 7 52 0 41 90 60 27 41 39 78 17 21 79 30 77 100 62 35 11 94 66 13 23 22 97 60 6 87 22 10 68 8 26 45 46 13 92 56 48 33 88 68 46 66 25 53 79 42 48 0 21 18 37
12 37 1 17 15 0 60 42 90 30 46 67 11 55 4 70 24 67 35 50 93 70 46 63 71 29 6 62 50 35 48 59 26 84 80 40 98 69 18 0 25 55 86 21 87 69 32 59 0 42 97 95 72 99 52 98 78 42 16 72 24 100 30 100 48 12 53 17 53 66 13 52 65 7 34 79 35 68 44 0 73 68 21 1 69 13 66 84 13 65 77 90 61 89 47 62 5 2 54 11 77 62 23 3 11 95 75 78 93 48 19 84 9 94 46 81 74 50 67 87 96 22 69 10 100 83 81 58 44 96 45 15 39 38 85 78 48 75 17 71 16 41 81 96 21 32 60 44 49 6 100 19 26 72 27 20 69 85 24 94 11 12 85 60 73 46 95 83 61 0 28 86 75 59 54 0 55 89 33 53 31 32 96 60 19 1 76 78 98 66 78 3 72 95 63 78 35 48 47 76 100 75 8 99 67 18 81 6 43 97 35 91 11 41 25 57 85 95 29 32 33 9 74 54 59 96 82 17 73 1 13 87 20 28 23 39 39 0 88 75 77 15 45 12 80 49 30 85 45 11 48 30 25 4 90 88 30 35 30 28 94 12 48 28 86 61 71 80 17 34 35 76 25 97 45 10 96 39 32 89 94 77 7 15 31 56 30 73 88 44 78 46 37 46 12 87 87 27 85 11 82 78 46 84 20 71 19 1 45 98 76 100 94 9 83 50 31 18 63 60 96 10 27 35 40 51 0 25 46 52 46 24 95 91 93 28 44 63 61 34 39 48 34 81 67 31 64 68 60 9 11 91 73 89 74 26 82 28 94 38 80 81 68 20 62 30 99 77 47 63 51 77 81 78 45 36 27 22 65 95 66 9 40 17 96 13 96 88 22 79 98 43 92 3 11 83 75 21 14 44
89 69 29 32 28 89 35 29 86 90 93 47 91 61 88 7 22 3 14 32 22 54 41 0 82 62 63 25 15 97 16 19 19 13 57 50 80 76 49 41 44 99 58 1 65 49 39 83 97 25 89 98 61 90 75 68 90 49 8 17 33 29 55 20 19 1 81 86 47 51 22 89 20 70 48 44 10 56 77 80 85 38 23 75 38 40 15 78 68 6 33 94 24 42 14 14 67 64 91 22 26 89 38 34 24 92 84 37 57 88 50 32 38 36 64 17 95 42 36 92 97 78 93 35 32 63 32 4 78 61 55 1 36 44 68 97 10 14 90 14 59 20 47 36 62 37 94 18 82 85 51 29 96 20 27 71 61 47 64 51 26 59 22 91 38 34 45 3 70 57 80 98 65 38 99 40 44 29 76 3 6 29 19 83 48 96 52 97 71 28 12 79 5 53 73 63 62 37 66 89 91 88 57 52 45 14 93 90 87 79 6 79 57 36 53 84 89 58 81 23 65 88 3 74 17 19 25 50 56 47 14 48 35 79 30 61 44 53 40 85 62 13 7 49 14 7 81 52 18 0 32 62 75 54 84 72 22 49 89 59 33 61 98 76 35 99 26 6 42 17 91 78 34 12 60 99 32 28 16 84 34 55 84 11 12 32 23 39 94 78 28 62 53 71 76 55 7 17 96 35 27 73 38 98 7 40 26 10 39 64 76 21 25 47 29 21 21 37 70 36 51 9 34 69 25 26 83 25 87 65 50 66 98 9 11 89 36 13 55 94 44 5 42 43 19 85 31 4 79 91 63 53 92 76 63 3 6 39 70 0 27 26 76 90 62 25 72 85 73 87 30 27 65 100 7 8 92 2 30 54 66 63 83 9 90 59 18 92 87 50 46 2 71 92 40 11 71 22 8 54
38 42 22 45 100 54 61 10 43 92 94 54 88 71 28 48 40 83 65 41 17 28 18 7 92 57 56 75 41 41 20 14 49 74 95 0 31 64 94 45 8 95 9 82 84 5 93 33 43 91 20 27 0 53 35 17 63 96 37 32 40 71 58 65 19 66 40 35 15 57 46 60 7 94 67 64 58 23 49 37 3 17 34 2 68 42 38 66 31 40 90 35 40 12 13 90 48 67 1 49 5 46 6 30 53 89 40 26 20 37 48 91 4 32 0 45 63 86 97 1 57 77 24 56 20 8 3 20 51 16 75 27 4 46 67 76 22 55 80 51 41 15 79 59 49 84 4 36 91 76 56 74 55 18 90 40 25 44 87 63 29 25 25 100 40 80 37 3 39 92 54 80 21 75 74 16 79 44 72 63 19 73 50 41 48 56 13 73 26 68 2 82 33 19 17 66 26 48 26 7 26 25 40 20 36 65 81 54 24 33 74 61 72 49 26 74 89 51 96 28 28 25 72 52 75 59 94 34 28 9 69 8 22 40 27 31 30 60 14 68 3 45 3 71 26 83 43 53 89 27 14 0 57 14 4 95 19 93 36 24 7 47 85 30 55 64 4 69 3 37 98 68 46 30 76 96 45 39 56 45 67 29 6 46 46 57 90 42 48 95 36 44 98 34 61 59 43 33 65 27 93 82 3 98 60 49 58 36 12 36 9 93 95 58 98 98 12 49 100 32 66 84 77 75 88 0 6 79 24 25 80 89 34 77 56 90 49 18 97 61 7 29 89 37 41 60 74 96 30 75 9 19 60 62 20 27 97 6 27 69 36 53 97 25 32 21 66 45 73 28 70 67 15 49 60 60 72 3 72 98 100 73 96 81 62 18 73 51 15 68 27 45 87 10 77 19 13 57 51 87
57 47 1 97 47 30 75 54 6 69 55 5 35 95 30 82 77 64 54 17 24 83 73 17 60 98 83 14 44 18 20 70 48 11 69 26 89 72 95 60 92 90 63 8 84 93 63 70 1 89 18 20 32 31 57 10 84 69 22 22 37 11 39 52 79 50 57 73 31 53 45 24 60 39 90 63 8 55 62 32 68 40 3 29 53 97 15 22 57 100 77 26 51 17 95 8 45 47 74 57 34 74 45 99 98 65 99 35 61 53 21 89 89 68 60 83 94 37 96 63 71 59 40 93 55 17 22 52 63 69 39 35 67 93 34 97 39 78 44 89 98 96 69 81 0 24 3 71 66 72 13 10 49 53 14 55 57 62 66 40 8 0 82 15 95 33 21 34 99 100 85 9 28 10 79 86 11 15 42 32 73 59 20 53 86 91 48 67 50 27 1 20 25 78 73 98 83 99 95 63 35 18 68 1 4 81 60 36 40 79 7 4 98 22 99 39 91 60 14 96 70 66 35 35 90 76 38 49 41 0 17 8 80 9 64 83 26 26 84 62 45 25 97 23 38 87 29 3 29 30 62 79 75 9 82 91 87 34 62 28 10 17 30 89 54 34 39 97 34 2 39 13 48 70 35 71 97 23 24 7 60 77 9 62 47 57 0 47 97 29 23 20 49 1 1 1 24 39 5 88 16 39 95 68 25 35 48 74 34 23 81 50 73 94 70 56 50 87 9 90 30 95 72 58 64 52 58 8 89 60 38 86 13 63 60 22 53 19 97 38 65 42 55 47 74 54 13 68 72 100 36 87 92 20 56 11 75 99 96 96 82 89 19 7 67 100 11 6 41 36 82 11 36 100 19 50 90 73 20 18 53 37 68 22 9 45 96 99 65 12 28 10 39 36 90 86 3 21 82 22
63 97 40 19 83 38 99 47 72 42 88 42 75 99 47 55 11 35 48 27 89 18 55 58 96 68 70 55 63 91 54 93 62 46 68 19 35 55 38 39 74 97 20 17 92 16 98 44 31 44 53 22 27 95 99 35 77 95 79 32 96 24 78 8 92 47 70 83 14 77 37 43 56 53 85 53 70 35 78 69 0 70 29 58 15 53 50 48 21 71 94 19 53 49 19 82 22 84 95 3 31 49 53 3 48 5 79 41 23 98 83 34 93 6 79 91 75 17 25 98 11 6 29 61 39 47 68 19 58 57 27 27 5 23 67 70 41 88 0 32 16 63 43 0 11 14 98 34 98 58 9 14 90 77 47 10 29 19 70 81 94 88 63 19 49 79 57 30 32 20 60 9 28 87 19 1 5 23 60 2 100 76 67 54 36 82 91 64 43 46 23 98 29 43 47 13 64 18 58 22 31 3 48 33 85 70 99 22 33 32 22 29 96 12 9 48 66 26 33 81 42 58 61 90 23 54 66 28 8 9 32 92 79 2 71 41 59 70 35 23 48 78 94 8 68 33 78 91 32 78 39 44 0 83 68 92 47 78 98 91 91 4 28 7 15 67 68 62 22 20 98 65 26 57 4 44 3 94 80 46 26 64 60 9 31 58 74 42 79 3 32 95 37 12 92 93 90 32 43 89 13 61 100 11 36 22 43 48 71 89 26 10 60 81 4 41 12 100 42 36 27 3 40 30 72 31 18 56 25 78 32 40 57 76 66 44 20 28 72 54 3 56 72 14 13 95 28 91 19 42 56 81 34 4 92 92 64 2 77 34 56 14 80 49 39 63 96 9 62 35 34 13 61 62 9 25 75 8 72 45 7 56 4 52 34 68 62 23 87 41 99 73 23 68 4 64 64 17 97 65
71 37 61 38 71 77 26 42 30 33 30 20 59 26 30 81 46 83 22 49 15 78 82 45 7 75 79 63 75 97 50 54 64 95 100 4 64 87 0 62 47 86 39 20 12 10 66 80 61 9 74 36 44 37 59 23 24 74 51 0 81 17 28 91 34 82 83 96 11 68 17 77 71 85 21 74 59 41 60 85 57 39 71 99 18 33 76 42 75 34 76 44 12 37 88 41 42 63 40 97 86 34 90 70 32 93 27 45 100 25 23 89 9 31 12 6 41 60 35 40 43 3 15 88 4 57 96 47 94 100 72 63 83 42 78 72 7 49 32 44 7 6 71 64 67 44 25 36 46 75 3 18 9 73 97 43 43 66 74 90 52 9 70 32 47 21 58 67 50 84 87 91 83 98 74 59 20 81 10 11 30 29 2 70 77 16 22 62 57 14 39 2 75 34 79 1 51 77 14 94 60 24 2 81 88 33 52 9 55 65 77 29 65 94 39 60 36 86 60 81 5 6 86 84 27 20 32 93 3 72 48 3 61 87 47 5 48 58 84 82 1 65 66 4 78 9 75 53 63 14 38 22 78 18 14 18 15 59 60 98 75 48 57 57 27 63 88 61 99 67 91 1 71 54 65 62 94 7 64 33 92 27 14 76 20 73 45 64 56 23 54 48 29 19 96 79 55 3 47 91 93 42 4 38 74 8 83 17 40 93 45 69 26 74 63 3 47 35 42 42 37 45 60 94 96 12 11 92 59 66 92 34 84 9 17 34 44 4 61 87 92 55 19 25 45 60 17 98 54 50 83 85 24 80 16 99 0 40 93 11 51 56 58 34 65 87 35 93 72 9 99 21 4 99 37 93 34 81 62 80 28 13 36 0 21 89 18 60 77 97 78 58 53 22 57 97 78 39 26 68
75 52 58 72 86 16 83 67 94 1 25 26 87 43 28 41 58 39 97 14 99 80 5 94 33 31 33 20 29 38 100 17 56 100 95 16 12 98 34 5 73 62 91 93 7 89 28 53 73 54 86 95 37 31 8 49 83 78 23 47 99 42 80 83 82 80 24 13 69 54 42 21 37 41 14 86 76 59 9 61 36 96 51 86 88 21 51 58 2 61 0 42 16 29 46 8 91 67 39 55 29 75 81 69 89 66 59 70 90 33 93 45 37 80 59 92 100 48 54 54 85 85 41 82 67 24 24 19 53 92 22 48 34 29 62 51 72 81 13 68 79 0 7 69 61 92 48 23 10 55 41 81 48 62 11 71 85 30 0 23 75 76 8 62 24 78 69 11 15 5 40 87 80 69 4 40 67 88 27 22 84 82 71 40 55 99 10 47 91 23 55 96 2 84 46 94 63 62 48 7 92 30 25 35 80 45 52 23 56 64 12 44 36 76 23 52 98 15 79 23 78 13 27 6 64 84 29 100 68 85 100 28 46 48 95 37 55 96 77 100 74 90 11 77 78 16 63 54 10 68 40 41 97 28 63 55 49 54 9 23 17 11 35 65 94 8 80 68 42 68 16 5 39 35 68 69 76 76 46 67 54 75 20 12 27 12 47 15 86 46 36 25 10 19 45 93 39 49 1 93 57 81 28 67 92 60 66 51 49 51 97 14 13 56 10 7 55 83 68 85 39 63 8 14 91 55 62 50 29 7 100 64 43 80 46 92 74 59 38 45 29 99 0 54 86 72 47 73 14 7 62 87 32 66 62 13 79 30 98 96 58 48 20 58 84 23 84 80 10 37 93 33 71 68 5 61 0 30 92 49 55 84 18 93 95 20 50 36 94 8 78 72 85 75 34 31 17 39 65 55
88 79 86 64 40 29 0 26 32 4 60 35 59 53 55 99 12 86 94 77 21 74 95 55 34 35 32 15 54 88 13 45 15 54 85 18 65 78 76 4 19 39 41 80 9 54 22 15 15 10 48 25 11 14 93 11 42 95 44 61 23 48 85 21 18 12 21 75 23 79 66 10 64 87 29 87 72 57 76 70 6 80 95 53 17 87 72 93 94 56 19 60 6 66 19 99 64 85 66 95 2 3 53 42 52 80 76 94 42 55 42 77 86 82 8 12 40 76 97 42 64 71 33 16 34 13 24 0 10 100 49 89 71 63 69 99 58 0 39 42 73 4 67 0 13 26 70 47 49 97 6 27 41 4 78 59 34 83 43 25 74 88 51 86 8 44 40 68 66 97 95 7 31 78 26 10 3 93 27 27 65 69 54 93 82 13 61 16 90 67 18 66 83 5 90 27 84 21 27 84 24 6 99 70 51 20 20 25 68 39 95 44 32 62 60 9 41 83 17 44 16 97 54 23 76 3 63 5 89 41 2 46 4 87 83 59 32 54 30 53 31 93 36 62 34 41 80 16 86 85 51 75 58 14 94 51 77 34 46 81 54 39 57 86 54 68 89 72 20 8 58 24 83 83 38 64 8 45 38 94 16 61 22 12 75 86 92 28 54 60 50 38 2 47 15 91 100 79 72 85 73 6 92 63 32 55 55 32 95 65 7 35 15 62 28 86 7 34 14 53 88 38 3 17 15 7 29 64 40 24 71 24 17 96 4 14 41 5 11 84 53 82 50 91 72 38 57 58 39 10 13 10 77 28 11 93 76 88 37 62 75 60 7 48 76 63 91 81 30 28 26 12 5 84 22 51 70 42 82 31 62 96 15 14 27 79 95 61 17 30 60 70 82 23 9 90 58 90 69 63
100 59 40 92 6 89 89 75 0 57 95 11 53 81 12 8 100 19 0 36 46 40 2 75 20 9 29 84 44 11 66 38 96 51 80 68 36 34 87 80 80 68 98 92 82 31 89 46 59 31 98 56 77 5 89 39 66 92 40 90 61 57 26 73 20 92 88 51 39 37 59 45 19 20 69 85 74 36 97 26 12 22 99 33 62 76 85 100 53 29 20 74 18 59 82 0 70 18 54 38 98 54 28 60 26 9 6 88 58 24 58 84 14 44 55 91 8 3 47 6 72 72 42 46 40 38 0 35 51 29 8 80 56 83 25 45 76 10 26 72 16 41 37 4 13 68 69 17 80 82 36 83 9 59 94 19 38 68 51 57 60 4 83 19 42 18 48 97 83 23 13 79 69 53 94 53 96 10 65 31 98 20 54 39 32 12 29 85 40 100 54 2 98 74 21 44 81 93 9 84 89 63 22 38 68 21 19 97 70 52 72 29 24 3 27 29 92 16 92 14 19 13 33 94 34 24 88 90 32 95 20 88 71 91 35 29 99 50 15 90 14 0 22 90 95 60 24 62 68 33 92 41 92 64 76 17 39 48 93 21 50 18 49 87 8 50 10 79 85 22 33 78 58 45 75 12 69 73 64 44 20 97 4 58 39 9 58 78 95 10 95 17 33 54 62 76 67 53 40 17 51 78 90 94 27 0 84 9 40 25 31 59 18 13 66 95 80 93 39 42 59 65 23 78 52 52 32 48 63 2 6 8 90 34 48 11 61 37 68 73 15 39 63 67 51 99 4 6 34 56 17 47 84 68 36 96 23 56 68 16 8 41 23 31 57 38 80 67 56 20 63 44 94 56 72 5 90 63 99 79 81 84 50 52 37 59 71 28 24 26 21 95 76 61 13 100 23 55 4 94
88 70 14 47 58 80 27 40 73 81 16 34 27 73 68 95 39 39 14 68 0 54 26 64 75 22 82 14 82 22 57 70 6 72 13 53 18 73 82 4 28 30 56 8 61 16 71 49 74 0 23 9 17 11 41 51 67 59 21 4 1 49 0 92 45 19 84 45 1 86 82 49 77 84 74 7 94 96 75 32 70 0 68 41 55 22 27 99 11 81 99 17 45 5 63 5 72 91 3 16 30 16 43 46 39 46 8 29 47 31 23 43 25 55 69 72 0 87 67 35 95 1 3 46 47 94 45 13 5 66 79 46 39 97 64 6 89 39 50 94 81 100 55 9 71 40 19 50 26 87 65 65 51 5 36 1 37 65 37 65 64 46 59 0 14 47 6 4 18 9 35 71 60 38 77 68 18 80 48 94 86 49 76 85 8 25 42 23 29 85 88 52 59 57 97 13 73 1 32 76 65 73 36 43 73 87 6 20 39 60 47 87 65 38 0 85 55 99 65 25 63 65 48 88 56 99 15 91 0 90 6 76 71 27 31 74 24 50 59 10 39 5 53 58 65 93 58 17 8 22 52 58 79 46 80 86 77 71 6 76 38 60 27 37 14 50 73 39 100 11 87 43 19 47 46 62 35 94 11 9 99 86 41 88 34 63 43 94 40 59 49 28 72 44 69 60 29 87 21 83 78 95 78 98 44 75 11 25 75 27 25 85 77 91 68 73 90 38 61 79 18 9 54 47 68 73 21 71 57 78 23 20 61 82 12 29 3 8 37 15 96 57 76 16 100 33 65 98 37 25 92 11 54 96 36 99 26 100 31 38 39 14 9 38 8 100 16 81 79 42 47 38 59 65 30 89 27 98 39 5 100 38 20 13 27 11 9 15 99 47 19 22 16 49 34 12 67 28 38 98
62 0 79 88 92 33 96 7 85 85 88 63 67 86 81 60 70 56 34 86 82 48 46 19 76 21 98 94 56 93 30 48 77 67 28 89 96 55 42 38 69 2 90 54 31 95 82 38 58 89 89 96 84 80 68 96 72 88 42 34 25 80 37 37 47 88 9 9 87 70 26 92 21 9 44 26 53 89 98 17 0 87 15 78 85 50 98 56 96 53 67 79 21 39 27 70 72 94 58 10 28 25 29 23 38 56 60 72 6 90 69 98 88 60 58 0 12 18 51 91 28 27 8 69 10 97 40 88 59 49 59 53 6 86 43 35 14 30 82 12 0 52 30 17 35 43 40 73 81 95 93 4 82 78 57 31 31 70 90 84 5 5 52 87 72 6 73 60 6 95 73 7 48 25 29 75 22 97 96 22 52 42 69 75 98 59 55 44 45 60 65 95 83 43 41 64 96 96 50 71 48 100 0 97 35 66 87 88 72 8 99 22 8 61 13 84 51 71 32 78 99 21 81 91 55 61 61 24 45 98 84 40 25 75 44 35 8 77 40 56 58 93 11 47 79 73 3 98 61 37 89 90 63 50 52 43 28 54 69 67 94 94 82 17 37 83 52 0 51 36 25 9 39 31 11 56 89 81 53 61 27 64 35 63 11 46 67 32 96 68 17 86 47 66 5 71 34 24 57 37 34 62 85 40 92 18 5 57 37 68 38 95 76 58 57 47 34 43 87 60 68 53 25 61 6 5 51 68 87 88 36 24 6 95 26 56 43 21 16 77 70 8 30 47 39 45 59 86 33 5 90 6 71 32 11 90 40 60 61 34 29 96 34 82 38 30 13 89 31 2 8 40 27 18 13 63 61 59 80 29 67 70 77 10 93 9 57 44 29 66 47 38 66 36 98 1 30 96 5 4
52 45 95 7 55 44 92 14 57 77 81 43 59 49 71 10 39 48 11 47 41 98 48 72 95 39 100 30 38 29 36 62 96 69 68 23 66 52 80 24 22 6 38 67 38 18 41 53 80 16 8 40 35 39 6 3 79 22 72 28 71 17 56 0 42 61 18 30 94 70 89 18 20 43 19 96 47 15 71 32 91 0 23 12 22 8 14 96 88 93 71 16 98 67 36 77 91 72 90 61 16 19 3 100 2 59 56 80 99 23 44 3 21 34 80 84 23 33 92 45 83 84 95 28 34 93 20 22 11 60 84 72 41 72 48 36 48 29 4 43 21 33 15 31 18 75 69 5 22 26 28 23 93 69 11 3 30 52 9 61 89 85 54 41 89 18 48 52 9 46 23 96 33 49 18 5 64 55 21 14 40 10 70 5 27 72 35 46 28 5 72 53 81 51 48 100 29 43 10 62 7 85 6 100 89 22 45 55 95 61 66 53 87 94 72 0 86 64 93 51 82 97 9 63 9 89 42 40 19 49 10 53 22 17 40 33 76 74 1 56 10 36 81 28 49 60 25 85 82 11 29 35 24 3 64 30 83 66 72 17 69 32 77 91 31 52 55 19 62 84 0 4 9 34 59 66 11 60 19 48 33 93 15 17 82 6 47 93 97 34 37 15 88 4 98 60 28 28 33 89 15 13 42 63 72 71 48 96 76 67 3 71 46 10 30 51 68 86 66 99 77 22 74 22 40 5 4 20 50 99 38 51 33 7 86 44 78 7 59 33 20 53 51 31 94 90 3 11 86 30 8 43 29 1 31 62 38 99 73 48 40 1 51 68 7 3 2 78 90 92 20 35 59 15 72 26 95 91 54 97 42 34 66 100 33 49 13 90 51 0 49 66 54 67 32 67 91 19 51 38
40 7 72 45 44 64 91 75 96 20 58 65 92 35 68 44 37 31 40 59 76 58 67 7 4 20 59 64 60 62 41 38 70 84 72 32 59 25 18 19 68 8 85 25 47 100 75 53 59 61 86 12 12 24 43 83 98 17 72 21 56 58 64 39 77 92 45 37 75 13 32 7 2 45 52 99 63 0 72 33 14 20 63 95 29 89 4 24 12 4 29 51 96 82 40 78 19 67 73 15 8 27 88 42 52 22 67 86 17 44 36 32 37 8 71 51 47 34 80 2 24 61 58 65 83 18 15 81 1 12 71 93 9 88 88 43 7 44 50 93 62 99 35 54 58 98 60 89 40 70 80 15 54 88 24 49 79 2 41 37 15 11 100 90 85 45 23 13 40 33 94 98 33 84 33 8 31 92 97 51 78 55 34 69 94 13 42 19 59 73 19 68 6 52 82 75 52 93 74 82 72 1 36 93 2 17 43 33 4 10 0 33 41 56 4 28 78 44 22 60 97 38 66 9 28 27 63 25 5 88 29 77 90 80 32 83 66 41 57 94 77 50 39 9 61 84 58 4 27 47 9 32 4 54 48 30 6 78 8 67 0 84 98 82 77 89 14 18 96 68 6 0 7 81 82 40 53 38 100 87 80 35 26 4 60 70 82 10 45 66 31 35 92 76 2 16 1 79 89 17 12 18 50 52 52 79 87 19 54 4 91 76 68 5 82 39 57 50 54 40 11 53 85 6 26 92 48 78 10 95 44 39 26 26 5 68 6 77 89 86 99 31 18 96 87 82 37 35 77 11 78 49 49 58 96 36 10 75 50 18 50 94 80 3 71 74 74 6 10 70 87 43 87 95 39 49 72 54 79 88 47 83 33 43 94 61 25 62 19 32 76 35 35 3 57 14 20 14 39 84
58 76 36 68 65 87 11 76 82 34 2 1 82 41 55 15 37 53 7 77 67 48 19 24 13 13 84 87 95 71 64 32 67 81 24 23 73 82 91 67 90 38 41 71 29 85 70 71 36 12 90 98 69 80 28 32 2 85 63 71 38 96 61 65 60 14 71 58 63 97 1 40 27 81 24 7 97 97 38 25 73 83 46 31 37 30 54 51 74 14 16 68 84 98 42 43 10 35 41 82 54 90 15 71 36 84 46 55 23 85 53 27 21 40 79 74 40 91 85 79 69 96 94 9 54 69 5 33 53 81 8 6 7 26 30 52 70 17 98 83 64 42 16 21 54 37 45 49 18 55 67 99 59 75 10 54 100 17 41 19 35 27 79 66 72 12 65 68 28 44 89 22 73 52 2 72 79 95 90 29 0 85 22 23 26 46 65 29 42 51 7 81 82 54 97 19 46 13 55 87 50 22 40 13 76 6 11 62 48 82 57 50 51 52 91 29 28 88 25 82 75 22 55 67 66 56 10 74 24 7 93 81 49 23 59 56 59 97 49 27 52 69 12 7 27 8 82 6 74 73 1 40 97 15 53 14 59 16 94 21 0 60 39 64 86 5 86 11 1 27 31 58 78 78 3 50 13 35 18 62 10 73 64 34 64 71 38 71 24 75 34 51 36 23 48 62 5 1 47 88 4 59 13 46 75 17 61 38 46 50 15 36 93 28 76 70 60 97 48 74 47 28 76 70 81 15 21 22 80 90 6 58 15 85 15 93 56 31 65 77 20 35 27 85 91 60 99 59 18 26 68 46 98 57 90 91 94 27 7 26 91 37 0 41 58 4 39 53 13 3 96 15 57 29 88 9 73 31 88 62 40 29 57 96 41 63 31 79 31 54 52 34 34 64 99 64 74 62 9 40
36 36 36 23 12 27 56 81 26 85 53 47 22 67 89 51 6 24 51 90 46 45 23 4 95 79 96 55 89 64 46 23 26 93 35 77 71 8 100 5 28 3 91 51 15 95 78 73 53 64 20 94 66 6 27 20 5 2 58 25 58 49 60 34 33 32 10 7 70 70 95 56 99 43 66 60 58 17 36 47 60 91 6 37 98 26 79 96 7 42 22 31 55 2 42 48 45 71 23 78 58 38 51 62 83 92 84 97 87 52 34 65 11 83 50 13 53 7 57 9 44 35 74 31 100 19 53 76 44 74 68 27 65 13 58 38 52 72 84 2 37 94 1 31 66 40 13 34 11 12 64 80 50 22 8 66 87 3 25 4 87 17 91 80 54 84 46 71 43 21 11 18 86 13 88 18 72 64 31 60 40 37 34 59 32 59 40 98 43 16 85 72 15 85 28 11 26 3 48 97 26 54 33 18 19 0 10 27 97 2 92 6 42 79 36 42 25 47 60 22 61 63 97 24 87 35 63 94 70 89 5 11 46 7 39 35 24 64 59 46 28 11 22 37 45 34 19 62 52 91 18 98 99 15 92 83 72 58 65 66 79 80 14 57 21 92 88 41 49 62 37 22 97 88 41 10 99 27 98 5 47 17 8 54 33 0 27 40 100 24 88 56 22 25 82 8 73 51 62 50 7 8 60 14 98 34 80 65 43 31 40 16 87 30 92 45 56 48 35 21 44 30 53 67 84 86 38 90 17 90 94 47 95 10 14 100 16 13 86 49 81 20 56 44 54 95 93 71 25 89 77 40 60 1 56 49 87 33 65 45 38 86 33 67 4 76 37 94 58 64 32 33 87 21 98 69 89 30 73 9 95 19 12 41 64 14 42 24 26 30 27 47 91 78 27 79 71 89 39 59
54 47 13 65 18 23 27 0 17 6 3 42 91 60 75 68 13 17 13 45 43 20 17 6 75 35 52 37 5 26 78 75 78 45 16 3 31 79 42 14 43 94 53 6 92 43 67 26 77 49 57 93 58 11 41 44 48 84 8 25 47 11 33 91 75 26 43 50 74 74 40 31 19 84 63 81 26 0 77 8 92 23 40 51 68 3 97 44 69 50 18 15 24 79 28 58 94 33 93 51 97 97 1 86 45 73 78 58 93 76 63 60 35 66 98 15 26 89 54 62 34 34 0 76 88 97 34 56 50 25 93 40 93 41 24 1 18 97 79 91 61 22 19 29 7 77 36 1 25 56 55 15 86 58 88 79 60 100 48 86 84 79 46 27 77 53 86 16 81 21 93 78 30 58 5 57 50 70 98 67 65 77 75 51 68 80 66 41 2 65 74 26 79 4 55 16 0 13 20 74 20 52 91 42 60 81 38 39 43 34 21 85 97 67 7 78 32 68 29 61 69 52 2 5 63 2 79 49 2 37 35 87 31 75 1 70 33 93 55 28 13 18 33 4 52 77 27 20 53 41 96 83 78 100 4 74 18 50 21 96 75 58 47 23 3 58 96 30 39 84 15 7 86 17 31 30 13 34 20 1 64 46 2 54 64 72 32 70 69 53 23 37 52 73 51 57 96 62 99 38 44 70 26 97 1 0 24 24 99 18 9 90 35 66 22 15 73 49 51 74 7 19 32 20 66 5 94 79 38 2 77 77 45 56 81 72 65 69 18 2 9 14 20 6 38 29 10 5 8 72 22 58 14 58 45 4 1 96 35 0 66 31 84 30 62 23 39 63 45 63 90 32 49 60 94 48 24 84 62 41 59 78 73 53 86 83 47 87 35 32 69 99 22 33 46 79 38 31 26 79
13 20 75 92 11 16 43 27 48 21 45 70 14 76 0 85 85 68 95 82 16 92 85 61 96 92 100 42 73 52 62 60 16 14 87 86 98 58 41 56 35 6 12 68 3 68 51 49 65 28 37 59 3 37 85 52 79 43 36 65 58 31 94 44 80 41 41 1 52 42 66 5 12 23 74 78 23 56 57 36 18 0 46 94 58 75 67 37 86 58 69 56 60 0 6 6 22 67 33 23 43 57 24 57 100 98 85 85 57 50 51 11 59 82 7 15 94 28 13 73 62 81 7 14 7 21 76 16 8 51 65 81 2 27 66 6 36 75 72 3 55 100 9 45 5 22 49 36 32 44 1 58 21 96 67 39 86 61 84 15 51 90 91 3 16 59 39 46 29 14 6 23 78 81 46 8 0 95 91 72 73 68 55 96 74 36 0 61 35 94 64 70 53 63 5 100 99 35 9 33 35 79 36 79 55 100 81 79 92 72 31 39 87 62 40 82 67 55 96 54 76 45 45 93 75 10 44 33 37 99 38 41 68 79 97 33 91 76 96 37 99 22 24 38 78 90 37 52 70 33 1 76 3 76 5 64 35 9 3 32 18 90 74 95 21 72 90 51 42 40 16 22 3 0 39 0 21 97 93 48 20 0 0 7 56 84 24 55 47 5 47 64 19 100 87 36 46 58 100 8 84 9 16 85 54 46 78 4 91 49 0 96 67 6 65 1 98 14 55 2 95 23 62 21 91 85 45 57 27 20 71 88 18 50 19 97 71 98 48 4 93 63 37 5 35 84 98 52 52 3 84 65 31 24 79 33 38 78 36 6 8 5 20 15 21 43 98 86 37 74 21 7 82 78 77 11 28 35 74 55 96 79 92 67 23 81 75 39 72 29 74 7 21 18 9 66 39 11 75 53
27 21 49 54 91 78 92 94 41 21 73 34 13 67 23 45 7 87 52 8 35 25 44 63 6 86 31 32 50 38 5 41 46 3 3 30 91 1 38 67 95 2 17 58 90 51 82 97 57 71 81 44 62 19 82 66 60 61 46 35 10 6 66 68 49 38 29 22 77 62 70 11 0 62 0 15 32 2 72 53 77 75 14 18 60 67 89 14 82 83 98 55 20 31 38 38 13 82 13 86 95 20 31 96 60 17 8 77 97 37 49 86 48 69 98 83 91 16 35 46 56 88 53 5 57 76 66 78 48 94 47 1 57 3 68 45 77 98 27 20 32 56 29 27 42 56 98 49 87 14 27 60 42 91 64 29 46 32 44 81 76 40 85 5 1 66 70 16 95 77 44 93 87 49 17 28 95 2 36 96 24 85 69 69 40 45 96 39 70 75 71 100 20 91 93 47 26 91 59 81 77 93 97 80 73 61 98 23 27 41 18 51 48 68 82 42 30 91 70 81 66 14 42 67 80 66 100 91 55 33 23 86 23 16 20 54 41 2 53 40 39 62 99 3 9 44 0 0 72 10 45 89 8 65 54 43 87 28 73 50 82 93 5 98 31 52 23 43 65 48 69 93 12 66 9 46 44 57 60 97 93 42 20 38 7 27 3 98 79 40 41 38 6 39 33 79 56 34 41 72 64 1 17 52 20 35 12 93 80 71 20 94 31 100 2 63 46 81 28 64 49 2 43 5 68 85 94 28 98 10 83 100 52 32 51 82 5 67 62 65 34 5 49 13 33 37 51 33 22 12 90 98 11 31 44 91 21 46 93 90 87 0 4 5 73 34 52 83 30 21 33 21 73 24 44 32 20 6 17 10 69 75 46 42 3 100 4 12 55 23 74 4 18 34 43 89 99 52 44 93
6 14 13 91 1 16 97 9 66 51 62 82 70 91 28 95 100 1 43 3 32 90 29 19 45 94 37 43 4 62 22 54 89 40 11 12 91 43 26 49 48 28 27 64 73 6 43 1 19 86 53 22 7 68 81 16 13 65 95 57 37 74 69 58 58 87 37 67 79 26 55 77 3 14 72 47 61 76 38 59 50 66 45 82 52 58 30 99 92 70 35 38 34 52 46 57 87 90 39 59 4 31 50 72 52 90 98 6 5 36 75 81 2 76 69 81 52 2 58 22 71 41 53 5 10 16 26 83 57 3 38 14 43 37 66 96 46 37 31 44 10 19 88 20 51 69 47 51 13 18 64 28 95 86 75 12 90 96 96 5 89 12 34 98 2 2 40 21 47 66 47 28 45 46 86 72 54 93 6 21 68 91 100 55 97 64 30 54 30 54 88 87 7 64 67 3 99 29 69 36 69 63 61 52 62 56 77 92 97 17 50 19 80 61 79 73 80 77 16 51 92 2 59 97 54 22 25 77 76 84 26 47 57 25 32 86 45 8 35 33 90 35 95 67 58 83 98 16 50 54 68 34 87 68 5 75 14 40 22 92 47 79 81 34 71 8 8 72 94 91 65 14 86 0 25 91 40 94 48 86 86 86 70 28 78 32 92 96 33 86 60 97 83 98 77 0 35 61 76 89 36 29 67 25 60 43 66 80 50 52 68 89 21 84 9 82 83 17 89 66 76 9 79 89 90 97 87 65 5 65 77 55 90 83 20 6 81 31 75 95 17 79 67 92 16 30 52 52 74 36 34 22 4 25 68 48 23 76 85 35 18 68 7 71 6 74 96 52 81 3 65 99 67 51 98 13 87 91 99 46 48 61 86 53 38 12 100 70 51 77 70 74 97 36 0 94 88 91 91 67
95 5 68 50 17 43 84 15 78 92 88 54 28 49 77 28 82 25 39 45 68 4 15 58 42 75 90 56 47 3 28 73 28 86 92 47 4 14 23 1 33 33 83 1 79 96 47 15 27 9 92 14 27 38 32 65 18 98 80 17 35 79 74 89 34 31 63 86 19 55 59 12 96 80 49 91 45 48 53 68 37 57 21 94 88 19 94 59 29 77 55 39 18 4 72 70 56 98 78 39 45 95 68 61 38 3 80 60 13 58 3 76 40 49 45 18 52 78 87 27 95 7 65 4 79 5 2 21 50 11 24 68 12 24 59 73 52 72 85 89 93 31 41 44 24 69 70 66 87 4 1 17 22 22 65 4 46 43 12 42 11 62 90 10 41 1 84 70 88 63 55 76 86 99 67 8 85 80 34 71 83 85 7 1 94 51 41 65 40 73 43 41 11 99 15 29 34 19 41 44 36 24 57 12 52 25 28 81 54 79 45 25 59 27 17 23 98 31 15 19 84 99 98 100 1 95 84 48 93 15 54 50 39 52 46 78 7 40 87 36 62 61 3 56 85 86 42 3 87 56 17 4 12 12 55 99 85 33 93 86 68 41 79 58 78 50 60 76 8 77 54 92 80 30 19 12 28 78 90 15 81 70 72 6 28 63 17 6 92 57 57 82 24 33 2 95 69 9 6 89 27 49 96 56 89 34 92 17 18 50 15 60 36 43 41 42 88 37 89 98 27 96 92 2 21 18 51 61 44 86 37 76 43 92 18 65 72 94 85 54 13 89 0 62 55 51 61 69 40 26 77 10 55 26 23 25 12 99 52 98 17 12 88 12 60 23 37 55 18 51 95 37 53 31 23 91 64 96 65 77 43 79 1 88 46 87 19 31 31 11 51 70 43 97 70 70 12 69 17 25
36 16 28 9 27 53 1 12 30 23 69 57 99 37 92 15 43 84 77 7 93 78 41 51 32 61 27 71 17 92 30 28 73 46 84 100 3 27 72 99 36 34 98 19 16 74 21 47 19 93 15 34 32 27 47 9 89 86 49 98 58 78 27 33 52 53 11 77 57 47 40 62 18 64 84 33 11 58 97 16 45 82 8 91 4 76 93 23 25 54 67 44 72 38 33 12 46 50 95 57 15 54 52 53 52 71 56 8 16 83 50 24 91 47 18 95 74 47 94 1 37 52 5 74 73 65 13 19 96 84 79 40 57 82 92 3 17 57 62 94 75 19 82 60 57 5 16 3 81 74 24 71 68 99 49 65 11 28 77 83 25 34 92 0 73 9 95 88 67 5 92 41 8 17 54 23 9 15 88 6 10 29 22 31 50 21 32 88 3 15 81 5 35 39 62 17 78 43 81 32 52 45 73 54 29 87 78 39 99 22 70 51 87 98 75 46 85 96 58 83 2 82 51 55 93 2 43 18 30 15 16 27 18 14 27 44 19 39 26 36 69 68 35 58 25 99 51 50 99 2 39 68 40 78 69 17 4 83 46 34 58 4 48 22 99 2 29 90 74 6 68 49 26 84 17 9 34 67 76 23 49 71 54 6 78 13 56 81 67 73 95 57 14 54 4 93 88 82 79 34 62 15 19 74 60 53 87 37 89 80 94 4 76 57 17 43 47 42 45 95 31 31 100 79 34 26 97 83 93 76 99 1 0 75 92 14 73 96 44 27 75 85 42 39 81 6 97 85 33 100 42 64 85 13 94 17 25 26 45 62 65 56 0 87 37 46 84 46 55 21 50 48 22 92 30 22 49 52 23 33 15 57 93 95 60 22 48 46 77 52 23 59 68 77 26 28 88 21 67 66
81 43 24 24 57 68 15 11 34 68 37 61 38 17 63 88 28 51 35 42 40 14 88 29 24 41 21 67 64 52 17 0 94 15 78 2 17 67 32 48 85 54 12 57 99 87 28 21 51 19 18 58 56 44 96 3 0 68 5 25 74 88 93 45 87 83 29 82 25 9 41 73 35 43 14 64 30 47 26 94 80 66 76 60 65 5 67 1 62 29 39 83 17 100 36 68 83 63 75 80 59 74 76 69 32 78 29 81 24 25 12 40 53 27 68 38 96 65 10 23 32 51 41 50 36 6 90 99 59 92 34 51 52 82 60 78 15 31 70 49 39 19 6 3 48 36 22 44 83 53 100 63 39 100 75 61 42 99 28 88 45 7 11 8 75 72 48 6 0 30 83 13 29 100 18 98 48 45 2 67 80 35 54 74 58 97 79 65 15 61 74 45 49 36 49 11 37 7 46 61 0 51 77 22 21 56 1 4 85 30 12 65 86 51 1 12 40 77 17 16 55 87 4 29 91 23 81 48 86 72 13 38 53 57 5 45 86 97 97 35 91 95 35 38 75 10 27 51 28 87 96 42 44 76 90 37 16 54 44 27 7 84 93 9 3 71 2 94 86 9 63 99 7 100 86 85 10 25 88 14 40 23 22 10 35 11 48 43 19 37 80 41 69 78 8 42 52 47 46 5 95 75 54 61 6 97 90 80 31 4 28 29 52 38 87 19 46 78 69 25 93 77 5 96 61 8 55 42 19 23 28 91 41 42 81 1 18 68 28 12 3 70 33 60 24 32 82 16 18 96 46 39 49 22 64 5 8 29 90 77 32 84 39 45 94 8 37 95 48 64 7 4 19 27 48 36 42 39 94 42 49 6 88 31 43 44 33 19 43 90 30 88 90 48 43 51 80 75 86 33
83 54 5 6 78 98 100 23 36 82 37 44 58 48 52 44 83 78 47 3 64 2 52 16 43 85 7 21 93 58 56 98 91 22 97 90 27 94 14 24 53 15 13 51 29 45 10 1 66 35 31 4 90 67 77 59 61 23 76 90 88 87 46 52 81 32 8 78 60 90 77 100 67 93 0 25 63 100 94 28 66 86 43 31 23 22 23 65 76 28 68 46 87 26 57 79 52 80 17 35 66 53 62 43 27 3 78 73 82 97 53 100 32 0 63 60 43 5 56 13 84 81 36 50 36 14 86 3 55 1 83 80 93 17 79 77 71 69 78 80 10 59 7 73 54 17 16 19 11 69 59 85 81 77 82 100 91 72 12 3 20 44 40 65 54 53 7 78 22 93 3 13 67 1 24 73 56 19 64 53 54 53 21 67 13 37 89 10 4 4 91 59 1 86 87 94 84 69 85 76 17 63 19 41 35 95 65 27 100 31 50 53 19 24 67 26 68 33 82 72 38 24 16 20 11 24 6 57 66 68 32 29 39 98 18 88 52 67 36 70 95 42 95 29 46 30 56 25 55 48 94 80 86 1 79 31 63 53 54 22 16 6 60 19 95 6 99 8 78 18 18 24 27 75 22 57 16 68 74 30 70 23 56 49 58 91 14 34 35 53 69 18 1 14 75 66 61 19 29 64 85 20 11 29 90 39 27 63 50 93 11 92 6 34 10 97 51 79 18 57 23 21 32 41 26 87 2 27 11 77 14 69 33 91 36 41 28 28 15 90 97 100 17 44 15 78 3 48 31 82 13 73 88 6 3 68 70 80 23 72 97 45 7 70 43 58 13 85 1 65 44 97 93 92 34 70 45 42 77 39 55 42 0 8 49 82 15 8 26 28 34 40 30 6 1 34 30 69 81 48
65 0 11 53 100 24 68 34 67 97 65 75 34 22 78 96 81 17 8 25 65 19 46 58 92 55 45 11 91 72 70 23 51 17 26 86 64 66 54 32 44 36 25 85 80 5 58 26 79 38 76 37 44 49 64 100 99 91 49 56 3 39 91 33 22 29 100 32 87 68 9 46 24 47 3 65 23 32 71 45 94 55 82 91 19 77 29 86 2 46 6 41 73 44 11 52 3 29 65 84 88 68 48 60 0 87 2 11 66 81 59 46 6 12 65 82 46 54 82 43 60 11 43 50 94 50 36 98 5 70 2 40 45 24 92 45 88 55 30 6 78 62 13 81 27 100 67 93 0 31 89 81 4 74 71 99 8 13 51 2 92 10 17 79 71 47 60 93 55 42 97 61 85 88 71 31 76 45 49 36 25 85 53 41 65 62 62 32 27 90 28 14 27 60 67 14 72 99 68 99 43 31 92 51 2 45 46 45 39 39 53 85 28 34 7 54 38 85 96 1 71 32 39 37 71 13 22 45 92 8 29 49 65 55 66 100 64 55 94 21 32 40 71 44 97 44 48 81 60 66 61 33 1 30 68 19 72 28 73 1 77 88 14 21 44 88 8 26 54 59 45 49 32 18 81 50 70 79 24 97 49 38 76 88 18 7 17 68 58 98 32 56 90 3 20 55 39 1 27 73 36 74 99 77 14 85 77 92 75 14 79 19 99 16 67 65 95 30 15 36 38 64 60 7 8 42 16 51 67 87 55 50 66 97 44 3 76 19 80 36 58 19 59 2 70 86 21 91 35 87 79 48 73 37 44 70 52 19 72 6 34 36 67 92 35 35 38 79 29 36 40 11 54 94 10 60 38 48 68 76 17 11 49 68 73 17 23 99 25 14 49 9 95 21 14 99 84 78 100 46
62 91 43 97 24 4 97 84 56 1 74 15 63 26 3 45 42 71 6 24 67 77 27 34 70 28 64 48 85 55 14 17 41 5 51 43 51 76 54 16 44 50 36 22 33 97 84 22 99 22 6 54 5 23 81 96 45 68 33 58 28 46 22 58 43 99 74 2 49 96 31 84 31 3 0 21 75 59 14 10 79 74 49 13 56 57 28 75 95 9 11 14 12 63 31 28 83 49 90 14 79 35 11 35 17 80 35 47 97 21 90 19 22 72 49 93 16 37 66 24 87 64 18 27 68 29 26 14 91 5 76 35 27 55 73 36 38 96 1 78 71 52 83 37 88 14 38 2 35 61 52 82 21 56 65 21 62 96 46 3 9 6 28 11 75 60 56 28 80 32 46 13 87 72 15 45 27 44 31 77 56 37 3 70 11 31 7 22 41 93 32 29 71 72 28 98 52 98 68 93 22 90 30 69 33 92 25 52 51 72 32 47 5 58 3 66 56 13 73 6 74 14 92 72 28 83 82 90 20 73 78 77 76 24 38 99 53 62 11 59 67 65 19 83 69 35 75 85 86 13 6 43 84 64 74 28 7 29 85 0 14 22 48 37 84 6 58 3 65 16 7 9 80 54 98 77 21 30 49 77 51 71 88 1 46 20 58 91 80 36 87 88 86 84 94 7 6 47 12 88 38 7 14 18 14 14 51 48 12 66 2 14 2 66 35 39 21 52 26 1 72 90 67 72 4 95 92 84 95 40 37 30 47 32 15 36 47 48 0 10 79 35 76 97 4 67 70 83 12 40 79 67 68 7 17 2 57 40 20 4 71 6 6 60 25 98 26 63 69 60 70 37 27 16 71 80 89 82 21 49 5 22 83 93 38 40 60 62 15 84 34 68 91 88 72 46 85 38 75 61
10 57 83 16 77 86 17 59 35 55 12 53 42 89 68 29 1 65 2 42 0 72 74 30 90 46 56 61 85 92 23 15 62 32 100 62 49 89 35 32 3 51 57 27 43 44 84 78 72 12 47 1 11 84 17 43 64 80 96 91 59 2 5 93 63 4 5 68 2 77 80 45 17 43 48 80 23 17 31 35 39 12 75 42 71 17 8 81 32 13 54 68 21 18 58 39 42 15 33 96 45 45 77 12 89 17 17 73 62 97 63 91 89 27 87 64 17 46 51 17 55 51 53 31 76 58 14 90 46 48 39 67 48 52 97 5 1 95 61 20 33 55 80 63 36 9 96 13 57 25 7 61 78 23 63 66 6 33 9 77 45 41 53 14 63 86 20 81 90 72 34 35 96 89 48 44 72 31 30 33 47 13 81 19 31 91 84 43 33 100 10 94 15 50 3 32 66 20 21 43 83 58 15 54 7 58 63 47 2 13 5 86 87 80 65 49 62 82 74 33 97 20 87 34 25 53 73 26 70 9 17 37 36 56 69 88 45 42 89 52 100 6 64 85 16 30 92 10 59 81 76 96 96 4 96 11 84 86 80 98 35 37 99 3 6 42 98 3 53 24 49 30 86 61 63 51 68 28 86 75 17 56 3 2 67 55 6 18 78 86 12 30 60 30 5 3 92 18 66 4 27 7 24 23 14 92 76 73 48 73 67 66 45 36 72 86 89 98 50 60 31 60 36 1 48 73 39 32 55 96 55 22 19 72 18 83 82 5 51 31 7 77 17 15 20 33 39 83 84 50 7 16 59 59 42 82 91 31 59 56 80 13 89 45 49 60 11 86 22 54 81 20 7 91 96 25 64 6 99 69 4 94 97 37 95 91 85 61 99 42 0 61 3 92 53 65 38 12 32 67
81 39 96 39 75 54 66 15 31 79 20 60 82 86 16 14 8 22 53 61 82 86 20 80 94 45 29 71 92 10 13 93 25 83 13 59 53 63 45 85 35 57 99 49 97 52 19 87 50 45 25 80 45 6 42 20 48 77 98 84 96 80 9 91 23 73 63 15 70 85 79 2 60 48 39 37 59 77 54 85 55 27 34 80 31 25 37 9 70 27 94 6 40 59 60 32 72 78 71 5 60 21 34 27 0 64 67 14 36 58 75 1 98 51 60 31 50 58 10 52 4 33 35 0 20 20 12 22 16 84 19 31 24 100 93 71 65 45 10 90 16 61 84 1 90 18 78 54 23 8 10 97 75 0 43 40 13 6 22 15 88 31 66 59 48 38 98 69 22 91 28 36 0 12 58 24 46 81 41 95 84 74 23 91 50 11 49 63 41 13 31 78 61 20 86 13 80 10 0 92 36 26 10 64 77 22 67 75 30 55 67 96 43 76 4 84 76 53 83 55 21 89 89 0 86 94 40 58 28 14 71 28 40 93 60 15 96 89 56 100 39 93 32 18 60 43 41 53 91 93 85 54 31 63 71 13 98 8 25 83 68 24 42 85 54 3 48 3 34 89 65 10 66 84 49 92 72 75 95 99 64 41 58 4 34 1 57 100 3 95 89 70 87 81 5 35 91 36 69 44 7 39 84 44 69 50 26 3 97 0 89 37 96 23 9 12 8 28 50 7 4 90 34 9 53 52 56 44 7 38 28 0 37 9 32 79 66 47 47 87 43 66 90 48 26 81 78 94 51 99 98 37 24 52 91 21 76 66 80 52 47 23 1 43 75 6 4 34 98 8 15 52 15 100 29 89 10 70 90 25 0 22 57 100 11 31 16 44 54 66 67 23 38 72 58 54 59 42 1 22
78 51 38 44 4 23 21 70 6 36 58 10 6 34 55 41 95 96 44 3 22 50 60 40 51 27 43 58 65 77 22 14 24 21 78 62 6 11 62 34 35 6 21 43 88 61 11 69 15 55 18 70 6 1 69 37 78 80 43 20 46 61 65 28 99 54 33 70 24 51 59 93 90 56 24 93 55 86 53 56 57 28 29 42 21 82 14 84 2 34 92 38 71 47 18 57 99 21 0 67 19 21 11 47 4 58 62 28 26 22 84 71 72 17 45 39 48 20 17 8 37 17 34 46 66 2 5 100 36 59 10 0 88 79 28 33 53 36 39 29 16 38 61 2 21 11 80 99 82 37 50 73 72 39 33 41 66 16 90 61 43 56 63 77 51 23 20 87 34 0 71 6 30 56 67 99 80 56 37 73 32 47 72 78 16 5 12 42 89 86 51 94 91 4 74 2 45 1 66 70 79 11 82 39 21 58 80 50 63 83 46 14 94 59 42 39 43 20 29 56 98 57 42 65 49 0 11 59 72 18 64 9 23 80 41 22 99 22 75 15 26 85 13 93 54 88 89 71 63 44 11 24 32 45 65 48 42 44 64 93 98 44 99 2 30 100 8 95 72 99 94 96 70 83 16 35 26 60 91 10 99 56 63 19 72 55 89 50 1 56 47 49 95 20 12 85 27 96 30 79 1 34 5 54 84 93 1 75 28 58 54 44 41 31 21 85 59 78 99 35 82 16 70 86 77 86 52 64 5 78 27 66 59 0 91 80 5 17 13 74 39 86 81 31 85 30 64 93 67 93 90 94 12 22 44 13 37 43 84 100 5 1 66 15 72 34 11 14 42 3 75 29 37 51 8 88 28 80 39 5 19 8 14 21 80 93 100 73 14 91 68 35 28 99 86 94 81 48 36 51
26 60 50 28 26 12 30 25 33 26 54 58 2 59 34 7 79 5 95 81 73 99 21 40 85 36 3 66 1 27 86 13 71 97 45 74 11 78 34 77 30 23 81 82 66 21 87 75 55 1 28 64 21 92 23 99 55 59 18 31 5 96 47 19 95 20 94 96 63 90 51 30 73 72 12 85 80 12 47 83 4 92 65 30 36 80 54 9 10 67 45 43 40 15 3 43 86 55 18 65 34 43 71 24 21 39 30 53 32 64 88 100 24 27 78 26 96 63 80 44 24 54 7 85 82 32 24 75 74 35 71 96 47 12 28 44 59 68 91 64 28 39 83 71 64 42 72 5 36 93 36 29 50 48 31 3 87 69 99 35 92 0 3 82 97 49 25 25 84 66 62 36 76 13 45 42 99 75 83 9 19 7 22 79 8 98 15 34 14 85 61 85 19 17 48 16 3 1 61 9 6 38 0 49 31 31 65 4 42 44 69 3 36 12 42 97 15 5 82 44 95 25 6 4 75 45 97 41 18 73 68 16 83 27 62 77 53 3 11 78 65 34 12 41 60 52 18 34 94 39 51 92 31 54 7 62 83 63 44 87 99 93 10 75 82 9 24 76 99 13 26 97 60 24 46 87 61 23 35 65 29 74 92 53 48 42 93 31 84 86 81 76 6 87 28 81 16 40 17 69 38 43 14 96 14 51 65 71 28 100 10 44 6 54 82 62 62 36 6 87 44 32 60 99 46 94 13 32 38 28 19 24 7 20 66 35 81 12 35 64 72 100 94 79 36 88 82 28 14 7 13 33 18 74 5 75 90 93 38 40 7 84 90 42 26 59 11 97 65 18 19 50 98 62 82 70 73 98 93 87 85 80 76 96 70 20 11 67 91 61 73 15 74 28 38 96 31 50 8 12
9 82 30 65 71 66 50 71 6 36 5 80 26 25 76 0 22 15 9 67 98 20 74 38 50 61 38 83 6 24 85 44 59 5 71 94 61 98 88 8 71 0 61 10 97 60 16 82 90 74 9 22 86 70 91 24 0 39 50 74 79 31 4 70 36 65 3 47 73 9 90 67 10 43 53 27 32 45 15 38 2 45 12 46 99 72 98 95 100 21 26 73 88 63 85 30 53 69 32 90 51 40 10 72 10 79 30 59 68 21 20 61 81 14 89 0 92 56 69 35 65 92 94 77 84 41 95 81 41 57 47 40 100 34 1 30 80 45 40 42 97 31 27 25 38 41 5 35 5 24 18 99 56 11 75 24 21 25 55 37 79 2 100 74 62 58 15 55 47 98 33 60 72 17 97 21 21 12 85 19 18 97 31 43 39 80 26 8 49 93 84 35 71 90 81 78 25 28 69 94 43 23 67 14 83 24 47 91 33 67 46 27 32 1 49 28 40 79 72 28 71 50 36 32 21 31 31 68 38 40 68 7 18 7 38 33 40 10 18 12 54 7 9 74 0 93 81 79 24 34 48 18 94 8 14 38 44 97 60 34 36 66 5 28 68 61 9 77 77 36 42 60 54 2 94 48 36 60 57 96 3 96 27 79 27 7 62 26 60 56 18 34 75 53 40 16 64 58 69 80 72 27 29 18 48 5 54 16 9 51 38 42 5 38 32 96 83 43 21 19 92 55 82 23 25 7 26 25 87 8 69 69 46 54 74 73 24 95 93 44 83 36 39 94 43 41 44 49 8 53 84 47 74 66 51 54 15 78 64 23 92 75 37 66 48 70 26 90 5 55 68 78 88 35 84 11 60 45 76 97 66 69 45 99 98 17 22 70 28 9 19 82 17 96 2 84 26 87 33 37
85 98 81 54 55 90 90 43 83 15 6 4 7 73 81 85 30 34 99 66 96 99 84 31 87 56 84 21 100 33 15 14 53 70 2 28 82 4 0 26 72 82 70 82 13 89 81 34 94 52 4 5 68 10 93 71 54 34 99 79 7 57 79 86 59 42 6 91 52 54 21 100 85 80 70 38 51 92 80 29 44 61 8 38 62 21 62 85 59 17 85 43 38 9 82 90 67 10 40 66 31 100 1 38 76 89 6 43 80 94 13 56 10 38 18 90 6 30 39 6 44 53 31 63 40 58 88 98 43 23 86 55 80 11 81 67 13 73 29 63 54 69 50 18 63 26 86 48 7 61 0 22 14 100 90 48 86 96 11 41 24 42 70 28 81 97 93 48 9 80 63 34 55 55 33 9 63 5 63 80 94 0 73 44 72 62 70 85 60 81 92 49 28 6 60 99 3 22 51 96 52 41 95 39 39 80 96 0 80 13 5 41 57 69 89 21 39 48 78 68 85 55 16 45 21 51 27 22 48 22 53 23 2 41 79 49 64 33 52 41 19 6 0 6 2 74 36 59 54 76 96 10 12 16 41 44 69 1 13 49 29 59 47 1 99 51 78 66 21 56 16 18 91 74 66 22 46 92 45 48 14 45 29 82 45 43 78 80 4 29 56 3 51 22 43 70 77 42 96 12 42 94 24 6 12 17 100 100 33 54 55 4 64 32 73 64 67 57 81 10 44 44 72 96 38 26 75 13 22 89 80 2 80 91 51 9 54 59 31 36 30 65 22 21 98 10 53 54 95 99 97 80 62 57 92 0 6 67 8 97 75 90 64 81 96 43 68 39 62 63 22 3 23 29 24 11 30 31 32 96 87 21 35 49 92 14 40 50 82 11 41 19 45 34 24 52 34 90 83 56
84 28 31 22 77 35 0 2 23 86 65 24 39 94 59 58 88 32 98 37 74 22 26 57 98 57 93 78 43 46 77 3 64 32 58 55 17 96 30 40 67 65 1 19 29 96 16 58 31 43 71 5 47 86 83 43 94 2 62 92 82 64 5 5 65 19 85 19 73 55 65 0 9 21 38 20 75 14 23 94 62 38 53 72 85 41 83 22 56 66 4 40 51 84 38 98 37 43 85 86 69 77 77 71 72 35 32 55 64 11 46 64 86 86 78 4 45 32 1 85 26 26 16 17 0 47 39 58 85 63 41 13 64 11 86 26 35 8 39 6 37 46 80 94 98 65 49 29 80 6 15 91 76 43 88 70 48 12 69 90 12 12 81 0 16 66 13 94 62 99 15 93 11 40 71 85 73 36 54 47 81 25 7 88 71 100 75 13 45 75 68 26 68 11 97 94 77 4 95 50 62 13 64 94 98 56 39 52 90 45 79 99 29 30 81 89 41 96 52 2 53 92 35 56 74 79 86 70 80 54 96 51 46 13 54 17 67 53 34 68 73 68 82 95 62 16 94 68 86 52 63 71 8 82 85 46 19 99 76 24 68 1 22 93 27 43 28 34 87 73 77 37 9 28 1 77 70 21 100 17 0 71 36 37 7 2 54 76 10 91 85 42 5 38 15 44 79 59 98 7 90 60 36 39 26 13 91 0 31 66 23 11 14 9 31 37 38 83 75 26 5 5 44 29 54 35 44 56 28 54 95 49 69 43 73 46 90 94 29 35 100 91 84 91 6 33 93 14 6 54 63 68 66 11 20 17 75 28 45 1 23 47 82 1 59 53 25 40 62 93 82 77 38 87 0 63 14 63 53 19 27 73 27 33 58 57 69 90 31 14 70 77 11 22 16 48 66 80 98 81
28 36 81 46 9 63 78 52 40 35 85 56 22 83 50 82 33 49 63 8 63 94 35 73 51 62 0 27 48 12 55 5 28 46 93 90 11 40 2 72 54 40 58 2 98 80 51 69 92 23 13 22 84 55 96 55 13 52 91 7 25 26 9 94 56 81 27 60 26 50 14 81 21 62 39 30 6 75 48 59 28 51 55 30 89 81 96 58 3 21 23 6 25 82 75 35 40 68 85 27 86 74 87 30 62 2 85 38 3 38 5 57 27 34 21 80 74 38 53 7 27 34 50 13 51 22 44 68 61 55 51 92 70 17 67 88 15 2 33 42 48 83 56 62 18 78 33 2 26 51 43 15 52 11 96 0 41 19 70 44 27 10 29 1 9 17 52 27 99 0 60 7 15 43 98 31 59 41 73 35 4 2 53 81 43 0 40 21 54 60 99 84 18 15 45 78 65 48 29 76 6 72 44 58 63 54 43 80 25 36 65 75 38 68 96 19 92 62 48 75 70 3 89 59 45 21 6 99 38 89 73 87 22 93 74 11 54 9 54 88 55 63 41 46 26 85 39 25 76 93 44 39 44 93 11 100 0 45 0 43 37 100 13 38 34 12 11 50 40 14 93 84 73 63 89 12 10 20 63 49 32 36 64 50 96 59 99 92 39 74 57 100 10 65 45 66 63 60 48 57 5 63 70 53 77 61 18 46 76 59 91 19 69 6 72 53 72 86 74 99 90 72 91 89 83 72 100 32 84 39 54 39 49 76 38 40 95 42 25 61 86 25 4 93 14 96 26 82 25 65 86 74 45 28 77 72 49 19 29 94 51 52 95 43 6 39 71 60 82 67 58 57 87 91 99 20 29 31 74 39 24 45 10 48 26 23 87 4 17 69 3 29 64 18 27 6 32 52 69 22
83 93 100 53 2 9 35 49 73 15 88 6 43 25 4 3 17 7 98 89 95 82 81 84 61 52 9 20 91 43 22 91 31 8 24 3 69 70 83 48 6 83 18 69 52 30 66 100 94 80 68 30 28 37 77 72 65 23 78 22 21 8 67 32 51 73 94 72 94 69 97 53 97 62 71 77 4 85 80 69 61 34 73 40 54 41 43 100 11 87 69 22 37 80 57 30 78 85 28 65 51 7 55 5 7 44 38 82 56 32 70 10 74 5 40 69 67 75 19 57 81 49 60 29 65 49 49 31 52 17 22 0 96 33 75 58 21 36 16 94 27 98 39 20 43 79 30 44 66 54 48 12 6 69 87 55 20 1 46 89 32 59 72 86 29 70 15 11 26 10 5 45 49 71 64 35 8 85 98 20 38 1 78 75 42 31 18 74 28 58 21 8 32 7 25 14 45 1 20 75 82 28 76 5 52 51 89 97 86 27 51 85 39 37 11 30 3 70 47 99 33 1 19 31 61 6 37 0 86 83 97 33 31 24 91 7 65 67 19 30 14 76 1 35 19 64 72 84 58 14 64 4 75 66 6 5 30 4 54 0 26 3 69 73 47 91 78 54 44 63 53 91 29 57 46 99 2 92 26 24 79 60 27 87 92 19 0 93 42 29 43 34 38 63 15 71 36 85 44 62 59 42 92 54 61 16 92 98 39 92 20 36 89 91 56 84 66 44 44 87 71 80 95 5 33 24 58 55 60 15 94 64 33 34 22 20 99 52 18 63 43 58 63 60 14 66 82 58 2 10 5 78 75 40 44 95 30 6 86 31 59 6 8 37 46 91 66 70 48 92 30 91 48 94 43 90 64 19 4 57 93 72 55 7 34 28 28 83 68 29 65 46 90 92 4 47 33 65 74 24
41 75 96 57 89 16 61 94 73 78 2 69 94 56 6 98 58 31 26 39 13 59 78 71 47 90 33 51 56 7 85 91 80 3 77 19 65 70 67 74 13 26 44 25 60 94 28 64 24 20 73 1 69 52 0 76 75 39 15 9 12 63 13 33 20 92 89 24 9 27 55 28 18 84 81 14 33 2 31 29 89 85 42 83 74 44 4 90 7 83 2 57 80 87 24 78 31 43 20 46 81 66 23 39 8 34 97 38 95 84 48 63 36 34 95 25 14 12 60 82 85 49 32 25 16 61 26 69 71 3 88 64 91 34 3 58 5 88 5 91 43 59 4 36 19 45 54 40 35 70 8 63 41 49 74 46 19 68 51 27 58 65 94 67 38 70 75 56 40 81 59 88 93 83 59 79 24 19 17 69 90 72 53 31 66 15 59 41 81 41 60 54 48 45 35 84 37 29 21 93 82 22 21 10 57 41 4 12 39 53 22 57 48 26 2 19 53 100 54 42 17 96 1 5 94 65 31 95 65 79 23 17 16 40 11 14 53 34 86 64 40 66 52 62 70 59 77 54 58 11 43 79 25 31 62 24 66 37 59 24 89 29 12 58 19 94 66 27 17 73 74 50 27 58 84 50 9 29 35 18 38 26 36 10 65 49 65 34 95 4 56 84 20 1 2 21 17 39 78 44 56 34 0 12 67 78 63 21 62 21 37 13 1 28 83 40 29 91 7 86 63 79 68 86 16 34 1 75 67 78 11 19 86 66 25 77 48 5 56 59 93 85 54 66 65 65 39 73 40 37 6 58 49 71 83 5 92 13 19 75 91 95 52 91 33 42 5 40 6 27 56 77 4 78 72 49 27 21 16 56 36 46 59 31 59 93 33 82 38 51 6 65 14 24 62 23 26 76 59 71
47 76 41 14 70 8 55 44 57 35 54 15 76 29 2 54 53 94 100 14 16 72 95 71 45 73 95 19 33 72 19 65 89 41 77 11 10 47 44 67 100 33 85 50 30 22 39 36 73 45 52 16 38 76 3 80 47 18 19 21 75 47 39 83 66 24 41 21 79 10 92 6 14 18 15 4 94 54 82 26 21 1 48 13 81 66 9 86 69 99 86 37 36 3 100 69 99 35 8 48 38 31 95 21 77 74 89 58 40 55 53 84 15 4 85 29 85 55 51 40 0 64 52 95 53 56 32 78 51 43 53 41 64 91 57 28 47 44 3 69 84 88 82 47 13 68 26 11 9 92 89 89 89 7 39 11 58 27 48 52 0 39 52 89 46 15 50 4 11 62 91 45 22 63 100 18 53 95 3 38 43 50 72 22 46 25 70 87 66 51 3 88 74 52 46 41 72 74 16 70 0 3 100 60 82 50 62 85 22 47 56 64 78 91 77 74 52 89 35 62 17 16 24 6 65 91 77 68 61 11 53 95 41 71 83 44 36 76 35 11 48 39 21 84 27 0 82 41 48 99 2 91 85 73 95 100 65 50 66 39 96 21 26 26 83 99 96 84 99 46 64 76 40 0 97 6 84 55 19 98 91 43 37 62 12 79 96 62 91 40 41 31 58 11 73 64 15 9 55 88 23 77 43 20 33 46 83 8 46 27 12 46 30 83 26 62 99 2 2 69 95 59 5 5 58 46 88 2 50 74 46 45 77 62 36 25 42 54 58 20 56 9 77 7 64 48 11 93 53 47 2 44 45 23 55 12 3 67 36 98 4 26 95 89 59 77 62 53 81 88 10 39 72 74 85 87 78 13 41 56 46 20 25 23 79 39 14 27 92 91 71 54 56 97 31 69 75 31 65 86
6 53 89 44 25 10 47 61 71 33 41 19 11 84 22 82 56 30 5 5 53 60 26 76 39 78 59 26 56 36 97 28 86 68 49 99 39 95 99 24 12 56 30 44 54 79 61 93 68 71 54 66 0 31 2 5 93 29 92 57 98 49 92 41 48 32 69 44 99 71 67 3 80 5 25 18 96 74 78 75 93 85 86 42 33 99 49 1 12 72 12 70 79 20 23 57 68 95 29 54 11 87 34 71 27 33 40 11 52 84 35 79 55 83 86 11 67 98 94 89 42 78 49 46 41 52 93 11 88 77 65 67 2 58 60 38 44 49 48 54 37 35 1 46 24 36 43 17 87 4 26 98 65 65 45 32 91 19 38 97 13 40 88 72 55 84 32 14 65 67 72 16 4 37 60 9 16 34 94 99 29 17 30 13 81 15 76 72 93 43 72 25 98 7 35 13 2 64 62 4 22 39 4 74 100 53 23 35 37 33 90 49 46 36 79 65 66 79 78 66 10 85 98 44 35 94 57 86 24 39 49 36 41 79 87 66 87 14 38 15 74 21 94 58 6 5 90 58 98 100 7 50 18 48 96 16 65 62 85 90 67 31 2 100 71 55 94 52 44 40 45 74 26 61 0 17 41 63 16 42 95 77 79 35 2 38 2 77 91 4 79 84 69 73 81 76 77 97 91 46 98 59 26 27 100 86 57 9 12 43 79 76 43 16 78 98 25 61 4 6 99 82 55 99 100 39 97 39 47 81 96 13 52 18 90 50 11 16 96 36 39 20 95 25 36 76 20 95 100 30 73 87 68 78 15 64 67 97 23 69 90 90 26 82 4 69 18 58 72 0 80 90 60 36 31 94 28 99 49 38 23 23 34 10 12 75 19 75 31 66 92 88 42 35 55 18 53 14 81 37
98 56 25 50 77 78 10 2 9 99 60 11 77 19 2 27 59 95 35 76 67 20 45 41 8 52 34 26 2 14 61 51 19 75 51 36 72 65 94 20 69 10 33 98 100 79 62 53 64 26 7 78 45 82 69 47 58 63 35 78 30 79 78 19 63 29 64 62 61 74 79 82 2 88 9 17 47 94 76 37 40 66 91 56 26 3 98 79 78 35 73 80 99 41 76 1 87 83 46 9 4 6 36 30 23 71 62 3 56 59 72 56 78 13 14 61 46 40 7 3 87 47 37 35 12 35 18 65 9 13 25 78 1 49 48 53 17 44 93 64 48 67 82 82 50 66 95 9 80 61 7 3 36 33 54 68 57 9 6 10 29 51 66 100 37 99 82 64 79 95 67 39 20 32 12 26 91 22 42 0 77 33 86 74 40 30 79 34 93 61 95 90 13 14 86 22 82 64 69 28 90 34 94 61 83 25 36 34 22 73 75 74 26 44 18 7 95 94 66 66 100 13 59 85 89 15 13 10 46 28 20 36 47 12 21 40 62 99 80 2 83 51 97 64 96 6 0 42 44 45 55 43 15 29 71 33 26 62 15 58 29 69 66 18 96 98 92 46 29 68 6 78 26 98 44 29 66 89 29 18 58 60 96 98 6 21 72 62 99 88 25 75 36 37 32 17 48 0 31 76 28 55 81 56 25 7 77 8 17 66 68 17 76 46 22 83 86 12 25 39 51 69 19 68 12 97 75 93 51 42 71 83 8 78 58 76 57 88 54 34 11 82 8 24 37 44 51 19 42 10 25 54 55 99 61 49 97 90 61 83 25 71 0 49 63 31 53 65 61 39 84 50 69 60 80 99 32 2 33 43 72 86 79 25 38 5 32 46 46 78 70 52 54 25 20 38 6 7 60 43
35 20 74 38 37 51 42 28 31 63 80 57 48 53 55 50 28 25 22 31 19 76 90 62 39 1 12 94 2 47 24 33 16 60 12 63 45 6 92 61 100 16 15 86 80 42 15 49 34 94 7 56 55 93 27 4 6 98 73 63 16 48 73 27 81 5 25 38 30 54 89 84 43 78 53 4 22 84 78 21 89 13 7 13 23 81 97 43 35 26 16 60 29 46 37 72 94 95 23 22 7 60 23 100 99 96 13 93 51 5 53 15 97 27 31 97 58 58 5 20 2 16 54 4 62 90 12 88 23 35 76 98 14 87 81 88 59 86 45 97 41 83 34 25 93 92 69 72 93 8 35 45 92 1 64 94 32 7 23 8 27 32 93 83 72 88 13 11 65 12 89 6 51 6 76 85 52 46 54 47 8 79 29 40 71 35 27 12 63 32 74 0 82 49 51 82 87 8 17 46 29 14 37 36 66 78 70 55 81 36 57 71 98 4 70 6 76 31 45 88 4 50 31 19 68 87 18 22 15 12 82 30 70 79 58 32 39 28 51 80 22 66 63 56 16 89 69 26 35 80 39 98 9 66 19 11 100 95 94 75 78 14 89 97 41 7 100 39 78 97 91 28 80 73 2 38 74 85 29 81 20 1 20 46 2 35 9 1 34 61 14 68 91 26 62 42 11 86 42 18 43 54 8 8 21 76 77 36 2 87 71 42 62 83 73 52 47 12 43 9 39 66 57 87 2 76 46 53 19 21 95 47 40 7 37 58 26 45 30 98 15 41 65 65 2 5 60 64 21 4 37 4 26 72 0 32 15 86 19 54 24 63 100 8 69 3 54 15 71 83 68 7 30 29 9 96 70 44 62 53 33 85 31 30 21 25 62 60 5 13 44 37 6 22 97 0 59 13 3 76
33 95 6 4 66 13 9 83 83 42 83 63 78 6 88 87 95 55 86 84 59 42 74 42 40 7 35 68 75 73 99 48 58 92 80 80 100 92 8 86 0 7 87 90 50 81 30 22 50 92 96 97 70 49 53 98 36 95 33 9 54 40 6 24 28 66 47 43 29 31 57 15 40 58 51 63 79 85 4 46 23 80 20 73 73 82 31 67 21 15 94 84 71 3 48 3 13 51 2 39 21 18 4 77 18 17 98 98 26 16 54 97 60 79 56 93 62 47 75 82 87 64 79 73 40 4 28 58 20 38 61 40 4 24 45 28 6 16 43 0 72 4 96 76 13 5 28 9 36 27 33 29 93 95 78 17 27 39 90 85 23 18 8 64 28 80 76 33 87 47 75 35 15 55 72 59 22 70 43 79 54 11 43 15 27 42 32 67 4 29 76 66 61 52 62 75 44 93 97 27 56 96 78 41 32 87 37 28 43 2 60 41 72 27 82 73 22 95 38 71 57 79 78 25 36 22 33 33 25 62 44 46 29 84 52 6 92 6 57 89 81 30 31 59 62 55 4 89 4 100 2 36 60 39 97 59 53 84 6 76 19 17 70 47 42 2 70 80 69 7 79 77 20 92 79 86 73 97 45 2 66 31 95 83 37 80 32 0 95 86 83 88 60 98 50 31 53 63 18 4 22 26 53 63 33 0 76 29 7 6 82 49 57 11 87 13 30 63 29 47 69 51 14 36 32 6 0 85 93 8 44 55 33 48 97 20 4 25 62 2 27 26 34 57 46 20 60 86 17 8 84 72 96 66 34 49 86 26 10 93 30 85 78 8 57 3 99 78 63 36 79 76 27 85 5 78 29 59 1 14 77 1 2 18 35 33 70 63 78 73 66 81 33 73 24 30 61 21 33 10
25 15 21 22 38 96 27 93 11 62 27 8 84 13 99 91 70 40 39 70 100 63 79 77 5 8 93 70 11 84 10 91 71 44 51 68 15 84 57 94 5 25 12 11 50 72 1 54 94 73 2 84 75 100 96 38 12 68 73 32 70 76 72 24 1 53 95 64 18 77 6 44 76 3 86 84 87 83 5 56 65 3 45 90 24 98 26 5 26 38 26 44 10 88 6 21 27 69 25 39 19 53 30 68 47 52 87 9 84 39 3 85 62 17 59 26 94 87 1 76 98 39 82 34 67 52 46 6 20 49 87 12 23 35 16 9 88 26 77 74 68 26 48 22 41 52 70 28 4 24 68 23 1 51 8 59 57 0 57 88 75 54 74 41 28 98 24 52 66 4 61 60 16 34 78 86 30 91 100 80 65 45 98 13 29 76 2 51 38 38 54 17 7 42 11 88 21 99 21 54 83 54 4 59 51 11 63 12 3 58 84 42 29 92 87 51 84 30 28 63 35 33 57 79 1 70 77 67 96 72 4 77 50 51 36 76 29 79 24 90 5 15 12 6 65 15 13 65 26 40 17 34 81 54 0 45 56 9 84 15 67 61 95 91 72 43 1 30 5 17 24 12 37 22 50 26 31 5 33 6 19 22 18 59 52 2 92 27 72 43 83 0 40 50 20 68 89 25 6 73 57 27 38 37 77 38 37 60 28 48 18 22 17 91 31 70 67 16 9 32 82 24 53 24 68 84 2 8 45 40 32 93 12 39 35 36 89 43 84 73 19 94 63 12 80 27 16 33 66 7 74 73 59 86 37 19 90 3 61 52 24 63 51 81 70 33 94 0 62 84 35 68 61 95 73 80 30 90 55 19 86 25 78 72 14 17 74 62 74 26 89 73 81 0 59 96 31 57 68 66
55 60 63 31 18 44 43 99 69 82 32 65 95 22 83 19 25 25 37 81 64 19 43 94 56 61 51 13 72 26 56 100 38 0 79 48 80 48 61 34 28 36 68 19 87 32 51 37 74 0 23 61 72 84 37 29 24 69 49 27 76 47 64 20 91 66 21 57 26 67 86 38 61 18 39 0 94 54 13 55 26 98 74 43 22 2 100 22 29 78 6 5 67 48 29 31 16 99 66 95 3 87 82 21 39 98 86 28 47 78 43 36 56 61 41 9 33 84 85 10 83 58 47 71 18 24 32 26 94 82 67 5 2 74 49 79 67 67 81 5 72 82 47 96 39 17 71 10 83 86 31 44 8 40 95 96 89 67 14 50 35 98 0 13 21 12 13 52 6 71 100 98 78 57 29 70 82 1 57 71 66 42 36 70 5 72 16 5 85 47 80 28 7 85 17 83 55 11 17 81 52 41 50 55 89 56 7 33 55 31 59 80 4 9 39 58 5 86 45 8 20 13 65 86 39 69 62 16 70 87 86 85 35 71 25 10 9 1 7 16 11 17 30 57 45 92 30 99 59 64 44 73 17 79 24 19 95 87 15 65 86 19 9 13 100 76 79 25 90 70 67 85 52 91 86 90 62 10 4 80 95 51 34 62 52 94 100 7 80 34 57 36 86 24 32 52 59 95 6 70 0 42 96 32 34 97 89 26 46 91 6 11 52 16 98 20 58 97 75 37 46 76 43 80 71 73 96 62 88 11 65 75 42 18 62 17 43 64 72 21 91 16 24 85 91 59 100 14 81 53 17 94 21 92 65 31 73 51 63 17 36 51 73 43 84 96 53 59 3 51 37 74 49 100 4 92 24 78 54 94 96 22 98 52 17 47 92 7 14 17 58 48 93 44 73 87 78 68 65 53
18 14 17 16 54 40 41 92 75 100 14 31 10 93 57 57 93 92 94 68 28 86 71 72 84 93 48 55 92 98 84 65 78 89 17 17 13 78 4 38 66 7 91 36 4 67 23 86 57 20 26 24 11 5 26 95 100 53 27 17 93 1 84 88 84 75 30 99 70 67 84 60 53 85 7 2 9 85 18 53 7 41 60 85 21 32 6 22 61 64 76 83 36 99 48 62 11 2 32 52 34 32 65 31 37 1 30 54 39 69 23 86 99 82 15 86 18 93 87 32 26 29 46 94 51 29 68 43 100 53 0 72 55 87 15 76 3 54 55 65 85 33 52 37 20 21 3 49 79 38 20 15 88 22 91 16 8 40 54 26 21 23 66 75 77 47 19 27 39 33 20 48 69 19 11 92 80 98 99 53 100 40 74 59 30 61 69 47 80 12 17 54 74 69 19 71 15 92 49 53 74 71 91 12 6 56 1 36 16 69 17 30 28 88 76 82 40 29 56 37 44 92 24 13 97 11 31 92 6 0 25 29 96 7 34 5 2 54 31 59 44 64 55 95 96 18 15 37 39 63 41 49 2 58 10 15 54 84 80 72 89 10 3 37 68 45 85 51 43 26 96 55 73 36 13 88 20 65 15 2 6 52 68 95 6 11 86 55 56 12 85 12 47 11 33 75 24 49 0 39 5 46 100 45 87 72 45 73 36 80 36 45 76 55 7 30 54 94 26 92 6 9 44 66 81 72 46 22 55 21 71 88 60 81 51 75 83 89 44 29 17 92 12 94 1 75 96 90 87 10 59 45 81 9 18 35 24 70 16 27 50 67 38 98 47 87 15 22 35 52 10 95 91 80 84 24 83 98 7 2 43 94 39 81 84 99 65 97 39 16 23 24 32 22 95 36 97 58 34 91
11 2 14 24 46 97 91 75 42 6 27 92 73 21 96 22 53 28 48 87 84 92 41 62 67 3 32 56 61 21 17 22 5 63 2 64 5 79 11 76 98 74 23 51 47 81 100 72 62 83 12 58 7 49 29 85 45 62 19 56 59 57 62 63 27 83 76 6 9 12 47 73 43 22 72 77 87 41 40 56 95 10 8 80 63 76 66 15 21 88 9 0 28 79 51 25 65 60 8 57 23 32 89 59 54 55 25 3 83 95 39 70 8 3 73 45 39 31 45 98 6 20 16 74 35 28 44 28 49 90 16 31 92 36 45 53 41 51 4 83 20 9 65 30 75 1 93 32 62 86 73 17 20 50 5 100 46 48 21 31 59 63 86 17 43 69 11 25 33 55 41 40 3 59 92 25 55 68 46 59 11 27 85 99 62 20 93 82 26 66 27 68 53 100 91 30 25 96 32 98 54 42 76 3 45 83 6 2 8 89 18 80 5 51 10 70 53 78 19 48 95 73 90 29 25 78 96 39 75 48 72 58 60 3 61 52 79 58 14 72 91 56 11 21 50 31 41 57 25 30 44 82 5 63 11 92 42 63 3 82 38 33 40 69 60 74 36 45 2 6 79 99 31 91 44 12 48 93 14 4 73 60 45 13 33 78 55 36 34 59 95 79 79 68 22 3 61 54 65 2 16 77 12 68 76 35 58 43 34 33 47 4 82 82 1 80 1 70 81 58 21 81 72 75 100 71 52 40 25 70 44 93 91 37 67 92 5 5 49 6 67 63 40 98 16 55 19 3 15 72 36 46 70 94 68 35 22 4 57 53 31 63 46 20 89 68 73 73 9 83 35 4 51 53 66 87 87 21 5 63 25 14 96 29 33 14 27 58 29 30 26 57 24 91 100 82 91 46 62 51
11 81 38 83 29 56 50 20 16 3 47 30 11 47 79 11 55 10 0 56 33 55 2 45 52 11 37 49 38 42 34 63 58 94 24 59 1 63 99 76 58 20 31 15 96 74 16 48 42 50 97 8 19 78 39 40 40 14 100 51 93 94 92 4 38 68 1 28 45 61 17 35 96 81 88 32 40 63 87 93 91 80 56 66 10 86 58 18 78 21 26 72 43 5 28 56 37 58 99 66 81 12 73 96 61 52 54 29 39 100 52 95 70 37 26 3 69 56 44 45 59 32 43 37 1 70 40 8 37 88 61 87 92 29 32 28 19 45 1 79 88 19 63 92 56 12 62 97 20 2 52 52 98 66 26 67 59 24 59 7 74 39 10 77 50 19 44 85 11 77 22 82 85 6 100 8 40 89 91 27 76 23 32 37 77 29 63 14 69 76 23 33 79 22 97 43 91 48 28 39 29 41 19 45 89 50 81 2 42 86 70 48 10 19 93 83 57 67 25 64 34 77 94 92 99 6 84 6 34 34 36 64 15 44 27 69 40 27 71 49 33 0 47 89 12 80 84 72 53 45 55 11 91 95 45 92 30 15 9 0 0 99 94 6 44 71 99 4 12 79 53 91 50 99 78 72 25 6 85 20 97 53 22 33 65 56 32 95 47 21 53 91 22 23 47 64 16 55 96 79 35 63 97 6 41 29 1 99 20 57 83 97 98 16 91 98 55 88 49 17 72 74 5 57 25 96 61 76 45 54 16 42 34 90 96 18 39 99 35 61 87 51 39 74 51 53 46 4 25 73 90 34 52 31 48 69 66 99 53 7 57 69 83 86 14 17 97 4 44 1 18 84 53 75 0 95 55 22 78 52 2 91 6 40 84 92 79 2 16 55 50 65 83 0 72 63 73 10 85 65
41 28 84 7 31 80 68 4 95 99 63 93 81 87 19 42 30 77 91 23 95 11 59 0 6 70 22 10 6 89 92 77 18 91 67 79 38 14 93 8 53 51 25 29 11 61 99 82 13 74 38 59 83 22 4 8 47 49 16 27 100 36 69 14 22 7 72 48 42 34 34 79 66 17 55 89 49 97 86 76 99 77 11 19 14 48 14 70 30 68 64 39 40 89 75 93 13 59 6 90 89 18 30 53 10 18 40 34 17 65 91 15 47 30 7 0 37 12 8 94 86 20 22 50 8 2 93 47 49 81 9 8 55 57 56 94 40 35 12 82 27 64 26 8 88 23 33 98 59 91 3 99 89 11 36 5 48 57 73 23 2 84 31 6 79 50 92 66 10 73 55 71 65 10 10 99 72 5 84 69 86 62 88 88 25 41 77 75 95 52 99 0 35 10 85 12 47 31 94 63 16 9 82 36 50 12 97 48 28 56 94 77 65 87 85 39 64 55 15 38 22 36 5 19 28 72 84 100 88 20 67 13 28 64 11 1 47 44 81 78 64 9 89 66 91 2 2 23 51 95 19 17 6 49 51 36 79 17 59 100 97 48 57 18 24 61 96 64 26 71 20 65 26 84 35 47 60 3 97 63 85 42 52 72 92 35 34 29 83 22 24 51 91 32 79 91 48 48 11 47 68 35 98 69 12 37 67 40 52 99 39 9 55 27 27 36 18 2 62 44 58 81 78 22 50 84 34 25 66 47 60 10 95 38 81 92 23 48 6 33 71 74 56 73 8 97 73 4 87 99 59 84 35 83 25 93 76 29 59 93 87 29 81 67 71 95 36 48 48 38 61 84 8 48 56 66 69 37 63 65 31 0 63 77 26 84 92 65 9 18 99 45 17 91 60 51 51 76 8 81
6 21 90 8 50 78 64 87 74 69 29 61 61 65 29 78 54 89 95 16 51 22 31 59 50 83 15 43 83 61 51 100 73 93 18 82 25 81 41 37 64 65 79 81 72 68 10 95 44 77 53 24 43 100 88 13 77 6 69 18 47 49 96 85 63 6 57 66 42 75 44 27 59 61 19 75 78 79 73 92 89 0 44 17 94 34 9 5 62 24 80 5 51 30 34 45 77 72 95 6 87 21 89 88 64 23 68 72 5 80 97 52 6 11 85 54 88 18 38 9 78 84 28 31 94 12 53 0 94 45 54 60 94 80 4 38 50 84 97 57 45 67 97 39 52 84 68 34 64 82 74 95 39 36 51 100 48 99 25 53 98 1 31 53 5 74 14 25 95 42 100 43 60 77 85 17 96 98 79 25 76 24 25 50 69 41 61 86 27 96 11 72 86 39 23 19 62 60 81 95 64 55 89 81 63 69 7 37 70 94 46 9 77 70 88 86 61 25 65 41 20 43 4 61 0 71 62 47 3 32 60 60 85 55 11 78 23 88 87 98 24 16 40 95 84 48 24 39 32 53 56 14 96 24 93 35 69 14 80 70 48 11 73 34 15 65 92 58 5 83 74 48 28 35 47 12 82 19 63 6 34 64 85 32 89 70 0 44 44 63 57 34 11 56 64 6 93 32 100 64 36 99 100 32 97 37 45 15 34 15 20 71 74 83 11 49 97 30 76 32 75 52 77 41 51 23 59 89 53 64 75 46 28 50 9 11 53 36 5 9 71 74 22 98 57 28 37 55 43 77 98 24 85 8 56 35 54 54 76 81 60 1 42 21 29 32 11 1 22 63 46 22 49 12 7 36 63 79 84 4 100 11 92 44 14 33 60 45 13 5 53 49 4 62 66 9 11 98 98 80
100 82 36 39 20 27 37 61 61 19 13 22 43 35 61 100 12 80 48 77 6 65 12 64 11 89 88 12 86 47 46 67 69 79 21 42 55 27 47 97 1 48 93 11 81 65 23 45 33 23 90 9 94 15 90 13 77 76 45 19 72 48 35 1 95 51 7 90 15 77 59 24 88 14 19 97 95 89 62 14 38 3 61 68 0 2 1 0 16 49 99 51 45 6 66 10 74 97 100 47 43 62 4 25 89 72 86 12 78 91 65 73 12 69 10 52 50 26 51 84 52 82 28 47 34 75 40 6 96 63 96 49 57 23 30 31 39 7 23 96 82 53 35 100 47 28 86 68 77 84 64 32 23 97 60 1 100 0 22 26 6 39 16 59 2 54 47 4 86 83 90 83 38 28 9 34 76 81 75 48 66 96 42 85 13 96 97 74 30 50 81 62 5 97 23 53 38 20 37 30 100 83 27 94 68 63 94 88 23 93 8 57 75 57 62 51 30 56 11 41 95 21 37 56 67 90 47 81 40 52 97 33 49 72 12 90 82 66 45 31 60 72 57 60 39 88 19 47 78 42 31 59 17 66 14 68 34 88 15 51 58 31 74 44 42 41 33 43 87 51 39 21 12 89 13 31 5 33 76 7 38 99 83 18 57 15 89 79 46 56 81 44 78 59 82 73 86 82 31 14 87 35 48 54 5 11 1 72 97 84 7 68 24 78 61 66 51 72 80 94 19 4 92 50 68 27 33 68 6 82 26 63 8 44 65 37 48 39 60 52 61 20 67 0 4 51 57 26 47 50 89 18 22 8 59 62 89 84 90 10 50 34 16 34 37 84 87 17 100 99 94 12 12 37 59 100 55 52 20 9 39 70 46 61 17 41 29 62 39 60 25 43 17 61 40 93 59 21 85 41
6 27 22 39 67 46 36 88 77 2 47 17 7 61 15 16 62 58 91 39 5 81 82 11 53 62 43 79 80 56 76 50 25 81 57 91 83 77 56 10 6 73 48 65 46 53 42 99 43 92 68 33 1 66 96 84 22 65 33 5 4 6 45 0 91 50 44 10 65 92 59 3 16 3 50 8 10 41 67 61 58 28 89 11 46 89 54 81 49 81 32 89 8 47 45 8 62 30 96 52 82 18 81 41 21 11 50 20 23 66 38 38 70 74 17 1 59 42 62 52 61 3 79 26 18 93 7 73 22 87 54 76 72 4 78 39 73 52 15 16 46 65 94 20 94 20 26 20 39 56 5 34 5 46 11 99 18 90 20 40 52 97 0 25 8 56 29 56 26 19 47 76 25 48 45 9 38 57 9 64 34 83 30 71 28 98 68 73 51 68 14 53 98 71 17 40 73 10 86 38 95 12 93 57 0 51 78 51 76 70 19 47 70 18 59 40 45 41 38 98 71 88 78 52 26 54 45 43 95 57 18 100 45 79 27 90 3 93 98 42 63 91 13 36 96 64 36 19 62 35 98 99 99 57 74 1 100 4 36 23 82 32 18 89 95 91 73 22 81 39 87 21 86 56 93 73 51 49 27 68 48 46 16 25 22 76 57 86 90 80 22 63 43 64 99 19 64 2 65 74 70 79 38 10 91 71 32 36 98 53 91 9 2 49 23 64 26 80 85 31 93 26 34 91 55 61 75 44 40 76 32 28 64 11 52 68 60 75 31 90 77 28 4 8 63 72 38 9 90 39 49 22 33 43 21 58 81 5 54 73 94 51 57 49 90 11 85 91 31 9 43 28 81 83 33 34 71 11 72 32 42 36 60 68 43 0 87 24 41 19 74 64 10 19 75 1 16 14 78 57
50 9 53 85 74 80 80 76 25 19 29 7 75 66 27 21 37 8 8 25 70 18 26 28 76 2 94 3 43 88 10 52 46 17 16 18 67 73 46 28 99 1 48 73 29 61 6 6 51 66 43 50 8 36 20 68 44 2 28 18 10 91 28 22 78 4 24 10 20 59 7 61 59 39 74 52 93 54 32 4 87 33 97 54 77 97 76 91 57 2 86 96 2 55 84 19 16 33 60 20 73 80 47 71 98 22 10 33 56 67 24 95 1 94 94 72 19 17 62 38 99 13 84 17 79 79 92 1 34 33 14 25 95 24 44 53 57 55 36 100 81 6 52 100 39 60 62 16 72 23 56 68 12 96 50 6 13 30 43 38 47 82 52 88 71 46 42 74 1 61 83 6 7 47 74 17 66 0 51 14 16 10 66 1 40 93 75 88 48 92 90 58 12 71 14 38 16 30 83 68 44 52 82 47 92 92 52 34 50 84 68 81 69 70 13 45 41 66 80 75 94 73 35 46 29 37 74 57 16 25 57 45 37 11 11 84 96 40 47 24 71 51 92 86 85 29 30 47 42 42 33 21 90 59 95 57 20 19 30 28 2 50 54 58 40 18 60 49 60 21 17 62 2 22 44 55 39 44 68 50 54 6 17 78 66 17 79 14 12 16 43 53 5 13 44 79 92 78 65 1 32 65 86 50 49 41 95 34 5 55 88 98 25 99 3 48 2 44 63 68 100 7 52 12 98 41 49 29 92 81 5 26 27 36 12 18 47 45 91 27 45 81 97 9 71 36 84 11 80 53 99 62 66 19 30 36 10 57 93 3 82 41 12 30 81 59 70 74 80 95 69 100 51 38 55 41 93 16 32 56 73 30 39 86 49 30 0 35 54 3 67 24 19 15 58 37 90 3 91 64
0 29 55 52 27 42 40 25 83 3 18 74 46 48 49 97 3 29 33 25 90 43 31 31 1 34 31 39 30 94 69 45 91 13 42 98 62 65 59 23 8 44 99 26 5 31 13 59 73 28 29 36 62 31 97 56 20 31 1 19 6 2 81 11 65 5 24 18 9 51 80 50 99 81 23 40 3 60 20 16 36 17 86 37 46 21 90 14 29 16 24 86 0 3 5 14 49 65 3 11 50 44 74 22 39 9 73 14 96 67 4 32 86 57 75 66 80 91 99 92 25 48 14 29 63 69 12 31 86 83 7 68 86 10 51 67 95 88 45 63 43 76 4 87 44 100 5 69 16 11 55 15 78 57 99 52 47 10 58 4 83 41 89 85 59 75 98 10 36 10 59 69 39 25 12 44 85 74 37 89 41 38 99 1 44 78 17 55 32 45 78 95 66 59 90 71 10 2 96 34 89 11 20 47 34 79 54 31 13 94 18 19 31 1 71 83 44 96 66 18 36 90 71 28 93 89 18 68 39 30 50 83 85 16 13 5 57 21 100 0 39 2 98 26 68 78 12 56 17 74 60 92 38 56 46 42 13 10 20 66 70 53 30 97 93 1 37 58 99 28 58 14 23 8 64 95 38 2 65 60 41 39 58 99 12 83 58 70 2 68 76 49 9 17 26 41 77 76 11 97 98 9 53 68 11 5 52 89 8 5 55 71 87 77 89 35 51 71 46 51 40 44 32 15 18 4 55 11 37 72 82 29 21 36 95 91 42 20 58 40 9 24 74 47 45 58 30 97 11 6 62 73 43 23 11 6 49 79 93 30 54 1 14 84 84 55 92 35 17 91 6 94 3 34 53 100 24 15 0 16 1 10 64 69 87 36 49 70 45 100 33 78 92 84 17 27 56 63 16 62
100 13 69 98 66 84 96 93 74 18 52 14 38 60 23 18 94 75 88 20 51 33 92 29 21 13 42 71 62 59 38 78 31 3 37 71 49 95 84 88 52 44 39 79 27 62 22 64 20 87 41 4 29 64 28 79 60 40 12 69 17 10 51 12 22 56 54 84 99 76 1 45 94 72 1 7 44 35 75 35 93 29 40 38 41 85 36 91 92 47 75 27 88 6 68 52 14 17 25 39 53 43 4 43 75 43 98 91 67 66 60 96 49 40 33 18 28 43 76 49 66 24 37 11 88 68 5 71 10 24 10 83 15 44 46 72 18 82 96 35 58 99 42 50 50 39 73 10 7 97 60 87 72 98 19 91 72 70 49 16 50 19 77 2 42 1 11 80 35 99 36 81 49 38 14 37 91 38 32 48 69 4 67 29 26 95 43 28 4 24 26 52 97 77 95 85 84 51 91 3 17 33 98 38 95 82 25 47 92 56 97 25 75 0 10 7 65 85 28 49 26 21 90 41 3 47 26 17 26 26 16 71 49 2 36 1 100 54 99 80 32 86 84 66 58 26 5 29 95 67 3 18 63 18 17 35 74 19 45 70 73 0 91 49 61 12 14 8 5 81 98 10 66 70 77 42 82 84 11 16 0 55 25 1 55 31 93 98 65 67 49 92 59 31 88 95 2 11 83 46 88 50 0 26 11 98 94 8 69 18 51 66 16 9 78 48 69 42 94 69 49 52 51 79 93 23 3 14 27 81 42 32 14 35 96 74 85 36 92 50 20 46 19 84 71 75 6 90 81 16 47 3 26 36 80 95 8 23 29 36 5 89 77 26 74 95 9 42 20 53 61 42 21 42 5 20 65 64 93 3 42 6 71 53 31 52 90 11 48 22 62 14 28 82 73 17 12 22 23 28
0 46 21 35 10 73 30 32 3 93 34 75 99 56 28 82 68 68 37 68 53 25 20 11 30 13 41 94 64 54 3 70 32 55 57 78 73 14 38 42 84 40 30 58 67 70 31 68 2 37 44 53 26 42 79 29 57 94 96 72 88 70 31 75 71 56 82 37 71 0 13 91 63 57 68 84 73 23 34 20 47 60 12 67 40 77 96 51 42 88 74 33 12 28 89 60 73 4 60 72 2 11 16 0 88 59 57 12 35 76 50 40 23 53 33 86 62 20 23 82 53 47 54 0 68 90 45 99 76 90 73 5 3 60 18 21 37 17 29 73 2 2 19 13 0 78 65 26 4 51 55 82 51 81 62 32 86 2 3 34 46 63 8 22 41 54 83 47 13 92 68 54 19 89 12 1 8 96 44 43 95 70 26 28 3 55 41 56 46 61 42 60 70 53 21 70 74 85 37 45 89 46 68 62 92 29 33 82 27 74 32 44 40 85 17 61 52 54 7 79 60 56 80 12 54 35 99 50 45 30 4 61 99 8 14 81 8 0 9 10 79 9 95 6 37 34 48 38 55 41 49 17 20 69 78 100 69 62 63 97 52 21 40 100 88 71 21 30 35 73 34 20 46 7 38 65 91 66 91 27 17 67 45 45 31 29 16 95 33 100 57 86 23 0 93 30 81 21 26 14 35 27 12 47 89 8 7 29 25 11 93 42 9 29 49 67 3 70 32 48 73 96 56 7 10 70 81 89 16 90 50 100 62 64 70 59 9 55 87 84 95 90 26 68 29 28 44 59 21 22 33 19 56 47 80 100 100 44 100 13 61 95 85 2 65 13 9 56 92 20 36 31 27 31 20 46 8 13 48 17 67 79 27 1 14 46 43 62 86 56 99 50 58 17 18 26 79 71 7 18
12 59 97 30 26 91 7 77 12 39 73 77 32 88 32 21 50 90 41 17 12 25 83 78 77 78 55 71 57 15 93 28 83 5 32 32 30 84 14 85 68 26 80 70 48 69 21 99 59 40 67 11 6 79 92 12 55 69 93 53 90 70 0 40 86 91 35 8 31 52 99 8 63 37 94 58 9 19 23 27 6 1 8 30 81 50 16 33 55 89 35 24 99 33 65 76 68 58 94 71 59 61 44 52 87 87 73 27 47 5 4 41 80 75 57 99 14 91 1 69 82 44 90 66 73 31 97 96 98 26 72 11 70 79 78 74 51 24 5 13 69 89 3 83 37 40 29 30 0 44 17 20 43 75 18 19 36 28 15 52 69 88 79 71 25 86 81 20 69 29 4 30 0 12 3 88 72 62 26 36 90 14 55 66 58 29 15 18 19 91 90 48 100 33 89 62 23 68 90 76 20 30 64 27 27 92 18 76 33 98 1 49 1 39 41 58 36 62 51 5 23 83 92 81 83 14 76 91 20 17 30 1 6 98 16 38 35 37 4 70 56 53 60 62 12 83 57 20 14 64 8 0 89 99 5 56 46 34 67 41 69 72 52 86 82 54 92 60 94 66 98 77 5 21 95 5 8 13 61 50 73 16 27 66 44 4 47 61 10 86 82 91 97 26 32 48 36 83 54 12 87 28 20 12 69 19 83 44 56 88 17 83 70 4 5 48 19 74 4 96 21 6 67 84 14 38 68 48 25 2 95 10 94 77 77 21 74 89 56 36 56 78 48 23 0 16 52 36 44 92 18 58 17 25 43 76 80 18 79 26 32 70 4 8 15 80 13 96 32 15 8 16 85 54 90 93 44 16 54 56 45 78 68 89 89 78 38 31 89 85 78 41 59 58 85 57 95 20 99 35
14 97 97 8 5 72 21 76 2 96 2 36 59 3 59 30 38 34 4 20 18 15 1 40 0 80 71 52 78 3 87 99 24 53 98 62 0 61 21 6 2 92 70 42 51 60 71 95 49 61 50 33 39 44 99 84 44 27 11 28 50 56 53 1 39 99 64 33 25 1 13 20 5 8 39 77 57 20 95 45 94 0 54 62 69 54 67 10 31 33 7 53 56 70 94 23 66 98 94 94 50 65 69 38 28 95 67 50 39 48 27 48 60 42 72 14 11 56 26 3 91 50 58 71 66 11 36 39 76 62 43 72 37 69 80 87 63 15 100 86 94 9 73 36 67 2 21 72 60 0 63 10 97 79 11 99 50 95 71 2 86 52 94 7 22 63 77 94 45 31 54 17 14 82 99 60 73 68 22 35 63 69 34 90 6 48 96 29 44 59 64 51 6 98 93 63 53 100 59 50 31 0 41 81 74 66 17 51 32 6 85 98 94 62 33 43 89 80 14 85 49 78 20 80 47 51 97 36 20 97 36 56 32 39 47 43 27 27 83 73 42 88 86 29 54 84 53 29 18 86 88 71 31 91 84 65 33 24 93 53 61 75 17 6 90 81 37 29 15 66 65 23 57 39 25 99 27 62 76 7 7 58 47 44 64 26 32 63 86 41 41 75 54 24 35 66 3 54 40 26 5 47 4 84 23 58 32 14 4 6 91 73 0 37 56 71 34 18 10 31 16 33 48 5 47 94 5 91 42 5 31 57 64 33 33 69 53 16 61 17 100 67 17 8 79 55 20 16 36 32 16 7 95 61 73 68 49 93 21 8 71 0 2 92 16 68 97 18 7 59 5 18 43 16 71 47 88 6 55 32 58 90 84 14 54 53 19 56 14 52 92 32 43 88 10 15 59 14 39 9
45 47 54 52 77 41 9 91 70 22 33 61 44 53 54 14 91 51 64 73 78 96 72 70 72 92 95 98 9 99 45 75 28 23 61 56 38 26 83 77 13 21 63 70 32 92 26 42 47 52 25 39 95 63 53 56 26 18 7 46 26 21 9 54 95 82 76 16 55 90 81 100 63 79 71 16 100 35 83 75 23 90 77 49 25 49 46 71 5 89 96 10 82 54 87 74 13 17 96 98 95 22 60 76 96 83 56 77 44 85 53 91 63 85 7 25 6 85 14 18 63 34 77 23 27 48 19 66 65 9 9 48 46 87 8 85 1 32 25 88 5 68 39 79 79 83 88 27 21 75 66 80 90 24 62 98 34 66 4 66 99 90 91 65 84 19 54 81 78 45 69 4 32 40 75 21 99 4 78 2 64 11 5 37 33 52 40 41 95 79 1 21 59 27 98 83 2 17 32 58 64 35 78 4 90 20 22 34 57 45 69 78 29 15 52 62 79 70 71 23 60 60 100 80 35 34 48 26 9 94 30 100 52 37 21 4 30 19 57 46 8 73 54 15 46 78 69 64 31 40 10 36 13 41 16 11 76 71 35 21 13 72 40 34 59 67 66 40 47 75 40 23 61 30 52 0 36 10 83 47 56 35 66 11 36 75 49 16 70 1 51 12 45 80 46 10 6 68 40 77 0 53 9 9 69 24 76 58 80 45 100 35 88 47 98 82 4 48 54 54 53 72 7 84 48 81 80 91 51 88 79 47 84 2 91 52 28 38 87 5 74 6 15 45 27 5 30 95 89 49 69 21 72 74 29 66 90 75 91 14 47 42 7 60 47 18 35 97 37 73 52 48 96 89 89 25 36 60 53 90 10 45 50 3 96 27 6 92 21 62 19 46 76 97 36 86 74 57 8 98
71 62 98 58 4 50 28 99 35 35 72 5 97 38 3 47 43 43 57 20 31 2 92 35 21 43 12 46 84 35 84 100 22 26 59 58 70 45 12 36 2 81 75 6 23 90 85 55 0 73 89 45 1 92 55 52 3 63 21 98 67 13 43 60 99 79 15 57 30 30 67 83 11 1 46 98 20 69 51 21 19 63 95 81 73 86 14 86 9 31 16 21 7 93 1 38 22 64 94 37 69 86 31 10 13 6 73 93 38 15 18 19 44 94 65 76 43 46 64 68 54 22 48 40 52 8 13 100 98 44 55 38 64 37 30 30 64 52 35 71 29 79 1 73 35 32 80 89 28 72 60 91 73 83 4 25 44 58 52 29 53 5 26 91 38 50 62 72 48 82 90 55 56 4 33 24 56 56 22 69 53 59 63 78 65 41 12 69 83 16 88 63 37 46 94 50 8 73 43 87 38 80 5 74 33 73 90 28 36 92 51 73 100 10 45 2 97 54 6 51 44 10 94 91 96 75 68 91 21 98 97 49 65 7 88 66 48 80 62 8 98 54 11 39 11 98 60 74 28 70 0 15 74 69 57 89 26 86 88 46 88 70 2 3 3 65 17 49 29 87 57 93 63 71 16 30 61 9 83 34 73 12 47 76 24 94 88 60 73 45 40 98 76 15 39 94 92 9 28 62 45 25 53 17 18 86 49 33 86 51 41 19 17 74 28 74 89 76 69 89 7 94 65 14 42 3 45 97 76 70 81 81 6 25 12 52 97 23 43 52 84 24 35 24 30 60 1 52 42 98 88 68 100 92 48 46 54 83 55 8 83 76 45 18 85 38 70 83 98 77 81 13 27 13 29 25 82 18 0 10 80 43 21 32 34 95 46 19 73 33 8 42 1 40 85 86 97 71 81 13
69 3 73 88 28 57 42 54 89 55 5 18 72 44 81 42 28 48 85 84 40 28 96 78 55 36 56 67 64 12 91 83 71 76 51 97 81 36 85 25 52 19 94 98 58 57 26 25 69 61 32 88 9 90 18 89 93 85 44 3 3 10 73 22 45 9 17 11 35 48 44 65 89 69 59 85 32 26 88 16 51 77 44 39 42 28 61 64 74 39 86 98 68 25 45 6 88 11 41 85 61 67 90 55 90 62 31 39 43 13 77 71 44 30 44 75 53 26 18 30 50 27 48 49 48 28 60 64 48 58 85 33 94 9 98 5 55 14 70 82 42 3 100 30 80 8 90 6 19 8 17 97 8 78 77 63 88 8 52 32 77 1 68 34 60 48 67 65 72 62 72 65 67 100 84 77 98 59 18 49 58 6 58 1 66 38 74 8 83 41 18 49 81 87 70 42 7 94 73 98 52 88 86 12 5 54 16 15 11 55 73 68 48 16 93 45 69 84 16 97 14 59 20 11 15 95 82 3 26 25 22 60 42 97 22 32 49 4 68 68 64 39 66 4 50 93 53 9 32 18 49 97 85 87 76 49 37 20 98 93 35 99 84 81 84 15 54 64 56 31 12 34 62 28 98 7 81 25 77 37 37 98 70 87 2 68 46 67 85 39 35 10 89 27 27 29 42 86 90 79 0 16 88 54 45 30 42 62 93 3 24 6 12 8 27 90 54 3 81 88 3 87 70 54 13 5 61 61 39 74 66 82 50 55 29 3 66 61 87 1 32 27 84 90 61 64 5 74 61 92 72 64 53 98 31 16 48 94 65 94 70 7 80 34 4 12 83 70 98 95 95 91 80 59 79 64 15 35 88 29 14 52 5 44 78 16 92 8 71 18 36 79 25 39 98 13 97 98 38 40
54 76 61 53 40 26 98 56 60 59 79 15 17 26 62 47 64 3 83 11 27 12 99 84 90 33 54 100 18 99 7 50 62 23 32 85 63 60 94 83 12 56 61 81 37 1 6 56 9 12 49 67 63 91 0 91 50 82 84 70 59 63 13 48 74 23 53 68 62 72 28 50 95 96 9 95 78 4 82 0 16 7 71 30 52 79 20 17 63 77 12 81 93 13 57 42 30 25 57 85 86 57 2 34 67 39 68 84 86 29 68 28 10 31 82 81 31 15 14 62 24 14 9 23 21 66 11 8 65 28 44 5 49 69 5 12 26 99 1 66 55 57 69 34 10 42 31 97 63 19 5 94 25 19 31 60 27 74 70 53 41 39 66 0 69 30 21 34 26 11 91 77 37 100 14 64 83 90 79 40 42 86 85 81 87 61 63 14 52 99 17 93 87 28 95 37 53 82 87 45 90 26 60 53 77 89 39 31 36 48 11 54 80 70 84 29 0 10 47 68 70 58 73 57 18 47 9 46 20 13 31 46 28 49 29 23 20 57 29 2 18 88 55 26 50 98 33 68 70 32 57 4 94 6 93 17 41 57 50 9 61 39 68 89 94 73 63 80 10 32 65 64 99 73 20 27 7 27 44 43 89 25 78 67 5 28 2 92 38 3 30 89 51 6 49 79 8 69 40 57 91 92 84 58 42 27 99 49 9 0 40 96 43 62 75 96 90 91 23 10 42 59 14 11 33 27 70 96 34 27 37 57 97 73 12 39 26 88 76 84 41 8 93 34 72 95 96 55 69 76 24 34 35 48 41 31 2 96 19 8 91 63 37 18 16 23 37 50 92 66 6 24 81 61 17 71 96 90 45 39 99 2 44 70 67 37 60 98 98 91 53 34 100 26 82 82 90 83 66 26
96 5 13 38 58 58 88 42 98 68 48 49 39 68 74 38 73 29 82 77 5 27 64 67 56 86 46 30 62 54 44 55 36 11 2 66 98 6 12 77 49 21 72 28 12 56 45 52 20 83 54 55 4 59 78 68 74 79 27 55 12 22 46 94 81 10 64 70 32 43 89 25 64 85 92 60 60 39 45 18 92 80 87 22 5 76 43 53 2 1 94 87 53 78 24 9 13 65 66 80 90 100 56 87 6 38 29 25 24 87 60 29 53 9 62 35 42 36 58 1 83 3 47 24 40 0 36 42 29 88 45 80 37 92 41 28 34 64 64 57 8 9 62 79 56 24 89 12 28 80 60 69 38 26 63 31 23 28 7 64 67 90 2 89 33 43 56 5 11 29 18 11 93 32 67 96 8 29 29 65 16 11 86 34 25 85 36 31 56 79 61 74 36 78 65 9 91 79 3 14 28 82 31 98 38 58 4 21 29 44 63 62 18 24 82 97 70 92 94 10 52 78 87 73 42 82 48 2 14 84 53 69 60 100 95 31 96 99 22 84 92 12 56 27 57 12 80 36 56 44 24 19 48 85 96 37 38 7 71 73 52 55 23 97 29 28 89 95 83 47 64 92 75 85 79 85 86 65 74 14 58 80 63 11 2 6 46 41 17 19 51 13 18 50 96 72 46 55 29 4 11 60 9 94 93 19 87 73 51 76 5 74 86 80 34 28 78 36 20 94 59 16 33 96 29 60 55 16 5 45 12 59 78 39 70 29 92 46 31 48 9 10 5 6 65 27 75 37 93 22 63 48 92 98 6 56 85 72 80 83 87 50 50 66 9 58 42 46 78 37 7 38 79 46 82 20 40 10 55 35 19 61 26 54 51 29 33 19 7 32 93 50 88 39 69 24 29 11 25 66
31 48 66 87 96 100 100 87 89 28 18 69 88 12 92 35 38 51 47 57 0 19 38 69 32 11 70 47 73 26 12 32 91 23 67 30 14 81 14 41 61 38 82 44 1 78 95 46 16 55 72 88 88 66 33 51 61 10 49 46 91 95 96 98 5 34 48 86 11 7 48 37 29 9 68 54 93 72 47 22 23 24 31 37 78 85 78 42 95 39 72 37 22 31 7 77 59 57 95 85 1 15 32 19 25 95 66 21 41 87 11 55 41 12 85 65 3 28 94 28 44 80 61 100 51 9 73 90 30 82 53 17 25 0 24 2 1 63 89 11 56 16 56 56 28 18 90 32 17 79 68 99 87 41 3 61 95 54 47 29 77 32 68 57 99 71 21 96 8 35 23 12 94 33 77 44 74 40 14 36 50 88 63 88 22 31 57 58 5 37 57 85 70 1 75 38 24 76 19 5 9 40 74 30 0 46 20 23 82 40 96 3 20 4 22 38 99 24 54 7 46 70 23 39 18 45 10 33 18 1 73 4 31 8 16 69 75 29 69 69 7 76 37 55 87 66 2 83 27 40 3 60 37 40 81 14 46 45 61 79 12 37 32 73 28 74 11 66 62 28 36 57 39 0 4 10 65 77 20 66 15 40 14 65 69 34 1 99 22 100 45 34 72 77 11 0 97 26 18 30 98 24 72 88 88 98 37 63 65 16 79 87 70 7 14 11 24 23 53 15 27 64 72 12 55 97 21 8 80 39 100 60 28 76 17 75 91 16 87 39 23 54 6 24 26 16 36 68 75 47 86 3 77 19 50 93 90 83 97 87 11 5 50 24 7 35 65 83 83 59 30 48 96 43 18 75 52 41 24 93 62 30 61 62 51 24 60 57 55 62 9 54 21 95 96 14 52 54 60 40
11 14 94 55 65 39 82 62 81 85 52 5 48 93 80 85 63 40 62 30 4 84 100 40 93 4 10 23 87 84 36 42 96 96 59 88 15 70 62 10 16 42 30 97 100 69 68 37 2 55 46 72 6 52 79 44 30 96 55 26 53 56 1 3 46 73 50 65 67 34 48 50 59 55 28 46 49 83 18 21 51 39 76 29 56 92 20 51 75 38 40 52 34 81 74 70 92 58 78 86 27 33 42 59 96 69 18 35 97 46 70 46 2 34 20 55 40 70 62 77 2 47 29 19 95 58 34 12 95 50 71 3 15 23 81 90 61 14 2 82 23 57 59 4 83 63 47 50 83 36 84 72 99 78 82 25 34 42 40 95 0 36 81 86 66 100 92 19 42 4 58 66 46 9 98 21 46 14 10 7 8 53 39 74 49 90 8 60 87 90 44 71 55 61 84 17 44 99 48 56 65 70 62 63 94 1 49 52 33 35 87 88 94 93 97 78 3 84 56 31 24 84 61 28 18 62 99 71 26 87 75 70 55 68 2 91 89 22 65 97 1 37 12 24 21 17 30 39 94 85 100 38 91 72 52 88 72 75 33 94 57 48 91 98 30 45 80 22 89 2 100 16 6 14 51 44 27 24 30 15 0 43 72 82 81 79 4 92 67 71 76 91 84 32 48 21 0 82 65 69 60 12 10 53 38 25 83 50 56 100 77 2 30 94 79 90 30 7 28 99 56 83 2 70 93 36 26 47 22 59 90 31 68 63 48 35 64 37 94 48 87 31 65 45 89 68 29 26 93 56 89 28 55 71 85 81 8 42 46 2 10 22 5 17 86 72 26 35 4 84 64 62 71 4 80 87 95 5 53 59 30 51 76 63 55 85 27 79 60 8 39 58 62 3 62 90 93 37 86 74
29 72 51 63 53 16 82 95 100 63 8 80 3 37 62 51 23 86 4 92 74 2 60 87 32 56 44 99 72 1 74 81 48 73 3 53 27 25 57 33 87 14 80 46 11 28 16 91 60 98 85 89 90 82 34 50 39 53 2 56 61 32 28 64 89 0 18 39 34 83 6 30 78 20 53 24 5 14 24 58 12 33 23 34 92 65 11 52 4 19 52 10 99 18 46 96 15 13 57 50 2 42 32 2 2 2 17 40 61 95 86 14 22 2 29 30 83 44 1 53 76 3 66 20 15 80 50 39 98 92 31 37 36 5 48 57 71 18 8 71 18 40 45 73 21 51 18 8 74 80 35 11 49 93 12 6 44 46 42 84 39 49 1 67 88 35 38 23 92 7 55 43 87 25 78 0 78 30 54 93 38 80 50 20 60 22 3 47 52 72 31 22 90 30 67 98 23 20 8 51 64 36 18 36 25 77 3 42 7 13 62 53 94 95 8 79 6 31 12 78 74 86 37 52 53 6 75 11 90 32 87 36 64 19 59 83 8 78 62 41 22 43 34 88 88 10 41 47 6 11 44 80 3 20 80 28 1 49 52 82 56 28 62 11 43 23 42 5 6 34 100 77 85 92 41 20 78 47 36 61 36 100 23 46 70 31 88 58 92 52 16 37 65 76 92 23 43 68 24 47 15 67 87 52 60 91 66 53 78 71 78 97 28 36 19 38 45 19 92 28 6 12 11 3 24 53 57 89 50 67 29 58 17 57 43 62 88 85 24 9 49 42 2 28 21 75 85 72 37 22 5 88 38 1 36 92 39 16 93 66 36 40 68 38 26 43 32 86 86 45 24 66 29 3 90 23 38 52 28 32 79 9 19 96 38 7 23 48 29 34 96 80 87 40 19 24 77 73 65 83
44 59 6 1 33 20 19 29 64 56 40 83 15 64 2 16 61 98 34 13 22 96 63 33 65 2 28 17 1 29 20 44 51 44 39 3 28 51 90 22 26 37 35 47 10 85 20 80 52 71 7 78 30 19 47 69 31 41 6 17 67 79 5 60 86 69 99 70 57 34 25 59 90 67 98 35 27 89 50 100 80 8 82 98 25 45 45 82 9 59 56 37 86 41 32 60 39 97 92 91 100 16 44 86 83 13 52 74 8 100 40 23 81 91 26 91 73 55 58 29 84 74 96 10 95 11 37 44 28 49 82 86 95 69 30 3 84 25 47 26 54 44 35 5 90 90 1 74 10 99 64 39 56 92 3 29 77 38 14 58 75 50 44 27 25 82 62 37 1 12 50 2 4 47 76 44 93 66 58 53 63 92 68 4 74 50 3 31 8 22 2 44 14 12 58 19 17 80 52 50 42 20 60 10 6 97 41 99 25 3 77 55 43 93 42 64 54 83 6 29 98 27 50 44 10 36 99 52 74 44 97 69 14 12 80 33 29 62 75 83 9 51 68 52 56 54 65 32 8 10 96 85 76 65 5 11 81 51 33 96 47 48 45 57 50 17 49 50 23 8 97 98 62 87 14 12 46 66 33 83 2 93 25 69 60 29 89 96 89 21 96 53 89 84 80 27 19 15 93 15 71 90 1 15 48 63 35 91 8 67 1 34 26 10 39 14 53 43 70 34 61 44 5 65 53 1 73 93 91 63 56 47 29 12 82 18 70 47 85 1 11 93 42 94 10 77 48 44 57 7 71 77 66 100 4 25 75 28 21 0 29 68 50 1 3 57 41 16 92 99 11 32 80 27 46 76 39 26 43 84 99 24 95 61 13 89 57 32 74 81 9 55 56 92 54 8 96 3 15 35
23 7 3 68 19 92 67 2 75 64 96 74 5 86 56 31 2 90 62 74 23 65 12 33 18 7 35 95 68 42 38 15 11 39 2 4 12 84 94 88 49 5 19 38 17 53 16 57 19 94 42 36 56 21 98 22 66 0 45 43 62 43 12 25 49 37 99 42 4 52 3 35 57 95 100 95 18 55 36 69 79 15 8 11 55 85 59 60 25 57 22 97 45 94 27 44 84 75 32 69 9 43 12 71 60 61 53 38 47 94 98 49 35 11 86 81 12 89 43 26 64 62 3 66 19 72 14 39 72 86 75 76 69 88 88 17 86 38 12 57 79 67 84 19 93 12 51 56 79 73 24 61 90 28 57 21 44 60 84 24 78 32 42 59 40 74 31 12 85 39 15 45 54 63 81 64 90 50 27 40 50 24 59 16 72 95 12 84 48 31 43 78 29 44 38 78 31 91 13 17 6 70 43 57 67 26 9 16 47 47 7 55 20 3 86 11 86 66 13 43 55 72 40 6 55 83 49 49 63 46 81 75 45 95 62 97 23 35 54 76 96 79 30 21 93 46 78 7 66 90 37 45 12 39 29 97 40 56 16 6 68 43 57 95 64 1 71 18 70 94 40 85 66 45 67 87 42 66 83 18 56 47 66 15 88 71 30 59 65 66 67 80 35 70 85 32 5 6 29 23 52 35 39 21 61 41 13 70 66 32 11 34 88 28 56 28 76 38 32 95 31 37 57 95 39 42 54 29 23 2 42 24 79 0 71 42 49 22 8 5 86 43 80 67 47 85 72 87 57 29 13 20 50 88 58 21 6 75 32 16 87 87 5 54 15 36 84 56 79 59 41 89 87 29 15 95 37 98 32 64 7 97 99 13 23 12 35 30 17 43 42 1 14 89 32 50 6 5 67 88
47 1 81 89 21 88 95 63 83 20 74 31 84 26 1 67 61 48 62 50 62 50 47 13 1 91 86 13 15 14 45 3 27 97 31 69 88 76 21 39 32 91 45 46 91 78 66 27 49 38 40 35 39 96 23 84 61 92 6 21 47 63 21 9 78 21 98 48 93 39 14 73 70 81 0 7 5 21 19 65 62 42 5 30 50 6 36 85 87 15 91 3 44 18 25 82 49 69 48 79 10 48 68 64 23 36 4 69 78 27 42 95 62 6 95 58 43 75 19 76 20 67 65 91 62 52 49 31 53 67 79 35 28 16 85 17 81 96 29 8 78 89 78 32 76 58 10 36 85 75 52 5 97 49 54 85 90 59 26 14 100 35 78 94 36 27 5 76 35 87 43 1 5 43 37 43 16 3 30 67 53 41 61 0 85 82 35 18 7 84 83 11 20 2 58 47 60 60 48 35 13 44 97 79 93 32 94 46 82 71 77 96 88 98 77 45 17 66 13 9 21 82 83 65 74 72 83 42 20 99 89 74 83 22 7 20 73 15 19 59 24 2 28 44 10 57 13 11 41 42 87 26 1 0 83 38 49 35 44 93 18 19 62 48 79 83 85 51 69 9 26 49 79 89 71 0 28 53 91 74 27 63 94 6 84 3 63 70 20 31 15 98 83 18 81 33 48 90 74 77 79 92 89 14 82 46 66 6 1 91 13 59 38 95 95 33 34 82 4 97 79 63 21 61 51 52 77 18 42 27 84 47 17 62 53 0 48 43 20 55 2 68 31 14 8 36 14 8 19 67 40 26 7 74 62 49 12 13 65 7 61 21 72 12 34 47 83 99 24 73 94 24 67 92 100 22 92 60 79 100 51 91 83 58 24 82 87 97 28 89 4 49 6 82 22 40 24 77 57 92
35 9 37 69 61 79 96 91 90 23 25 21 0 45 33 83 69 50 43 54 63 76 92 53 22 67 63 83 78 50 76 58 76 0 87 51 24 45 10 32 68 27 25 90 90 89 50 14 34 43 66 66 14 47 45 28 71 55 81 90 37 50 35 12 14 27 30 93 8 99 8 56 78 19 55 49 53 80 47 67 13 55 19 77 43 99 17 80 92 78 31 32 62 65 19 83 39 52 52 94 31 90 39 29 55 30 4 23 99 42 46 36 39 4 64 83 77 18 96 64 88 45 93 97 33 7 58 53 73 38 0 12 66 26 23 63 53 94 41 29 55 0 39 46 14 51 15 53 54 41 55 29 82 73 58 34 50 4 0 10 50 76 14 81 20 56 32 40 40 21 79 1 72 49 23 25 8 52 81 44 26 49 64 70 78 19 28 21 86 26 34 91 52 0 48 19 96 60 18 35 100 90 73 84 9 20 73 65 76 2 63 33 81 100 88 87 16 94 3 58 94 40 81 78 56 99 33 73 11 59 50 76 87 21 53 97 28 95 29 86 67 37 63 85 63 62 57 69 25 21 32 61 26 3 1 56 23 48 88 40 32 35 52 57 0 51 2 89 97 9 24 90 51 22 5 17 84 90 30 88 31 13 73 53 75 26 92 43 1 97 63 32 12 26 36 62 48 64 51 64 84 79 46 43 96 83 8 27 9 51 100 5 91 28 1 65 63 2 33 78 67 47 42 79 96 54 73 13 39 53 75 64 1 6 2 84 29 50 41 35 14 68 70 18 67 56 63 88 86 84 90 58 53 5 52 11 36 21 97 16 17 55 80 77 37 32 12 45 76 55 44 29 19 26 30 89 98 98 83 61 64 8 84 51 73 22 29 29 12 68 69 19 48 63 61 94 77 90 69 92
21 95 67 63 34 42 65 94 10 41 38 87 98 9 59 77 34 29 61 91 37 17 75 65 56 4 30 16 96 17 73 24 90 68 81 78 26 27 75 49 37 86 22 21 70 84 38 8 38 63 9 19 73 66 24 87 93 73 65 96 52 59 44 71 92 60 5 73 29 54 51 70 93 9 85 28 82 47 55 26 19 0 0 6 89 49 38 71 20 38 85 86 87 10 26 0 0 8 48 6 6 42 12 68 84 84 95 87 74 20 89 46 18 2 60 6 95 19 87 45 45 17 34 63 52 17 93 66 56 25 29 30 13 31 78 95 57 40 65 97 15 59 41 97 56 55 93 1 73 20 87 14 46 57 12 96 65 59 55 1 49 13 64 2 83 78 63 100 48 87 14 68 20 72 81 9 9 85 51 31 71 44 44 79 91 45 5 13 67 57 91 15 58 99 43 1 90 11 36 12 93 95 89 100 98 98 10 4 29 46 42 0 27 86 37 67 50 9 61 13 92 75 12 14 39 90 47 40 72 6 55 71 32 86 2 3 24 7 0 85 37 41 8 11 23 89 80 54 8 94 93 24 73 89 34 83 7 36 68 18 48 88 58 28 70 23 83 61 43 19 70 63 30 11 68 5 51 27 87 39 41 75 27 39 51 67 100 51 36 65 29 6 60 64 92 23 27 97 65 36 72 71 9 35 9 5 73 18 97 31 50 88 48 33 27 60 73 67 45 62 23 45 3 92 53 95 89 45 50 27 11 92 91 67 6 66 60 9 48 9 94 49 95 27 34 52 42 34 53 1 96 45 45 39 85 42 21 36 18 31 50 53 65 41 30 4 46 37 60 56 44 52 6 44 78 8 34 5 58 46 44 6 87 44 23 75 61 72 42 57 83 92 31 67 88 85 78 52 65 8
11 96 60 10 68 38 18 12 46 4 26 71 46 18 16 89 29 83 97 44 96 89 7 65 99 64 8 46 0 39 40 48 78 84 49 79 57 16 71 3 2 44 52 5 67 4 33 55 18 22 63 99 86 71 87 63 10 33 28 27 37 27 37 64 14 95 64 59 83 100 82 56 12 50 30 71 98 35 38 20 30 88 63 65 72 44 14 57 69 20 70 7 96 25 95 21 72 93 77 96 44 48 56 84 54 49 55 75 32 58 45 63 84 86 96 67 68 60 94 50 17 96 68 77 16 45 69 20 16 87 66 20 97 62 13 4 41 45 3 5 11 65 16 28 78 53 79 40 26 51 14 10 95 2 46 47 27 12 58 71 86 97 81 40 14 73 76 51 64 21 4 36 1 44 77 40 44 42 11 79 98 92 48 14 65 5 9 44 49 27 59 65 91 80 25 6 95 3 88 60 35 14 63 16 33 77 9 51 64 56 69 66 53 80 57 27 90 97 67 4 68 58 76 18 18 35 68 85 71 8 8 18 77 84 89 88 29 61 91 45 21 79 59 65 96 72 16 63 21 69 7 53 27 66 20 31 99 48 86 5 34 94 34 11 81 64 41 54 98 14 57 18 36 11 98 30 77 42 37 46 81 27 87 1 33 28 65 64 21 17 63 71 99 11 4 24 8 52 7 44 41 52 52 99 25 19 1 82 28 27 78 65 5 82 84 82 18 14 39 93 59 52 9 27 42 11 65 27 98 29 34 27 4 54 22 38 39 52 67 19 49 19 87 59 4 55 54 53 87 24 4 26 69 45 76 85 53 84 43 92 59 2 57 0 17 26 13 9 65 84 28 3 79 31 76 71 97 55 61 34 1 58 32 8 93 25 66 23 57 17 1 19 49 91 91 88 18 96 18 9
69 37 82 18 62 85 6 75 80 95 42 94 37 77 94 34 37 99 8 5 4 92 91 77 9 77 26 15 57 59 48 71 65 95 83 81 49 97 5 25 3 2 34 77 30 23 63 9 38 29 50 91 62 60 6 43 86 27 81 64 90 32 4 19 82 88 82 96 88 52 20 61 2 14 44 47 4 11 68 92 43 62 60 22 23 60 81 78 22 38 25 63 73 54 27 69 41 48 94 84 23 7 17 55 80 79 13 20 52 15 99 23 75 49 26 22 47 88 22 92 4 83 78 46 70 31 19 57 33 97 51 77 94 30 61 61 69 58 14 99 71 36 36 53 12 23 92 64 85 4 97 78 51 19 87 27 42 18 13 79 79 29 46 75 93 25 1 9 20 85 13 8 30 87 78 49 31 56 27 87 93 46 13 91 13 24 91 3 42 1 25 7 67 10 52 95 98 68 27 42 56 36 79 60 56 39 83 82 42 5 69 55 94 78 78 59 46 14 44 89 75 75 93 26 83 88 57 47 81 44 21 43 39 10 91 33 72 84 99 65 58 80 43 0 86 97 100 10 97 42 67 19 12 59 72 47 36 75 31 27 10 1 2 90 85 69 68 94 66 13 92 12 68 21 49 54 100 38 65 60 66 52 42 53 5 85 13 66 62 68 1 36 94 58 68 27 71 84 88 2 48 25 24 73 67 50 41 41 17 82 9 56 24 48 3 22 80 41 36 39 91 99 7 22 96 88 66 68 29 90 9 75 6 21 53 87 43 42 52 64 95 56 50 1 4 29 29 37 62 100 13 26 37 90 84 99 56 59 29 12 70 74 27 85 29 32 62 87 20 13 39 52 77 72 0 97 88 5 41 31 14 63 75 25 86 40 92 6 100 35 6 28 78 29 25 68 39 69 79 11
96 88 67 51 26 8 51 32 65 16 17 81 44 64 65 8 4 11 62 51 50 76 50 13 66 65 50 64 5 98 95 67 91 8 56 28 56 46 44 96 18 51 59 78 31 46 70 35 53 36 63 74 24 23 4 58 22 30 55 41 2 35 18 18 29 73 13 16 33 88 87 17 41 26 88 90 23 6 18 6 64 90 31 50 96 30 90 16 33 36 71 73 0 38 78 78 66 28 39 86 64 80 70 82 27 21 95 87 7 23 84 87 24 58 17 26 87 84 8 19 32 90 99 98 13 44 100 32 2 10 100 41 98 98 67 58 71 46 87 48 12 51 58 24 19 13 73 81 42 85 31 15 89 89 5 100 100 99 30 72 36 0 98 97 73 9 73 86 58 99 2 87 43 65 19 76 17 18 27 57 95 54 97 95 48 61 97 55 43 81 24 62 53 75 84 31 85 68 40 33 6 52 74 73 65 90 69 86 42 74 10 96 62 16 58 54 65 6 20 77 85 44 6 6 26 12 13 93 48 46 66 33 94 92 78 51 22 79 87 77 13 22 16 91 62 6 34 47 37 61 14 69 93 47 9 43 64 66 51 47 18 0 83 72 50 27 39 8 24 47 10 20 61 45 78 28 71 23 8 28 48 34 53 85 44 53 76 52 89 60 35 30 14 100 99 52 34 2 42 29 42 41 54 25 76 26 99 7 8 17 7 87 56 7 0 100 91 78 16 80 57 63 74 90 56 92 8 64 3 55 33 9 100 96 24 69 19 15 50 4 19 55 0 70 91 39 70 76 36 25 46 58 81 75 26 43 35 89 22 22 10 8 35 5 0 91 27 47 46 15 20 67 7 6 46 16 21 77 98 88 38 27 98 48 0 26 8 52 16 12 98 80 57 25 87 4 46 3 25 15
94 30 80 23 100 69 65 31 20 0 80 42 50 79 40 73 51 29 66 27 33 69 88 79 74 85 61 100 43 68 23 99 94 31 92 7 30 38 82 20 62 29 47 58 61 43 11 20 81 92 12 38 93 14 56 3 12 86 96 13 88 89 1 23 33 9 74 41 30 3 98 34 32 43 70 98 42 59 78 38 86 2 31 25 21 35 49 86 9 78 36 27 51 81 1 66 27 63 42 63 95 84 100 60 4 82 61 58 51 67 54 43 53 69 95 30 58 19 43 75 40 87 49 41 29 28 37 39 40 80 92 8 67 94 63 17 16 94 76 84 17 23 8 3 16 58 76 26 20 74 71 39 56 79 2 47 15 58 20 40 68 60 8 67 95 6 3 74 28 64 56 71 15 1 35 9 11 23 65 50 100 54 94 22 87 80 9 17 34 39 1 3 18 20 72 88 62 67 90 15 43 67 31 46 81 100 36 8 68 72 77 24 34 2 55 85 94 63 20 61 24 25 32 78 89 55 9 55 97 67 20 84 76 73 56 11 59 67 62 60 4 16 66 82 97 76 85 95 1 63 98 92 33 35 62 55 51 23 97 63 82 23 100 2 10 30 97 85 15 92 15 97 60 19 24 5 70 33 60 19 74 18 24 40 5 58 87 53 61 35 79 57 38 97 39 45 31 95 93 64 100 83 40 58 51 3 38 43 9 83 94 29 8 59 77 1 39 36 95 89 45 33 63 65 22 11 72 7 81 97 6 16 67 52 51 23 92 80 40 32 7 30 21 23 97 100 44 29 90 68 33 25 52 21 75 24 67 4 32 81 61 99 29 84 0 28 72 89 95 1 78 79 53 82 78 75 77 45 39 71 47 99 16 20 24 54 58 26 55 37 41 32 36 1 55 64 56 42 38 36
7 24 82 70 92 91 87 33 3 68 38 43 81 5 98 27 69 56 40 99 70 43 10 70 6 14 98 32 94 41 0 17 76 4 27 26 93 95 97 76 49 80 100 16 62 8 89 72 93 73 30 69 24 39 23 60 31 63 42 79 85 46 91 19 32 40 69 72 49 67 43 81 85 72 82 25 91 25 35 26 80 72 6 57 88 17 36 16 97 96 91 81 74 20 32 60 96 93 93 63 17 79 34 38 27 79 22 80 92 10 63 53 76 8 74 99 95 58 11 47 98 77 6 3 94 67 55 83 26 5 53 43 12 3 40 12 73 50 15 25 7 32 64 50 94 49 27 64 43 87 57 55 8 24 67 42 58 61 23 1 99 9 32 11 99 58 57 69 45 9 31 23 8 18 76 71 23 86 68 8 34 70 57 54 82 11 41 42 36 67 88 8 61 46 27 79 98 29 90 12 40 85 34 48 87 67 21 35 58 77 43 53 80 8 43 70 16 45 75 91 9 23 39 61 84 52 60 20 35 39 37 89 62 94 65 19 5 4 86 2 3 59 88 16 94 54 62 93 80 79 27 81 99 4 39 100 43 47 66 7 25 81 92 59 12 60 24 56 62 53 79 67 27 35 17 66 42 71 78 47 12 60 36 92 54 57 13 94 6 51 58 35 71 64 91 64 40 6 35 31 58 15 31 100 64 99 46 90 27 25 5 56 75 3 38 62 46 93 11 1 30 36 89 83 42 95 13 87 12 28 35 94 60 11 93 97 3 67 9 17 58 65 26 29 81 91 10 71 32 66 49 46 91 51 28 82 21 85 79 58 72 35 86 73 43 13 88 19 15 80 12 10 61 46 16 75 25 60 55 56 35 21 59 88 94 100 33 45 7 19 53 68 64 35 76 93 86 54 6 31
56 62 41 54 15 30 84 25 11 99 4 42 25 72 64 91 6 32 49 35 65 49 40 34 27 76 46 77 63 45 9 0 91 89 86 69 54 91 16 5 21 7 70 99 93 17 55 61 19 19 5 45 38 74 37 48 6 36 27 86 19 46 79 40 3 98 85 55 57 30 63 81 79 99 33 61 93 75 63 50 96 20 41 70 97 81 4 71 69 74 2 74 60 20 76 76 99 23 90 40 29 33 77 23 39 20 77 86 98 46 1 41 33 81 83 12 47 61 96 45 37 50 18 25 89 6 82 82 42 49 22 13 46 15 46 15 92 87 69 89 56 22 79 69 93 10 44 89 19 18 54 92 76 93 1 1 28 87 66 96 51 90 25 13 90 40 71 30 75 51 36 31 54 44 13 45 15 35 48 41 33 79 12 56 40 51 2 33 70 6 77 36 97 11 55 5 100 38 5 49 17 81 98 79 100 65 86 0 73 79 95 83 64 52 62 82 54 52 62 35 81 28 61 32 95 26 17 94 25 51 32 83 80 55 6 84 55 6 18 12 13 81 61 32 32 19 96 5 75 88 0 37 66 58 80 22 21 48 58 27 9 17 96 0 83 33 65 83 72 64 17 38 43 1 91 38 75 23 1 89 64 85 42 80 26 20 32 8 79 39 39 7 79 49 42 2 88 25 53 56 56 34 37 40 10 87 66 1 56 4 97 70 83 58 43 3 51 77 39 96 37 46 11 73 37 43 83 37 55 56 35 16 96 71 27 66 47 66 9 29 61 23 100 8 4 37 7 51 52 32 15 93 48 46 14 88 21 40 44 12 99 39 4 91 93 31 30 76 26 83 51 51 24 94 38 18 1 59 100 87 90 19 59 19 36 54 92 35 78 80 61 78 19 2 80 75 39 98 55 94
0 75 79 60 59 94 40 77 14 5 42 77 88 0 45 19 81 56 42 14 41 99 87 92 65 55 6 20 14 100 57 90 0 82 26 2 59 76 44 97 24 24 42 1 88 25 68 84 42 70 52 49 52 42 73 42 1 3 83 22 89 67 42 56 68 32 74 80 9 37 75 42 58 80 19 76 0 12 98 65 41 89 25 66 21 74 64 89 98 70 44 24 15 85 53 96 99 93 91 6 99 88 28 68 80 88 90 50 58 14 65 43 3 42 74 40 0 70 86 35 98 68 95 5 31 13 58 84 21 82 71 76 42 7 16 9 35 11 73 51 41 76 78 6 60 2 14 81 50 6 13 34 16 94 86 92 53 38 91 30 38 9 79 85 77 87 99 60 30 69 48 34 69 37 18 41 8 95 66 30 36 50 78 37 25 48 8 49 31 32 9 64 51 80 7 21 75 20 94 76 54 29 82 0 93 0 14 48 83 38 21 94 41 13 5 59 44 41 14 79 23 51 83 16 24 60 82 82 21 98 67 12 23 27 21 61 84 45 13 98 37 1 44 39 64 66 29 48 24 64 26 62 47 34 11 34 35 0 83 23 99 7 2 72 40 67 70 33 18 45 16 99 1 74 59 94 72 47 67 72 94 36 4 87 58 53 30 41 93 14 6 50 75 1 87 14 95 23 31 80 16 33 4 54 44 13 64 59 43 38 94 33 70 94 34 42 20 56 31 43 58 18 21 61 82 43 49 15 60 53 94 91 62 39 85 98 6 42 37 67 42 93 19 61 5 30 34 43 9 60 79 66 35 10 58 82 56 54 72 80 40 90 46 71 59 69 64 23 50 28 75 59 79 42 20 12 51 39 85 100 44 64 34 97 39 5 90 33 26 42 64 46 49 76 89 75 2 1 85 80
73 19 7 6 92 27 37 0 21 22 46 52 43 77 6 95 62 50 59 94 9 87 77 48 93 60 68 43 34 15 27 99 66 44 56 14 62 46 100 10 1 41 87 57 11 76 81 49 81 74 66 43 90 10 12 84 100 6 80 90 30 38 50 64 10 18 80 78 2 22 25 28 47 56 26 40 61 50 10 55 27 25 38 84 23 97 27 71 74 55 85 29 37 84 1 21 97 86 10 75 53 50 5 31 68 16 49 51 52 11 50 75 97 73 60 16 11 77 9 14 11 19 79 43 28 70 25 38 0 8 46 4 43 63 34 0 67 86 21 78 13 93 93 33 100 40 2 1 55 79 29 88 54 48 89 43 39 17 2 58 74 29 4 59 86 5 14 18 34 90 51 37 81 53 17 63 44 74 9 26 14 24 75 84 47 6 44 94 80 0 31 19 58 0 25 29 2 53 97 11 84 47 93 49 67 22 84 72 92 100 55 6 68 14 65 96 54 10 84 39 88 74 74 64 67 10 1 33 64 32 22 24 38 27 3 100 57 51 28 18 27 82 95 81 37 36 82 96 79 76 37 51 55 1 91 75 23 29 84 40 59 99 42 31 14 41 75 33 70 67 89 22 8 20 75 94 19 30 98 23 15 13 18 33 37 21 25 21 63 42 2 35 47 44 68 38 24 86 54 95 5 71 82 8 4 79 50 1 62 22 37 4 8 41 0 31 96 87 2 87 54 72 18 83 40 6 94 32 90 63 73 56 46 13 42 36 40 82 34 81 2 6 48 17 11 99 51 68 88 12 76 35 91 75 35 59 61 16 89 3 89 98 5 59 59 70 11 15 16 5 63 55 42 42 23 3 78 75 98 24 73 24 40 19 68 97 27 69 98 72 17 100 51 11 77 42 91 84 17 20
93 79 12 42 61 57 86 3 84 51 99 76 9 45 84 64 85 14 23 58 36 24 57 35 61 35 22 63 76 1 6 61 13 22 99 21 55 91 59 45 67 63 81 18 100 62 16 51 9 54 16 72 53 57 40 18 73 100 31 3 53 47 79 9 32 41 89 51 84 44 40 64 90 64 27 19 39 2 39 37 85 25 76 77 53 56 90 87 29 43 65 88 45 86 48 12 4 2 30 3 46 29 67 34 66 66 1 70 76 8 63 98 84 59 9 29 22 98 40 17 68 87 61 56 21 65 95 93 93 64 31 79 52 6 67 33 81 44 94 56 8 68 20 33 50 84 7 79 100 28 19 7 70 79 4 12 26 63 75 61 78 50 56 57 70 67 33 16 74 92 97 8 82 49 48 62 36 61 30 70 76 48 50 22 23 100 77 99 20 47 21 73 76 11 42 81 8 17 88 14 21 76 14 73 66 24 81 61 19 90 30 21 93 84 43 11 73 49 54 13 46 2 31 67 36 94 9 16 68 7 33 52 61 21 38 32 26 78 78 59 65 10 55 80 58 72 40 43 25 7 96 42 65 90 77 92 72 10 80 73 56 24 53 64 61 28 61 3 42 91 94 53 70 61 6 61 2 39 61 5 49 96 94 25 72 70 13 55 63 20 89 91 64 50 83 98 97 71 85 5 55 71 50 96 40 75 7 86 36 55 79 86 69 16 1 13 11 40 90 9 54 31 31 31 1 15 60 100 10 13 64 78 64 56 20 80 70 56 44 93 83 34 78 50 14 2 21 66 77 31 16 71 52 42 51 22 71 77 3 27 42 38 30 0 73 70 65 49 86 6 22 25 32 74 38 62 69 2 16 5 67 89 3 94 49 39 75 69 88 33 35 23 29 10 24 66 34 81 8 80
44 78 18 59 37 64 58 34 17 67 33 81 42 50 19 14 60 34 18 96 41 44 15 75 32 71 2 25 68 31 93 49 98 52 27 80 51 71 75 39 0 98 34 19 86 42 53 21 54 22 38 23 88 84 66 37 53 31 56 15 10 43 64 95 28 52 28 8 58 34 57 63 9 48 85 80 38 11 49 19 35 69 23 86 85 97 19 11 21 46 92 39 97 25 27 29 10 59 89 100 36 5 4 44 22 61 12 66 55 45 43 79 100 78 93 76 44 31 19 9 80 21 7 19 0 70 52 98 20 3 98 64 24 70 56 31 61 95 49 69 78 90 23 18 44 82 75 79 5 63 89 87 1 96 96 96 87 28 32 78 65 16 56 18 15 16 7 67 37 35 52 84 39 30 65 11 72 56 6 22 29 74 90 40 26 21 57 99 72 11 30 39 69 96 41 9 58 28 88 78 6 16 62 0 59 97 52 1 0 13 72 79 33 30 93 63 77 35 78 55 62 36 60 46 68 49 21 16 64 62 3 68 97 67 12 66 54 23 39 15 42 64 24 19 88 2 25 35 8 17 27 38 15 87 89 50 37 30 32 15 20 7 53 4 20 92 30 65 52 24 83 0 87 55 82 73 64 21 48 88 51 74 82 35 36 30 1 60 56 28 91 14 3 95 22 19 47 35 65 74 41 23 35 75 32 82 24 31 12 91 16 65 89 52 82 98 83 87 28 57 35 58 50 84 12 97 61 26 20 24 82 43 3 1 0 99 3 62 1 90 42 35 78 84 28 51 68 33 3 94 85 19 34 62 1 28 19 93 40 61 47 9 43 3 15 21 52 89 85 84 60 62 85 79 45 41 72 28 3 19 83 78 15 19 83 35 35 73 49 92 57 55 8 34 77 29 10 97 88 32
79 52 66 0 71 46 33 59 10 19 77 11 21 86 100 70 78 50 92 92 93 62 48 48 5 68 27 97 57 85 60 74 32 40 73 14 40 81 30 91 16 22 95 49 64 66 91 54 74 27 4 6 51 47 58 30 100 96 81 60 20 33 32 23 65 24 54 76 80 18 77 97 32 74 0 2 15 54 14 63 97 5 45 73 90 86 33 40 34 98 44 16 81 51 93 81 4 84 85 79 14 47 77 53 41 25 63 99 29 14 87 10 90 53 81 48 19 6 11 44 82 50 97 76 40 83 2 56 9 57 9 79 87 65 40 56 51 21 24 90 89 76 64 60 70 61 90 7 70 87 1 20 77 91 41 30 3 13 98 55 37 14 72 97 63 92 59 54 94 53 95 29 56 84 22 55 81 51 38 41 99 56 100 82 38 84 98 4 4 24 57 75 13 69 34 93 4 41 47 16 73 73 94 55 72 8 38 32 74 73 14 38 73 39 59 13 21 46 96 95 78 4 18 52 78 1 80 83 4 87 25 79 52 77 42 94 20 85 12 69 55 79 88 58 87 72 74 38 8 76 5 95 76 33 1 81 88 61 62 57 20 36 46 29 29 0 2 11 18 8 3 57 58 47 67 88 37 99 60 10 63 97 37 15 20 27 89 58 32 27 6 0 95 52 90 46 36 42 64 10 29 59 1 87 69 79 72 4 4 24 74 69 73 7 12 18 88 50 9 49 42 36 39 41 49 48 12 51 13 41 35 90 32 78 32 61 23 35 64 100 93 100 76 61 30 42 25 64 31 15 34 10 51 34 11 8 31 23 67 75 31 91 60 48 33 56 12 93 64 90 44 47 76 36 7 6 28 65 29 37 37 90 77 67 76 73 32 24 94 50 77 90 4 44 46 32 19 85 48 11
44 52 16 15 19 79 49 71 92 13 87 76 37 31 64 57 61 52 20 93 85 46 25 46 13 23 100 45 37 57 92 65 54 41 6 37 86 59 44 3 49 47 58 5 55 79 33 68 53 95 71 12 88 94 2 23 44 71 2 72 35 50 26 7 71 68 100 36 45 96 6 70 97 24 85 77 4 96 74 47 98 65 13 67 59 82 39 40 5 64 54 87 97 21 35 84 26 96 16 3 70 97 43 87 99 15 1 43 94 62 19 27 12 88 50 43 44 35 56 7 89 46 36 33 76 73 87 89 32 90 29 83 65 19 50 71 52 35 93 78 49 58 88 96 76 67 94 92 45 49 13 9 41 33 47 93 49 45 23 44 25 3 19 75 27 59 90 55 37 75 59 14 96 60 47 58 68 70 83 45 76 0 69 62 92 25 59 0 65 80 36 24 77 72 75 81 95 10 15 44 14 89 31 17 6 39 22 67 80 90 55 79 19 73 70 73 83 22 12 81 87 21 2 72 85 55 58 90 10 26 0 80 26 50 28 26 85 22 22 34 16 67 17 62 75 39 56 44 96 45 42 81 11 4 65 81 63 11 13 42 96 33 64 40 61 14 3 67 25 92 3 54 66 94 40 10 93 46 7 34 20 28 86 84 89 63 67 68 23 68 39 40 64 50 22 27 2 27 72 82 100 96 40 42 48 98 26 62 34 80 9 70 65 13 33 44 67 52 13 92 32 95 7 59 3 97 4 19 88 8 32 38 75 58 9 23 57 21 92 68 97 65 80 89 26 81 18 46 19 72 89 74 60 74 7 38 23 68 85 58 2 81 7 83 75 78 28 55 60 9 60 59 52 50 83 78 3 92 40 11 84 79 64 79 4 70 74 83 33 21 30 75 85 27 100 100 62 64 80 43
78 89 31 38 26 75 17 63 71 69 64 58 2 48 76 9 23 44 77 64 39 93 71 2 60 29 17 98 86 52 34 50 8 50 8 10 39 61 25 24 66 11 84 8 98 17 59 45 84 89 71 78 85 17 83 90 82 64 83 79 83 38 14 39 87 95 83 18 92 46 87 42 71 32 92 22 87 19 52 7 32 27 50 21 80 48 14 79 17 6 48 53 27 66 19 58 44 43 16 9 5 79 38 60 66 62 94 89 28 44 42 64 2 41 66 84 58 76 45 86 0 95 36 44 60 31 81 77 90 60 7 39 33 43 1 71 6 99 23 7 43 80 86 36 16 16 85 76 22 88 62 37 34 26 70 55 86 26 63 84 14 3 70 69 32 76 1 93 60 7 79 5 74 95 67 73 50 74 68 35 76 52 90 47 60 30 100 12 27 55 100 90 78 70 9 15 19 57 5 54 51 29 0 100 4 96 86 85 27 0 84 25 65 57 26 1 2 86 27 83 58 80 100 22 82 15 78 13 54 93 58 47 100 59 10 98 97 74 95 33 53 80 89 3 67 3 59 46 88 87 3 20 98 25 83 11 24 82 63 15 98 4 62 56 30 19 52 66 16 97 87 23 42 62 58 5 96 69 46 48 8 55 77 19 61 97 17 36 93 92 59 37 19 55 48 22 2 71 44 95 17 55 88 73 74 51 67 13 37 14 36 23 29 1 92 65 99 39 6 78 97 51 83 60 50 25 20 66 1 35 60 1 1 38 22 11 62 4 75 57 48 43 83 1 97 70 6 16 57 48 25 52 11 18 39 60 52 15 22 24 64 75 22 61 9 74 89 39 32 48 34 87 7 76 0 83 13 61 26 33 21 89 76 61 21 21 68 41 99 43 39 56 85 39 4 44 35 71 12 64
57 24 82 56 90 76 10 97 69 8 9 62 32 26 28 84 30 58 23 77 41 74 66 98 68 16 63 32 61 99 11 42 7 0 1 92 2 63 46 97 99 67 29 0 68 29 12 63 31 89 92 93 40 83 58 41 34 38 3 41 92 69 14 73 49 50 6 70 90 31 76 0 100 3 82 80 67 17 72 86 47 29 30 48 48 44 24 45 36 24 24 80 85 19 10 6 15 37 57 16 42 25 48 36 10 47 19 43 74 14 33 99 86 100 52 43 71 31 14 38 68 73 52 54 90 76 74 67 86 68 64 7 95 54 46 56 15 18 74 85 6 59 87 28 91 100 68 50 41 30 45 45 57 58 72 71 2 20 26 54 58 87 30 24 2 19 42 65 2 39 13 69 64 29 8 77 70 89 89 81 75 31 11 47 29 90 92 74 35 83 84 77 65 82 52 39 6 54 91 100 28 13 57 63 94 19 29 38 50 83 97 42 91 15 9 70 15 29 17 0 7 14 26 54 71 28 68 81 7 49 92 97 57 56 92 76 29 6 75 89 88 76 51 21 45 24 58 33 15 41 75 46 66 11 18 95 89 64 99 41 57 91 65 45 97 75 17 98 12 77 79 70 62 34 62 11 86 68 78 63 7 37 92 29 13 37 29 37 31 22 70 66 48 14 31 84 19 32 66 46 81 18 91 91 92 71 14 98 35 28 15 30 57 36 30 2 65 82 78 96 21 61 33 2 67 12 34 12 54 91 54 64 13 81 53 27 41 2 41 14 58 79 1 85 30 30 90 84 93 60 98 66 97 65 15 67 72 43 75 58 86 63 55 32 2 26 52 23 91 48 25 16 65 55 13 36 25 26 50 18 73 62 9 45 94 19 52 53 40 3 76 86 57 82 65 59 34 8 88 84
75 0 71 68 23 50 48 88 24 45 59 34 82 7 69 84 37 80 55 83 51 37 92 73 45 38 77 29 29 81 4 95 22 27 34 0 15 20 36 97 88 76 69 89 3 9 0 57 77 77 32 33 3 61 48 93 30 88 81 21 6 83 81 96 85 86 67 43 6 21 83 8 86 19 1 52 82 21 44 0 43 32 27 7 18 77 58 64 37 7 41 44 89 82 0 73 9 16 63 74 74 80 92 90 10 31 64 48 59 30 84 53 41 94 40 90 42 6 64 45 37 9 22 78 100 42 21 71 2 39 68 40 94 83 68 49 8 76 89 2 78 6 13 45 67 98 61 88 3 85 37 44 14 33 25 90 91 70 7 77 95 67 40 9 97 99 51 58 44 55 8 7 6 48 28 18 66 29 67 89 67 36 36 93 59 28 14 2 67 97 92 100 40 7 46 57 79 96 9 13 28 95 34 35 82 64 30 4 31 51 83 73 7 85 61 64 93 60 42 79 55 65 92 66 6 20 100 65 90 93 60 46 84 84 92 88 80 29 30 53 79 16 100 26 84 52 23 14 100 82 45 42 53 26 53 80 85 31 1 30 47 79 38 42 57 7 41 52 34 24 87 43 31 59 27 92 62 62 6 43 80 63 100 92 75 96 52 5 2 44 65 18 2 10 74 7 58 97 66 36 8 93 37 9 28 76 19 73 17 18 44 36 6 85 0 90 25 81 15 43 61 80 1 19 4 79 70 38 80 60 57 77 67 98 1 40 37 84 92 45 97 0 91 74 11 4 74 11 50 6 80 68 71 50 15 31 98 5 60 56 80 75 80 61 82 60 56 54 24 13 35 24 96 82 10 70 55 26 48 6 71 83 75 90 18 6 44 1 48 67 16 83 17 0 25 87 49 98 9 25
90 78 14 41 92 34 54 34 64 53 38 3 76 83 84 28 20 29 95 14 33 91 28 87 29 76 34 89 60 64 2 53 59 15 92 78 45 72 87 34 80 42 4 31 23 42 43 34 53 60 60 39 27 82 78 14 93 26 16 80 94 29 6 9 82 65 20 36 92 69 5 1 35 84 38 66 25 90 45 93 81 61 15 47 8 0 5 81 75 40 64 94 64 9 78 3 66 29 7 36 4 74 49 85 20 59 70 71 61 5 72 84 53 8 39 48 63 10 62 11 39 56 3 4 56 83 43 63 73 89 38 85 24 88 94 10 83 59 84 69 23 30 4 81 30 35 24 74 41 17 76 3 48 13 99 34 14 64 24 58 94 83 92 40 97 36 62 22 37 3 64 92 76 58 58 60 72 7 59 40 45 33 20 63 16 74 26 94 42 39 86 0 97 96 44 28 30 42 72 21 84 14 85 93 67 80 19 24 43 94 9 58 22 99 58 66 8 44 81 58 21 62 39 4 10 26 73 20 74 59 80 68 92 70 85 91 54 88 11 89 56 30 55 41 68 47 65 27 52 85 82 21 77 5 97 53 54 53 27 48 1 72 80 70 11 47 77 70 5 80 99 76 75 48 55 3 64 7 97 93 90 47 70 100 29 33 1 36 93 22 20 83 88 21 16 22 59 28 1 51 79 43 92 79 64 37 37 84 35 49 95 46 86 35 22 69 18 7 6 37 66 44 87 59 24 43 5 96 26 74 62 99 74 36 88 19 28 81 54 45 97 36 63 44 77 34 92 59 94 2 97 12 12 16 91 2 100 28 23 47 93 91 45 78 53 74 46 60 51 47 19 6 51 12 87 59 26 45 40 3 60 53 99 2 56 27 18 99 49 9 63 58 69 35 13 36 100 52 74 8
28 15 34 2 41 92 55 33 86 11 22 44 20 46 92 78 3 74 6 44 16 17 53 53 85 54 7 71 96 44 91 9 48 49 10 72 6 95 71 80 79 25 22 19 23 28 10 40 9 16 21 78 27 63 86 62 85 3 0 53 97 87 34 38 53 18 1 90 3 48 10 39 45 0 10 33 4 65 93 76 45 72 70 48 97 20 65 42 58 94 45 34 56 27 28 98 73 63 58 91 39 3 42 43 45 85 7 35 69 7 69 37 35 23 29 23 48 92 30 57 75 6 43 71 29 30 0 95 48 3 27 87 91 80 12 26 38 3 46 78 34 51 66 22 42 21 76 87 33 8 16 60 3 35 39 28 21 14 17 64 91 57 71 22 73 98 75 81 96 30 45 82 100 32 14 12 35 38 3 87 73 80 82 63 45 29 64 42 2 4 1 45 7 90 10 46 95 90 30 79 34 94 98 27 99 40 63 52 64 0 88 4 27 65 21 100 86 36 40 8 24 24 54 48 4 59 22 62 20 15 56 67 100 16 36 41 83 74 79 20 46 45 38 39 90 24 48 70 49 67 85 95 75 89 91 30 95 51 67 63 30 9 39 23 93 38 22 55 57 95 47 29 58 80 96 17 55 65 64 73 93 48 42 98 53 28 48 78 16 96 60 50 71 93 5 100 57 62 17 11 88 26 100 35 34 76 27 96 66 91 1 58 46 71 80 36 23 12 16 37 53 48 41 39 41 74 91 14 58 27 40 98 10 97 64 36 71 2 80 95 97 5 35 30 92 54 73 54 77 21 7 12 38 10 35 36 39 74 7 61 96 1 52 20 94 43 15 88 7 58 24 24 34 79 43 56 29 57 81 8 53 35 50 27 47 17 30 12 36 67 11 53 24 51 18 92 38 43 87 93
14 59 37 66 33 77 3 77 53 69 13 0 45 31 38 57 4 81 85 35 1 37 6 51 31 81 81 33 29 27 11 87 100 57 20 85 86 68 65 47 88 89 26 2 86 2 74 3 7 87 37 85 93 85 3 18 55 59 74 90 38 73 97 90 91 0 19 65 23 68 57 37 100 29 50 95 12 82 65 44 4 14 80 17 52 93 14 86 67 75 55 51 6 46 34 65 37 36 22 43 82 37 96 58 59 39 83 10 7 12 96 53 42 49 16 11 7 53 68 51 67 70 42 65 80 23 70 79 54 7 75 42 64 74 45 30 9 62 44 33 43 15 64 90 27 96 80 80 76 70 57 81 80 98 24 56 8 36 15 31 29 73 55 28 81 64 56 54 18 74 34 63 20 57 45 81 32 71 46 38 98 50 81 3 77 29 5 78 69 55 84 56 81 59 3 68 20 97 24 41 12 95 78 60 45 13 43 84 49 35 90 48 58 33 49 7 27 69 95 45 72 75 72 39 79 32 24 24 85 92 5 42 97 64 49 5 75 96 17 16 34 79 61 29 41 96 69 5 79 61 58 18 43 33 22 70 98 59 93 23 75 46 80 34 84 89 2 7 28 58 89 20 5 44 70 41 36 2 76 8 67 87 46 87 52 17 27 15 31 17 83 10 35 44 82 54 11 45 56 39 75 59 32 38 98 86 4 92 83 98 10 7 96 52 47 66 95 99 97 34 63 73 39 82 96 92 18 40 83 89 96 32 79 84 82 96 60 98 44 96 47 47 87 75 17 92 10 50 16 60 75 88 49 1 91 18 91 52 69 20 17 70 9 79 21 36 23 13 57 33 4 75 23 50 38 11 58 21 5 89 100 26 76 24 36 32 100 98 36 5 66 0 19 32 98 36 97 98 19 46
11 85 84 97 42 73 38 4 79 81 90 98 69 42 6 25 9 5 81 66 35 46 45 94 66 56 65 7 37 32 93 3 47 16 17 52 24 99 26 22 9 23 29 39 62 26 92 19 77 28 9 81 79 30 67 0 77 45 95 35 88 86 53 47 9 14 51 87 47 83 70 12 15 54 42 3 15 5 93 75 75 41 90 69 40 72 39 85 84 48 79 58 10 64 6 80 27 34 53 28 93 39 7 29 84 50 76 54 15 96 11 76 32 89 78 96 22 74 53 100 18 5 19 49 54 87 77 48 19 19 16 80 47 47 45 27 96 73 27 40 92 81 0 66 24 43 14 14 50 66 68 66 90 40 19 6 72 95 94 47 58 85 24 92 9 74 54 6 71 37 49 25 27 6 90 53 24 50 22 36 72 9 4 13 44 1 8 91 75 43 51 85 66 52 51 96 20 9 87 83 17 66 89 12 13 37 10 43 15 31 57 60 77 41 57 43 86 5 54 41 56 89 81 75 49 73 24 68 42 74 25 62 15 29 57 16 23 29 3 36 52 46 67 100 9 0 30 4 10 82 9 9 6 58 58 56 93 25 0 67 18 98 86 41 38 30 18 24 84 4 56 64 23 37 71 2 95 31 53 10 26 59 80 51 30 49 33 10 67 82 28 70 0 74 88 10 21 12 75 12 23 45 97 2 60 15 3 30 8 64 35 64 75 30 23 41 46 53 15 77 92 37 80 91 21 59 46 17 33 54 19 17 48 96 32 7 76 30 10 40 99 42 58 78 25 8 10 81 48 46 72 94 13 39 60 56 20 43 43 46 54 3 60 45 31 24 6 10 72 7 27 24 19 95 8 4 100 10 92 78 62 83 60 64 98 79 69 64 43 3 71 76 47 31 21 54 27 38 30 83
40 74 41 94 69 98 7 37 42 51 0 59 16 4 97 76 58 55 74 57 87 17 89 54 30 44 30 89 3 63 15 93 55 21 56 89 19 37 93 1 71 30 69 56 3 85 58 90 68 9 29 56 61 23 8 36 2 89 39 88 66 35 12 89 68 47 9 100 43 56 66 0 99 15 42 83 44 20 7 48 10 83 87 42 36 100 94 80 21 9 28 86 15 89 42 11 59 35 63 59 26 60 17 32 65 43 100 93 62 7 12 9 2 43 45 7 21 50 14 32 98 12 63 84 75 77 97 84 63 25 13 7 36 21 86 6 59 86 53 28 55 88 23 71 12 83 21 98 60 53 90 20 72 12 94 51 56 34 20 15 3 27 33 84 33 11 23 15 7 29 98 12 93 40 24 15 34 86 60 68 89 33 93 78 45 85 68 0 63 62 66 9 0 43 92 79 90 43 21 59 96 99 79 26 59 88 13 25 59 53 31 94 89 22 6 100 51 20 36 50 4 42 30 0 71 21 74 6 9 3 27 39 68 71 64 65 54 67 4 11 65 94 16 20 19 42 51 69 10 21 47 62 11 0 49 68 65 81 1 64 22 26 73 53 76 9 98 25 53 14 28 24 73 70 59 91 34 65 84 90 43 47 0 9 51 2 67 43 26 49 64 100 31 1 23 100 19 39 72 33 91 46 54 33 77 28 39 91 86 35 33 31 29 84 20 77 67 21 82 49 51 79 39 47 85 71 32 59 69 48 99 65 23 26 53 97 40 5 63 99 87 93 13 22 61 9 54 36 35 24 89 1 29 71 98 17 13 37 55 77 87 90 69 71 93 58 40 85 100 83 83 57 70 67 45 9 89 8 96 34 85 51 99 48 15 4 100 54 6 34 97 38 39 52 43 91 62 76 17 9
67 26 81 53 38 45 6 29 12 24 52 44 46 96 23 91 43 96 89 91 81 47 14 64 25 30 72 3 20 12 5 98 48 64 78 80 70 9 74 25 35 69 18 45 95 45 26 44 8 69 3 70 74 44 89 0 79 78 66 12 42 97 34 28 6 73 64 58 48 53 50 45 1 28 83 49 7 53 54 27 65 26 7 40 99 32 71 90 52 7 29 17 40 89 38 50 64 20 80 39 59 21 17 27 48 33 10 20 56 100 95 73 78 1 59 61 69 21 69 64 35 87 0 90 73 1 99 15 13 89 3 6 22 3 77 16 49 82 86 24 51 46 93 2 43 69 89 71 10 40 16 92 32 26 96 25 62 23 86 58 18 99 79 54 63 59 76 14 48 70 30 14 41 71 94 59 54 29 23 57 5 29 87 17 60 75 71 22 99 15 59 70 98 72 61 51 39 63 60 60 50 10 33 12 24 25 36 91 1 65 41 64 61 28 17 62 94 27 59 12 22 38 38 63 45 93 28 51 58 44 26 6 69 58 76 75 31 97 97 58 31 84 82 23 86 64 90 37 34 69 87 83 84 85 41 52 57 91 60 52 99 52 45 38 15 69 94 80 94 88 80 64 50 84 75 39 87 15 99 31 96 14 84 25 24 59 56 39 73 24 88 33 71 71 51 60 16 68 84 78 29 99 72 60 64 35 77 87 84 38 3 3 52 51 52 94 100 62 4 52 78 41 57 21 59 50 55 93 19 25 88 52 31 65 29 65 22 29 77 39 64 70 92 1 83 18 72 83 50 93 68 54 44 44 25 23 46 3 21 58 2 90 27 65 23 72 18 81 27 47 89 79 7 53 78 39 50 10 31 61 99 69 99 63 62 75 43 51 33 19 59 12 40 1 44 84 37 50 34 74
34 60 67 68 35 75 25 82 18 72 9 60 5 2 7 85 89 75 36 53 77 70 67 84 83 26 45 35 76 67 67 96 79 44 20 75 22 14 36 70 4 85 88 25 78 79 38 96 58 97 9 13 52 83 8 13 54 92 22 80 25 59 24 5 26 48 99 84 73 49 19 97 55 84 3 41 41 91 59 89 87 58 57 80 17 72 46 68 82 91 42 91 48 44 29 63 81 99 74 30 93 15 36 55 35 70 87 77 68 23 2 2 94 10 43 21 90 80 16 99 79 17 12 86 71 9 12 70 84 26 15 91 64 72 15 35 64 10 40 51 26 0 27 14 12 0 72 90 79 48 65 6 51 91 40 81 88 43 92 29 93 46 72 71 95 25 25 7 52 19 14 53 63 66 99 77 29 26 0 67 76 81 45 38 12 84 21 79 7 92 19 71 32 54 86 26 67 0 99 45 83 74 61 52 59 18 2 9 80 100 6 16 90 74 77 11 32 48 16 50 12 46 36 95 84 77 12 99 65 57 48 69 35 30 77 14 69 84 28 10 8 94 23 18 96 73 4 40 24 36 88 38 8 13 55 96 97 34 97 90 69 100 98 11 22 4 84 68 40 45 86 17 44 5 28 43 33 49 48 13 57 86 37 55 7 50 24 4 11 7 72 33 58 6 10 9 47 87 46 13 99 4 32 44 90 61 39 47 11 55 99 16 49 82 71 61 46 84 33 28 75 45 90 31 33 44 28 31 8 68 27 6 100 87 29 13 57 18 48 34 16 89 41 22 9 23 51 2 11 27 7 96 88 53 5 89 54 67 51 9 56 19 92 74 40 28 88 56 15 3 29 15 24 73 33 14 3 49 4 50 84 45 41 36 51 18 27 77 5 38 100 47 52 92 55 17 31 74 68 68
50 65 57 48 68 26 21 4 63 59 99 3 39 85 36 36 90 99 16 26 6 42 69 97 84 51 89 35 82 91 7 59 93 63 97 88 51 56 36 6 93 89 40 97 4 61 63 60 15 1 70 32 71 89 95 20 14 91 27 62 89 59 57 38 92 67 81 42 94 5 16 87 88 52 40 6 13 54 18 30 35 27 97 7 2 56 25 44 80 0 64 51 74 90 18 44 44 46 17 16 32 53 87 91 88 20 59 48 32 14 11 47 46 81 88 90 80 60 72 65 4 30 38 92 9 12 18 39 98 95 76 75 97 6 94 81 58 57 83 24 47 54 33 13 60 61 18 64 51 54 98 13 42 90 38 43 24 74 0 77 34 45 47 29 17 45 45 67 91 34 89 19 58 65 7 84 85 96 33 45 93 93 76 100 52 79 58 18 35 49 32 48 69 88 38 11 52 87 51 5 13 53 16 7 41 12 69 67 34 57 89 99 86 54 90 32 12 90 59 62 6 21 32 54 27 22 71 63 22 35 0 91 74 83 17 16 51 99 3 71 5 27 26 62 5 24 50 36 3 17 56 95 59 42 67 96 48 61 95 17 75 78 82 53 70 76 50 77 29 44 97 68 59 0 70 27 37 14 10 49 75 44 16 21 6 7 78 100 88 3 43 38 11 4 61 97 96 24 20 37 100 87 73 20 32 73 84 13 47 23 9 29 38 82 36 32 96 46 31 61 59 15 77 62 8 76 100 35 87 53 74 53 45 35 43 28 72 36 90 66 48 35 9 21 72 15 25 13 73 64 22 11 78 75 86 85 41 55 18 93 25 23 9 53 39 56 62 33 6 81 94 34 12 56 37 32 62 33 30 11 39 99 18 20 30 76 27 94 97 36 0 62 52 41 52 29 0 23 53 36
45 33 37 100 11 6 51 84 88 41 98 29 28 25 76 67 49 49 12 52 50 93 10 38 28 32 29 49 48 3 30 61 69 16 56 62 57 51 10 12 94 95 60 66 63 45 47 8 46 79 4 94 97 2 44 29 62 99 20 86 27 48 89 46 82 4 73 46 35 55 43 89 85 33 15 95 47 16 10 26 62 92 9 40 61 54 35 69 16 24 59 69 88 99 82 70 3 29 32 50 53 33 49 12 37 57 22 40 99 30 46 92 51 16 35 36 8 3 60 55 11 81 0 18 59 34 16 59 34 83 46 2 59 96 45 42 95 80 76 59 82 33 10 57 79 74 33 52 87 41 24 8 25 55 9 6 25 61 37 75 72 94 0 90 58 22 95 83 22 26 68 16 74 37 27 50 31 85 12 96 70 88 9 74 47 72 59 93 24 36 75 82 41 30 64 39 66 24 12 71 14 12 64 65 2 41 58 59 93 41 65 94 65 22 9 85 12 1 37 40 85 86 4 68 55 49 13 44 25 69 74 29 42 49 96 45 34 98 76 94 4 40 13 38 83 67 4 29 26 93 92 82 45 45 64 37 97 86 67 39 64 74 9 95 85 52 57 16 54 14 20 10 88 82 20 10 60 16 70 60 39 79 26 50 3 59 60 68 57 16 45 35 99 18 89 66 9 11 90 48 88 63 87 90 2 93 71 60 9 87 44 47 96 66 2 69 9 29 60 96 36 0 78 98 56 64 34 35 24 7 45 76 86 2 35 61 24 77 68 53 26 33 22 24 62 96 2 17 61 22 92 26 57 14 60 57 97 46 6 53 82 92 37 94 93 34 38 95 35 6 5 41 10 62 52 79 79 32 88 77 2 45 44 18 60 82 37 38 76 91 82 52 44 88 71 66 8 42 75 84
60 34 19 75 77 13 92 75 87 65 78 63 50 49 1 53 36 56 6 36 37 52 99 52 68 27 14 2 2 85 19 54 0 7 50 5 3 97 88 3 19 36 56 22 2 67 77 27 98 93 52 53 55 48 4 9 34 64 42 35 73 93 38 36 18 54 12 69 38 64 64 12 100 91 14 16 30 8 37 76 93 43 95 45 72 94 21 28 9 92 98 88 49 41 76 8 54 8 27 20 23 43 78 25 12 74 55 20 18 26 85 30 34 83 99 2 17 71 39 94 66 31 49 78 10 20 11 83 12 81 24 95 8 2 52 61 87 42 37 4 88 50 100 37 39 61 67 60 77 69 95 69 31 50 40 97 40 17 90 52 94 11 1 57 0 53 85 91 58 8 13 46 58 92 26 3 13 31 76 99 96 90 18 41 52 21 51 72 34 29 80 82 49 97 61 68 68 6 63 65 68 38 50 100 48 97 89 86 34 95 0 44 16 30 18 81 34 47 55 21 6 51 42 3 38 37 87 96 43 35 64 6 100 53 93 70 9 93 46 62 14 54 75 3 39 96 97 16 6 18 52 28 23 70 67 92 93 84 81 87 44 26 6 49 32 90 19 34 23 62 69 12 95 98 66 90 26 88 32 19 26 27 69 91 59 58 39 37 94 70 6 86 57 72 38 12 55 58 96 55 5 5 64 43 28 99 19 51 1 87 16 10 96 30 31 11 61 95 87 15 98 84 32 52 94 13 5 93 82 24 7 37 33 36 11 35 44 88 68 19 2 35 48 61 9 20 84 71 53 56 8 3 5 56 11 89 74 52 96 67 48 54 13 25 58 40 18 35 76 48 56 34 12 98 11 19 92 18 58 99 56 97 40 58 34 39 1 86 74 22 47 61 83 13 86 30 98 96 97 4
88 26 96 28 20 91 3 18 48 43 9 74 22 15 21 30 45 55 31 17 89 79 45 62 40 43 3 69 85 53 41 3 69 21 71 72 45 49 93 67 46 25 55 55 85 21 17 57 41 2 42 10 60 77 81 12 80 34 20 61 48 65 92 46 67 97 72 16 74 39 29 67 64 83 78 51 63 48 72 65 37 24 66 31 31 68 76 35 87 87 58 78 8 31 65 56 99 22 1 76 74 20 31 96 54 21 76 92 13 38 2 60 63 94 9 40 33 3 26 77 46 1 65 10 32 56 40 88 70 1 90 94 49 84 85 60 83 54 77 51 78 46 85 10 74 31 6 95 4 30 42 73 42 15 62 77 96 67 92 90 93 62 0 93 6 52 14 44 59 39 48 73 51 32 71 18 4 22 8 60 4 3 89 36 78 77 92 35 15 99 46 57 43 93 73 20 37 98 73 77 50 95 19 46 20 73 87 22 35 77 65 71 9 96 10 0 89 37 82 18 81 8 40 88 99 20 56 44 49 22 15 44 94 66 86 78 54 48 56 88 41 7 66 88 48 8 84 9 82 60 44 56 88 35 62 23 83 9 32 62 80 85 94 37 85 14 62 89 17 59 25 53 71 10 21 35 89 80 56 55 25 5 32 16 55 70 10 96 3 76 43 60 27 15 91 1 54 34 89 87 50 81 7 9 23 42 71 55 39 94 26 27 87 0 11 58 36 19 17 3 31 2 8 77 95 14 87 91 65 68 35 63 93 56 33 91 58 73 56 48 41 82 92 28 91 53 67 40 26 75 50 82 49 49 67 3 43 66 81 99 37 53 82 76 76 55 16 8 98 26 52 78 71 33 90 17 61 93 12 79 52 49 65 65 29 53 67 20 10 83 34 25 29 68 14 2 90 23 61 71
70 4 3 92 73 81 58 46 31 86 72 82 87 31 65 87 63 11 89 4 15 83 29 74 43 86 1 30 25 100 82 80 96 4 54 99 50 8 3 76 61 35 100 44 70 82 79 21 45 26 4 29 61 26 84 51 61 13 11 69 71 31 33 60 47 10 11 59 55 75 82 41 23 36 46 81 29 17 67 11 24 3 81 39 41 86 76 88 94 12 19 37 96 0 73 74 46 40 66 71 20 72 33 14 21 76 94 52 71 58 20 87 35 60 32 1 54 24 81 51 71 41 75 16 14 24 35 31 0 90 59 82 8 22 12 7 86 24 18 30 16 83 3 22 19 99 39 26 99 18 40 97 41 28 7 78 6 78 40 17 2 78 48 41 55 96 53 23 2 6 92 75 29 62 54 48 59 1 75 46 6 81 91 85 89 34 41 88 63 2 83 68 7 93 24 82 85 77 79 20 84 75 15 76 63 30 42 17 3 92 15 65 89 57 63 30 21 42 87 68 0 25 3 33 52 25 2 49 43 78 1 68 85 15 31 53 43 7 61 85 93 96 0 88 72 4 83 78 32 51 4 58 30 41 11 21 98 3 11 59 10 69 5 11 26 14 46 88 56 45 56 42 68 12 99 23 64 49 25 62 49 30 30 20 54 45 50 45 25 64 52 87 93 70 11 98 80 40 40 33 35 43 71 30 7 99 20 78 27 88 78 69 28 1 11 88 74 7 89 59 10 76 61 50 4 70 28 66 50 42 52 59 62 16 82 42 52 64 51 67 25 44 75 47 94 55 58 49 31 53 47 100 4 43 93 39 77 57 57 49 47 35 19 63 70 53 51 73 13 41 70 90 1 95 59 81 68 35 100 45 4 34 39 46 87 79 20 85 11 76 50 17 95 87 69 40 22 1 65 89
10 21 65 99 8 97 98 5 12 50 78 46 7 9 24 79 35 48 67 98 50 60 17 53 7 98 49 22 46 71 58 45 40 0 11 7 50 41 85 69 77 6 65 95 8 90 64 78 34 59 5 59 58 42 19 81 72 78 9 57 85 2 27 40 37 50 7 16 40 89 78 30 86 84 97 23 48 63 43 47 41 97 12 43 45 8 67 39 7 46 58 41 80 43 28 73 5 41 78 82 78 33 69 77 81 87 72 5 12 94 55 56 1 95 97 19 83 71 73 82 33 34 93 56 67 19 63 9 23 75 11 71 32 41 80 84 49 86 17 92 59 29 18 29 33 53 31 96 20 2 34 94 43 41 64 87 69 76 97 24 86 79 41 14 61 46 83 10 57 9 58 26 1 3 26 25 85 46 90 52 41 46 24 91 8 28 45 25 1 67 20 85 81 93 6 55 54 0 75 97 1 89 47 13 16 65 12 71 90 13 71 92 28 18 50 55 86 84 21 44 5 58 39 40 18 85 38 17 80 58 70 95 39 8 53 86 17 79 58 12 37 52 8 3 77 100 87 86 86 7 79 57 39 45 17 85 7 70 82 74 96 25 25 6 63 11 58 73 58 14 11 85 58 81 89 23 37 18 98 33 86 8 4 30 91 86 30 1 32 55 19 61 72 58 91 20 25 83 9 76 50 29 81 40 69 47 75 38 12 14 54 67 84 20 77 28 55 80 12 46 0 84 55 7 72 9 15 27 49 12 97 78 59 89 82 6 7 18 97 21 50 28 72 86 41 71 65 46 16 5 83 31 91 85 33 95 6 28 29 75 47 45 91 98 96 92 24 82 33 28 18 85 73 59 77 94 25 8 59 52 77 1 14 62 69 14 60 52 18 100 42 85 85 50 32 6 66 40 46 46
53 62 69 9 13 65 83 20 58 37 10 71 37 92 3 27 100 25 25 4 5 45 7 87 15 84 31 26 88 90 28 45 55 82 27 40 98 59 96 2 33 5 97 68 72 33 16 21 44 88 7 24 20 44 25 74 46 48 53 84 4 99 6 34 69 14 50 52 91 11 79 10 18 65 49 100 99 54 6 86 97 26 58 75 93 7 93 82 31 28 62 38 45 27 52 12 18 73 25 35 53 90 64 53 41 53 49 79 36 37 29 67 22 20 71 77 95 32 83 45 55 16 5 59 56 81 53 25 64 87 30 3 88 90 59 81 89 59 38 96 43 81 6 69 68 27 94 61 37 55 7 41 99 32 22 75 11 83 1 60 4 34 25 49 14 47 94 76 90 66 82 58 13 32 41 12 49 100 16 92 71 32 30 73 16 78 67 33 85 91 3 71 71 90 31 11 23 78 42 34 12 39 29 64 90 63 47 38 63 30 17 90 51 61 12 56 93 36 68 40 3 93 45 20 14 29 24 5 15 4 79 90 24 12 80 79 8 87 93 21 8 58 7 18 44 23 53 15 52 95 36 85 24 44 82 99 13 45 87 66 64 40 48 91 76 8 9 11 8 29 65 3 6 41 51 84 80 28 61 39 86 83 22 49 11 83 34 63 33 31 67 39 11 23 77 81 22 31 27 34 18 89 97 42 13 51 57 87 58 100 63 23 70 94 23 38 15 22 74 90 95 81 1 6 79 93 42 60 62 87 65 78 77 95 16 90 5 12 96 47 45 33 22 3 99 99 79 75 14 79 7 32 39 70 21 77 98 100 42 30 27 54 40 18 96 59 43 44 61 8 93 67 77 7 6 0 64 61 78 42 22 94 77 94 23 43 29 50 67 75 35 3 43 23 77 60 33 73 61 28
67 60 100 27 80 85 86 100 50 58 50 37 23 4 56 1 74 18 61 37 24 51 54 77 24 33 56 66 85 77 82 66 82 100 6 49 37 43 76 0 46 35 35 66 18 84 10 91 20 35 15 17 66 82 13 65 7 13 54 85 44 6 87 21 27 53 1 5 42 6 78 64 43 72 7 55 57 54 73 97 57 57 33 57 71 0 43 43 98 80 45 10 19 64 67 44 67 34 89 9 75 5 27 49 90 90 36 31 27 58 88 45 60 26 54 53 75 59 85 96 64 12 67 38 50 93 23 64 72 66 66 88 40 72 66 53 39 48 98 24 24 100 72 23 58 60 80 3 12 23 79 26 99 29 93 63 58 99 18 0 24 57 67 3 62 53 81 9 85 67 32 32 52 43 77 47 69 42 66 18 16 39 2 18 17 94 72 26 90 23 21 4 42 27 99 8 76 58 20 49 60 22 89 5 43 16 98 29 40 50 59 32 57 98 10 81 91 23 76 19 10 15 39 17 77 6 78 82 61 73 60 57 61 15 2 81 16 83 10 79 24 78 16 51 48 79 17 50 93 70 85 2 85 39 81 12 23 6 14 97 61 21 87 31 5 22 16 100 6 86 52 0 10 59 58 7 19 52 41 54 18 61 65 70 23 24 55 68 28 23 97 44 65 49 8 4 81 88 59 95 98 28 21 40 65 74 6 29 28 62 93 44 36 13 63 40 97 93 34 96 93 89 24 21 88 33 12 58 62 40 53 99 11 89 41 67 5 10 92 34 40 67 77 100 45 3 9 87 96 9 96 55 73 92 80 27 26 18 87 94 51 96 98 70 68 37 43 85 75 2 74 35 88 79 40 94 15 29 1 75 45 92 6 18 27 55 69 43 45 18 41 65 60 13 5 19 65 55 0 38
54 92 92 28 24 8 18 11 25 60 27 75 70 27 68 57 46 52 80 50 18 95 58 68 64 82 60 60 59 82 6 17 9 70 10 14 26 21 47 25 52 89 93 40 31 10 87 37 2 49 46 10 46 44 68 81 22 54 57 5 89 10 65 89 20 48 34 78 10 13 13 6 59 80 78 94 92 27 89 11 39 51 44 78 3 26 93 22 31 12 43 5 98 31 40 62 83 49 2 72 24 21 86 6 83 15 61 77 76 40 81 53 53 48 70 23 71 73 42 1 84 78 36 47 48 14 63 7 38 63 8 96 84 17 64 25 18 45 61 65 52 67 5 5 41 97 63 45 10 34 70 74 6 14 73 6 46 71 82 19 5 64 53 14 37 9 96 94 88 78 90 31 75 70 15 7 23 24 72 98 58 8 93 17 95 86 69 98 54 85 67 9 85 9 21 19 65 9 91 100 29 5 99 50 89 53 81 45 29 23 53 33 35 20 13 100 21 17 100 89 87 30 89 6 10 75 51 52 10 80 14 87 90 13 59 78 53 39 96 51 67 7 59 4 73 29 79 75 47 29 70 30 29 91 81 22 98 62 54 31 12 93 77 29 40 26 30 60 60 7 40 94 3 46 91 64 55 44 13 20 5 85 31 32 65 31 2 34 55 27 32 27 96 99 15 49 10 77 18 38 29 63 18 47 35 77 59 60 49 83 40 21 29 90 14 25 20 77 98 46 71 61 4 79 6 23 91 51 73 83 9 64 85 78 71 85 96 26 94 81 71 75 43 43 39 76 43 57 72 26 100 99 94 21 81 30 59 20 17 76 10 41 28 96 71 4 82 69 49 44 87 77 13 93 66 88 77 61 92 66 83 46 47 40 78 40 64 34 38 85 54 86 56 96 69 49 28 81 100 80
1 9 58 78 80 54 75 71 95 26 70 0 74 5 20 73 34 20 2 56 50 100 98 52 5 94 61 49 94 60 78 53 18 77 38 59 63 66 17 20 95 72 25 32 46 20 38 68 89 52 0 33 26 65 51 80 94 17 72 14 39 99 52 30 40 51 15 57 67 21 94 67 52 85 20 36 65 76 57 76 71 90 41 67 98 45 79 27 89 55 68 36 23 48 57 33 4 9 81 49 25 92 31 98 25 85 48 69 3 80 2 2 74 35 22 75 18 62 17 48 40 50 23 67 93 4 39 69 40 21 8 34 9 14 10 76 32 58 81 93 32 79 70 60 53 11 76 50 76 31 24 76 26 75 32 7 49 66 84 98 87 91 79 17 35 17 29 73 17 86 43 94 40 86 37 69 97 3 53 14 53 44 20 23 78 4 73 12 74 11 27 81 52 53 4 80 95 50 55 4 38 6 64 69 75 81 9 75 76 87 66 46 7 21 27 55 3 84 93 91 71 17 55 95 5 78 90 78 35 46 41 48 79 76 3 62 94 62 100 48 67 23 52 73 94 22 11 47 32 25 46 62 46 3 80 74 24 97 64 95 81 93 24 45 81 49 87 79 49 68 13 86 3 61 82 67 54 22 43 100 52 95 89 53 42 71 21 70 90 83 48 61 60 94 50 41 4 63 61 25 76 50 95 99 90 97 64 80 30 0 82 33 74 47 60 83 73 13 69 69 44 82 30 5 95 75 36 65 15 60 93 20 91 34 9 97 69 68 95 74 57 96 2 46 47 98 32 90 82 87 16 59 38 10 52 95 44 86 34 69 58 45 86 15 74 97 90 49 83 98 54 34 23 64 60 77 87 3 47 21 99 44 51 45 92 1 93 16 74 90 47 92 90 70 45 45 17 21 37 88
18 32 30 29 59 24 29 94 54 89 97 28 79 22 67 7 87 2 15 8 84 28 51 56 11 37 30 23 12 66 58 52 41 28 47 21 92 31 50 51 6 59 59 46 8 70 42 40 28 72 27 30 82 4 71 32 45 99 15 52 24 47 82 8 28 15 35 95 14 70 87 92 68 35 20 63 71 16 54 12 39 31 69 99 12 64 94 67 100 23 43 76 44 48 10 44 44 59 63 75 50 69 34 12 22 24 98 10 59 57 35 36 38 68 95 12 6 97 13 71 97 40 92 32 70 35 71 10 49 76 64 71 61 43 42 9 35 8 5 56 30 18 85 49 38 55 30 94 38 77 47 3 48 36 31 22 74 75 9 63 62 92 93 68 10 68 66 70 81 81 30 64 35 84 72 24 96 47 6 25 69 43 44 14 96 73 60 83 80 33 21 75 61 63 67 31 39 76 65 37 96 76 99 9 45 99 7 81 12 47 77 71 95 69 26 55 45 65 60 33 69 61 81 35 0 30 89 100 17 83 0 37 30 36 6 25 8 16 12 60 80 40 81 23 9 32 96 9 26 98 60 74 58 27 13 99 15 81 19 33 54 45 87 63 5 72 39 5 90 21 87 69 88 22 36 96 20 100 84 63 9 80 48 80 1 2 68 95 94 86 75 47 45 33 40 64 69 82 84 51 78 22 79 21 36 91 46 3 42 84 79 72 19 53 65 20 73 70 95 67 6 52 34 73 38 71 21 75 39 78 96 73 10 59 3 19 26 96 71 46 74 67 52 1 57 68 32 37 6 48 51 51 62 92 3 38 5 48 6 6 2 96 86 64 40 38 28 35 5 21 63 26 49 36 42 97 5 33 63 38 49 11 20 67 79 64 78 21 58 68 27 94 42 2 56 33 74 3 26 36
98 17 28 56 92 88 30 83 65 9 81 53 6 32 69 100 96 11 68 31 3 45 47 4 82 8 84 33 75 57 45 46 83 71 68 50 96 33 40 67 47 48 88 26 21 99 80 22 57 70 16 75 60 24 8 36 74 67 34 89 28 32 25 82 98 20 47 49 32 98 56 46 72 62 59 73 89 23 67 49 0 62 55 30 3 7 1 47 13 90 28 47 21 81 54 75 59 94 24 9 12 13 24 6 83 70 96 12 18 9 14 95 57 9 30 2 8 86 56 21 73 14 54 84 97 19 47 73 7 27 8 58 42 41 36 65 58 67 11 5 72 66 63 23 12 37 99 82 97 77 88 74 12 0 41 7 46 100 20 57 32 37 38 58 7 21 81 19 48 85 44 53 9 36 65 48 15 27 96 85 58 59 100 59 90 14 94 92 68 54 20 57 38 78 50 77 93 9 61 48 12 23 59 70 25 74 18 26 8 24 74 25 39 87 34 40 15 89 26 33 31 22 10 79 53 6 45 40 100 46 100 84 52 98 66 66 1 21 3 31 65 17 91 87 37 84 67 50 38 68 16 55 99 63 34 91 31 77 21 16 95 24 92 47 80 15 67 52 2 71 9 53 28 48 87 65 30 2 65 94 26 26 81 44 92 99 100 42 1 57 22 18 60 55 77 2 17 39 83 32 57 18 98 93 99 78 38 98 69 76 18 49 26 8 21 96 87 89 88 74 87 30 75 66 50 65 20 94 16 100 69 26 51 45 55 24 28 98 96 17 28 9 91 2 34 25 98 100 18 3 12 8 83 16 74 47 0 55 22 21 89 33 21 56 88 37 86 87 56 74 79 32 76 37 77 79 1 43 5 19 62 49 94 3 76 89 80 29 52 21 20 11 48 1 82 32 4 51 70 31
9 76 41 96 86 25 66 64 9 45 89 100 98 83 87 26 99 29 72 96 45 6 54 9 95 14 57 81 71 60 45 31 11 41 38 58 87 86 26 84 44 5 91 68 0 48 45 50 61 59 85 73 54 100 28 49 24 24 97 27 55 99 47 89 73 9 54 70 52 92 40 85 3 87 78 52 42 2 7 82 21 99 10 84 61 72 38 4 41 53 14 88 56 41 87 65 91 28 60 95 31 49 29 2 82 100 41 16 28 91 1 43 8 29 94 64 14 60 68 94 44 39 69 8 99 47 45 1 97 23 47 16 25 92 92 69 47 28 43 76 15 21 41 10 59 93 53 79 69 66 37 43 96 48 60 86 96 18 10 21 2 27 81 24 46 51 18 52 41 10 90 62 89 44 36 55 98 23 51 55 94 33 57 73 44 14 87 1 25 93 35 62 80 90 81 41 69 91 63 55 27 15 10 53 66 37 97 4 0 44 84 55 67 46 45 14 88 1 67 35 19 16 3 26 12 43 84 0 61 100 61 20 92 1 61 79 24 39 29 76 12 21 84 28 25 97 16 80 15 12 44 92 56 54 48 17 24 11 3 9 3 46 79 99 47 95 22 62 100 41 54 60 83 24 64 73 6 4 43 60 52 41 70 17 35 79 50 41 13 55 32 97 3 42 26 56 44 62 8 6 24 22 73 4 71 58 30 86 32 85 85 83 84 80 14 9 10 89 2 85 52 67 59 58 59 86 40 15 87 46 16 6 51 95 100 8 43 22 18 41 22 14 6 44 93 85 62 2 23 35 20 81 89 21 44 7 45 34 93 70 90 32 22 35 81 98 63 8 28 75 51 50 81 76 63 15 15 74 78 36 59 19 96 5 96 8 95 95 34 24 27 91 37 99 4 14 62 84 35 55
17 54 48 92 92 74 45 94 70 76 53 30 82 32 29 55 13 56 95 24 45 59 45 86 28 49 83 36 64 90 55 66 11 84 53 7 74 12 66 38 89 86 48 1 83 19 57 26 100 34 82 14 3 69 38 24 19 40 7 33 90 100 82 47 60 31 51 15 9 20 10 58 72 92 13 4 44 90 50 9 55 3 20 44 59 89 15 52 31 100 62 21 98 17 96 26 69 67 32 97 90 17 93 96 33 8 84 69 31 72 27 11 28 36 93 57 50 39 14 93 57 99 50 18 39 18 100 34 11 56 39 47 20 52 71 46 59 33 24 31 74 61 75 65 2 78 11 9 22 50 34 25 28 15 29 40 10 44 51 84 58 90 41 64 22 0 55 66 52 75 11 62 60 24 60 44 68 99 61 24 46 17 90 73 95 47 50 89 2 96 19 93 21 70 18 3 28 52 98 49 12 20 87 31 63 94 22 30 77 33 59 11 45 24 42 39 52 79 37 47 81 94 5 48 64 26 19 26 52 29 58 61 3 88 69 82 84 77 80 49 37 40 50 19 86 68 25 54 35 88 98 9 36 53 91 64 75 2 44 73 6 49 5 88 73 100 34 10 60 28 75 19 53 33 97 5 49 41 94 72 3 44 78 55 15 27 10 22 27 74 20 38 55 87 65 30 39 50 95 22 19 59 25 72 25 85 31 69 46 5 37 3 44 85 10 84 77 69 98 48 33 73 10 95 50 9 39 1 51 55 67 0 19 63 55 81 13 82 53 20 30 23 84 68 25 99 99 94 65 57 66 95 27 48 53 12 70 20 31 100 10 94 21 97 70 32 5 33 71 73 57 9 80 81 25 81 60 50 54 4 86 20 5 5 17 82 99 22 47 87 45 57 62 74 34 73 56 70 60 67
8 56 98 4 80 4 91 71 72 43 65 58 60 76 93 18 34 26 16 51 78 15 34 15 1 8 8 51 19 15 39 80 96 27 36 18 92 28 5 46 45 96 17 89 21 31 93 43 98 35 82 75 100 76 71 80 25 54 52 39 54 20 49 33 11 58 40 74 69 45 34 79 72 44 1 36 27 50 79 82 12 2 22 97 96 37 5 30 8 2 80 85 21 7 61 92 17 39 14 89 70 77 89 62 75 0 82 20 16 64 76 68 56 44 16 25 64 86 76 90 16 14 27 79 94 3 69 99 53 12 74 56 5 52 6 56 74 49 24 96 54 46 62 70 78 1 60 97 31 79 18 50 92 52 50 22 4 60 57 7 44 13 58 99 45 13 16 38 26 66 97 10 33 60 45 95 67 64 21 21 40 85 65 47 14 79 67 77 70 0 45 38 39 25 14 5 46 32 91 25 32 77 66 70 80 62 12 0 6 20 31 73 41 70 66 63 96 90 16 26 48 97 25 81 26 79 46 81 77 34 66 22 68 25 95 97 16 100 57 91 22 9 68 4 64 32 39 80 48 99 81 71 16 44 99 95 10 54 29 87 57 40 0 10 36 57 83 84 81 73 62 46 25 78 41 77 70 11 44 14 82 93 70 24 4 28 34 8 69 92 90 8 63 35 68 37 100 21 35 84 21 93 96 90 84 34 14 28 11 38 87 47 16 97 59 76 96 98 79 12 97 69 24 33 98 68 63 82 3 43 85 69 49 18 86 0 62 18 39 33 10 37 8 13 14 48 93 20 29 47 13 84 7 70 53 77 83 78 23 46 56 0 90 7 48 7 16 66 79 42 43 64 2 77 72 57 80 49 95 33 47 99 39 6 65 33 60 55 89 58 6 63 40 87 91 80 31 57 82 44
30 78 25 13 37 37 18 21 84 30 74 18 39 24 83 100 38 28 56 89 100 53 6 63 66 10 35 37 19 66 29 23 51 92 39 50 52 27 27 13 23 79 29 45 11 79 25 27 32 5 52 79 53 65 28 54 67 50 83 82 99 92 41 31 5 21 14 97 27 13 56 72 26 61 88 61 98 7 86 69 12 28 5 94 32 8 23 50 48 37 32 63 25 15 88 99 33 69 92 22 46 68 33 22 95 72 44 72 7 89 66 9 13 94 39 36 97 41 57 2 34 27 12 39 15 93 51 31 76 87 98 40 100 39 43 3 18 19 15 5 68 88 64 43 38 86 80 57 91 50 71 0 71 0 20 76 21 24 78 69 23 3 32 19 13 23 2 11 88 54 81 16 4 74 58 98 5 12 3 57 60 39 99 49 90 36 32 82 69 88 73 43 31 90 16 13 43 79 40 32 54 75 89 38 95 23 21 56 41 7 77 86 94 24 52 4 78 45 12 66 4 67 4 43 40 15 97 27 9 44 7 54 27 38 35 14 50 32 20 68 38 11 38 9 37 59 94 18 86 92 86 34 22 56 7 80 86 93 11 51 9 18 16 57 78 56 79 40 14 87 85 57 9 67 52 15 39 69 36 59 16 63 17 99 73 84 44 50 2 3 60 1 31 34 91 84 34 65 44 22 100 0 79 94 7 1 4 56 27 19 63 7 51 33 52 81 40 50 46 89 53 75 47 71 93 39 54 12 41 7 9 100 22 50 54 81 23 16 71 2 44 43 15 66 48 16 79 62 1 74 86 85 86 43 72 25 18 87 13 28 69 16 87 16 25 44 56 100 48 59 50 70 50 41 45 3 33 69 86 43 61 65 95 82 5 74 84 21 79 87 49 54 28 84 35 85 33 77 62 6
26 53 27 57 100 44 13 100 33 28 46 84 3 63 17 88 88 16 65 77 56 87 5 89 96 35 74 36 26 83 19 10 28 7 29 73 41 35 15 39 64 81 17 59 79 69 100 5 54 1 68 60 67 95 90 85 76 80 76 74 78 57 41 45 16 63 61 18 26 24 43 1 40 36 35 45 11 37 36 18 6 93 49 64 26 80 33 74 65 44 14 7 15 83 45 100 13 58 4 70 16 38 46 46 95 95 33 61 58 49 45 55 57 8 83 5 97 84 33 64 58 23 66 44 73 39 14 44 32 67 6 81 41 37 58 98 10 75 26 85 80 82 75 98 86 90 28 13 40 4 7 95 65 6 43 48 49 68 100 81 71 58 78 81 68 26 28 55 53 38 51 29 15 84 26 36 95 16 23 65 88 43 82 78 11 59 93 25 50 46 65 43 14 29 44 31 14 26 46 1 44 1 92 36 22 9 63 37 60 29 58 51 10 53 31 76 56 47 59 2 81 32 94 97 28 1 13 65 36 61 97 63 13 36 91 37 54 38 87 35 15 17 45 13 83 37 75 60 77 37 87 93 20 66 87 4 59 18 86 27 34 17 61 0 2 44 20 27 49 66 13 38 97 52 75 8 54 98 15 83 73 2 26 38 17 65 27 46 88 93 7 36 6 26 76 79 64 57 3 1 9 92 70 56 14 69 69 56 77 25 79 81 20 40 8 62 17 46 44 17 50 57 10 59 63 11 70 0 78 39 58 79 30 48 40 59 21 64 26 88 7 94 90 19 50 93 77 53 51 58 41 73 71 5 46 35 18 99 63 41 87 61 45 13 69 51 31 65 30 90 50 39 20 55 2 35 80 7 43 75 34 15 96 57 10 56 38 17 57 99 15 96 92 98 34 53 31 67 2 3
98 5 59 99 46 78 15 26 3 80 40 79 82 81 25 48 8 27 81 27 65 20 51 62 94 88 90 71 59 16 52 6 79 23 24 53 24 72 96 19 66 98 93 84 8 72 27 74 82 52 36 89 61 37 97 5 49 8 55 5 44 96 54 78 79 80 90 33 7 37 38 72 3 2 1 0 18 0 50 85 99 98 97 25 68 82 51 69 29 47 81 86 61 41 39 100 36 19 72 15 9 78 32 19 57 80 26 75 92 50 60 65 25 89 38 57 31 10 77 96 2 44 96 60 100 78 58 86 41 82 68 81 62 100 77 94 43 21 1 33 1 10 61 75 12 7 9 52 47 73 51 91 82 75 98 24 4 16 91 86 78 58 53 46 17 77 82 11 54 0 34 7 21 31 58 56 68 25 74 27 83 26 38 44 52 15 78 63 45 69 22 27 1 67 74 8 21 33 39 97 89 31 22 12 15 72 67 84 13 74 72 77 35 24 80 63 27 42 18 50 50 9 67 8 91 87 36 44 39 29 64 64 68 0 11 90 83 30 12 54 4 69 18 32 15 49 84 82 95 30 66 7 70 95 14 67 61 73 59 8 86 82 89 28 88 61 63 64 38 41 86 60 2 53 4 26 30 60 21 18 15 13 32 42 37 23 94 79 36 24 52 70 39 65 11 18 42 60 94 86 64 33 100 25 80 30 53 32 25 38 81 41 78 66 74 91 14 60 62 93 63 75 77 51 23 60 74 47 40 93 25 91 14 91 91 8 88 27 54 86 21 8 51 8 3 79 80 26 76 98 75 69 98 8 24 30 86 6 48 78 39 45 71 91 75 100 78 43 93 94 23 33 67 52 39 62 41 8 55 32 14 56 46 67 27 64 3 58 2 93 83 47 94 7 40 29 86 1 24 79
72 72 67 69 98 11 7 60 28 41 42 27 63 20 70 51 94 18 30 88 68 25 42 2 52 69 77 84 61 34 71 61 33 33 8 72 38 15 16 89 57 53 54 0 84 99 26 10 70 37 20 81 41 89 8 29 77 42 99 44 18 44 79 58 32 68 76 22 88 56 22 79 23 88 77 79 65 35 80 56 79 59 60 56 55 86 61 73 52 83 39 15 1 9 85 73 13 59 27 19 11 56 90 73 14 80 84 43 25 12 89 43 86 87 54 1 46 9 86 100 87 98 41 70 67 98 12 97 38 98 48 29 64 71 28 98 84 52 40 17 7 93 11 59 8 3 95 12 4 57 5 98 99 48 88 79 72 70 74 7 38 72 35 15 11 93 37 2 37 100 15 74 79 57 39 0 88 68 92 46 40 30 45 8 72 38 18 10 48 75 62 83 88 29 6 31 31 29 68 38 44 54 86 81 74 37 69 98 63 18 96 78 46 96 48 3 97 39 5 30 96 61 83 28 94 88 50 24 47 91 40 34 57 53 64 88 27 69 60 26 96 96 66 70 15 20 4 79 52 62 79 48 13 76 47 26 83 76 25 18 29 51 67 31 95 20 40 71 8 43 76 6 38 50 13 93 79 65 69 95 60 23 29 39 10 93 97 3 40 74 99 41 29 22 13 60 41 81 56 95 9 53 67 56 77 88 7 96 2 43 45 1 18 42 76 16 74 71 83 27 99 94 16 21 56 31 69 48 27 30 55 10 58 86 35 21 74 26 96 64 2 50 2 16 32 79 29 26 28 16 3 44 60 74 24 58 33 17 77 10 94 23 86 18 95 56 37 97 19 1 34 85 35 49 67 16 65 28 96 8 91 85 38 50 54 41 58 48 78 71 98 9 49 54 98 71 20 13 33 88
52 5 64 57 65 98 40 69 81 34 30 90 35 88 36 88 51 79 95 1 52 8 99 43 31 34 74 17 26 12 96 41 56 63 13 3 64 36 17 9 86 30 33 55 41 75 65 54 95 59 85 12 47 34 7 49 79 16 61 90 78 15 47 45 26 99 39 87 64 36 62 57 85 43 58 49 59 77 77 19 3 35 96 18 3 42 20 24 47 43 71 3 22 45 70 89 24 32 50 46 11 99 27 69 98 29 53 64 12 65 59 2 37 43 100 53 36 28 29 51 15 99 48 40 58 80 65 46 47 92 27 80 61 13 28 81 90 76 15 70 63 99 78 46 55 11 98 64 94 92 88 13 71 66 78 32 3 78 45 83 67 11 91 12 14 86 100 93 99 59 19 59 88 44 75 79 100 73 76 63 68 74 91 89 12 3 13 22 45 44 68 26 100 64 95 91 82 28 24 9 66 29 91 8 98 9 98 1 28 61 93 20 49 36 79 6 69 66 50 92 18 19 19 7 10 0 28 40 42 79 35 10 52 43 86 37 53 38 15 77 60 79 6 21 18 46 33 46 14 42 36 99 51 21 36 26 71 6 81 79 17 37 34 28 89 88 11 73 6 34 95 52 91 48 62 66 71 48 27 47 10 12 84 48 42 29 16 50 12 14 89 98 45 76 38 71 2 86 100 57 67 33 5 76 84 52 1 97 70 54 76 7 64 95 99 91 85 62 94 28 50 17 53 58 98 32 44 21 87 86 16 96 65 28 10 58 88 73 76 3 66 88 19 87 83 70 87 48 52 6 32 9 31 66 80 69 66 97 8 84 78 13 27 60 22 69 29 59 69 85 25 44 93 84 60 57 32 43 2 36 92 61 87 70 97 26 12 30 10 2 16 36 51 72 31 51 47 73 17 89
94 62 96 72 16 85 73 91 74 62 45 73 70 56 65 32 37 32 96 39 42 76 87 68 40 96 79 77 33 55 29 98 57 51 87 74 27 95 67 71 16 19 39 26 70 88 6 52 25 7 1 74 49 87 81 29 16 23 97 62 20 15 77 87 53 68 2 41 43 78 43 73 84 95 33 27 58 90 82 90 48 76 16 25 74 98 81 63 71 38 7 67 34 87 75 95 95 92 0 43 67 13 62 67 95 38 63 16 49 36 93 100 85 56 64 44 5 18 94 85 8 52 24 70 80 35 42 90 81 34 72 65 98 33 65 74 87 93 85 42 77 9 56 58 7 97 26 75 46 51 4 75 26 1 7 5 38 24 38 33 89 100 30 49 58 64 49 85 90 70 93 20 6 20 16 69 8 70 16 29 39 20 6 41 97 32 74 94 77 44 15 89 84 94 64 79 37 27 52 51 3 46 4 86 3 55 93 9 48 22 66 53 80 56 15 8 100 21 90 11 86 59 37 27 93 28 21 32 52 80 59 66 64 3 26 3 47 94 96 14 64 69 76 30 33 57 42 71 1 55 90 11 84 65 73 17 49 4 35 26 6 67 24 55 80 75 37 63 28 1 42 98 23 6 54 28 21 3 15 43 77 43 48 36 14 38 71 19 27 77 31 29 70 7 87 29 99 51 88 19 0 49 1 18 9 47 66 69 26 25 28 13 48 82 40 12 46 66 79 69 27 2 47 44 11 19 31 33 92 22 91 71 35 18 47 77 25 7 73 30 18 95 91 85 22 79 13 3 41 81 89 73 49 57 81 60 73 96 77 70 70 88 51 48 8 23 1 91 31 38 67 76 74 33 56 72 81 97 6 12 47 48 25 46 18 92 71 84 72 18 93 94 14 51 10 16 51 5 10 80
91 58 33 83 42 12 64 98 2 7 52 74 92 55 0 85 17 32 43 13 69 28 42 48 70 84 41 96 21 46 98 41 93 39 56 30 91 90 35 96 71 92 36 9 32 4 18 79 50 43 20 5 59 51 94 77 2 2 71 85 29 18 59 25 92 46 79 30 92 99 67 81 87 17 80 31 11 99 17 0 10 50 68 22 13 60 41 66 55 94 59 23 65 41 38 59 83 41 38 46 74 79 23 15 22 23 42 81 20 96 11 0 51 72 71 20 41 97 54 96 51 71 95 41 40 91 92 93 7 54 58 10 7 17 0 56 95 80 85 55 58 80 0 25 90 19 45 76 98 81 28 14 52 36 70 62 26 77 95 74 13 48 15 78 70 62 64 47 69 65 63 97 20 16 24 91 91 4 28 12 35 9 10 86 26 60 27 61 32 56 41 5 24 22 0 37 8 62 100 76 26 90 56 85 23 10 23 96 31 31 64 32 39 38 39 54 78 86 54 68 42 68 49 71 23 99 20 70 33 44 80 92 87 89 74 48 4 94 21 20 0 25 67 51 48 71 95 40 2 60 52 31 37 93 75 59 89 54 89 82 34 13 8 6 71 83 84 63 31 86 52 34 52 9 57 20 33 23 17 77 29 100 33 27 19 99 13 84 72 9 48 37 51 14 52 15 62 34 43 88 9 2 59 68 23 65 88 61 95 27 99 98 57 85 81 15 35 55 61 74 97 71 3 76 14 51 46 73 59 31 85 47 13 76 96 60 50 50 37 47 1 32 20 37 61 66 50 77 83 19 8 57 77 23 54 34 18 96 98 93 32 36 26 96 22 47 7 95 47 76 63 63 30 87 42 47 36 28 93 94 72 55 44 61 88 47 47 17 48 69 60 53 79 57 22 47 79 33 43 62
89 53 10 31 98 40 38 1 20 30 55 69 53 26 42 98 4 98 30 11 79 28 44 38 54 83 33 61 10 93 15 12 50 59 18 62 34 48 26 58 15 44 9 85 41 51 35 8 54 47 84 5 97 68 45 95 12 92 99 8 30 66 67 34 54 98 99 55 70 52 29 16 76 50 4 51 73 2 63 51 99 47 61 16 86 90 55 26 25 33 78 100 35 28 30 24 92 65 97 87 39 92 83 1 47 17 75 39 90 41 50 67 37 24 24 19 30 24 59 67 40 38 71 11 2 98 12 60 47 77 6 41 33 57 18 85 78 62 83 28 97 93 13 50 13 16 26 61 60 55 47 94 89 82 88 76 11 71 54 34 92 52 26 59 42 22 2 27 94 100 84 38 38 55 33 14 62 34 52 71 5 100 99 95 32 20 38 10 65 96 88 46 75 34 99 41 97 73 53 78 72 46 61 28 97 80 91 27 52 83 88 43 4 38 54 5 12 66 72 6 34 27 87 19 47 1 87 0 0 38 70 49 53 21 34 24 4 67 97 91 27 27 13 61 95 98 57 95 16 91 24 71 86 29 79 4 42 45 3 82 50 19 74 51 75 75 39 6 17 27 55 14 31 77 95 29 14 57 77 87 20 100 75 38 43 48 71 73 26 12 97 55 24 86 54 79 87 70 55 61 42 44 57 77 16 71 29 14 78 69 44 47 63 23 24 74 1 82 37 53 22 52 36 9 12 3 66 88 85 23 4 75 35 87 93 99 79 17 80 57 3 10 34 13 53 89 57 40 48 35 53 31 52 6 75 95 1 51 92 80 67 76 6 92 56 10 28 22 39 0 68 26 68 0 50 63 76 95 83 52 5 83 33 11 55 55 15 50 47 63 23 14 65 65 30 96 40 31 81 38
3 85 20 90 72 64 95 12 60 1 73 55 89 11 33 70 49 1 35 89 79 22 96 48 66 97 0 17 93 43 56 8 6 71 65 69 88 52 28 25 75 12 79 22 36 40 100 93 57 1 51 50 27 66 96 18 86 14 41 30 54 26 2 32 63 80 36 72 10 66 41 67 91 85 3 4 65 46 56 45 18 76 8 88 61 64 70 27 6 3 58 100 87 64 61 25 68 92 64 100 2 73 1 26 90 89 80 63 74 16 4 99 26 81 65 69 5 17 74 5 97 5 90 69 97 10 87 29 60 41 61 58 54 88 87 63 14 55 59 27 18 1 21 77 88 23 91 11 17 29 5 85 51 1 98 67 95 44 71 50 1 20 100 41 73 74 50 70 76 77 83 72 99 71 32 34 24 79 67 10 24 44 73 52 7 91 86 3 45 13 63 22 89 82 40 97 98 78 99 37 21 0 66 77 74 24 48 25 70 62 25 2 47 27 13 37 36 91 41 7 45 74 82 2 75 18 70 87 79 41 24 41 22 37 98 94 60 17 53 22 85 44 31 61 86 20 43 38 42 87 31 20 77 52 42 25 83 37 40 41 10 1 98 95 51 95 68 68 82 67 24 48 70 95 63 65 100 91 96 80 59 83 77 21 44 52 73 15 68 70 90 58 64 4 71 45 32 41 26 19 50 84 96 93 61 69 86 14 91 29 43 40 31 44 56 63 25 88 16 83 22 40 10 75 32 1 27 48 9 47 21 23 14 100 64 16 40 69 59 50 60 7 88 50 25 74 49 67 30 19 61 30 82 48 0 66 30 86 66 52 98 9 80 24 29 43 90 53 41 86 9 2 29 24 28 57 47 78 58 17 82 91 6 3 4 0 93 13 91 0 37 74 68 23 81 9 68 92 74 88
34 98 41 54 51 4 2 81 15 8 58 3 1 90 99 10 71 62 23 50 100 74 68 55 48 57 0 80 87 38 56 14 3 63 19 53 29 31 84 74 54 33 33 50 66 54 68 1 59 65 91 45 56 28 28 34 39 11 50 31 21 42 61 43 84 59 0 28 42 62 96 61 64 96 85 71 86 79 93 47 37 70 99 69 59 22 45 23 7 68 44 41 27 58 33 93 54 46 2 3 61 91 48 0 68 77 20 100 93 36 92 12 74 28 66 82 22 79 11 40 85 51 40 77 34 42 0 42 61 23 69 21 24 2 1 75 11 2 0 33 12 46 64 70 89 24 91 78 55 89 32 47 41 36 6 97 33 71 84 34 40 88 36 3 77 20 62 84 62 73 73 6 96 86 86 71 35 61 93 67 65 19 92 60 18 24 90 89 71 57 53 26 51 20 38 10 8 57 100 55 36 70 78 3 76 44 43 94 26 46 69 55 5 23 95 37 92 28 47 64 1 54 75 23 11 9 0 91 62 43 86 99 90 47 91 49 82 28 44 64 74 23 24 89 21 22 30 12 70 34 79 2 3 8 78 85 51 13 84 69 63 88 93 64 8 82 18 90 42 96 15 82 40 88 93 44 61 17 22 3 99 23 26 90 86 20 34 90 41 96 29 28 45 29 87 86 52 69 5 92 39 84 45 7 30 16 97 96 68 79 30 13 59 33 9 44 81 61 16 61 69 5 94 37 94 42 96 13 54 25 11 82 22 99 80 95 99 69 70 58 40 47 0 79 25 23 28 63 84 53 47 7 73 41 21 94 78 36 18 25 8 85 13 59 33 36 36 24 22 30 89 91 98 65 54 89 93 17 91 6 36 26 52 21 56 72 78 44 51 42 62 90 33 76 18 1 87 94 34 56
42 83 28 39 59 55 80 3 45 81 89 55 36 6 45 66 14 15 99 5 87 49 64 67 32 16 31 58 100 52 3 15 19 20 84 58 31 68 18 30 73 48 54 95 72 80 49 93 44 67 6 70 15 61 99 70 9 98 64 85 37 69 100 100 75 90 73 80 50 65 52 55 45 50 99 50 38 40 8 61 76 34 76 1 69 17 30 47 20 47 90 92 8 65 6 48 27 70 62 9 0 22 57 40 55 39 94 43 2 8 87 59 0 74 50 97 30 26 98 43 92 60 70 66 15 98 59 56 50 71 46 2 74 60 42 68 36 51 79 71 66 6 83 58 93 34 50 25 82 32 24 34 46 16 100 12 49 36 53 95 75 85 11 15 34 26 48 58 18 1 67 52 63 70 40 65 23 2 46 38 12 68 96 56 78 28 82 45 14 53 58 36 19 50 42 9 78 32 24 90 88 49 58 84 73 90 48 79 21 67 35 99 66 50 42 92 72 33 56 49 14 53 100 79 65 5 60 7 22 82 14 13 51 30 82 24 70 8 58 51 23 29 52 19 87 23 63 53 25 12 43 24 15 61 34 7 66 71 6 96 94 25 79 56 71 38 7 0 8 4 99 2 76 11 28 73 36 44 26 58 97 31 6 98 19 97 6 23 58 21 59 60 27 20 26 71 55 39 29 13 38 5 17 27 7 5 56 60 15 82 37 57 86 13 42 1 62 36 21 44 95 31 17 79 99 83 78 51 50 26 55 39 54 40 91 87 52 45 31 62 63 97 92 81 44 10 52 70 61 17 12 83 78 89 61 59 98 13 43 98 79 50 14 19 73 86 75 99 74 100 89 4 40 82 95 70 55 31 25 65 22 56 20 75 74 52 0 69 50 28 53 54 5 96 85 10 38 71 80 14
84 26 22 73 0 57 41 9 60 13 68 22 48 10 74 66 92 65 25 36 38 25 77 95 18 0 85 34 73 45 4 75 80 79 62 45 29 95 39 73 61 44 34 71 70 50 88 25 98 6 52 25 93 84 70 90 66 49 79 49 61 16 13 60 25 14 14 1 94 11 83 82 61 21 60 81 27 77 93 42 8 90 2 20 14 76 5 52 74 46 73 2 68 31 63 3 60 47 41 34 32 77 32 48 54 83 65 62 29 87 67 42 35 27 48 13 24 100 69 47 66 32 62 30 28 4 69 95 6 53 26 26 97 42 11 44 20 98 36 66 38 83 72 4 7 6 27 18 51 66 36 57 15 14 69 51 75 68 24 74 43 84 46 5 15 46 76 46 53 74 84 74 18 94 61 64 59 46 72 62 50 18 37 16 77 91 3 49 42 74 51 3 30 84 99 44 73 35 38 6 0 73 0 93 11 43 29 18 32 38 12 48 90 32 71 76 85 91 55 26 81 16 52 57 90 5 39 70 31 55 29 2 30 4 41 79 77 12 10 5 0 51 87 29 50 66 82 74 92 11 56 84 26 66 17 33 31 79 0 35 77 63 86 8 80 86 92 73 11 54 11 80 26 51 39 90 38 14 10 80 16 99 66 4 46 20 17 69 23 10 61 33 100 70 99 89 69 40 60 33 17 100 16 16 75 70 66 15 46 62 49 14 48 22 13 23 41 49 62 48 26 6 56 20 22 41 63 92 94 88 62 86 39 9 15 93 87 56 59 57 72 62 20 73 2 81 24 27 95 58 94 47 61 0 83 43 82 19 17 88 53 61 89 13 12 86 61 42 35 20 57 64 2 51 6 62 100 62 57 49 68 51 89 24 58 67 66 43 57 96 64 92 99 88 64 11 24 2 44 5
49 84 75 33 74 23 41 75 50 49 61 75 71 85 89 63 53 63 53 69 52 58 51 41 57 40 26 56 11 76 47 34 20 4 82 22 54 5 98 74 100 6 36 27 69 66 23 27 25 30 62 75 58 36 72 98 56 33 82 75 65 24 89 97 5 21 65 59 14 30 6 93 23 72 36 17 7 52 38 14 80 60 41 3 16 6 55 57 69 38 84 67 71 49 23 84 33 9 16 56 38 58 3 18 73 74 19 23 46 3 18 3 47 6 46 10 30 19 53 63 28 79 92 15 49 58 77 48 82 21 74 10 13 99 86 69 3 54 4 10 12 1 33 41 41 63 21 86 71 62 96 31 50 63 60 52 29 39 54 27 7 78 51 11 74 100 80 55 4 86 24 73 20 40 29 78 64 39 73 30 74 26 81 47 33 41 21 5 99 10 19 100 16 42 18 42 73 51 25 39 33 30 100 91 86 81 100 4 57 58 92 39 53 97 4 20 64 65 4 68 5 53 36 72 30 63 60 5 30 56 99 72 85 18 29 95 26 93 54 38 58 39 84 39 92 42 24 59 39 13 10 9 78 30 18 3 38 51 8 72 10 60 74 82 5 32 60 10 61 37 11 51 5 21 100 29 56 29 50 91 80 32 22 92 51 20 89 58 25 72 29 1 20 20 75 74 68 81 33 29 41 36 41 74 56 8 81 8 26 16 77 1 20 0 13 44 95 80 19 76 33 9 85 87 4 43 42 3 52 80 52 2 39 39 36 80 33 52 65 92 21 40 84 19 78 66 88 15 72 72 69 75 14 91 48 90 92 48 83 15 16 21 10 42 35 53 93 14 81 64 9 82 25 41 25 26 50 85 52 84 74 29 23 100 22 2 64 31 66 11 71 76 74 7 52 48 20 80 55 50
0 86 57 11 39 10 18 60 37 70 89 37 9 23 30 19 62 43 41 27 9 61 81 7 72 74 48 56 95 77 75 33 75 64 65 49 10 56 88 53 66 91 74 79 88 15 80 22 47 86 36 87 5 12 71 93 11 78 21 8 41 95 29 48 23 36 55 22 50 94 21 35 56 91 4 64 19 89 38 80 10 76 67 26 43 66 18 92 85 33 14 35 100 24 1 84 75 50 20 91 68 9 24 14 9 3 69 71 15 5 92 47 3 98 79 2 31 14 64 51 81 92 27 83 75 73 48 83 73 27 75 56 34 86 48 24 31 82 60 35 75 37 68 72 30 59 98 36 37 30 5 58 27 31 17 55 94 38 88 68 49 2 6 8 25 24 68 81 82 64 85 94 44 21 3 82 83 21 33 57 32 23 98 59 45 71 33 86 71 3 42 3 38 48 46 61 41 75 14 88 2 17 73 48 61 71 47 19 55 73 38 91 89 89 77 59 13 64 43 55 18 86 49 73 93 16 70 15 49 28 99 60 61 35 24 88 52 36 61 38 78 35 54 25 2 87 56 61 30 92 55 49 86 44 78 74 69 100 30 97 70 30 81 74 71 28 48 15 4 26 34 61 63 93 42 20 80 67 46 87 97 89 50 4 21 68 55 35 32 0 39 61 48 39 18 26 9 10 8 54 80 25 39 13 6 58 72 62 66 81 45 66 54 37 1 11 89 1 48 59 88 69 75 22 79 99 97 2 57 42 6 24 71 27 87 94 47 59 0 72 13 55 10 53 50 88 37 27 9 50 96 49 54 21 66 20 74 28 82 18 35 92 0 41 92 49 94 52 65 27 100 3 24 27 23 65 2 44 90 22 68 69 80 44 30 46 68 70 93 13 78 45 18 69 23 40 22 48 64 6
76 12 100 42 78 84 81 11 21 15 95 11 9 3 72 64 31 36 28 76 52 74 18 66 89 84 20 55 41 91 89 57 6 31 100 96 88 52 3 49 53 50 50 54 6 55 31 20 73 85 66 99 16 17 7 48 68 33 7 37 47 50 65 89 98 49 93 6 98 12 67 26 17 24 88 7 94 72 66 3 63 1 28 76 93 23 33 47 58 9 23 83 2 49 48 3 63 80 98 9 3 64 58 79 30 26 79 56 56 58 14 52 15 40 47 70 68 57 54 91 36 83 77 13 9 92 71 69 40 57 64 93 61 8 65 69 85 34 47 56 18 61 67 34 39 96 56 15 97 66 67 58 67 73 62 46 46 47 58 15 45 14 5 78 53 21 1 28 99 1 86 14 23 70 62 76 75 24 94 25 29 17 75 68 76 72 93 79 55 51 40 26 100 40 80 46 15 77 93 52 40 33 76 15 61 38 26 47 46 18 81 52 52 66 98 1 26 77 16 67 63 42 23 28 21 83 24 48 30 61 1 64 66 81 48 1 74 36 9 11 7 60 19 50 41 90 82 35 53 68 52 19 21 17 29 74 2 18 0 45 89 29 18 25 20 81 64 1 49 50 94 23 42 95 97 42 8 46 78 71 38 75 8 3 74 14 93 60 76 42 72 66 67 24 10 92 24 70 68 87 18 23 11 41 97 13 95 17 74 13 38 96 51 32 46 38 32 70 37 53 57 36 61 59 80 5 54 24 95 54 29 8 54 55 70 16 64 100 34 100 70 0 8 76 55 89 75 77 84 93 97 0 83 89 53 60 67 72 38 98 21 19 21 15 52 60 88 37 25 66 52 44 32 57 59 26 0 46 1 89 32 35 76 2 83 14 11 72 34 41 67 51 2 95 65 65 25 25 21 100
0 17 13 1 32 3 18 93 69 26 58 11 51 61 5 43 66 94 95 5 71 70 12 16 85 63 22 83 64 72 51 41 69 10 58 60 61 2 18 11 56 43 56 74 89 75 99 91 7 29 13 10 39 88 40 40 55 89 32 77 89 99 38 7 79 83 33 13 12 47 7 45 52 31 49 19 5 78 72 58 66 76 50 91 10 10 66 78 96 14 26 11 25 90 17 1 19 61 74 98 24 30 59 57 22 50 60 7 72 43 4 41 63 7 87 93 66 42 67 31 30 13 93 87 100 31 98 19 46 26 83 49 25 70 39 49 36 84 98 87 89 35 12 53 89 51 90 90 44 3 75 46 27 12 48 65 80 63 17 63 27 38 92 43 66 46 54 92 94 48 1 65 97 97 32 65 98 45 82 81 87 53 9 58 40 69 25 26 38 97 84 98 87 2 7 0 100 54 66 71 47 28 21 37 64 12 28 66 98 81 67 66 23 87 39 81 3 62 45 60 33 82 36 96 81 85 68 73 73 45 68 37 22 72 56 20 18 71 38 22 26 23 94 27 88 59 87 74 68 18 20 51 54 22 63 48 85 72 6 38 51 1 38 53 96 92 39 98 76 64 2 25 50 90 9 96 1 50 2 88 69 29 55 30 59 25 33 50 19 50 53 26 0 70 30 60 33 8 73 29 4 94 76 81 80 25 15 82 40 1 99 3 41 15 39 2 57 65 11 27 71 17 9 71 69 63 10 21 39 34 68 76 68 91 14 65 33 61 21 46 71 47 43 4 72 4 35 95 95 54 87 16 26 40 97 8 58 56 24 87 6 57 98 49 8 14 82 85 65 72 88 22 81 12 57 33 63 44 90 80 46 52 84 2 60 87 9 52 67 91 4 65 54 84 22 52 75 1 66 39
66 84 45 81 1 86 99 33 17 31 45 74 18 13 68 78 52 41 98 31 82 68 98 9 14 49 71 66 46 6 52 5 92 90 70 74 29 94 27 18 35 78 48 46 38 62 70 89 55 4 16 8 80 8 71 52 81 38 99 37 96 33 93 95 14 60 90 71 30 26 15 65 52 18 51 11 23 69 47 30 51 44 6 35 87 11 68 33 22 82 30 73 78 3 73 86 87 78 19 12 78 12 0 1 44 53 28 97 4 82 52 13 70 96 37 7 22 98 32 31 32 24 30 33 16 25 56 74 36 36 15 69 75 84 32 17 70 79 74 55 60 7 75 40 84 84 30 83 15 47 2 73 30 1 5 34 1 77 15 35 59 18 66 84 35 96 75 86 39 44 15 19 98 17 63 63 87 86 23 41 20 57 86 77 17 5 0 77 8 83 37 69 50 72 94 34 19 83 47 5 13 62 85 71 22 8 52 90 15 19 90 64 27 75 32 80 0 97 78 81 71 80 85 96 52 78 13 47 66 98 46 27 59 95 5 41 61 52 39 85 80 0 35 63 93 49 21 32 77 87 0 99 91 47 22 50 10 92 43 6 8 35 52 90 61 97 9 15 40 74 43 25 74 82 83 67 71 39 62 71 56 1 38 23 0 27 21 75 79 53 96 42 72 45 82 36 56 97 66 25 80 20 12 25 100 90 33 39 15 100 90 97 92 45 3 71 39 99 99 68 91 13 86 16 98 48 82 61 15 44 47 44 45 96 68 43 88 34 30 5 10 36 29 33 94 87 93 11 87 11 44 43 61 71 82 100 93 98 13 70 30 6 18 56 39 48 98 19 35 68 47 43 16 81 1 20 46 33 42 24 76 88 73 61 28 48 30 65 81 41 22 27 27 6 70 99 19 69 51 86
74 51 56 91 29 65 15 23 96 10 82 91 59 57 90 19 47 12 2 39 62 52 72 69 76 89 37 17 97 59 88 85 83 51 48 42 81 37 59 80 63 8 36 30 0 37 11 34 58 35 90 41 85 29 44 90 23 0 96 62 87 8 76 28 35 85 56 31 18 21 52 62 20 26 34 3 94 68 14 70 5 64 79 31 85 94 67 60 96 48 14 46 37 38 40 70 9 11 94 96 76 28 100 55 94 61 26 88 12 48 19 15 77 73 82 41 8 21 64 2 49 62 7 71 35 86 8 68 49 22 45 53 54 4 19 62 95 80 39 45 15 21 55 41 51 16 45 84 13 92 29 9 31 89 96 31 13 96 62 53 0 11 85 10 15 40 26 63 99 69 66 48 1 49 3 40 38 9 86 28 8 0 28 39 92 75 66 87 92 68 85 73 83 6 19 62 27 74 60 77 19 80 1 33 42 2 8 94 59 18 92 94 40 65 86 84 33 29 46 49 68 73 24 8 89 41 7 66 20 35 9 22 9 88 89 30 88 10 27 22 47 86 26 95 5 71 39 47 35 16 77 27 38 27 42 50 25 80 46 72 84 82 78 16 21 22 44 58 79 99 8 19 49 17 85 55 80 16 57 92 77 97 79 51 37 54 75 22 41 57 6 5 62 91 99 95 62 9 43 92 94 76 43 22 51 1 11 58 92 46 38 82 94 67 51 13 44 36 60 59 10 25 26 13 65 92 53 98 60 4 79 31 90 69 2 2 81 50 54 24 27 2 74 73 60 20 94 80 70 81 48 89 77 59 84 3 75 58 55 41 81 29 18 20 0 54 20 4 53 81 22 79 52 77 89 68 29 88 72 84 52 87 38 74 29 78 7 72 34 79 48 98 65 29 34 40 78 64 47 9
49 22 98 52 23 94 55 11 25 0 72 69 97 77 65 50 64 94 91 7 20 92 97 12 57 65 99 8 68 13 76 30 38 81 61 54 30 14 54 83 17 80 66 67 31 60 5 33 98 6 77 62 89 30 10 64 64 57 70 66 23 30 20 56 75 51 6 3 70 67 47 86 75 99 21 77 13 84 43 84 18 74 90 80 54 76 61 67 87 59 28 34 95 76 90 45 1 28 90 43 11 35 86 93 80 70 0 66 78 71 31 94 94 73 85 83 84 47 20 95 100 61 81 9 77 74 4 39 63 21 91 57 37 33 10 100 84 55 65 14 90 46 100 30 20 1 48 87 100 83 52 53 30 47 44 60 53 88 48 89 0 16 63 43 49 67 87 55 62 68 39 71 36 17 83 95 33 25 6 83 17 71 85 24 11 20 75 64 99 82 54 1 61 32 89 21 21 18 51 46 93 70 10 29 45 67 94 11 0 22 22 27 64 68 70 26 89 14 35 26 7 55 2 3 73 66 31 2 6 21 95 56 24 98 19 1 98 80 56 76 38 37 45 16 73 75 1 57 86 76 7 50 98 68 9 66 38 89 94 98 65 62 97 21 86 15 35 62 65 52 43 100 80 72 77 67 35 73 5 36 19 96 10 43 40 81 44 53 9 69 88 89 63 6 10 64 41 23 95 31 42 70 56 45 86 42 16 20 9 76 81 54 78 85 79 14 19 76 19 55 49 76 29 56 55 71 2 86 71 33 14 73 63 15 58 45 50 19 63 83 69 75 79 96 41 77 94 31 92 79 43 89 41 70 70 24 2 23 3 95 5 29 58 65 24 8 85 93 61 84 71 78 95 8 37 47 68 88 80 17 32 57 45 74 61 28 9 3 60 84 20 3 90 58 10 17 1 56 70 25
63 3 8 98 7 52 88 68 20 58 70 2 49 4 77 82 23 68 72 29 55 92 27 73 38 68 42 23 93 43 20 37 38 83 13 66 85 46 69 10 82 81 27 6 31 69 71 28 53 44 66 25 83 54 10 42 82 7 22 3 71 76 63 31 34 76 39 82 1 43 94 2 22 28 50 28 39 48 28 9 73 83 48 72 92 85 94 81 23 54 88 23 15 72 58 5 19 88 65 56 49 83 73 86 86 88 51 66 89 31 72 81 51 90 27 12 53 61 40 5 61 81 3 80 61 22 31 63 29 2 65 86 21 96 56 42 43 41 70 45 58 75 8 24 33 56 79 88 98 92 22 82 95 21 64 69 19 28 42 32 10 18 7 63 43 1 32 93 78 13 59 69 100 61 84 1 64 63 78 18 27 85 79 64 68 16 79 16 97 56 39 82 34 1 4 89 51 86 63 10 29 54 81 32 19 15 17 28 65 7 20 28 37 1 81 48 21 37 97 61 79 86 32 40 32 5 41 14 11 31 43 72 77 3 88 17 20 53 31 45 86 31 29 44 13 51 17 74 51 92 30 37 89 44 40 34 76 44 100 21 58 74 65 35 72 42 53 53 3 72 23 63 6 64 45 31 3 91 67 80 54 66 2 73 82 100 39 100 53 31 11 25 79 2 93 65 41 55 34 77 18 7 47 71 68 35 50 21 54 13 57 8 73 54 60 90 48 34 79 91 21 82 26 98 41 52 66 62 77 75 31 43 79 2 4 92 7 58 82 83 18 3 34 99 51 51 89 68 67 45 62 0 40 0 3 5 31 63 60 17 58 14 78 14 20 51 60 66 72 8 98 66 50 79 99 14 32 70 81 85 2 14 78 68 44 72 24 14 38 16 59 7 84 44 12 6 52 70 13 12
59 62 26 79 47 34 100 18 23 17 35 36 68 73 25 93 29 85 27 56 79 23 33 4 3 61 27 2 19 67 45 89 59 85 33 84 70 12 20 4 67 60 26 29 8 30 16 76 81 63 59 98 18 60 10 76 57 86 31 55 43 34 7 95 16 42 99 15 97 44 20 64 96 38 21 40 39 59 55 72 84 3 15 76 65 50 41 19 18 39 10 2 78 65 41 67 39 39 64 22 97 35 70 72 67 74 22 85 26 35 32 53 24 4 8 67 26 58 57 17 60 47 85 69 72 57 13 31 49 76 23 23 30 61 26 90 80 99 63 39 43 31 28 25 28 50 48 65 87 12 56 97 29 55 35 38 42 90 59 72 47 24 62 92 17 71 83 99 65 29 66 36 56 10 24 94 82 88 52 42 68 32 76 40 33 38 33 59 23 4 56 99 49 34 12 46 43 61 30 18 22 92 14 33 3 18 99 57 92 61 71 58 48 63 14 72 1 28 90 100 75 83 79 68 63 79 80 88 81 46 19 9 21 57 39 36 15 19 42 39 15 18 10 2 35 42 50 52 85 50 22 36 57 8 38 40 79 24 73 90 94 70 25 25 41 50 17 87 51 57 90 21 30 46 31 74 28 69 68 31 70 39 54 42 65 77 68 49 63 1 8 73 51 73 16 55 59 100 26 68 12 89 98 87 48 2 22 3 13 97 65 48 30 55 53 82 95 57 97 52 38 12 75 68 58 29 79 27 16 38 89 78 27 39 46 51 13 77 81 82 17 53 34 45 59 63 93 35 35 4 23 54 67 27 60 89 10 4 57 24 67 35 73 85 53 9 2 5 67 21 38 51 9 62 77 43 29 46 0 2 65 3 31 92 42 64 64 35 1 32 41 22 74 89 39 81 37 94 9 21
81 100 96 44 22 19 89 3 25 87 35 26 55 29 100 73 74 60 4 89 96 67 18 69 17 43 77 58 79 13 71 82 32 2 81 59 49 8 24 73 82 4 61 92 33 35 65 13 7 75 35 82 63 25 40 88 10 23 40 96 75 81 36 63 35 21 20 81 7 65 50 52 34 39 82 6 4 83 23 86 48 96 86 71 85 2 28 33 69 89 90 90 42 5 88 49 59 24 70 3 72 21 3 28 0 24 56 100 92 92 54 56 45 39 30 40 70 48 94 33 66 64 84 24 77 77 78 37 73 90 57 68 47 51 23 42 54 90 72 35 66 41 10 28 16 77 4 70 26 55 72 49 91 26 68 27 86 4 72 60 83 19 27 98 82 28 26 92 13 53 35 88 59 11 84 44 14 85 60 87 38 61 77 20 66 91 26 37 50 29 19 79 69 36 38 11 46 91 67 28 67 35 12 81 33 59 24 35 2 84 99 76 29 27 4 19 72 83 69 7 95 5 77 96 44 89 89 69 1 93 42 64 10 45 61 77 24 91 73 68 1 46 31 65 36 57 61 80 77 41 17 19 49 90 34 73 87 96 6 18 80 57 4 1 95 52 59 78 27 79 67 100 54 31 99 23 48 56 22 16 20 6 77 35 73 30 29 74 55 1 82 86 49 58 60 23 49 100 38 72 87 90 54 35 49 23 85 57 13 99 36 47 30 88 84 5 42 29 60 13 85 24 27 36 19 77 55 13 31 74 79 13 79 2 18 25 71 29 66 16 33 58 71 84 12 65 14 37 69 2 20 55 44 93 90 45 80 91 22 35 92 41 11 88 81 14 17 9 53 36 52 5 33 95 18 93 8 59 27 73 54 25 5 19 18 79 48 17 57 77 28 36 35 19 16 59 33 35 30 49
90 20 67 18 5 79 72 19 38 89 94 19 43 80 54 9 63 59 49 23 96 20 23 50 0 88 97 78 52 65 79 33 33 99 1 37 85 20 59 46 47 4 99 77 1 2 66 33 62 86 85 92 25 76 31 18 51 38 20 40 56 20 11 47 70 56 32 0 51 19 11 8 51 47 45 22 40 37 8 65 15 20 47 40 94 51 64 33 19 11 70 9 86 60 60 79 22 41 9 70 61 3 27 87 70 26 72 8 8 62 51 94 56 41 2 52 98 5 28 85 14 50 67 46 4 95 20 96 14 84 95 72 31 80 78 86 17 49 24 58 28 2 4 92 45 70 12 62 61 59 97 93 34 86 77 52 41 64 37 0 81 65 13 10 82 51 25 97 55 17 20 52 1 99 95 61 18 2 93 16 11 21 8 23 80 98 97 23 15 22 71 41 57 19 53 18 17 3 93 100 48 83 63 45 5 87 54 41 7 35 63 48 65 47 83 49 55 34 22 16 38 92 100 85 71 45 43 52 15 99 75 45 56 28 86 37 36 75 47 63 60 42 15 27 45 49 14 94 79 92 95 19 71 41 7 1 20 56 97 33 47 82 12 100 37 59 76 40 65 59 30 80 59 87 2 57 39 34 77 13 32 57 53 9 64 35 17 54 9 57 69 89 29 96 91 21 30 20 56 68 23 40 25 36 19 42 45 34 93 36 37 16 66 18 92 13 52 91 48 58 9 8 13 0 47 86 70 50 99 73 78 34 61 62 51 79 74 80 77 20 31 45 71 2 40 32 62 33 89 36 8 71 7 52 82 3 96 10 94 88 6 20 86 82 47 25 9 72 57 26 90 47 61 85 59 16 15 95 13 24 14 80 29 70 20 45 75 8 99 22 27 10 17 47 94 81 6 96 63 18
85 72 96 56 8 46 72 95 79 11 2 3 89 51 53 30 36 42 37 100 29 93 81 96 72 59 35 83 84 66 59 86 78 72 36 12 3 59 25 76 68 11 11 66 92 99 13 42 82 37 92 5 0 29 2 95 28 41 68 63 16 34 39 15 46 23 94 38 77 41 70 85 76 65 39 66 74 81 87 74 0 39 45 10 10 16 81 45 58 65 82 13 89 3 41 90 82 77 99 96 11 53 17 15 28 72 58 37 69 46 47 62 18 63 19 17 39 18 8 96 17 2 7 39 57 90 29 24 14 95 90 20 98 50 36 14 25 17 32 96 30 6 51 43 2 2 49 42 93 41 46 96 28 12 95 44 55 33 30 15 80 95 99 69 69 76 6 26 91 95 28 32 48 4 64 42 89 26 95 92 30 12 91 58 92 11 82 18 63 71 100 50 47 90 49 4 78 99 78 37 62 1 85 66 68 22 92 1 51 66 57 50 36 86 49 85 85 19 21 52 60 39 85 67 33 98 12 23 10 30 54 35 24 52 36 18 8 7 84 85 33 21 1 21 12 44 99 3 47 19 86 97 66 57 27 12 39 53 40 48 15 52 75 60 77 23 25 73 16 88 90 2 22 59 33 17 36 22 4 6 41 23 7 12 22 72 78 7 26 15 23 60 17 8 75 6 9 94 29 8 43 56 41 46 21 28 21 91 1 43 73 28 5 61 81 2 100 45 59 68 44 10 64 23 15 19 71 81 58 35 4 5 19 100 82 25 67 62 82 69 85 84 55 49 36 77 79 3 0 27 21 93 70 96 61 3 99 39 48 73 8 45 51 54 26 34 22 41 94 68 1 93 36 12 67 96 45 9 22 4 31 52 3 12 76 61 18 70 6 74 14 46 41 28 7 27 58 99 33 49
37 72 67 51 61 74 41 51 89 38 13 70 33 8 17 13 47 60 64 31 56 27 58 100 79 3 3 79 19 8 39 52 42 33 98 64 37 61 11 88 88 88 62 30 55 25 86 59 81 72 18 40 96 67 91 52 92 42 11 72 95 42 7 36 67 32 18 57 15 39 21 1 29 83 99 47 91 75 7 45 95 80 54 34 57 38 9 74 87 68 93 91 53 38 90 47 76 51 75 66 56 13 56 80 60 44 59 23 30 40 52 54 29 92 25 0 92 97 45 35 14 88 88 78 51 50 32 71 67 96 90 43 16 69 22 3 1 54 75 55 80 93 72 9 31 33 20 36 50 8 31 0 77 78 27 97 44 3 10 15 86 74 99 79 61 37 91 25 18 76 47 82 73 4 90 40 100 96 81 12 81 33 95 87 73 31 90 44 50 15 65 22 60 81 89 34 46 35 43 62 11 63 59 0 4 13 88 60 26 26 28 28 23 98 14 53 9 7 8 68 2 2 12 26 44 46 59 79 36 40 11 80 50 52 76 90 39 4 18 12 14 34 60 21 61 27 67 22 75 63 81 74 83 46 42 49 9 6 88 78 97 86 56 34 24 1 33 24 76 47 71 74 82 75 29 52 74 87 95 21 29 62 25 10 8 69 12 65 38 57 21 6 43 92 36 99 0 93 64 45 96 95 10 54 38 57 38 67 57 34 34 35 2 4 27 38 62 69 28 12 56 32 51 62 30 29 49 64 85 45 72 57 76 73 94 94 85 4 88 2 94 55 63 53 61 68 40 39 45 77 44 71 3 31 87 12 85 91 0 62 57 4 56 59 52 32 67 68 11 15 26 62 33 7 48 88 55 91 14 69 79 19 60 80 24 22 98 81 23 13 100 99 39 96 40 35 24 36 81 86
92 27 41 76 84 35 97 5 13 83 15 15 38 36 35 38 54 19 46 62 97 34 33 41 64 32 17 15 50 75 10 55 76 87 97 42 62 73 87 66 18 54 66 13 67 7 22 59 48 11 51 1 21 73 85 28 62 56 20 95 89 63 55 26 14 92 74 8 7 66 72 28 83 75 66 23 93 71 74 20 43 84 25 93 59 22 4 87 86 74 6 96 98 78 69 7 68 36 0 8 97 42 71 43 44 76 41 78 64 85 27 52 37 10 63 62 28 74 0 1 37 23 91 30 54 21 53 33 89 47 59 87 12 67 90 29 69 50 14 5 58 66 70 26 75 84 93 53 99 38 52 17 10 22 46 2 59 9 26 16 54 74 68 59 34 68 40 9 62 8 3 28 30 86 23 73 21 57 5 75 60 86 29 20 24 1 63 70 61 13 48 49 53 89 42 31 94 73 44 23 32 93 16 66 89 55 87 88 89 71 41 10 61 55 62 40 18 77 98 17 48 28 12 16 78 14 42 76 18 47 48 35 62 81 72 89 0 18 3 4 79 16 55 78 3 99 56 60 46 94 38 31 86 24 91 33 84 39 1 22 2 81 46 48 1 44 19 40 76 97 100 69 25 70 13 74 61 77 93 48 51 76 18 39 45 85 61 64 1 38 50 75 57 8 32 82 68 19 43 89 92 98 37 82 26 5 67 39 44 26 84 78 61 34 16 96 16 56 66 9 66 11 37 62 58 40 80 26 63 39 52 47 75 54 10 24 45 7 58 10 30 26 19 78 50 33 50 100 87 14 56 10 60 100 42 22 45 27 83 47 41 87 82 78 30 9 0 61 53 62 72 2 78 9 75 77 90 4 38 65 88 80 60 99 17 95 39 41 85 32 20 11 44 83 89 56 9 99 50 2
50 23 20 6 100 14 17 30 85 92 59 18 6 66 64 93 92 99 88 66 29 3 31 14 69 100 2 85 57 99 33 11 19 88 63 73 49 90 49 72 92 22 20 81 88 9 83 41 76 19 7 35 93 87 44 98 33 71 34 13 27 23 77 63 43 27 37 100 83 4 86 68 1 95 17 74 96 51 63 82 48 96 57 36 60 72 87 1 80 81 79 31 16 93 86 38 9 35 0 53 44 65 67 6 90 21 44 82 53 24 57 21 21 100 95 50 81 25 84 95 88 11 64 64 59 64 85 43 84 64 83 10 64 97 90 57 29 5 58 38 25 62 21 87 25 20 84 17 14 72 60 92 87 70 40 59 53 47 24 94 66 51 50 51 52 86 57 4 35 27 63 27 99 96 73 26 90 94 92 96 32 65 60 7 78 11 36 15 5 14 99 36 32 65 15 35 79 23 24 93 72 41 75 21 9 26 41 21 79 32 10 30 41 35 85 80 89 3 61 78 56 16 73 43 17 54 86 82 48 63 80 29 63 99 15 18 83 42 89 89 71 63 88 75 3 23 78 28 17 99 13 79 25 79 92 43 21 12 30 86 55 75 11 34 14 52 87 44 21 39 64 28 84 4 47 47 33 32 25 44 34 24 35 82 87 60 79 62 82 85 59 23 70 41 75 36 86 60 68 46 39 76 74 21 24 36 90 37 42 53 27 24 23 30 27 25 85 8 90 0 99 55 41 6 97 85 8 70 3 48 55 73 60 16 69 54 16 20 38 30 20 8 2 93 75 80 39 29 92 78 1 83 12 42 48 61 72 36 62 32 51 29 44 85 42 46 46 29 76 64 40 42 30 15 92 54 44 12 23 26 10 41 5 86 48 82 7 64 1 5 58 63 9 69 16 78 65 54 40 18
76 81 85 55 15 84 71 81 99 64 74 30 44 31 51 94 38 8 14 36 56 37 72 65 76 80 35 58 77 5 62 78 96 22 67 74 92 83 30 45 35 60 8 98 63 64 30 31 29 83 98 12 53 87 40 49 9 86 48 58 73 99 46 29 94 55 42 72 54 65 98 51 67 82 57 54 57 35 30 43 23 93 3 39 27 90 18 12 55 56 29 93 71 53 56 69 12 14 86 38 97 21 94 95 63 67 8 20 93 15 17 96 34 1 82 80 65 59 10 48 1 45 34 24 76 92 86 91 94 88 71 93 36 2 18 62 88 91 19 27 53 41 12 85 99 3 66 44 33 96 76 35 66 98 75 72 14 15 71 79 52 44 21 43 84 26 96 40 17 94 18 98 6 21 94 61 66 21 38 92 99 80 21 45 18 3 31 92 19 59 52 75 16 74 22 91 80 47 32 84 94 20 34 69 59 15 47 30 13 11 3 68 90 50 47 46 15 19 34 47 25 64 85 88 21 44 66 46 17 25 88 30 4 28 91 89 35 41 90 59 72 40 17 8 81 65 11 13 29 35 10 71 93 68 54 77 34 14 51 76 65 62 77 50 15 67 60 11 88 24 91 39 59 75 86 39 5 54 53 68 79 81 14 99 6 47 76 3 60 53 73 93 98 65 56 57 42 99 91 0 59 55 45 46 79 48 78 9 65 24 46 88 45 87 12 17 67 68 21 69 61 56 14 53 100 91 58 37 58 33 13 100 34 88 33 6 68 38 69 27 94 93 11 56 30 58 22 4 44 83 92 32 13 45 53 51 16 35 1 94 42 18 83 96 60 12 33 20 77 99 59 21 73 81 63 82 14 66 66 64 63 98 68 10 23 98 18 20 32 0 65 99 91 47 67 32 20 76 24 83
69 33 96 34 22 38 85 82 78 80 40 59 36 93 17 100 27 44 48 69 62 35 36 64 90 50 17 12 53 15 67 58 46 83 33 16 99 15 74 71 63 32 82 36 37 34 36 69 70 79 35 16 8 79 14 55 62 62 64 97 95 85 85 35 48 78 25 78 64 92 88 8 15 32 66 83 30 43 93 41 76 0 13 22 27 85 57 80 27 30 97 27 91 17 81 100 13 17 9 2 100 80 18 54 15 0 71 26 44 2 76 99 22 63 0 3 86 30 78 1 3 80 27 83 39 1 95 6 29 61 5 20 98 59 67 10 58 18 15 52 5 28 62 30 43 80 74 91 40 92 93 68 72 58 19 18 35 23 19 32 56 47 34 46 80 61 73 19 0 47 98 40 1 3 35 72 92 1 76 97 31 65 92 75 17 25 35 25 38 22 76 13 2 89 44 10 81 84 30 36 44 51 48 72 5 95 72 12 40 88 46 2 13 92 79 13 91 72 96 59 69 1 30 34 9 25 18 48 22 98 40 54 34 74 68 39 95 85 5 40 77 19 73 42 97 24 14 51 98 55 14 34 40 58 40 18 23 4 33 61 68 26 53 6 28 64 33 62 85 78 27 40 98 88 0 47 92 53 49 62 92 69 3 0 22 20 24 46 86 84 63 63 78 47 90 55 11 93 85 25 23 100 57 38 55 28 36 37 67 99 1 28 44 2 87 92 95 42 36 13 79 37 80 21 57 34 56 54 34 7 15 22 86 45 50 86 63 91 91 21 75 94 16 38 93 0 21 9 98 72 64 73 18 25 19 25 57 4 97 74 46 93 79 30 77 57 51 81 30 78 73 77 11 64 90 43 14 58 89 37 93 68 65 49 22 85 73 18 84 79 64 48 11 5 52 28 67 51 31 20
31 32 13 97 26 48 46 27 72 4 28 23 55 86 17 39 64 95 69 93 63 98 6 65 89 85 57 53 92 9 69 53 58 0 11 7 92 25 74 10 40 75 73 34 6 44 48 100 79 94 17 2 55 7 37 78 69 65 40 46 15 39 9 40 46 32 89 34 26 6 60 43 59 55 46 41 43 51 37 99 18 61 60 35 64 66 3 44 9 82 48 89 60 46 83 19 85 92 77 8 98 59 43 37 28 44 85 93 16 54 96 52 73 68 6 10 71 13 28 32 76 77 15 62 88 87 80 37 32 8 35 96 22 0 73 56 86 68 53 75 20 60 26 60 24 16 96 15 22 54 96 80 1 28 58 5 65 53 9 87 30 22 18 66 90 63 44 85 88 47 100 48 5 30 93 94 46 37 24 36 63 66 95 1 30 56 11 17 34 6 92 39 11 8 15 9 42 87 12 83 99 84 92 46 19 16 88 1 15 44 65 30 87 7 73 10 81 28 43 52 33 34 18 31 17 95 17 11 28 97 76 55 94 24 74 9 100 82 67 8 73 21 63 70 9 75 43 74 78 14 40 71 27 5 94 75 47 33 13 35 57 6 16 10 60 63 86 52 89 45 43 100 54 70 79 39 86 53 86 2 65 25 29 91 55 52 12 76 75 97 49 27 27 42 76 34 95 84 36 54 58 6 20 28 54 31 27 65 96 75 30 53 58 79 15 72 58 93 83 24 33 25 23 1 93 43 82 18 63 19 26 91 45 4 18 23 3 34 96 98 3 78 12 78 96 38 78 28 9 76 64 5 91 6 29 86 12 93 15 63 51 66 86 94 20 99 73 39 34 99 45 35 53 76 77 81 25 5 42 1 45 69 70 51 39 64 2 38 46 11 34 52 2 40 27 39 16 60 6 28
88 16 33 52 73 98 72 75 28 54 18 80 58 49 22 92 36 79 73 49 63 40 31 72 19 79 8 24 13 4 36 41 97 55 44 48 81 28 2 17 47 65 68 2 40 58 3 72 53 100 78 30 66 8 19 42 91 54 2 65 88 34 32 13 29 64 37 0 9 35 8 44 57 47 7 44 28 29 73 65 50 42 21 41 48 23 78 4 45 81 90 76 26 46 3 76 45 16 16 14 92 21 8 78 10 39 96 19 50 1 7 78 28 12 45 34 88 55 57 28 33 89 46 46 14 73 27 75 87 94 59 64 50 94 44 16 77 43 59 79 9 74 2 36 23 78 67 84 25 56 1 90 74 82 15 34 92 21 35 76 77 40 89 4 24 40 61 27 34 96 75 83 14 38 84 73 100 48 86 16 31 20 13 56 10 4 42 75 21 91 98 44 96 18 7 22 91 51 93 58 66 31 99 49 52 5 25 71 61 28 48 29 93 98 5 10 33 0 92 15 25 86 100 31 10 16 30 5 91 43 77 88 31 9 66 71 80 85 0 79 13 14 72 37 32 48 3 60 95 19 48 22 73 24 55 46 56 69 34 100 97 58 5 35 46 44 27 78 96 94 80 31 60 89 55 8 71 42 100 93 50 47 15 16 63 61 24 59 20 76 45 11 50 7 81 80 20 80 25 61 53 23 38 30 21 60 47 91 93 32 58 22 87 13 56 95 25 29 95 25 35 75 64 22 68 63 37 85 46 93 1 12 50 1 65 82 12 60 91 48 14 76 42 79 2 98 86 78 66 68 5 85 92 36 79 51 16 61 24 11 27 62 49 66 30 8 49 49 71 39 45 47 45 12 97 95 62 37 75 5 38 21 3 29 98 58 21 18 12 0 88 62 81 78 35 47 91 38 22 18
50 3 43 39 30 65 64 24 83 92 47 37 27 84 45 87 19 45 64 49 3 88 84 49 43 64 34 15 72 78 18 1 10 72 81 54 15 6 7 22 94 16 40 64 24 71 13 82 91 24 25 44 61 3 58 27 45 93 24 13 4 56 56 66 47 91 11 45 52 9 66 54 89 66 13 81 69 100 23 99 55 88 73 80 58 6 34 28 74 48 74 10 36 77 79 46 21 28 9 48 51 41 41 46 73 74 100 35 93 43 53 51 96 81 1 72 93 70 81 83 77 84 92 20 58 90 21 14 1 15 95 38 9 75 39 60 24 51 87 65 41 15 51 83 62 93 0 75 97 56 63 36 3 16 21 69 80 70 75 69 69 37 77 94 41 62 59 78 20 39 7 33 62 100 87 97 26 29 58 30 23 24 46 23 39 97 80 56 57 31 82 32 98 98 11 65 59 80 14 10 21 6 36 16 93 20 9 95 45 96 2 60 2 43 98 12 70 69 79 53 0 80 81 99 60 15 13 96 57 95 34 92 100 75 32 24 20 49 85 48 39 44 64 55 67 90 17 94 14 9 74 98 87 19 82 20 65 97 10 49 96 30 11 77 57 83 40 21 29 100 1 26 92 21 39 18 24 36 39 46 13 36 21 42 74 70 90 34 65 97 37 82 78 82 100 86 97 14 43 30 39 25 59 48 20 96 46 35 99 89 36 23 89 68 12 40 11 80 35 44 92 41 14 72 49 32 70 22 42 89 85 36 27 39 52 22 27 25 44 8 15 96 70 76 54 38 73 75 48 39 17 32 28 39 21 64 7 27 81 25 59 19 63 35 4 47 83 81 6 12 35 49 82 72 53 4 54 19 84 71 22 27 55 16 87 89 96 15 32 75 9 69 4 39 53 58 59 57 90 54
45 48 55 19 75 6 7 76 32 21 93 96 62 64 72 28 28 48 45 83 4 93 49 63 99 55 68 90 43 67 87 13 6 69 88 38 28 41 71 29 41 84 19 14 15 80 15 56 52 77 23 45 10 93 71 24 20 70 24 10 84 82 39 59 7 58 80 52 24 83 60 62 55 41 69 92 45 64 37 77 84 39 32 93 86 84 70 22 86 84 75 44 0 2 65 33 2 42 38 52 15 85 26 11 98 26 100 10 82 51 58 17 59 58 73 29 78 63 36 8 94 46 100 54 77 83 67 21 95 80 48 67 84 64 6 81 0 58 2 46 91 26 38 100 86 10 89 49 10 39 58 70 56 13 41 33 85 50 80 8 79 42 47 28 26 61 32 50 51 97 56 43 21 92 76 22 31 55 36 70 55 52 95 89 44 69 64 88 71 61 9 27 35 96 40 98 59 27 33 43 91 86 31 97 85 3 24 15 39 39 89 83 95 46 20 41 43 1 24 77 35 36 37 88 0 14 32 65 58 47 60 81 37 25 50 85 91 70 54 95 57 88 21 83 42 22 35 64 64 6 27 47 20 84 35 50 94 55 0 79 18 77 59 24 67 58 48 29 43 28 88 28 29 21 1 95 99 100 55 62 75 15 5 68 34 81 81 98 1 14 29 69 67 70 52 13 43 34 67 86 88 10 25 71 23 26 66 92 57 9 61 88 26 0 7 7 51 77 80 79 3 29 68 88 66 42 49 20 45 55 15 26 100 35 71 13 71 17 58 14 24 68 76 46 90 88 53 23 2 83 19 46 53 85 11 92 0 78 36 72 61 93 85 13 25 80 17 26 6 3 83 16 89 92 95 91 68 41 28 27 40 89 52 40 4 77 25 47 91 26 18 87 73 26 6 37 50 88 93 17
91 7 24 6 79 60 0 39 13 74 30 29 0 20 28 54 0 62 24 11 39 64 67 61 98 66 83 33 98 65 86 97 69 98 85 77 9 82 18 1 5 63 37 78 72 60 15 9 12 49 1 71 52 52 42 100 17 60 63 81 63 46 50 12 50 27 40 29 43 40 75 33 21 33 39 73 12 69 48 42 4 45 81 72 98 65 61 63 44 27 43 87 8 31 2 14 73 41 20 67 36 97 53 3 30 74 62 59 73 36 1 17 92 28 91 10 37 81 8 62 70 13 40 94 30 14 84 49 40 99 8 62 79 74 42 28 96 92 46 82 8 19 77 93 39 75 87 2 56 71 5 17 73 16 82 18 48 96 77 18 67 16 76 59 28 26 16 65 70 76 88 25 15 13 27 6 75 32 67 1 6 71 21 80 17 20 1 10 35 59 50 88 48 58 81 88 62 86 27 62 32 67 33 65 87 88 66 51 60 62 96 7 85 92 12 41 99 34 15 56 96 81 1 25 62 8 79 91 20 44 35 10 6 37 31 78 83 41 61 90 7 38 10 59 32 38 14 84 20 3 93 94 96 68 43 44 10 14 38 93 43 23 46 98 8 75 61 95 94 66 89 95 82 5 45 43 38 50 51 24 37 95 48 31 37 2 25 26 68 6 71 85 80 66 26 76 37 54 3 71 67 91 57 89 14 55 59 73 47 87 31 80 43 84 45 44 24 66 83 34 48 52 3 31 68 35 34 72 71 20 99 23 17 16 75 17 7 25 64 62 24 46 49 75 85 30 96 34 8 26 85 51 21 18 64 90 98 41 87 16 70 98 13 34 32 41 16 23 19 27 40 68 31 14 5 64 0 15 41 88 91 90 96 85 47 74 25 3 34 33 83 42 57 69 51 56 59 92 61 41
99 84 20 56 78 18 81 18 44 15 74 96 58 0 91 29 29 14 86 94 82 41 88 99 1 49 15 62 76 98 81 24 79 14 94 15 89 30 39 9 47 2 77 59 6 85 43 0 37 27 57 11 60 97 39 50 29 39 87 22 61 18 47 26 11 95 72 75 42 15 47 64 7 60 77 46 26 79 35 43 92 36 69 39 3 77 7 33 48 37 36 6 91 73 49 23 23 58 42 82 38 6 22 81 63 85 0 36 11 72 94 96 100 65 66 58 45 96 11 63 92 77 2 94 44 29 51 14 66 85 69 13 75 84 95 48 31 2 35 59 52 3 55 83 1 97 63 83 76 99 98 91 97 14 11 8 48 45 54 77 86 24 85 55 51 80 63 95 56 87 39 97 59 34 58 77 12 60 29 29 49 41 50 85 20 19 94 3 59 36 59 77 38 100 87 40 46 73 44 24 30 35 18 65 47 79 42 70 59 76 48 89 54 67 59 84 70 79 0 16 34 95 23 82 74 80 6 38 96 54 61 73 92 25 34 52 24 8 96 73 70 31 95 23 54 79 18 55 9 57 54 72 14 74 58 27 65 48 91 10 92 82 65 66 27 53 35 83 19 74 75 34 77 92 46 96 72 5 81 16 1 57 42 43 87 93 13 64 4 29 60 54 31 71 71 100 31 95 69 23 13 93 53 66 78 78 70 56 21 12 48 55 1 61 15 75 39 71 76 81 11 87 91 38 41 76 41 35 10 10 52 72 3 21 29 84 67 19 39 9 79 6 36 9 33 86 59 56 12 79 59 46 73 3 25 100 55 66 94 15 46 61 41 94 53 91 69 10 98 75 76 63 16 67 98 94 71 30 72 32 20 56 21 34 28 38 18 1 73 53 13 23 20 79 3 54 13 53 24 22
47 72 17 1 26 69 91 10 7 42 63 87 80 2 24 61 72 72 45 51 90 15 50 74 47 93 55 94 61 27 97 92 26 19 34 89 46 79 85 17 55 75 73 22 86 87 68 52 2 88 47 83 77 76 28 14 51 43 3 86 76 87 52 80 44 81 23 15 51 48 99 16 63 59 24 27 45 98 57 27 71 98 93 97 47 3 73 55 13 32 23 43 30 26 1 10 99 59 52 78 90 43 42 9 68 6 88 91 58 52 79 72 9 61 36 54 98 85 94 42 75 6 99 35 18 86 16 98 87 0 18 90 38 40 47 53 83 82 66 91 14 59 84 55 94 88 71 38 16 12 46 87 10 84 17 28 34 18 19 54 81 1 92 44 20 58 20 5 58 64 34 2 98 26 2 96 72 1 2 36 33 48 15 59 62 87 82 60 4 13 54 86 92 90 4 98 20 100 1 20 19 65 13 34 37 83 92 37 33 51 76 99 87 15 66 74 98 48 36 52 52 86 86 84 58 76 65 93 52 63 5 90 66 23 81 3 81 40 89 65 54 6 46 41 15 63 44 77 29 67 17 8 92 46 94 18 33 48 37 70 2 35 59 30 76 1 48 44 89 50 9 89 36 67 6 72 7 98 65 61 6 59 32 70 67 23 15 81 33 34 49 51 45 97 25 80 89 80 37 0 10 5 60 23 95 83 2 88 96 50 100 55 48 9 56 33 32 98 98 26 15 63 46 73 28 78 49 99 74 44 48 79 97 36 81 33 36 42 57 96 78 36 27 62 2 79 52 58 21 9 15 29 86 50 9 91 17 98 14 32 32 0 44 83 2 90 43 63 68 18 69 50 74 13 12 53 58 64 97 66 96 94 27 28 13 83 13 47 88 65 51 95 79 98 52 38 44 100 87 49
5 12 36 92 25 45 48 74 35 89 6 43 67 21 100 60 30 9 23 87 93 26 44 4 52 40 96 77 28 12 56 37 54 72 60 36 17 35 2 16 95 51 63 82 96 80 22 67 88 69 52 4 22 36 76 57 10 95 10 63 38 52 19 95 66 68 63 49 56 44 33 95 31 45 5 19 50 93 77 35 10 15 24 40 30 17 47 58 66 43 12 66 49 98 44 80 74 37 34 97 63 56 56 92 38 34 26 67 49 27 23 86 68 41 82 27 65 17 45 19 29 27 94 62 38 56 38 95 20 69 58 56 29 60 6 85 79 45 52 80 79 88 21 93 37 72 59 49 88 78 23 45 67 51 69 61 57 98 56 5 92 33 12 45 81 100 79 22 25 4 16 61 65 97 93 85 29 48 33 38 85 38 99 1 23 3 75 78 18 84 79 80 98 34 20 6 12 41 33 20 43 99 6 24 66 43 25 23 88 9 31 30 8 79 52 31 78 8 52 31 54 41 14 14 88 69 81 50 81 46 3 30 47 76 58 15 20 81 58 31 64 68 20 32 1 91 2 3 52 47 54 19 100 75 59 66 100 33 14 97 4 53 45 99 85 66 24 85 43 21 54 46 39 65 38 67 29 40 80 64 48 34 71 24 43 36 69 0 97 55 24 33 53 35 81 80 12 16 77 78 47 78 1 18 12 79 68 83 8 28 43 54 61 76 44 88 100 44 98 91 27 31 35 17 61 49 57 81 35 63 71 96 99 42 10 38 0 78 57 4 62 24 74 76 15 76 69 5 76 31 53 41 90 10 58 9 33 82 63 43 70 64 0 6 24 81 60 71 45 75 60 86 69 66 26 33 93 65 19 90 95 94 99 56 30 64 84 53 67 5 31 54 20 10 9 38 74 93 99 14
78 95 56 54 65 34 46 100 54 95 6 2 28 69 73 51 69 71 44 71 99 5 44 31 100 8 81 18 81 58 90 53 75 73 77 76 31 49 33 70 40 56 54 5 26 4 68 23 9 38 18 47 73 46 95 71 32 34 19 76 71 44 98 28 96 37 62 8 44 97 33 21 72 15 31 68 18 52 86 17 22 48 6 27 32 72 77 59 36 73 26 81 54 63 45 84 64 71 11 91 93 84 18 59 32 0 44 65 22 89 70 46 25 70 44 46 62 11 63 52 74 83 98 82 53 47 87 54 56 65 18 56 89 12 45 68 56 70 63 81 95 8 18 53 14 27 93 96 85 96 4 92 10 69 33 74 68 63 83 19 54 23 38 67 9 11 1 71 55 50 9 61 16 65 33 20 57 79 98 36 0 30 67 43 49 32 43 97 55 74 2 96 33 64 4 33 55 90 91 52 29 74 22 69 74 77 97 8 43 87 43 10 41 58 80 46 65 40 53 90 96 84 73 52 56 66 56 65 52 76 10 72 75 65 86 46 87 46 88 50 25 17 100 70 55 59 68 38 92 15 2 70 51 92 94 25 9 68 12 49 31 76 20 91 14 37 44 93 56 46 18 65 80 80 37 15 33 33 16 98 34 42 27 88 48 32 2 100 18 44 55 38 2 36 70 14 57 54 50 18 34 44 39 65 82 6 14 14 22 7 85 30 14 46 23 22 76 24 95 4 61 21 47 92 74 42 20 51 49 53 56 15 92 49 67 39 38 5 82 88 19 31 33 33 59 0 41 70 10 2 55 36 41 98 18 50 89 32 27 53 85 50 2 6 33 32 93 79 24 82 57 25 78 23 27 69 34 98 58 61 3 30 70 40 89 33 48 85 35 72 88 81 15 43 35 13 63 1 73 45
32 42 98 34 99 0 13 0 98 32 16 59 61 95 98 31 20 73 65 85 93 53 2 65 96 10 33 55 36 41 52 12 81 96 98 39 48 69 92 97 41 69 56 51 93 54 34 70 67 22 4 18 50 44 67 78 37 59 37 42 10 40 15 46 11 53 33 87 6 10 45 13 33 16 97 100 12 14 17 25 56 96 60 48 30 3 96 86 47 2 58 84 10 51 15 16 68 83 59 33 93 19 61 46 45 99 84 79 65 19 35 44 41 30 91 40 45 18 74 69 39 85 19 60 69 77 55 12 21 3 55 51 42 60 31 89 49 94 78 0 37 47 99 50 25 66 63 92 44 55 94 94 15 76 1 43 7 45 96 71 42 73 96 21 91 68 26 0 67 7 64 79 90 77 92 54 9 29 58 73 18 67 72 70 53 51 76 14 13 6 46 40 63 27 62 47 24 31 91 57 37 69 27 2 29 42 40 89 97 91 39 73 47 41 28 90 89 75 37 18 28 86 87 44 94 68 3 69 92 81 6 42 49 100 59 30 67 71 36 91 62 14 66 3 56 30 22 8 87 82 40 32 76 17 14 79 75 100 93 9 100 59 50 11 27 73 93 62 36 85 66 41 79 30 61 52 80 74 27 53 0 76 21 35 30 28 45 93 83 21 43 6 64 85 1 56 55 55 52 8 20 14 74 88 73 84 55 76 38 6 44 2 64 3 29 69 31 70 82 24 56 90 4 86 61 25 84 68 23 27 14 19 22 34 24 36 83 60 65 39 54 75 9 97 86 24 26 84 88 68 96 85 17 15 42 45 24 35 47 15 18 71 28 61 73 95 45 36 9 4 48 81 35 94 74 16 17 32 75 86 25 2 93 12 39 99 81 95 16 0 51 13 14 8 35 60 65 94 100 18
24 99 62 71 12 65 69 74 16 40 96 34 31 36 23 22 50 70 56 17 3 13 13 23 15 66 75 16 53 22 78 91 96 75 59 57 42 16 73 28 57 13 3 66 74 33 60 32 20 75 94 41 15 83 48 91 81 72 64 83 72 51 38 53 9 82 19 29 92 74 99 30 67 60 25 65 33 63 98 35 11 5 50 72 70 57 61 88 81 31 75 44 36 78 97 21 10 89 11 90 22 14 61 38 65 8 32 34 13 93 42 5 46 37 73 80 89 38 18 2 81 31 56 52 57 0 72 80 62 85 67 30 75 6 66 17 19 76 85 22 72 79 24 48 4 45 52 95 12 68 15 44 49 2 38 32 37 78 11 20 45 86 63 22 11 47 97 83 49 85 0 30 86 49 30 58 7 62 50 85 25 28 10 32 83 44 5 2 26 46 91 57 28 5 67 79 68 65 68 21 4 23 6 58 97 79 22 92 85 48 15 9 4 10 6 65 83 71 84 12 54 8 53 72 79 71 35 93 2 34 8 61 28 66 86 90 87 63 50 84 45 81 86 34 39 37 61 76 4 25 49 58 47 27 2 51 95 55 74 63 6 0 13 92 93 89 87 45 43 89 6 88 11 65 53 20 93 35 77 6 80 17 84 54 61 88 100 100 14 97 78 42 9 32 58 46 36 81 100 50 14 95 53 19 30 47 21 62 41 65 52 31 83 43 22 19 90 96 47 35 34 32 45 29 6 50 29 2 57 33 95 53 86 14 2 94 91 18 4 6 79 86 82 40 34 3 83 82 46 30 15 38 86 15 69 78 71 46 36 82 82 28 43 70 35 43 0 60 51 35 75 35 49 94 72 45 5 16 65 53 88 31 23 48 39 59 31 17 93 25 93 22 94 7 43 17 31 47 89 33
31 1 39 95 81 97 60 23 46 25 34 11 100 60 7 87 50 23 81 97 51 38 70 62 61 30 38 28 86 96 94 67 1 9 27 99 19 50 11 26 100 54 2 38 61 56 65 69 36 56 19 58 88 62 14 72 46 21 94 40 14 95 61 23 7 26 46 8 52 54 25 5 55 68 13 24 27 7 11 74 59 17 86 20 87 85 48 34 48 73 65 42 11 98 36 55 92 92 26 37 31 37 100 86 61 35 99 82 19 85 69 49 36 60 56 28 73 57 4 50 2 100 38 22 63 7 7 10 76 37 41 91 54 45 69 57 99 46 48 22 96 56 32 63 84 4 7 67 34 27 45 70 10 54 37 65 31 93 28 91 25 8 19 17 74 60 12 51 55 72 87 55 96 15 49 96 99 94 97 22 24 20 74 31 62 12 25 16 74 96 29 98 43 94 68 58 99 65 0 32 89 4 58 81 40 30 69 20 69 76 44 80 28 28 76 59 26 41 1 27 22 19 75 23 79 99 66 26 54 26 69 54 84 83 38 90 50 86 12 35 79 61 43 66 47 31 98 31 5 5 1 92 48 43 57 39 42 77 68 30 4 70 28 73 62 82 35 79 60 21 30 82 10 22 76 81 98 3 78 40 28 11 95 27 38 96 32 65 74 58 33 87 10 52 15 2 12 49 11 59 43 43 79 50 42 20 58 25 35 55 48 63 43 83 85 63 33 98 69 5 95 72 79 97 43 13 7 84 11 94 100 80 37 56 98 82 2 83 39 22 62 91 30 71 63 38 41 92 67 42 19 48 89 46 50 58 63 22 41 55 92 25 93 82 36 74 8 74 2 81 73 60 74 82 37 8 83 97 32 66 56 65 96 61 42 19 52 52 16 41 98 94 11 1 15 78 76 78 76 80
71 57 39 91 41 16 12 22 10 4 96 30 50 35 13 87 6 70 23 61 77 7 82 42 3 32 9 23 90 40 36 55 76 67 14 60 77 94 92 4 84 10 84 98 69 23 12 41 80 3 12 45 18 71 91 58 75 76 16 30 51 6 56 63 24 100 46 33 96 75 36 65 5 50 34 15 16 17 36 16 77 97 86 95 4 96 68 95 16 84 21 63 1 86 10 27 47 33 75 34 97 11 87 26 51 92 89 48 19 65 33 53 0 10 47 12 49 16 97 98 99 79 14 53 13 21 6 29 0 24 92 32 39 98 55 2 99 90 49 52 8 60 15 95 12 88 22 60 87 80 93 33 45 25 33 8 100 46 9 51 1 61 24 38 73 59 21 80 7 21 58 3 57 82 87 30 34 39 18 70 84 89 45 96 97 96 61 98 73 95 16 32 8 71 94 65 32 29 28 82 80 17 66 66 3 29 39 11 70 60 93 87 28 98 100 21 49 23 35 94 7 32 52 74 47 51 28 85 59 18 5 30 54 30 35 37 59 70 29 25 8 32 80 93 2 58 29 66 80 21 70 45 46 33 71 87 30 19 22 62 46 68 39 29 6 67 4 5 66 46 60 62 39 9 76 14 53 14 38 32 79 95 7 9 55 29 51 23 63 30 66 88 70 72 97 50 64 32 48 5 52 96 69 22 79 16 83 89 92 14 94 30 55 49 17 18 62 19 4 35 51 78 60 97 51 91 82 55 85 39 34 56 15 5 89 49 51 64 13 100 29 88 77 33 97 54 63 84 4 69 86 78 35 26 84 33 14 23 14 62 81 7 68 51 79 1 35 29 39 86 9 27 19 74 47 58 52 9 82 70 66 92 90 78 31 40 3 53 32 97 34 78 46 93 87 76 13 87 90 92
100 82 68 73 20 52 6 20 100 87 100 26 42 81 12 11 30 17 45 82 88 56 23 21 83 98 1 20 47 100 63 66 35 17 80 37 44 83 19 75 27 71 96 44 33 94 16 3 44 67 45 43 69 12 90 58 2 77 56 32 81 39 53 45 44 4 89 98 49 36 15 21 15 36 10 23 24 82 50 63 78 92 20 26 27 4 49 36 62 44 14 40 93 11 9 93 10 97 19 11 46 14 34 44 88 29 31 87 67 23 100 43 67 80 93 80 67 13 6 75 67 59 79 8 19 85 74 30 84 70 30 45 77 97 32 85 29 27 78 48 98 10 43 84 22 95 25 9 87 23 96 29 63 16 41 46 36 2 23 78 13 40 3 95 66 69 17 73 79 24 45 17 3 36 96 74 71 99 95 73 84 25 69 83 48 72 88 87 7 92 82 4 61 68 81 2 56 15 90 47 69 82 97 53 41 65 81 77 50 52 52 22 97 30 17 17 61 48 84 89 23 50 78 43 17 65 59 94 95 28 100 5 83 57 48 4 34 74 73 33 56 86 3 45 1 2 96 18 29 2 34 3 87 92 85 77 34 71 8 14 72 46 41 52 11 66 84 79 15 80 14 64 92 67 97 70 57 62 45 86 76 14 80 53 11 66 80 57 59 79 46 92 81 49 87 34 100 27 5 58 22 40 56 57 62 53 88 61 50 45 37 77 54 0 31 83 10 27 13 8 79 58 19 84 37 72 55 5 73 25 21 52 12 77 48 58 25 65 28 51 34 32 14 7 8 30 60 49 92 20 36 62 60 52 96 63 71 86 63 20 24 19 84 96 39 57 5 52 36 50 50 15 80 71 30 76 19 2 93 69 39 0 50 54 99 54 38 97 7 30 72 78 31 91 35 52 74 63 32 45
40 58 6 9 62 47 99 99 17 41 52 94 36 28 3 42 71 39 66 26 1 93 12 9 83 100 80 72 80 100 23 41 81 69 47 19 49 10 13 86 16 60 56 37 46 59 40 39 43 42 16 66 87 27 61 47 97 98 46 32 96 76 58 96 31 38 62 56 55 39 56 25 7 100 94 55 90 44 80 44 98 52 45 4 42 51 79 94 5 96 23 81 32 77 31 18 11 88 28 35 12 95 88 51 77 12 1 60 57 35 48 77 60 94 17 98 34 99 89 25 7 87 50 81 57 65 14 8 29 27 66 62 34 88 14 99 83 65 40 98 87 0 88 77 28 62 16 49 67 69 15 96 84 68 20 78 39 12 22 85 93 26 91 34 5 50 31 32 2 97 2 35 52 20 82 26 88 37 72 11 13 50 76 78 7 52 32 76 70 20 30 24 10 83 64 15 46 98 86 99 34 70 33 28 27 46 53 68 42 97 71 49 19 61 36 74 67 64 27 2 32 64 27 85 80 27 9 20 53 27 45 33 64 47 55 83 29 18 99 90 11 7 63 89 29 77 41 54 42 53 1 54 96 22 47 16 69 4 95 59 85 9 11 19 53 62 69 85 6 12 46 12 30 44 14 78 92 43 89 65 6 0 95 80 36 57 62 52 90 41 28 25 58 46 37 84 94 46 59 17 45 29 24 31 16 89 97 82 15 66 74 24 73 58 59 20 43 2 78 73 69 20 22 4 82 27 57 56 26 11 85 39 19 28 22 57 71 28 27 67 22 100 52 36 70 50 10 53 27 58 38 41 98 65 57 52 63 67 69 25 53 74 43 16 22 5 7 5 96 33 42 6 35 82 9 96 73 8 96 29 17 93 50 82 72 16 42 7 92 61 91 56 85 71 96 59 59 33 45 14
98 40 74 98 69 2 50 41 37 23 91 21 39 39 54 24 55 47 91 62 89 99 98 10 61 84 59 8 12 1 47 96 59 72 51 93 100 70 77 18 36 50 27 41 7 21 41 64 86 10 39 92 31 66 58 13 45 5 77 83 42 35 63 81 55 9 17 79 62 21 79 22 74 74 27 43 81 33 97 90 96 17 92 21 50 80 49 67 56 77 45 98 95 1 41 21 26 24 41 22 51 76 2 41 58 90 21 2 11 53 58 4 35 54 69 96 35 27 24 30 44 20 5 92 68 15 36 54 49 25 21 21 55 72 74 26 43 43 58 42 35 99 66 59 86 41 89 56 47 18 3 86 60 54 10 83 18 100 0 63 17 70 85 85 70 81 23 62 8 61 72 91 61 74 45 2 13 78 62 4 29 80 100 76 35 38 15 16 50 12 81 17 99 29 61 26 40 35 62 96 77 79 95 57 1 14 96 17 87 15 76 17 26 38 57 39 12 82 61 39 9 23 33 65 37 57 39 8 83 65 49 16 24 73 60 45 49 97 2 53 10 65 7 99 59 16 60 6 28 59 34 43 4 99 66 26 49 33 90 80 48 82 19 65 15 5 60 12 61 45 23 18 5 19 24 96 12 17 23 66 4 84 32 9 100 44 23 68 52 49 29 34 32 98 82 60 8 60 29 92 1 21 36 49 0 89 29 2 11 21 27 98 22 62 89 28 41 73 51 15 32 79 69 30 60 23 69 63 82 59 11 54 62 38 71 95 44 29 9 1 34 89 99 24 95 10 89 70 90 80 66 67 66 34 14 68 77 85 22 21 63 33 88 77 99 61 16 14 25 80 52 72 42 43 87 38 40 52 42 6 65 69 16 87 62 61 12 55 82 73 49 6 100 69 2 63 67 34 33 62
95 91 7 72 33 1 19 92 56 59 12 70 69 17 64 18 98 97 17 50 19 26 27 99 29 5 30 24 12 8 35 55 21 27 81 72 71 72 48 0 2 63 44 26 41 1 50 62 63 28 44 90 41 79 86 6 57 12 58 44 96 41 2 85 2 80 4 43 69 32 20 8 13 77 69 40 55 6 66 62 98 7 14 36 65 92 94 33 34 15 55 39 2 77 68 38 33 76 18 88 42 72 5 47 34 89 88 32 14 76 3 14 50 29 17 91 58 38 45 55 51 12 79 18 41 6 75 49 36 42 30 39 18 48 62 94 0 82 47 0 76 54 0 32 66 75 41 59 14 46 9 15 62 3 99 12 16 78 17 68 86 74 50 75 6 54 66 30 65 46 65 78 11 18 63 23 99 91 65 58 79 62 92 41 84 84 24 88 97 22 71 72 67 80 85 54 84 0 21 82 64 32 68 2 98 15 84 43 96 28 53 42 1 60 53 40 60 89 24 2 86 71 86 68 52 90 75 73 89 85 91 6 70 41 23 21 34 60 99 89 99 80 30 25 99 34 55 65 83 62 55 62 59 30 63 97 45 45 89 34 13 3 40 19 61 37 88 56 75 74 16 39 82 64 29 89 15 11 78 15 29 47 2 55 68 60 66 14 84 85 40 72 27 15 6 72 70 8 87 81 14 55 63 33 96 93 57 40 50 82 57 19 49 67 75 61 65 41 85 21 86 51 11 60 69 35 19 76 43 45 26 50 70 15 89 30 38 97 15 61 49 27 7 31 86 56 76 69 49 23 89 37 25 37 92 56 89 9 4 57 53 93 55 56 66 96 81 57 52 71 24 51 11 19 3 79 28 96 73 89 53 47 7 17 25 52 96 76 43 53 29 26 24 34 30 28 53 45 36 83
51 96 61 68 74 86 57 76 62 14 24 44 50 85 60 29 21 70 94 62 89 27 45 34 8 32 84 58 55 75 36 25 3 26 8 17 27 37 86 47 54 6 9 91 17 43 34 83 52 62 54 27 63 34 94 72 95 20 67 81 52 70 96 96 17 35 30 7 46 17 24 22 0 97 22 28 73 83 69 98 87 99 25 68 52 74 81 71 62 90 69 93 80 8 65 75 65 80 34 58 31 74 61 89 54 93 53 66 33 48 76 41 60 17 37 41 4 75 68 25 100 92 51 96 73 17 10 100 30 83 66 55 32 84 96 43 60 22 34 63 59 56 72 24 40 62 32 32 0 27 55 89 0 5 67 53 78 37 14 47 56 46 56 62 87 8 5 54 49 4 33 65 96 9 14 54 25 26 41 49 18 88 98 3 73 12 26 49 92 21 8 86 64 25 33 41 10 17 70 40 45 47 70 18 18 28 45 73 54 22 100 90 62 81 38 49 87 84 94 90 84 48 1 84 62 19 94 3 54 73 22 57 26 12 47 37 39 77 92 48 51 29 60 53 49 35 58 55 44 24 49 41 31 16 45 96 95 42 79 62 1 85 30 30 91 37 66 7 86 64 55 67 8 19 36 98 56 58 12 39 1 9 36 82 55 64 66 2 11 70 91 34 44 20 43 39 90 78 73 79 99 91 19 94 87 10 82 81 48 15 58 41 49 74 10 88 0 67 92 98 0 43 15 34 27 45 97 91 28 19 99 72 10 62 12 12 28 28 79 22 40 93 85 56 16 70 15 44 56 40 3 10 41 95 82 88 87 70 49 39 67 74 82 62 18 68 16 60 42 96 75 40 49 43 84 31 58 45 46 50 71 29 99 88 80 15 12 86 73 96 97 52 47 6 37 54 28 54 58 51
94 39 38 68 78 44 95 20 64 51 77 58 20 1 8 31 46 86 71 85 51 53 45 2 81 44 30 64 18 79 90 98 95 69 71 74 35 36 96 48 12 41 7 14 50 16 10 79 88 85 57 45 20 45 38 58 4 39 43 72 43 87 51 14 88 93 1 66 77 48 11 33 94 90 6 37 0 25 65 15 44 0 11 58 87 95 68 11 41 16 100 4 60 31 82 27 17 31 13 26 26 43 10 29 18 28 13 95 55 90 77 18 63 56 81 40 11 76 75 6 88 38 26 13 8 0 12 89 48 40 36 28 25 75 34 25 97 54 27 27 43 81 6 76 69 86 56 36 4 10 69 92 4 35 24 98 90 22 6 98 2 20 43 87 17 72 71 49 85 54 88 16 18 80 78 85 85 62 94 62 41 10 18 22 63 97 29 51 53 41 50 3 44 84 97 70 72 3 85 72 62 76 53 100 85 99 42 63 30 97 13 69 33 17 92 35 1 7 2 73 72 24 62 25 29 87 81 23 81 42 58 16 58 58 63 22 39 0 39 33 26 1 16 61 82 52 82 8 40 16 3 41 97 38 20 54 30 66 43 11 5 16 63 79 67 59 91 5 85 13 23 99 40 69 47 33 68 58 30 43 4 89 85 62 83 37 65 54 68 15 47 86 32 67 99 4 42 50 87 14 86 86 38 9 3 56 73 88 92 62 0 35 4 95 90 24 15 81 35 39 56 22 21 72 13 37 70 84 52 77 0 18 21 27 23 29 7 27 24 26 64 15 16 57 82 47 42 86 71 80 31 61 10 24 88 6 53 62 1 84 28 83 69 91 18 4 93 50 1 17 57 59 7 2 25 18 34 98 41 29 47 95 52 94 26 95 56 21 16 40 93 28 85 70 72 59 72 46 52 27
94 78 45 15 53 3 34 21 1 68 77 29 75 50 20 28 39 71 82 63 17 86 97 78 51 69 7 86 61 82 65 5 33 87 40 34 85 22 43 46 25 71 0 72 95 79 6 81 54 10 37 81 75 13 5 56 66 72 0 93 38 81 90 19 1 94 63 18 38 5 10 55 92 77 70 18 3 64 35 96 63 45 50 3 49 61 86 61 36 14 3 87 69 87 52 72 77 2 66 7 60 86 26 23 97 8 81 74 85 27 26 84 75 5 12 23 88 62 60 84 17 32 39 13 58 42 13 54 44 59 37 66 76 74 68 4 36 93 46 79 47 14 61 81 5 86 45 73 56 37 25 82 98 34 74 89 40 76 17 91 92 36 29 72 57 55 87 58 35 33 22 73 4 46 17 92 54 0 74 70 59 85 46 92 85 44 51 47 31 12 40 86 59 77 28 6 50 60 62 16 24 41 92 56 37 52 64 20 96 86 38 53 19 99 97 95 2 35 21 77 81 6 30 16 60 73 56 33 72 62 60 24 46 65 97 72 37 75 95 64 20 59 48 64 55 56 87 40 0 67 90 15 4 51 6 6 40 57 73 94 47 64 13 71 26 95 86 24 21 64 96 17 6 65 66 89 90 53 22 52 53 7 48 45 97 63 2 38 99 22 83 67 79 93 24 33 46 69 10 94 9 88 36 66 62 17 0 37 77 8 53 85 68 81 64 19 64 88 58 35 15 10 62 61 64 14 2 38 100 69 35 78 22 37 49 37 44 47 75 81 81 43 48 99 12 18 88 85 22 0 78 34 37 60 59 24 90 21 80 46 82 28 19 35 56 90 92 69 14 91 79 60 63 2 41 86 90 79 7 23 41 53 11 58 19 47 71 19 30 40 46 91 57 58 100 46 60 5 99 75
77 40 82 76 43 81 21 46 31 65 44 53 78 12 49 23 41 100 97 62 43 42 68 21 100 56 86 67 75 42 72 13 70 44 50 15 75 98 75 53 2 53 41 43 0 78 30 49 51 42 50 43 6 7 23 73 67 21 42 79 47 100 86 28 2 77 55 68 84 64 85 19 83 67 52 29 5 70 37 69 77 18 65 93 79 50 33 29 47 42 91 7 73 73 55 98 97 47 6 36 15 0 76 16 86 2 13 35 72 21 91 55 76 29 72 52 69 12 53 23 32 97 52 98 16 36 38 30 70 96 90 26 49 0 18 20 79 20 38 92 37 67 55 46 20 25 24 3 39 67 80 45 78 81 43 7 45 98 33 21 86 53 66 86 4 11 61 100 90 93 91 84 61 14 53 27 39 87 31 16 71 15 0 5 95 34 61 21 46 86 32 6 78 98 83 49 36 80 7 32 95 51 20 61 47 14 41 31 83 97 66 0 43 34 77 92 45 30 98 88 85 85 81 65 95 82 11 52 39 2 91 20 57 100 66 21 67 34 85 40 25 55 12 57 72 48 90 2 6 61 25 78 43 61 40 25 75 60 23 63 22 2 76 5 5 18 10 92 82 70 26 7 7 95 63 19 7 15 73 75 96 29 18 88 30 38 21 13 58 63 9 52 19 64 38 91 84 92 21 95 77 85 99 70 8 43 31 21 71 74 69 46 44 87 31 74 26 96 9 99 83 21 62 98 34 57 57 27 10 100 91 80 21 89 5 71 100 35 98 23 0 6 19 42 100 31 85 78 73 95 66 53 88 23 35 26 4 93 21 84 17 30 100 39 100 66 27 26 70 14 48 52 93 91 49 19 6 65 74 55 75 57 34 42 59 43 81 58 54 56 0 0 45 19 1 18 12 99 64 29
59 97 6 93 27 10 87 94 60 29 8 62 9 11 38 25 31 67 99 58 77 49 86 95 25 98 19 3 83 1 82 93 99 32 25 97 12 43 70 75 70 61 97 68 79 80 35 71 96 3 42 28 68 63 46 26 42 3 87 2 59 95 38 73 92 33 7 83 39 54 33 78 31 58 93 74 50 57 87 8 19 35 50 47 66 34 85 22 49 51 73 84 15 18 0 93 88 36 95 52 64 35 83 29 43 61 85 75 17 66 99 100 37 46 36 85 32 25 71 47 27 88 72 92 50 40 24 73 98 40 51 45 7 3 23 62 73 70 55 40 33 8 30 2 73 71 27 58 69 78 100 49 38 35 91 10 88 100 89 47 41 13 54 66 40 45 63 12 20 92 22 26 93 15 68 96 28 32 47 41 84 40 29 38 2 81 4 57 86 40 77 100 71 27 4 52 37 57 95 8 60 55 69 25 72 99 30 30 55 82 100 21 60 88 11 86 11 95 43 41 3 81 59 90 46 94 19 44 14 92 15 12 74 5 24 74 22 16 52 5 3 98 77 10 53 89 41 51 59 4 55 98 1 17 79 77 44 71 30 12 44 19 72 58 34 8 78 88 93 67 39 4 16 56 86 98 81 36 62 46 9 9 43 58 83 92 42 89 99 66 96 86 4 99 16 11 97 70 45 74 58 62 21 76 10 3 81 77 98 85 79 79 47 35 23 7 66 30 25 91 90 71 93 45 27 1 68 7 96 56 68 100 86 18 70 33 94 58 55 92 57 37 90 49 84 39 97 46 34 14 69 49 29 46 60 81 31 0 79 92 22 44 54 14 91 20 13 35 46 72 1 95 82 54 43 72 13 19 0 32 2 65 31 12 49 93 87 14 100 43 40 53 1 92 87 20 89 90 67 88
59 66 65 98 39 90 89 70 9 79 30 39 57 73 91 78 16 76 97 7 41 67 34 0 38 8 48 67 53 35 78 77 4 21 93 56 93 74 31 58 27 79 55 39 32 35 7 9 43 65 12 64 76 63 52 21 63 12 85 74 59 49 59 61 86 0 72 13 6 52 68 74 53 88 68 93 30 27 31 3 38 82 52 51 50 37 71 77 95 99 13 44 65 92 20 22 91 77 35 40 13 28 66 43 47 77 97 85 96 83 33 9 71 50 94 79 93 77 67 57 13 82 50 76 37 78 9 87 51 21 21 2 60 55 5 73 40 39 25 31 90 35 6 65 6 26 9 58 27 45 44 93 96 20 14 51 49 46 55 82 62 49 20 39 71 47 97 71 39 60 38 49 18 96 61 82 20 0 27 8 15 80 92 94 21 87 2 3 55 47 85 87 56 21 53 99 47 42 39 80 89 78 94 22 34 97 23 75 99 84 34 66 90 29 91 70 11 44 77 19 2 90 64 40 27 74 64 2 53 53 44 25 33 94 68 17 86 77 65 61 10 92 8 93 83 48 82 37 76 33 41 63 92 13 81 71 28 55 18 75 0 9 67 7 7 21 14 14 15 65 60 9 19 32 68 62 36 0 34 44 89 71 48 62 39 55 78 72 65 44 83 68 13 14 73 73 4 45 54 71 53 83 99 46 45 41 12 49 13 19 92 9 19 14 38 30 11 8 7 4 5 5 80 9 86 8 33 63 84 63 84 7 52 70 62 43 37 97 57 91 51 59 8 59 82 88 51 6 83 63 3 75 42 34 47 59 65 33 68 39 15 8 63 33 95 23 92 76 28 35 86 70 70 55 82 23 34 48 74 26 21 17 47 25 16 48 62 90 88 3 70 90 15 52 68 81 17 66 57 52
40 40 4 74 54 64 37 29 45 17 44 38 4 10 99 43 95 35 39 33 96 68 34 79 53 6 65 28 35 99 39 81 78 42 9 85 96 45 19 35 64 17 0 3 64 3 1 82 24 18 19 43 72 99 100 96 20 10 43 29 94 0 96 99 61 82 5 39 13 88 24 68 59 14 97 15 73 72 2 94 37 53 43 26 7 63 11 64 92 88 60 8 83 70 11 45 2 69 73 38 24 69 16 0 72 61 64 58 40 6 78 73 53 14 95 35 33 15 2 78 93 24 44 45 39 23 93 39 21 80 99 79 0 9 0 43 12 92 12 59 73 73 37 43 54 45 58 88 49 63 15 7 1 60 37 75 3 72 25 44 41 13 39 16 60 80 58 17 18 54 72 41 44 27 75 30 68 15 89 42 15 69 58 68 62 19 3 83 24 62 34 73 42 49 15 89 46 58 47 63 46 51 44 26 74 5 44 11 80 57 4 1 63 54 39 22 87 32 7 71 62 39 38 87 62 4 78 47 31 58 2 66 63 21 0 3 19 67 70 88 53 93 39 16 38 24 1 68 23 34 83 80 77 52 71 99 13 26 58 92 100 65 2 23 37 38 30 34 86 69 24 41 18 37 95 0 99 91 72 4 29 76 48 69 14 91 51 42 5 45 0 30 25 44 5 50 94 50 5 61 62 3 23 88 86 19 29 79 56 82 74 15 95 100 96 5 68 92 88 64 60 54 35 48 31 89 47 88 88 87 95 76 19 75 51 38 23 42 93 99 89 60 5 82 73 78 81 96 18 41 14 68 52 54 56 58 76 93 56 51 96 4 49 4 14 83 46 33 13 50 67 72 85 9 29 77 43 3 90 85 78 66 3 54 63 61 51 43 7 62 24 45 100 9 97 13 34 6 79 50
37 29 46 56 63 54 8 68 45 45 59 15 86 35 40 96 92 59 47 84 44 42 80 29 73 18 51 14 97 34 4 11 68 73 75 19 80 52 61 2 14 61 99 45 19 91 53 31 23 45 58 16 80 75 68 69 59 65 91 77 49 29 60 21 40 30 67 48 89 80 34 19 69 2 10 64 61 86 0 16 95 63 3 13 86 91 14 80 33 0 13 91 49 38 50 73 64 69 50 24 22 28 0 33 89 33 71 97 51 87 95 79 70 10 6 96 49 65 49 16 84 25 66 58 17 53 99 5 49 18 34 1 74 7 59 66 72 50 86 97 47 51 95 44 59 6 42 69 89 70 46 16 9 23 0 81 23 21 49 14 20 27 87 29 46 85 72 64 64 17 38 42 98 4 95 17 73 28 18 44 52 47 35 64 74 76 22 24 23 40 40 39 83 5 63 32 67 42 87 71 14 23 53 67 65 92 98 42 78 89 45 100 68 9 95 40 29 13 52 75 35 19 75 89 71 75 63 14 57 13 0 65 53 19 86 95 45 70 45 98 7 11 57 39 0 88 32 72 91 99 28 38 43 74 12 28 83 83 75 18 19 90 88 42 68 75 73 90 99 73 57 47 63 50 6 73 1 87 82 78 86 97 9 22 51 44 29 7 84 12 51 1 38 59 32 52 34 3 7 73 90 61 68 73 2 29 17 46 74 3 9 17 33 68 26 31 91 72 40 72 29 64 56 22 76 67 85 66 69 66 3 15 66 20 79 46 39 69 76 57 69 40 81 15 80 32 81 84 75 55 89 95 16 45 84 65 74 74 88 98 64 89 27 79 93 1 0 24 40 61 19 90 34 11 24 92 32 91 55 53 3 13 84 2 71 23 74 50 87 96 21 37 71 52 21 49 64 71 22 59
21 87 13 11 52 73 80 37 36 6 85 66 86 100 0 6 90 99 7 61 74 13 0 55 50 91 68 52 97 43 79 38 11 6 4 27 2 22 46 73 97 69 2 83 35 72 10 82 95 56 54 32 33 28 14 46 25 87 93 54 49 46 17 17 71 68 78 43 55 6 60 51 98 38 27 37 53 86 93 53 66 99 43 82 13 34 74 68 17 58 65 1 73 60 20 55 82 91 67 93 99 78 28 33 30 23 9 48 50 57 66 45 77 43 72 6 74 60 93 36 93 14 61 47 88 60 9 59 51 79 54 42 50 55 81 10 62 79 3 95 72 5 54 13 52 5 35 11 72 88 8 65 54 55 14 3 19 88 79 97 11 17 81 26 28 28 4 62 39 81 56 3 8 93 33 70 26 92 91 50 45 1 98 78 70 1 0 35 7 46 65 65 48 4 84 96 23 53 59 94 47 80 30 96 29 41 89 69 39 39 58 86 15 68 99 40 10 65 64 80 64 43 55 95 18 87 21 9 66 27 72 67 18 44 71 77 10 5 41 5 18 10 63 29 17 47 11 92 65 29 92 92 85 55 73 74 66 54 0 81 71 48 58 9 60 35 7 38 88 99 49 18 95 8 96 89 46 21 35 50 67 98 65 74 34 31 6 57 54 21 62 24 55 24 77 83 61 49 99 61 92 91 7 0 61 37 2 12 46 23 86 88 10 71 66 94 13 47 4 61 64 11 60 0 50 59 40 18 80 48 15 69 67 46 68 71 81 53 83 68 81 99 41 49 60 48 52 75 6 76 96 13 16 5 92 93 92 52 70 1 64 59 72 6 8 60 68 22 27 42 17 22 48 53 66 62 53 14 16 57 52 54 6 13 48 84 4 82 50 55 4 41 7 34 22 58 15 18 80 91
93 13 22 22 18 72 78 9 62 55 71 59 38 43 49 56 86 69 22 4 70 45 92 95 75 99 29 2 3 33 69 50 22 69 62 84 97 86 66 22 1 81 27 17 98 81 22 92 70 94 43 65 63 53 1 29 66 39 97 38 80 41 62 52 35 66 82 73 46 66 34 99 16 98 97 81 61 5 14 46 38 51 24 12 53 29 100 23 27 74 56 98 82 12 86 10 98 82 86 22 76 13 60 10 43 85 69 85 59 34 45 43 34 66 95 15 89 99 41 16 11 27 19 99 8 10 40 91 22 99 72 93 86 60 83 3 70 44 61 74 87 9 25 55 4 89 62 24 69 76 47 60 41 98 44 70 39 42 6 65 32 0 48 66 9 84 42 86 37 58 62 38 60 74 16 58 58 73 76 56 41 54 20 37 85 94 26 20 54 39 90 29 27 31 58 56 59 58 69 0 96 35 8 22 46 88 48 7 78 56 20 29 77 23 94 47 19 17 90 37 69 95 8 79 100 34 16 85 32 6 64 3 55 57 82 4 66 12 60 52 30 83 63 36 52 32 32 37 69 60 51 67 19 33 34 81 3 55 31 7 8 32 89 3 95 70 49 100 12 42 12 83 80 26 88 67 48 90 43 57 69 59 36 92 18 2 9 100 8 64 83 32 29 12 94 77 64 91 39 56 2 0 15 60 39 47 28 2 51 28 21 9 74 48 52 86 40 56 31 4 33 25 7 73 50 30 92 91 83 80 66 96 42 79 12 62 78 49 82 5 38 39 58 85 66 43 30 70 76 80 100 35 45 96 87 6 27 52 85 55 91 46 58 5 69 40 43 63 54 92 21 80 89 31 87 65 6 32 19 77 67 54 6 52 86 9 11 91 65 15 77 5 24 85 70 78 78 18 34 56
99 94 55 39 1 68 27 12 98 67 64 38 67 26 85 26 68 22 55 24 27 42 3 17 88 71 59 60 78 76 24 16 73 49 16 48 94 26 97 53 23 23 34 80 55 92 66 88 68 28 11 42 23 16 56 42 90 92 54 66 32 46 75 47 21 96 74 4 88 85 7 37 81 31 10 97 46 75 84 12 64 71 30 47 46 36 64 18 17 99 48 22 93 73 91 75 2 92 4 0 40 15 84 71 12 87 63 64 45 77 14 56 77 92 39 33 97 74 6 99 5 57 27 25 75 50 43 38 60 63 45 17 100 99 41 40 100 14 10 54 50 95 6 71 84 58 86 82 30 75 16 45 44 87 68 22 21 26 7 13 91 75 20 98 92 54 26 15 38 77 50 44 79 8 7 0 48 100 75 91 50 93 27 38 48 100 70 30 76 83 97 61 32 82 44 49 52 91 86 66 88 40 23 34 66 59 62 71 9 5 92 45 7 71 86 12 26 33 16 4 18 88 25 38 54 39 82 56 98 90 52 17 10 100 74 79 56 46 50 88 81 64 24 78 35 89 34 43 52 19 69 70 60 80 13 20 69 92 28 48 8 55 59 22 62 78 46 49 79 29 26 18 92 25 21 61 7 19 19 91 82 19 56 86 28 14 52 33 13 2 18 22 43 70 17 48 1 100 49 81 33 54 76 89 11 8 94 99 55 87 96 28 52 17 97 82 98 2 59 41 48 40 74 71 23 55 79 27 3 60 6 53 90 37 78 88 28 40 78 6 21 50 62 53 11 48 64 64 21 38 21 49 96 21 27 8 52 32 58 73 37 92 88 70 44 26 6 69 72 87 49 11 55 20 85 54 42 47 71 28 80 9 37 65 5 38 6 37 53 86 90 31 35 48 65 47 93 97 87 42
26 40 42 56 58 78 19 99 17 79 66 95 25 45 28 75 73 74 63 77 43 75 85 57 22 6 73 32 70 96 99 93 26 90 65 52 9 96 55 36 87 91 37 26 84 99 46 4 66 29 72 49 64 57 90 83 12 4 36 88 10 26 83 72 9 21 8 60 0 74 5 82 57 43 63 43 1 74 66 3 10 72 6 81 56 55 98 41 28 43 69 60 34 39 9 59 36 71 57 30 60 52 61 64 20 36 38 24 40 13 1 91 66 96 7 45 27 77 40 56 40 12 24 32 54 0 40 8 45 18 67 6 57 5 8 16 96 35 34 47 4 37 29 96 7 15 100 12 26 15 72 72 96 62 2 33 21 83 84 35 88 67 34 17 31 52 8 55 60 12 45 33 61 60 27 11 56 28 31 57 53 19 19 97 72 54 54 27 7 31 71 37 74 46 26 84 93 91 95 28 55 28 62 86 80 27 70 77 5 12 5 45 68 66 40 5 36 25 10 100 38 12 91 86 18 22 89 85 53 54 24 37 67 71 31 43 84 50 27 41 25 65 95 58 6 20 87 90 99 53 6 83 85 17 27 66 84 26 45 36 91 33 55 63 51 63 65 22 72 15 100 92 87 35 46 28 94 53 8 22 30 98 86 76 74 42 66 30 76 62 90 71 52 12 89 55 12 14 31 80 50 59 81 14 76 83 75 72 83 25 72 2 73 71 86 43 48 35 30 20 91 52 63 82 73 52 12 75 18 2 35 14 22 64 38 74 25 27 100 77 8 10 89 98 40 88 15 13 62 40 51 45 46 33 49 43 21 87 78 81 54 84 4 32 46 86 7 34 14 68 48 45 30 48 15 78 66 64 64 12 36 13 43 86 75 88 81 13 65 12 94 91 47 29 44 3 70 62 18 9
96 4 7 92 65 30 11 57 6 5 91 5 93 31 3 80 10 24 93 89 58 44 8 59 66 32 16 13 73 80 95 62 39 18 87 3 12 88 93 82 64 53 7 86 56 76 74 7 57 32 98 82 61 10 95 91 26 48 55 85 81 40 11 22 76 31 92 4 15 47 32 27 88 64 62 26 64 11 83 95 93 56 40 16 74 51 71 6 59 81 28 19 26 71 100 12 91 98 73 53 59 67 19 5 75 7 68 3 56 24 43 27 3 66 50 97 16 46 85 76 72 85 56 57 20 76 5 37 51 19 93 89 33 65 82 99 55 66 87 51 24 4 34 89 69 80 93 95 53 39 24 80 68 76 5 98 91 95 51 92 20 52 42 12 54 40 93 59 75 15 16 80 31 9 19 92 99 4 29 38 68 62 90 0 33 2 0 85 87 90 39 81 4 8 17 4 79 39 77 59 69 9 99 60 98 54 70 96 55 29 84 96 3 60 3 34 25 60 7 67 23 9 73 81 57 23 31 44 15 99 93 38 80 96 54 53 51 44 92 60 21 25 98 4 55 91 32 90 59 17 81 30 46 69 39 34 59 44 11 58 17 86 55 63 49 54 87 22 7 20 38 17 28 61 38 59 85 53 33 94 45 96 37 71 71 79 96 25 31 71 8 46 17 62 51 95 61 73 81 37 73 26 3 73 99 94 7 52 65 70 99 34 30 74 98 79 80 7 18 51 5 33 90 24 79 2 39 16 97 45 25 15 90 94 23 87 21 33 37 80 89 92 68 26 30 70 22 40 82 96 54 35 52 28 56 39 98 65 94 12 59 70 50 15 81 37 55 10 91 75 92 60 93 44 45 69 64 79 56 79 44 16 91 14 71 40 60 84 26 18 96 2 87 28 94 26 3 23 97 90
92 53 59 28 27 66 95 21 30 71 31 96 90 59 19 68 14 41 0 49 64 18 69 92 53 27 100 12 0 6 74 93 8 81 40 63 53 90 55 66 88 71 48 3 6 62 89 86 17 54 26 71 36 93 78 55 63 44 49 35 60 50 48 97 2 97 28 0 6 31 40 75 40 8 85 65 62 83 95 20 95 77 79 10 12 65 30 47 98 78 26 38 68 67 63 4 17 93 78 23 60 74 31 88 48 54 71 59 14 42 46 24 6 18 20 66 2 18 0 16 44 71 62 38 92 25 84 84 18 89 71 30 40 22 10 44 87 28 91 84 33 96 40 18 22 45 85 98 24 64 27 89 30 0 22 93 45 0 4 37 9 31 77 83 16 2 19 12 90 39 91 90 50 39 27 81 91 83 87 21 71 30 66 90 3 17 49 21 14 97 37 76 28 47 61 5 88 27 56 70 61 34 69 38 97 12 25 3 36 65 82 100 63 24 96 38 85 75 81 0 78 62 99 25 53 13 73 71 33 43 20 72 82 60 67 60 91 12 76 33 55 96 29 46 85 62 18 93 51 5 93 8 46 88 28 0 1 54 64 44 73 73 77 68 45 4 88 77 31 62 94 7 77 40 71 11 9 5 5 83 34 65 5 3 32 80 15 40 97 2 57 75 27 38 71 55 66 35 14 29 84 34 47 81 89 86 25 78 19 18 75 96 72 25 64 45 63 28 44 48 8 25 33 63 66 50 38 63 28 42 97 93 39 43 56 69 19 54 73 55 91 48 13 29 85 36 8 85 20 68 55 93 84 62 84 77 32 61 28 30 66 0 15 47 65 65 42 27 76 27 41 17 56 79 76 3 63 93 81 29 91 77 87 6 44 45 11 21 34 34 48 43 74 8 35 73 60 84 45 46
80 17 84 14 8 56 72 25 62 2 90 35 87 96 34 48 62 43 14 52 20 20 65 90 30 13 12 64 76 100 27 5 89 42 51 14 21 68 58 72 5 59 94 55 10 93 38 55 69 81 19 42 26 93 12 69 3 31 71 7 50 14 80 62 94 97 78 98 23 79 55 96 12 14 67 45 19 48 18 20 7 24 37 52 70 75 53 33 2 69 43 89 61 6 81 73 33 57 44 76 61 90 64 94 17 17 33 36 93 87 77 34 77 43 54 36 40 40 29 28 6 36 47 72 55 53 98 52 83 96 58 77 94 52 12 12 15 47 17 64 1 52 67 32 81 40 87 87 48 54 27 23 79 56 35 55 73 15 5 0 5 11 0 53 38 27 80 7 60 11 6 87 33 35 36 7 17 21 88 78 6 68 40 42 66 77 20 66 52 20 98 46 77 33 31 67 48 26 35 0 95 90 59 70 91 45 19 77 54 77 88 32 28 40 34 49 94 13 96 4 54 86 57 80 22 11 77 82 75 68 61 26 97 76 6 5 80 17 98 62 2 29 7 19 31 64 78 6 28 94 89 66 59 7 17 56 17 25 86 42 24 44 95 93 37 30 62 29 8 62 17 69 31 67 61 86 19 53 70 88 91 38 23 7 45 37 28 25 47 85 72 87 44 66 63 51 6 54 69 63 99 56 52 88 39 44 63 56 85 64 96 11 51 31 49 29 58 82 71 26 21 72 84 40 2 21 5 31 74 99 32 44 43 89 72 5 26 9 37 27 1 6 62 63 81 95 59 64 27 62 57 65 27 89 61 3 97 66 6 74 49 58 8 20 43 9 89 78 11 57 67 84 84 46 95 32 35 98 99 8 54 61 28 5 28 68 99 48 73 0 67 54 65 94 89 39 25 73 36 17
89 92 0 92 21 70 77 86 95 41 75 43 33 9 55 84 25 87 63 4 24 11 85 59 68 17 53 42 72 1 44 74 47 20 26 93 24 47 57 82 5 83 14 43 2 49 86 96 35 12 49 54 81 31 99 84 76 41 18 21 34 97 9 12 44 80 4 2 15 55 4 11 32 68 95 90 10 16 11 65 53 64 45 67 35 25 99 5 28 15 44 43 6 92 36 60 50 68 37 47 75 91 67 78 91 30 93 3 58 87 57 56 31 82 79 34 40 90 71 13 30 48 54 76 22 26 15 86 6 76 60 19 71 52 47 3 79 31 33 63 27 80 79 11 65 83 82 34 13 93 97 13 26 67 44 98 70 13 16 29 30 49 36 30 10 99 81 64 56 49 76 52 84 54 7 40 79 57 33 29 97 23 2 27 97 72 51 25 43 6 8 16 52 10 7 21 27 69 69 23 48 46 9 80 71 72 46 30 65 99 44 96 7 21 41 100 89 28 63 86 59 46 82 64 22 32 60 51 13 89 95 12 5 40 61 8 95 75 14 70 17 52 63 38 71 30 60 11 82 56 94 9 3 67 14 20 71 87 50 1 8 37 97 55 53 90 35 91 55 93 88 17 13 36 93 65 11 50 88 3 28 25 35 21 16 75 59 94 6 54 87 63 9 51 56 52 86 56 93 19 27 69 87 27 82 98 58 40 8 34 44 89 70 63 40 56 48 71 40 80 17 99 92 57 20 63 26 10 20 12 27 50 27 52 25 19 41 72 82 39 56 63 50 40 39 91 73 92 54 88 79 78 82 34 8 78 92 49 35 17 7 100 99 15 18 66 99 11 87 82 91 25 3 91 64 47 32 43 32 65 63 100 56 56 43 17 67 29 8 4 82 15 28 81 35 70 15 20 63 10
64 14 71 55 91 35 57 39 54 41 21 59 32 55 49 52 92 6 71 23 17 29 21 49 83 96 57 19 95 57 75 37 38 38 91 30 94 59 82 65 69 64 84 86 53 74 26 26 64 1 23 61 49 59 65 21 57 27 90 90 49 77 33 31 20 48 8 40 43 77 46 70 6 53 72 67 16 73 24 43 46 49 27 68 98 74 87 3 54 23 19 46 61 7 35 55 13 29 57 17 97 96 6 44 21 39 19 88 96 98 37 98 24 65 57 86 93 24 19 10 77 32 58 70 63 86 85 48 14 35 14 70 84 95 75 98 99 62 18 43 58 89 42 23 57 66 37 18 9 97 60 37 86 45 48 83 29 62 3 89 68 1 3 16 61 0 25 11 61 68 68 4 16 44 38 11 82 4 88 22 34 29 73 6 90 30 75 41 95 8 94 17 74 93 37 35 58 96 9 12 3 60 82 47 69 95 8 42 34 40 36 36 94 96 32 97 44 27 64 75 43 91 77 65 63 45 4 98 42 38 11 86 32 46 72 72 70 88 76 88 99 35 21 11 74 86 59 24 88 59 99 60 94 100 14 26 43 75 11 16 9 86 10 45 77 31 30 3 90 48 17 88 27 5 54 65 78 37 11 13 76 77 49 58 48 53 45 61 64 52 82 36 48 63 8 48 56 76 14 90 48 67 10 87 4 34 71 67 55 59 48 5 20 31 5 33 85 93 30 99 31 39 81 28 55 44 81 94 47 79 37 30 70 58 91 8 49 54 51 75 63 48 79 77 22 16 61 28 52 93 69 48 44 63 43 99 0 91 12 63 1 27 9 28 58 4 37 95 37 16 10 60 95 36 65 46 11 84 74 59 6 35 47 46 21 68 6 3 24 20 48 0 62 70 13 81 92 41 18 53
35 88 57 86 38 70 15 83 40 55 65 23 48 64 5 13 67 62 67 66 12 92 14 52 64 84 100 35 89 1 19 37 77 91 11 60 79 97 96 66 33 18 79 14 45 12 48 51 35 89 53 5 74 90 41 5 94 31 41 38 12 99 22 15 37 61 16 39 17 95 41 82 91 61 66 67 11 11 20 50 42 77 17 33 50 32 23 82 99 52 28 44 40 49 97 34 97 22 45 59 19 68 16 53 76 81 50 61 51 10 73 16 16 57 15 9 31 31 84 65 58 70 60 40 68 48 40 100 73 97 58 57 77 58 23 45 34 96 39 98 50 53 57 27 68 55 41 45 62 62 55 44 44 61 72 14 71 43 87 79 19 42 5 94 4 6 36 77 7 29 88 76 22 84 15 28 97 59 74 84 96 29 14 66 13 35 82 67 32 59 82 90 45 98 99 38 20 78 9 32 11 32 9 83 22 9 54 52 61 24 90 77 26 75 57 100 17 29 21 39 73 1 25 74 1 98 7 23 16 14 5 19 100 37 84 49 19 34 56 18 57 5 77 17 65 11 72 55 24 54 81 21 71 68 12 66 33 13 17 75 65 71 61 8 19 24 54 15 84 43 58 68 22 56 18 46 74 50 31 41 91 72 79 14 49 82 75 59 8 96 54 27 85 46 88 27 13 25 4 14 21 7 36 8 89 54 17 8 35 9 49 69 15 63 11 18 82 23 64 86 98 1 31 30 43 3 3 80 10 66 0 88 53 66 48 84 92 58 8 89 5 7 75 44 18 80 82 37 5 89 41 93 67 94 79 70 43 49 50 68 48 0 73 38 97 72 43 11 48 51 82 53 98 23 72 0 27 2 95 76 66 94 98 74 32 46 78 15 89 68 82 80 50 95 90 48 88 65 99 83
43 80 16 78 40 12 91 29 4 90 17 15 70 81 88 12 30 6 21 66 98 86 20 96 89 80 49 27 2 53 75 73 79 57 67 48 55 79 89 47 93 41 25 35 48 95 57 65 99 34 90 55 74 24 30 55 6 62 73 2 62 41 30 91 15 96 64 14 27 22 83 16 77 33 93 82 61 87 65 59 99 88 90 81 9 71 10 55 31 7 56 66 19 56 31 61 93 8 86 65 21 30 36 40 0 73 72 80 37 17 16 90 31 81 95 96 46 52 77 46 20 47 53 35 71 44 18 38 30 62 94 19 2 46 27 28 46 91 12 86 22 53 77 4 71 96 61 46 39 66 26 87 58 46 99 58 48 32 79 99 55 97 31 93 86 24 90 74 64 52 36 97 83 80 52 43 76 58 74 19 20 19 96 39 21 93 15 97 77 14 17 25 34 24 76 24 48 50 89 28 29 0 35 4 50 52 40 91 88 31 16 11 53 37 40 12 91 90 67 37 54 38 68 94 68 23 15 62 45 49 79 94 80 80 48 48 67 61 44 46 56 58 28 29 46 26 32 48 58 5 20 30 46 60 12 49 52 22 80 83 8 27 80 41 68 93 53 58 61 3 4 89 7 52 93 100 99 95 30 48 12 26 8 38 35 24 84 75 92 23 56 25 72 42 71 23 80 46 86 29 5 81 24 27 43 47 36 19 36 72 32 95 35 69 30 42 89 64 58 91 4 11 1 32 95 100 7 82 28 28 36 14 96 70 58 91 67 53 66 87 14 1 23 46 23 53 14 36 83 62 13 10 73 91 66 13 52 8 16 76 42 55 16 22 15 41 25 29 90 68 81 48 14 16 64 33 96 58 71 17 28 85 66 26 76 65 2 93 63 40 57 27 77 18 19 34 98 5 27 5
31 64 0 15 30 59 96 75 46 16 19 99 18 51 67 65 0 0 46 21 24 59 13 30 86 1 59 36 73 20 35 71 5 71 39 87 27 27 72 6 24 66 42 91 94 5 86 45 38 66 1 71 28 79 25 48 72 78 32 70 31 69 39 59 74 24 6 80 26 1 37 66 61 74 47 52 0 1 16 25 59 9 14 84 96 75 80 86 88 55 37 24 64 0 71 80 17 84 41 13 74 24 70 59 23 55 3 3 57 44 38 19 22 82 78 79 32 28 88 15 98 30 95 80 33 16 3 10 38 41 37 34 20 93 84 72 31 21 73 96 34 47 64 16 76 74 74 16 57 95 13 27 46 20 62 62 93 41 4 36 37 100 64 17 92 37 59 10 50 22 40 39 18 30 22 41 88 31 85 64 22 18 53 82 72 22 30 68 40 77 39 5 60 5 27 83 15 70 34 18 8 34 83 50 31 60 17 43 46 100 34 91 99 26 73 65 33 35 97 16 75 63 87 95 42 15 5 18 80 49 10 24 37 88 93 52 67 50 54 96 49 19 98 80 44 71 80 85 58 5 62 45 6 37 42 84 50 1 52 23 44 50 36 94 68 73 45 8 78 26 62 71 96 27 2 26 90 85 62 80 96 9 53 78 99 84 3 20 22 40 95 90 100 42 53 70 4 95 26 29 17 70 7 31 42 96 33 21 75 95 98 91 57 25 90 3 58 37 39 50 50 41 28 71 43 49 3 11 53 100 32 24 85 21 34 79 48 87 25 61 61 17 52 27 69 64 20 58 64 6 0 4 16 62 3 42 27 18 46 39 92 28 15 75 42 31 51 29 58 36 73 84 20 8 42 77 64 59 92 78 87 63 56 19 5 69 82 66 62 86 61 48 71 64 92 65 34 93 79 69
39 60 30 15 99 46 26 84 62 42 52 66 23 31 78 30 91 35 79 23 26 30 1 28 86 12 83 30 83 31 2 5 20 26 35 53 13 57 64 53 9 65 45 91 55 45 100 40 2 15 11 22 35 82 82 21 95 61 61 59 83 3 79 58 89 61 88 68 14 73 88 41 35 14 86 54 76 51 82 16 53 20 14 99 3 37 7 19 99 10 21 40 64 14 37 74 95 0 12 74 49 100 25 94 3 31 70 56 62 96 1 1 97 96 42 12 0 47 3 8 60 84 64 29 25 78 38 76 62 93 95 67 68 56 89 47 21 56 28 83 73 26 91 8 22 38 86 68 19 92 43 42 24 100 30 64 50 37 80 89 5 69 80 66 68 77 46 57 39 26 72 7 71 97 90 91 55 31 48 29 54 6 42 28 12 38 37 29 39 99 73 28 63 13 12 29 45 64 91 51 53 94 48 22 93 30 75 51 16 72 99 13 93 65 26 39 1 48 74 88 97 66 16 37 83 86 56 81 6 25 91 79 92 44 94 82 34 84 77 17 95 53 93 21 81 63 37 4 57 80 63 38 68 90 23 1 45 64 61 72 2 32 86 6 53 23 59 85 38 82 41 24 62 18 28 49 9 61 11 69 20 70 1 10 68 60 87 24 94 94 77 33 98 63 90 46 27 54 91 72 9 10 88 19 98 86 83 6 3 73 76 51 36 64 13 24 67 56 80 17 66 86 95 50 31 12 3 83 18 97 30 80 70 87 22 90 92 96 82 84 67 6 51 24 13 47 83 52 46 44 79 3 45 91 28 94 24 80 17 27 29 86 0 54 18 44 98 23 82 33 25 65 33 87 85 19 0 22 98 80 24 42 55 77 4 94 10 60 91 39 29 95 12 58 87 17 18 41 28 8
71 83 3 52 17 24 72 15 13 29 18 50 82 80 2 57 82 96 3 89 76 8 38 45 13 28 67 15 9 6 34 65 55 53 57 74 45 48 55 100 38 73 86 63 23 25 87 94 96 17 36 99 52 61 100 3 31 91 18 26 98 61 70 56 12 0 2 50 87 0 12 82 23 92 82 21 71 98 16 18 58 70 12 47 23 46 20 85 18 29 18 94 15 99 8 42 35 92 68 79 20 65 17 72 55 98 85 68 18 48 47 40 67 29 46 24 21 76 63 26 52 84 61 23 99 53 70 22 60 67 89 69 37 53 62 46 87 62 24 68 5 61 79 54 78 65 97 70 79 16 93 88 10 37 18 93 68 5 8 45 76 96 68 57 45 22 39 18 68 11 22 92 4 81 91 89 74 6 67 66 93 100 53 41 92 56 94 86 54 46 80 83 98 35 86 5 43 72 40 77 88 97 97 43 24 81 81 8 21 13 85 21 98 63 65 80 28 73 90 43 58 28 6 53 88 26 78 89 63 39 14 97 75 16 16 36 78 94 34 87 31 79 17 98 61 48 31 5 32 74 78 58 94 32 22 46 45 62 77 37 24 12 14 91 81 98 99 23 3 21 35 66 16 77 37 22 75 21 37 31 56 93 23 58 62 65 15 83 89 66 56 88 79 47 13 93 62 88 15 9 61 68 61 94 55 16 97 75 43 10 55 29 39 65 35 11 49 98 47 29 23 6 43 3 42 99 59 17 99 89 23 75 22 57 36 54 80 9 78 68 12 96 76 31 21 46 87 13 1 50 42 9 49 95 45 5 16 77 52 22 66 64 74 87 79 69 15 87 58 39 92 75 56 81 37 47 13 29 93 93 93 84 65 74 22 1 39 84 98 85 16 19 25 71 12 31 42 24 77 70
51 19 62 24 97 28 15 48 11 20 30 82 21 11 99 54 73 6 22 8 63 14 30 65 38 15 0 58 27 63 1 55 85 6 66 77 44 41 88 57 15 79 25 95 40 50 19 50 67 9 25 22 76 91 19 8 72 75 89 90 47 39 91 90 77 62 82 67 87 70 30 44 95 24 59 76 90 45 61 66 50 77 33 34 32 26 43 42 0 5 58 17 72 87 79 34 83 0 62 74 82 1 55 76 61 31 76 90 35 10 46 62 6 32 49 33 90 27 23 18 10 3 17 66 72 76 59 77 49 100 59 56 37 43 91 70 55 59 29 75 47 13 51 39 11 13 63 42 51 54 83 86 19 70 34 31 68 17 51 57 0 41 12 51 44 4 39 66 23 89 4 95 54 48 61 62 22 33 62 48 98 82 10 60 22 32 39 97 8 88 100 67 59 23 76 45 24 98 41 50 80 68 90 39 11 35 74 58 76 69 6 0 85 88 24 73 71 0 83 82 82 24 52 56 38 69 9 3 85 23 83 83 45 20 71 37 18 18 77 54 1 59 53 36 7 88 20 86 71 60 5 53 35 87 81 67 87 75 1 65 55 65 34 16 6 87 46 16 98 88 12 91 89 59 19 19 7 81 42 21 26 58 57 72 75 30 24 0 68 95 27 100 25 90 39 28 28 1 98 3 60 6 85 2 88 35 22 84 55 55 45 95 10 48 53 17 8 89 77 79 2 1 98 6 72 43 6 100 55 38 19 34 21 65 33 79 84 22 9 39 84 60 22 70 18 34 18 28 66 75 44 10 87 54 2 39 75 42 39 10 39 100 25 65 3 79 21 15 55 98 25 76 1 35 11 9 40 10 29 24 16 3 9 69 44 65 12 67 31 31 85 97 66 66 21 14 24 60 7 78
82 14 93 59 75 35 34 87 9 78 46 61 78 15 84 92 0 11 75 81 5 8 57 92 23 52 79 34 78 69 10 74 78 94 2 65 51 69 32 47 98 52 56 76 46 37 30 57 81 30 50 50 76 73 92 55 14 47 15 4 36 46 95 36 65 25 45 84 84 20 40 44 74 48 58 63 66 57 57 88 65 61 71 15 92 86 99 79 49 30 55 74 75 89 36 7 34 62 47 62 54 2 43 36 63 83 28 14 44 34 76 22 86 12 56 30 77 3 10 12 30 18 60 17 27 65 82 4 13 9 71 62 100 40 64 92 5 55 5 91 86 98 99 33 8 20 70 25 54 8 14 0 64 79 4 17 3 57 27 67 1 31 84 86 65 32 21 43 25 100 9 50 58 62 43 28 29 75 10 77 10 27 76 23 89 82 32 41 95 17 10 73 85 61 75 21 7 87 87 55 79 85 50 45 89 97 67 45 18 73 91 52 4 60 3 88 75 20 95 1 67 51 0 5 82 73 74 30 6 70 59 41 90 73 48 38 98 13 88 76 100 47 10 15 50 35 51 9 60 28 77 9 42 35 85 64 85 74 8 29 99 74 45 24 29 67 40 11 88 2 90 83 78 67 62 28 21 82 67 47 69 32 18 58 28 89 99 10 47 61 24 37 66 27 81 10 89 16 22 20 85 97 27 48 85 57 5 43 69 12 69 74 47 36 14 32 53 81 96 87 27 81 9 98 71 57 89 90 43 14 63 100 83 56 27 4 78 41 90 61 88 24 4 26 11 77 78 56 7 21 12 57 33 22 31 82 30 98 16 34 92 14 10 18 56 83 59 31 85 33 37 26 6 18 7 68 1 10 51 2 71 60 86 92 63 94 25 31 39 90 6 87 85 98 21 64 6 11 85 15
66 52 0 68 35 27 45 55 61 17 96 10 73 9 31 19 23 89 67 28 89 40 2 35 18 88 99 66 83 4 8 47 74 48 94 32 65 52 75 52 96 38 64 81 86 92 21 16 88 99 41 89 77 47 29 12 94 80 78 19 59 33 9 41 68 42 97 74 97 84 13 49 46 78 42 92 10 16 21 64 19 63 80 23 52 55 54 30 64 18 62 71 13 43 46 29 71 88 65 62 24 73 93 39 84 58 22 11 54 2 77 52 98 58 6 100 56 0 25 74 22 3 41 16 39 68 58 88 60 87 67 63 65 69 52 81 65 17 14 40 20 55 49 43 91 84 51 12 47 1 88 87 28 50 45 40 49 3 16 34 31 69 47 48 50 39 80 0 73 3 93 72 37 53 56 89 88 56 52 1 28 37 5 48 28 60 79 74 20 77 75 83 1 5 52 79 82 29 74 66 27 31 92 45 8 59 45 6 52 91 97 92 73 51 33 93 28 45 43 0 37 12 75 96 4 23 17 27 40 13 90 81 8 23 24 78 68 85 53 47 3 92 55 84 0 34 12 18 70 15 96 71 89 61 36 80 66 37 73 7 43 74 59 96 67 65 37 89 93 48 64 17 45 15 95 87 58 42 75 23 29 48 8 69 98 91 86 21 3 7 96 91 13 57 97 23 52 21 61 4 52 37 60 57 66 6 99 23 12 52 15 71 67 33 32 29 2 57 59 28 87 83 36 97 3 58 85 36 19 30 30 2 81 23 28 56 70 6 12 16 67 51 44 50 33 6 77 1 17 64 27 55 68 9 30 21 10 18 88 32 33 64 93 4 74 83 9 86 19 4 25 88 44 50 64 17 14 75 39 85 73 56 69 36 4 27 38 92 48 70 22 55 64 36 47 29 46 95 56 84
36 60 78 97 29 56 43 51 44 76 7 98 1 18 27 79 19 28 2 33 96 89 88 6 33 67 15 45 57 78 49 58 56 32 36 36 91 51 6 64 32 73 12 14 93 27 80 17 40 82 24 38 39 77 20 49 41 41 62 1 68 27 29 82 97 94 12 64 82 66 6 27 48 31 98 64 34 51 49 61 29 20 42 87 0 60 4 8 17 90 65 45 29 9 58 36 66 78 24 50 29 61 66 26 16 89 92 86 29 65 10 58 84 17 77 96 25 57 20 68 96 13 67 32 48 4 2 100 1 61 18 80 63 86 42 64 23 0 38 68 24 23 78 45 66 18 69 12 70 5 81 77 24 45 84 84 40 60 51 45 21 18 28 6 3 45 24 14 10 31 78 83 59 4 59 62 17 33 43 60 88 92 68 45 73 13 8 49 59 13 4 59 67 62 88 1 50 43 97 20 50 52 23 99 96 56 10 87 100 61 1 26 98 74 76 33 61 23 67 24 52 88 90 58 69 71 25 33 36 65 89 65 3 86 72 30 29 61 13 25 0 89 81 9 64 14 12 39 0 64 36 48 62 54 78 87 1 41 26 88 20 60 39 28 18 15 41 56 49 86 14 13 70 27 34 67 55 63 98 66 27 86 84 76 14 55 94 82 53 42 59 62 41 90 48 55 41 84 4 72 6 82 74 99 4 22 37 26 35 14 41 90 12 45 48 75 68 92 20 67 17 57 1 34 14 52 15 48 67 74 54 52 81 85 8 29 79 65 78 72 27 0 90 92 9 60 25 59 67 48 87 28 21 87 18 88 49 38 88 68 70 4 27 76 64 18 90 4 12 63 48 21 11 24 27 92 47 83 8 40 52 20 41 14 32 87 48 8 86 20 65 35 68 14 47 77 81 84 25 25
58 82 91 34 85 8 76 34 37 70 62 26 16 8 88 70 68 84 50 88 90 65 12 10 46 26 88 37 53 21 83 67 72 39 72 4 83 39 21 29 28 21 15 0 35 82 24 38 53 22 67 92 52 85 55 12 27 81 32 33 34 86 55 74 3 81 42 86 1 41 4 27 36 68 77 96 28 91 7 25 75 67 73 79 70 82 66 22 30 5 52 50 89 54 71 21 80 60 62 89 11 63 86 38 100 14 52 88 34 84 1 20 73 73 64 54 89 21 40 66 26 26 93 26 5 74 79 91 36 28 21 66 55 34 45 17 15 81 61 19 47 86 81 22 36 60 6 0 24 100 98 4 79 28 32 89 69 88 93 66 83 50 21 22 77 74 89 72 33 20 99 86 34 92 64 15 70 89 74 55 23 73 83 9 30 17 23 7 70 27 100 52 30 49 21 19 55 99 74 27 11 11 76 40 46 70 9 6 70 45 49 23 99 31 53 35 70 36 82 79 78 49 15 12 48 12 30 27 57 97 33 87 71 64 92 68 15 86 13 33 77 0 100 24 94 39 95 50 41 35 37 32 9 53 44 51 91 56 46 66 87 35 48 15 81 44 31 60 25 23 90 93 82 75 61 29 5 37 77 0 54 78 42 71 83 56 12 99 32 38 6 7 98 52 84 71 14 52 31 18 44 35 54 30 5 95 34 21 73 9 82 78 10 94 57 40 62 74 99 58 46 50 71 0 95 37 13 52 74 44 33 74 15 62 20 98 42 34 35 8 50 35 36 60 2 4 70 61 69 13 12 56 30 33 50 0 9 56 65 44 31 76 84 16 25 85 43 35 39 3 30 20 73 30 26 74 29 58 18 18 69 14 79 16 20 6 56 63 31 78 82 61 74 5 2 2 67 70 27 61
90 92 72 78 48 81 99 85 51 50 55 23 66 75 70 30 55 93 61 62 54 49 89 24 19 63 27 8 27 0 87 11 85 91 27 1 2 0 8 17 100 93 76 6 62 70 74 59 6 25 3 88 60 66 32 24 75 49 42 55 6 46 68 47 37 84 57 82 24 48 45 84 63 61 44 21 80 31 11 78 7 74 63 97 35 36 29 52 100 2 16 79 31 94 20 52 78 20 79 7 75 33 39 16 72 40 85 81 5 75 86 42 61 0 9 13 19 81 87 83 88 10 63 17 35 85 32 80 24 90 29 8 32 49 35 19 51 3 46 32 82 49 10 75 40 40 29 31 93 11 28 74 84 32 99 21 38 81 14 28 30 6 34 91 19 76 38 14 66 53 20 100 53 51 17 96 6 39 44 6 82 19 52 55 20 22 74 14 71 84 73 36 17 86 20 43 32 72 58 90 65 63 73 89 28 74 68 83 69 31 81 51 71 4 41 89 93 23 71 78 14 74 75 94 98 98 36 8 56 35 70 3 20 13 90 1 44 26 0 9 44 7 67 60 17 82 37 50 54 40 36 65 85 33 18 94 35 14 60 15 70 26 40 16 52 4 89 13 81 77 14 80 96 0 82 8 32 17 76 94 72 45 16 94 92 7 25 5 82 23 31 2 28 4 30 44 61 12 38 41 24 79 36 39 95 91 83 7 87 63 71 20 95 86 2 78 91 92 39 25 21 33 86 14 33 18 53 70 61 30 39 80 93 92 88 51 15 76 86 6 4 95 39 55 42 9 36 76 40 43 17 74 91 89 22 96 39 88 52 50 75 75 29 68 51 25 76 24 66 62 86 28 45 43 53 29 14 53 86 26 43 42 3 38 25 1 21 72 24 6 48 35 93 39 19 91 55 42 44 93
91 46 25 62 5 90 14 11 95 8 68 97 51 88 28 82 85 7 28 97 90 65 100 75 17 22 71 91 27 65 27 81 62 89 72 42 78 89 5 88 4 74 9 51 69 23 79 91 95 76 89 6 18 87 52 91 52 56 98 54 64 82 32 4 57 2 40 63 23 88 68 60 52 59 45 19 73 41 14 32 9 77 70 92 15 58 92 84 58 19 31 62 86 100 82 24 0 49 38 31 14 98 3 56 46 74 28 52 3 86 16 93 28 55 79 95 54 33 76 26 0 43 26 62 90 1 8 42 44 39 72 91 71 38 67 4 70 99 10 10 76 65 13 82 24 24 95 32 22 26 57 8 15 56 70 33 21 43 82 7 42 80 19 33 87 75 28 49 85 92 46 86 95 44 67 83 10 31 45 41 83 32 61 21 56 6 83 81 39 39 90 42 0 50 11 42 31 49 34 10 74 31 65 88 7 44 7 27 47 73 100 45 93 89 100 23 98 9 88 89 17 38 97 42 6 56 6 27 99 61 98 66 65 67 86 45 61 96 38 0 75 30 78 70 14 31 79 51 52 2 79 13 47 46 58 36 18 13 98 1 8 14 93 32 80 27 15 13 3 87 43 63 99 6 43 71 50 4 6 53 6 99 74 20 63 44 37 12 8 43 63 77 96 15 79 76 14 47 48 22 50 36 41 93 55 57 70 23 46 90 74 59 64 34 43 5 72 35 94 37 89 48 3 52 95 12 82 16 43 60 17 58 55 78 92 68 54 28 49 48 33 57 8 90 97 25 89 3 50 39 80 75 9 66 32 61 5 15 77 37 86 87 15 12 32 79 42 69 59 85 6 21 57 36 66 94 66 92 27 37 66 30 2 65 55 13 64 65 78 47 23 38 75 43 19 97 58 70 91 42
1 58 89 63 57 100 87 52 85 81 9 47 57 33 59 14 0 56 80 38 58 95 14 6 9 60 34 50 80 73 16 60 46 0 39 29 32 69 17 44 32 44 45 15 100 72 8 60 38 24 0 57 95 89 40 47 77 0 52 51 80 17 80 26 25 10 17 82 65 100 61 65 0 7 30 91 9 2 96 45 24 22 39 67 88 30 51 10 14 99 3 63 94 16 63 12 78 28 4 61 47 75 92 5 62 100 8 16 30 20 47 35 72 22 69 85 99 30 35 70 32 28 28 74 56 98 82 55 99 70 62 7 91 47 60 86 84 33 50 61 55 66 11 82 27 77 12 48 48 29 81 6 11 38 84 93 98 70 95 24 82 66 1 48 59 5 75 34 26 60 91 56 73 31 4 43 29 1 50 18 75 72 98 28 61 4 98 92 37 44 96 75 22 76 81 88 98 60 67 6 75 32 44 82 75 74 21 44 29 60 52 24 71 75 37 69 67 61 10 97 91 1 26 17 13 74 62 94 65 26 81 2 61 32 49 38 43 55 43 70 27 69 1 37 28 17 24 91 45 77 7 94 59 58 12 5 99 7 17 15 35 90 58 83 92 31 20 9 50 2 0 87 75 17 50 79 9 80 15 58 52 28 56 15 70 56 15 71 57 3 43 43 100 94 99 52 59 77 37 100 96 89 46 9 3 89 93 35 66 31 73 44 27 91 0 29 9 19 64 21 12 4 45 98 48 37 39 75 31 79 49 89 35 98 28 26 78 62 22 93 81 72 9 15 31 52 34 51 22 36 59 19 55 58 2 52 22 99 92 45 61 45 75 68 15 21 26 93 43 27 93 4 18 52 23 35 12 63 90 67 28 2 65 79 96 61 84 22 44 96 82 7 64 31 11 35 3 94 65 48
10 39 51 47 3 53 32 10 19 3 59 17 66 65 66 35 92 9 72 83 52 55 77 62 18 75 73 38 11 37 78 17 53 4 10 15 50 54 36 84 0 10 8 49 13 33 98 41 56 25 3 83 46 12 17 72 30 8 52 39 12 51 48 17 66 39 94 50 43 89 8 5 87 18 56 82 30 32 17 98 55 38 12 29 25 47 61 45 69 51 82 46 80 73 91 38 68 16 92 42 70 24 4 86 62 59 70 99 11 3 86 3 12 13 5 55 100 3 90 7 77 83 15 34 91 75 86 32 92 32 2 0 5 83 7 54 59 15 16 70 49 42 74 25 38 50 14 93 99 13 96 91 65 90 54 50 11 36 21 59 8 53 63 76 75 74 38 77 36 70 48 45 81 69 98 39 15 73 90 13 11 57 32 10 69 46 60 84 69 79 15 16 23 58 97 5 35 59 17 20 35 10 53 49 21 39 78 96 100 86 77 30 2 87 100 88 74 73 66 93 40 80 86 35 36 94 3 41 55 40 38 41 1 33 9 31 86 26 56 17 45 13 15 13 81 13 9 0 44 66 42 1 57 32 48 14 76 79 83 67 62 3 39 14 39 32 15 51 39 48 5 30 6 53 20 100 49 40 32 63 61 4 31 96 66 96 36 96 15 45 72 58 12 8 21 93 61 8 0 4 82 10 76 72 57 31 10 39 76 40 66 3 34 5 54 52 97 15 14 46 2 12 64 60 26 28 53 45 70 46 58 44 43 15 91 86 98 4 14 47 97 4 84 34 41 3 33 29 14 8 14 45 14 92 45 8 86 97 59 52 42 13 62 38 27 7 14 17 68 69 57 37 39 32 27 96 34 64 95 64 12 1 81 32 56 25 75 19 22 27 14 44 18 55 62 55 52 84 52 86
8 74 67 80 29 57 0 64 22 47 57 73 14 6 46 6 53 59 69 87 18 5 56 6 15 17 47 1 23 36 64 91 5 62 32 38 26 44 90 57 80 0 87 100 64 53 70 12 88 51 100 27 28 14 66 23 25 55 2 22 72 95 8 61 72 80 100 51 57 98 26 6 76 76 91 82 2 59 71 68 28 51 23 93 90 77 25 99 99 45 24 77 15 13 83 46 70 18 50 68 61 11 17 35 37 60 76 15 32 83 83 95 17 48 51 29 77 99 34 78 68 19 2 5 94 42 14 100 19 94 12 8 61 18 60 4 39 73 46 39 54 30 44 43 16 0 70 9 13 53 72 63 100 54 34 90 47 53 76 61 67 66 80 88 87 22 100 88 44 61 49 32 9 14 73 43 58 29 98 84 50 75 39 45 86 9 96 42 76 30 82 60 34 29 46 12 67 22 59 99 52 48 10 15 12 24 64 73 59 61 70 52 2 97 1 51 5 89 96 27 91 19 36 96 10 41 89 34 53 29 38 33 81 93 9 43 94 82 0 3 62 34 87 58 93 1 43 88 53 28 56 77 63 28 97 14 48 100 25 51 60 92 65 74 80 65 78 92 100 76 62 96 78 76 27 7 35 22 32 60 88 95 76 20 19 2 55 32 34 47 19 32 79 71 29 29 88 54 82 50 61 38 79 64 38 14 81 0 65 56 55 20 46 52 74 71 89 21 45 45 77 12 67 75 8 85 93 92 52 15 73 34 64 95 21 60 94 56 86 34 80 57 63 37 98 11 4 87 1 46 90 62 18 40 3 73 81 26 51 71 69 24 9 76 19 86 13 2 99 67 23 40 20 6 60 36 44 65 17 1 90 25 2 71 12 59 68 67 48 77 97 58 58 16 12 62 99 42 5 75
92 38 26 33 85 38 10 56 28 70 7 61 11 27 22 34 49 4 57 27 44 2 32 61 12 49 9 73 48 57 57 95 44 69 63 70 49 22 50 12 19 30 72 28 81 51 27 13 14 31 94 59 61 74 1 99 50 37 67 26 13 50 19 86 83 22 37 79 2 51 75 9 99 48 23 34 86 9 100 51 21 55 48 68 20 12 89 83 1 71 31 9 92 55 21 1 65 47 22 75 34 6 40 21 15 36 9 39 86 23 93 84 18 53 45 28 34 72 27 25 42 52 91 82 42 23 42 55 56 44 3 53 15 46 11 76 90 76 6 28 100 71 91 81 20 2 75 67 44 18 69 38 45 88 51 60 22 25 2 69 11 60 80 58 57 18 41 45 14 86 72 79 10 15 21 75 84 41 38 65 24 70 19 67 99 72 12 78 77 42 9 96 74 6 26 13 80 31 59 57 99 70 39 62 37 39 47 87 24 30 55 42 75 96 29 2 1 98 19 51 93 19 19 18 15 48 39 71 58 28 69 2 19 76 72 31 99 50 47 16 63 67 36 20 91 55 41 8 73 44 2 18 84 61 60 58 35 68 3 97 18 92 2 68 95 66 21 83 31 8 82 47 95 27 29 55 49 92 17 81 7 74 57 25 15 8 96 51 73 44 15 94 18 58 73 25 79 30 73 59 44 93 26 18 78 78 91 22 25 66 24 13 57 90 23 42 27 66 68 2 25 6 58 33 24 97 9 39 23 71 70 29 99 10 28 23 33 98 78 76 59 0 4 51 48 96 26 62 88 51 55 9 96 22 30 65 96 26 51 49 85 74 7 8 50 78 58 24 53 37 13 45 57 98 15 40 71 60 30 60 42 59 14 65 99 45 59 3 2 52 45 65 81 83 74 84 27 53 26 83
33 22 53 73 36 1 100 1 100 81 54 98 44 72 91 43 64 46 85 78 74 28 100 4 70 1 79 78 50 24 75 6 79 52 4 12 72 15 10 32 92 32 55 3 20 50 100 29 91 61 34 73 19 99 37 26 49 1 57 58 91 25 79 94 75 15 64 11 88 97 45 20 33 33 68 90 74 4 43 42 4 20 5 93 61 90 58 46 97 56 5 50 73 3 85 11 6 96 22 73 65 7 100 55 66 73 42 38 42 38 27 81 47 54 3 22 43 16 8 12 41 75 58 42 93 84 60 25 61 15 40 28 3 17 38 42 39 67 5 37 39 100 71 29 97 39 87 32 46 45 32 91 78 72 24 38 90 25 7 47 52 77 35 48 67 4 87 24 91 72 55 65 98 62 40 85 47 29 67 76 33 29 75 26 0 49 18 12 69 30 77 11 95 49 80 44 50 57 18 92 67 88 32 62 31 15 2 67 37 10 82 95 55 77 36 45 100 91 37 66 83 78 38 17 13 82 4 95 35 41 57 42 27 42 0 60 9 59 31 74 27 78 29 76 59 35 13 27 48 2 17 86 22 56 78 77 50 63 79 29 42 26 87 100 6 66 75 61 76 23 78 48 85 99 32 41 97 40 56 96 17 72 27 66 14 67 94 15 14 8 21 1 74 42 77 57 44 23 56 23 16 88 27 51 57 84 61 73 24 35 73 61 13 69 77 57 64 86 84 71 6 14 98 14 73 96 75 51 30 67 28 57 17 3 41 29 60 91 52 88 94 45 59 82 59 87 58 58 74 11 65 85 68 65 10 87 95 83 23 16 94 57 93 48 5 73 57 95 95 49 57 54 37 69 31 18 30 6 25 15 89 85 25 16 45 8 91 84 25 60 64 85 27 47 76 95 7 62 51 3
98 24 100 65 82 55 67 15 96 30 59 47 18 14 81 98 73 13 48 58 35 22 57 43 76 22 58 53 56 68 71 61 52 50 56 50 53 36 49 19 63 31 40 73 25 69 46 89 30 31 89 59 40 100 69 12 92 29 26 57 8 64 75 26 85 3 28 83 92 65 18 77 67 63 77 40 24 52 88 4 78 77 28 88 52 76 33 29 2 14 84 93 87 0 76 37 31 43 39 94 63 39 41 59 76 2 30 69 80 25 15 42 2 13 13 99 14 0 94 12 98 43 21 3 53 15 63 57 42 65 4 52 94 28 14 6 81 33 39 2 34 88 62 23 58 31 54 55 17 4 6 80 47 83 23 28 6 91 48 36 100 94 35 21 18 52 1 15 60 89 16 5 90 11 28 91 100 29 85 52 55 6 84 8 15 36 55 65 70 29 50 16 27 28 37 56 83 25 40 45 20 55 99 37 73 80 88 11 29 54 96 91 11 16 24 14 98 50 81 59 23 51 6 44 21 76 92 41 71 13 22 85 72 65 23 87 20 19 13 6 81 52 67 77 24 82 28 17 52 63 67 88 55 67 55 25 88 100 68 19 18 85 17 7 81 8 4 23 54 49 40 24 2 65 12 85 56 23 66 48 84 89 32 7 43 32 58 33 49 36 77 40 84 54 16 98 21 26 97 62 93 19 69 77 90 27 9 53 43 52 1 47 54 19 73 80 87 15 59 37 54 62 93 28 79 56 49 26 35 26 98 95 30 25 78 4 62 97 0 57 91 24 0 3 32 85 51 81 14 39 58 37 2 56 32 100 72 6 41 28 34 10 29 15 12 32 97 42 87 9 96 63 13 54 40 26 39 2 11 75 45 46 4 96 1 93 10 78 56 22 38 77 68 52 41 26 95 96 53 63
74 78 89 4 41 54 91 13 13 78 45 20 21 94 84 64 87 97 83 0 26 72 25 76 42 39 6 47 85 49 2 11 52 76 56 20 3 10 82 99 7 51 92 50 94 20 9 10 98 18 89 34 47 21 87 47 44 32 87 46 50 72 46 10 25 86 13 89 21 51 3 29 61 0 5 22 77 89 12 39 92 29 90 1 38 96 48 73 27 51 80 89 49 65 4 29 55 13 22 20 28 32 67 55 16 11 62 1 84 75 66 66 13 18 43 34 88 9 21 1 28 78 91 63 86 96 24 23 19 31 75 18 93 67 47 40 97 7 22 26 45 91 77 89 26 77 64 47 46 20 38 31 10 17 81 71 31 10 77 84 89 85 62 33 15 74 67 81 72 100 38 36 40 98 27 20 0 5 63 19 37 30 88 58 99 69 59 9 40 31 13 8 9 42 84 25 70 63 37 73 30 39 7 1 25 85 14 1 93 72 90 28 24 80 1 99 68 32 63 65 38 70 36 96 85 0 49 89 49 94 5 86 14 52 87 23 70 81 98 36 53 61 71 8 21 46 4 70 59 79 28 3 34 3 26 99 34 88 68 24 75 32 0 26 87 35 41 90 99 53 82 73 69 79 40 92 56 62 77 49 94 88 31 34 30 7 92 90 32 1 98 48 31 52 96 77 40 100 96 65 59 33 16 64 12 77 45 86 63 60 19 31 51 77 52 23 46 26 46 39 92 45 20 64 20 71 45 8 78 27 97 50 71 43 100 69 67 17 87 21 75 61 94 100 75 13 73 52 17 52 18 99 57 13 77 32 84 11 80 52 36 22 16 61 36 50 83 9 57 7 86 62 30 6 45 26 71 28 58 21 95 98 59 83 61 37 41 39 80 64 20 14 44 16 60 46 89 41 78 18
12 5 58 65 10 91 4 100 48 4 37 6 43 78 7 69 88 44 97 99 15 26 47 18 48 51 10 75 58 27 41 35 83 68 14 82 27 3 99 21 47 67 87 58 75 35 19 12 85 1 34 52 82 36 8 20 3 29 54 39 15 9 76 0 96 16 47 75 73 61 80 78 69 94 33 29 81 87 86 9 92 43 49 82 3 83 38 40 76 24 57 100 19 25 79 95 59 95 86 39 25 25 61 34 86 2 70 5 32 92 71 31 41 59 52 34 9 30 83 97 43 13 47 35 68 88 83 6 91 5 25 62 44 19 3 87 29 34 39 49 26 37 91 24 29 82 58 18 40 96 54 78 20 95 54 90 21 76 10 39 20 50 95 11 75 70 69 87 5 93 11 79 49 62 16 24 55 20 77 4 29 64 19 19 93 36 40 52 35 39 62 10 9 9 66 41 11 29 24 37 44 59 57 71 76 50 97 45 74 43 22 95 62 31 66 69 11 25 4 48 89 69 8 98 62 26 79 3 100 8 94 41 73 62 70 5 79 65 14 72 32 48 34 30 19 53 9 92 97 18 93 40 63 43 92 21 42 44 8 38 28 16 33 67 68 85 20 7 39 9 95 73 37 70 84 20 18 22 98 24 92 71 32 35 11 46 39 37 95 11 58 40 9 75 88 100 42 9 47 32 32 58 40 63 11 99 72 77 48 32 21 61 24 42 99 28 37 19 84 72 98 44 83 20 58 53 69 88 16 98 64 57 28 73 14 55 42 79 66 55 65 60 89 68 66 71 73 17 74 37 58 79 48 15 42 1 60 75 25 80 40 59 55 23 6 81 64 43 46 83 89 3 31 36 64 99 67 91 70 66 48 23 11 62 9 7 90 66 70 47 45 80 93 36 22 5 92 80 40 39
80 38 41 83 44 47 3 58 39 11 7 92 96 4 91 12 28 95 19 54 16 20 48 86 89 78 46 22 10 88 76 6 90 24 91 38 18 48 57 31 100 95 28 14 41 84 11 0 76 84 6 92 46 12 66 65 79 89 27 11 97 83 40 31 25 90 27 27 22 88 26 62 67 39 21 36 32 85 83 36 23 6 36 76 67 16 6 76 1 52 99 29 68 3 33 79 37 39 54 53 35 32 13 38 54 28 70 58 92 65 99 17 59 90 89 4 34 45 90 18 65 40 67 2 55 20 23 93 70 59 81 34 91 87 41 56 65 57 100 90 74 97 63 12 89 21 25 79 19 45 67 60 1 4 98 11 64 99 59 23 39 25 62 77 79 92 68 82 30 31 17 9 95 95 70 34 80 71 84 27 4 54 67 86 28 2 33 73 78 77 30 94 12 39 22 90 36 98 84 52 33 67 90 88 85 86 97 86 66 59 35 57 42 62 51 27 17 95 53 30 1 6 85 70 1 29 98 68 62 8 99 77 93 78 10 90 12 6 28 21 35 86 22 62 26 26 87 41 60 56 3 53 87 51 19 0 35 6 24 8 1 70 38 85 59 95 65 15 35 41 6 17 0 93 66 60 29 43 89 6 35 14 38 16 89 10 60 69 26 80 14 85 29 89 12 81 89 90 88 75 13 92 31 14 17 0 11 57 22 85 53 1 28 43 19 39 50 31 36 98 76 8 86 2 5 30 48 25 85 42 48 85 73 85 89 4 54 17 78 92 81 37 13 29 64 42 34 59 33 90 65 70 27 86 77 74 24 1 95 66 60 92 49 69 38 68 25 80 20 72 25 84 1 92 30 65 3 7 24 52 31 6 40 32 23 70 60 8 11 27 59 50 82 31 49 11 96 21 75 19
80 61 22 2 90 3 8 32 66 77 30 29 75 74 36 9 3 87 66 84 82 73 97 59 36 37 97 4 46 76 4 23 50 45 60 86 59 69 52 57 68 16 89 15 71 51 37 44 22 51 29 66 6 41 91 80 91 68 17 24 22 80 74 15 52 68 80 25 17 40 79 99 9 79 63 80 18 20 18 17 45 49 43 51 27 40 24 29 60 43 1 2 19 43 41 7 59 94 10 77 9 71 73 67 29 13 39 36 69 26 65 51 76 24 97 92 57 85 92 37 88 78 22 59 40 26 55 39 61 32 40 48 97 73 91 19 92 3 23 18 14 67 80 32 28 8 50 8 54 78 81 58 58 42 85 87 43 84 86 7 11 59 76 35 82 15 5 80 93 62 28 49 6 16 33 5 11 12 48 29 42 14 22 35 73 74 53 83 20 31 28 42 68 94 69 93 86 91 21 31 76 29 49 84 50 60 64 32 32 49 7 81 27 2 23 14 34 74 36 24 27 86 68 42 23 61 79 2 60 100 46 36 64 21 13 94 24 90 93 19 12 98 45 50 65 56 40 39 92 52 44 20 81 53 0 12 83 19 39 55 13 31 33 13 13 53 82 32 54 20 4 1 48 14 29 49 7 70 74 87 71 97 78 64 23 81 8 96 16 42 17 30 76 51 78 78 97 46 70 46 80 64 82 43 49 19 23 8 16 8 89 29 38 64 85 10 68 92 0 89 36 91 26 10 61 32 64 5 49 47 30 5 71 52 4 53 95 31 68 34 54 58 22 30 66 80 70 8 16 94 22 42 69 76 37 40 10 40 71 75 33 10 47 57 99 40 65 21 97 36 80 15 93 41 10 11 47 75 6 92 36 98 64 55 97 74 73 16 1 40 75 38 100 60 6 76 14 78 93 51
66 100 93 96 38 22 55 25 34 34 69 67 53 100 53 58 92 58 34 93 64 39 82 63 88 49 53 68 57 65 95 62 58 87 75 5 13 17 2 47 88 62 26 46 50 59 1 61 91 35 68 86 6 84 59 37 79 17 77 67 71 50 30 10 7 64 3 33 39 78 73 87 12 76 39 96 42 22 67 62 17 48 16 93 59 78 95 67 48 97 72 12 27 26 51 80 48 96 84 16 29 57 51 24 41 21 24 57 78 79 48 94 37 73 54 48 58 79 63 14 90 32 96 62 38 49 65 58 73 58 75 41 74 99 22 21 24 78 54 60 10 76 90 64 1 22 81 19 0 31 75 52 28 30 32 47 5 83 59 48 40 34 79 0 22 18 66 1 71 59 60 72 73 95 72 92 30 0 40 76 100 46 93 32 84 2 92 25 54 85 50 69 7 43 91 48 91 28 25 65 14 33 52 39 80 59 93 77 68 40 35 5 7 85 37 22 72 96 75 10 25 72 40 80 32 31 52 15 75 93 59 1 92 93 75 16 66 52 2 92 2 68 68 99 36 91 75 36 77 20 35 28 19 86 2 12 71 90 96 33 14 15 33 31 79 84 67 23 59 92 48 38 46 7 7 10 57 60 93 21 58 43 60 85 2 63 72 85 95 60 32 2 57 49 60 55 5 40 50 53 8 60 28 65 44 0 88 46 34 76 7 26 23 80 63 23 32 90 79 36 91 70 28 91 72 17 4 64 26 12 39 75 6 11 23 65 49 21 60 24 99 13 32 1 14 45 18 61 63 67 40 53 0 29 2 90 1 42 78 99 54 84 76 13 1 85 57 54 2 38 20 44 56 2 76 91 38 27 68 2 47 76 53 35 35 77 98 31 75 55 92 98 16 7 58 69 49 60 85 29
36 24 1 44 26 33 92 14 78 12 43 51 63 89 40 47 17 28 73 71 49 72 32 81 47 6 29 6 8 63 80 79 34 48 77 56 62 6 57 55 31 73 4 55 8 96 1 24 16 83 100 81 72 94 20 50 67 37 86 26 93 84 72 26 5 36 4 34 100 39 83 10 21 30 88 55 93 51 39 95 56 18 95 42 64 30 49 34 5 71 83 84 66 67 40 27 94 24 52 35 4 8 29 36 95 26 17 67 29 50 18 2 25 58 43 28 65 66 68 60 26 62 13 59 92 52 77 29 59 39 65 32 20 53 80 5 73 21 0 48 92 63 86 27 68 93 70 25 57 63 75 78 89 65 78 38 96 25 81 30 62 81 21 78 32 2 17 22 77 36 24 26 91 61 17 34 81 9 88 61 43 92 68 24 93 29 91 17 75 29 9 79 50 57 57 25 87 62 60 17 85 26 45 53 84 94 51 67 8 92 49 19 99 44 93 60 50 17 77 33 47 70 29 84 33 32 35 37 87 37 72 25 83 39 31 49 52 2 73 95 10 73 65 53 72 0 27 43 41 82 78 49 0 100 68 34 78 97 63 26 80 93 36 14 78 60 18 12 14 0 6 55 28 35 8 96 14 86 16 65 95 9 59 39 27 84 14 18 73 80 37 29 9 35 88 0 8 59 37 8 55 18 17 35 94 19 49 17 25 6 36 20 32 25 78 61 61 69 41 2 12 43 97 92 11 68 82 63 65 89 35 88 87 78 9 78 90 60 11 35 77 25 76 60 81 36 4 17 64 95 15 17 62 42 55 50 88 6 45 35 57 75 10 29 90 70 41 22 12 6 59 70 14 34 15 89 66 26 75 32 64 31 34 39 2 1 79 23 24 92 66 12 70 27 68 85 12 79 39 51
67 96 78 57 13 42 35 67 32 82 90 85 33 12 83 68 7 34 37 20 43 68 94 75 19 76 100 9 97 77 81 23 49 68 11 5 53 36 2 18 65 43 27 51 22 70 60 3 77 10 73 66 34 82 74 47 1 1 57 50 30 4 77 75 2 66 42 29 12 81 9 24 42 37 53 60 9 7 99 29 2 66 50 2 43 47 95 24 58 47 57 8 1 64 2 94 18 76 49 88 28 48 93 64 30 74 88 13 50 67 97 49 33 23 6 77 49 82 39 22 70 71 18 66 40 75 22 30 32 44 92 13 19 19 48 37 33 99 69 21 100 67 16 74 83 21 92 59 91 92 31 41 67 56 12 39 95 27 78 6 10 16 92 38 32 8 68 6 16 15 98 42 55 29 26 96 67 55 83 34 71 60 49 58 78 70 40 75 6 12 40 75 57 12 33 7 9 3 73 14 79 96 58 85 98 12 31 13 55 70 6 21 27 13 12 18 47 50 42 99 23 1 98 50 22 33 100 62 68 49 78 2 24 99 15 54 53 15 3 79 94 59 52 98 79 63 50 64 56 12 81 87 98 17 80 24 33 71 18 80 68 71 50 70 68 100 45 26 95 73 37 95 87 95 14 13 61 16 40 63 94 13 24 13 18 52 97 54 91 100 19 2 100 70 11 11 88 15 39 83 71 50 1 1 4 97 43 70 6 82 26 87 46 98 23 95 11 7 4 32 42 21 26 80 44 59 23 56 39 95 43 83 8 68 75 4 83 24 26 22 92 82 78 38 47 28 41 47 36 62 91 100 9 92 59 75 51 3 38 31 52 78 11 46 57 55 1 0 65 23 68 61 5 60 67 89 42 23 48 84 77 56 41 94 2 3 90 36 91 12 60 30 65 81 40 30 69 69 12 53
48 20 31 95 70 12 59 47 57 28 45 14 67 92 42 6 71 91 74 60 68 80 94 82 28 11 65 25 15 83 100 83 75 42 24 83 18 31 20 1 85 46 79 47 31 94 68 31 21 56 100 72 5 72 43 41 27 51 3 38 88 16 97 37 91 17 92 28 86 74 92 58 88 33 59 53 25 36 19 76 24 69 71 8 53 42 99 48 65 81 7 98 76 30 1 80 31 34 86 69 58 34 38 95 57 9 75 75 55 40 0 98 77 75 50 84 82 77 59 90 30 35 84 74 34 55 40 53 8 100 54 71 92 42 76 73 26 25 18 93 58 22 29 37 85 95 57 27 43 78 46 19 40 23 11 29 23 1 18 42 33 62 6 75 31 36 40 68 15 58 55 11 33 82 79 95 64 51 51 63 52 43 12 63 94 16 85 60 36 57 86 41 89 23 40 57 75 96 34 20 65 51 86 43 50 78 58 67 57 77 59 52 84 53 86 91 18 34 66 17 91 15 83 48 95 68 8 12 24 98 8 45 28 24 14 50 28 8 10 67 14 1 54 33 9 49 44 96 19 97 39 6 64 60 57 9 75 96 97 97 73 100 27 49 22 48 28 4 66 56 65 39 100 32 89 76 27 35 66 46 34 12 53 89 84 12 31 9 99 83 35 99 24 72 51 64 64 20 11 91 46 61 3 7 89 55 53 11 54 57 1 1 30 0 97 36 20 71 69 75 52 58 21 98 49 6 13 14 27 34 69 73 18 14 46 2 34 17 10 61 42 75 76 2 72 36 44 90 12 1 23 54 59 72 30 28 53 24 44 86 12 48 12 11 26 82 100 55 0 21 89 34 33 31 98 96 49 21 67 75 91 42 64 69 94 1 59 70 32 50 89 87 67 100 83 77 93 87 47 30
74 4 45 99 74 88 68 21 66 60 84 93 99 83 12 80 59 87 74 24 73 10 49 17 6 71 98 99 25 16 79 87 16 21 78 97 26 33 21 69 80 24 25 9 32 73 94 48 83 21 63 17 70 1 66 1 99 29 93 59 4 32 32 52 3 40 57 78 41 85 23 40 62 32 18 65 71 69 96 41 86 62 98 21 53 95 35 57 3 33 47 11 65 6 76 18 70 95 85 57 41 8 63 24 39 13 3 19 24 38 15 1 45 16 50 8 96 87 75 56 20 42 93 4 77 94 39 57 20 27 52 44 95 23 52 46 76 82 33 13 15 31 60 72 87 63 64 87 48 73 19 57 98 96 89 33 44 59 45 25 18 16 5 62 14 65 55 51 32 26 1 25 52 54 12 2 74 15 28 94 30 45 10 26 32 15 65 30 64 64 69 76 70 59 70 87 45 55 49 99 25 98 21 93 33 7 58 66 12 92 96 9 4 77 10 69 85 9 45 11 1 80 70 27 85 33 60 32 70 52 9 24 40 31 38 30 19 86 14 91 44 6 80 11 23 73 0 71 38 56 99 63 72 68 56 79 54 20 20 59 3 42 90 12 70 35 47 87 96 96 59 80 15 25 69 3 93 42 76 79 45 19 91 80 63 13 69 3 26 50 43 100 25 56 50 93 37 1 20 100 76 9 50 22 93 52 29 22 27 99 64 56 96 65 37 49 2 94 41 27 3 78 73 7 88 98 74 29 38 29 22 15 92 55 69 68 51 54 65 18 76 98 69 14 25 46 23 37 0 35 2 13 100 50 65 99 23 75 58 77 26 88 10 65 95 89 30 27 39 1 80 40 68 41 78 81 31 83 91 40 8 56 53 35 52 24 59 44 47 15 45 2 49 99 8 17 4 20 20 25
75 32 2 34 19 19 99 15 64 13 64 95 18 36 56 38 94 11 75 54 99 83 65 71 70 98 82 87 16 49 0 86 66 33 15 11 10 15 13 98 14 50 80 83 1 94 87 29 52 52 73 38 85 82 27 53 95 62 100 26 93 10 74 71 95 13 82 46 89 94 47 58 4 76 53 43 62 86 80 28 14 4 44 98 23 4 37 38 32 34 83 47 24 100 91 39 46 65 30 63 72 85 63 51 94 14 20 91 52 86 32 74 6 25 7 69 53 19 88 66 29 26 45 86 42 87 36 48 10 55 100 15 16 76 15 74 78 16 0 58 72 21 47 49 19 31 42 48 14 32 28 51 69 69 77 78 66 1 31 59 42 1 82 6 46 55 35 77 12 38 26 34 27 62 95 71 97 77 20 19 99 54 63 30 24 98 58 96 33 38 12 83 24 78 43 82 56 94 13 60 61 79 65 36 8 23 62 24 61 81 84 12 54 23 11 60 53 83 21 63 19 60 88 51 25 42 20 10 54 69 56 93 24 67 69 47 52 20 77 50 2 68 98 65 6 100 97 72 46 61 45 16 31 94 19 38 90 47 65 70 59 80 22 36 6 2 97 79 43 88 25 8 61 13 23 74 96 68 69 83 68 23 47 26 56 18 88 45 64 86 22 88 39 84 86 0 27 34 23 7 97 94 53 13 12 22 100 86 10 7 21 50 41 96 69 12 15 63 66 87 38 31 79 1 50 96 22 23 93 71 95 98 74 50 16 59 20 35 3 35 44 78 71 83 57 73 8 28 98 2 40 66 32 64 52 36 19 96 25 11 58 94 5 28 33 43 25 50 18 41 33 80 4 43 51 56 10 61 7 39 92 80 92 25 34 70 75 73 17 19 73 36 63 6 22 77 99 17 24 23
92 31 54 74 90 94 61 55 68 37 9 76 54 69 23 80 37 43 43 75 32 87 29 19 72 13 27 60 31 67 38 69 32 36 47 44 50 2 76 41 42 24 18 87 82 0 46 65 77 23 56 77 92 90 77 11 51 21 96 29 12 7 81 26 81 94 12 33 35 89 49 43 20 17 3 60 9 55 56 49 73 71 57 25 16 14 47 94 46 1 82 52 48 37 15 40 36 58 11 33 10 19 21 24 5 97 65 52 91 81 20 57 17 62 0 61 60 56 74 68 25 62 14 38 27 38 19 16 91 52 88 15 45 95 54 47 78 87 66 10 46 38 75 91 66 89 33 5 23 49 91 53 92 95 44 20 54 1 95 87 78 72 22 21 95 45 38 86 74 55 48 20 39 20 69 48 56 9 22 89 19 11 47 28 54 27 18 40 7 87 48 86 62 52 66 15 52 79 65 2 60 6 5 5 38 86 27 91 89 95 99 45 51 92 0 9 15 66 37 95 34 65 89 62 96 85 40 28 57 75 61 36 92 15 45 80 16 67 81 9 13 56 54 42 16 63 100 2 67 82 61 49 72 56 75 91 22 28 79 82 70 85 94 50 81 31 72 75 77 78 39 62 17 37 82 25 22 9 34 58 11 23 19 23 47 38 19 65 45 78 74 34 4 8 99 87 64 64 41 7 54 15 33 47 81 95 14 59 96 28 9 51 21 79 12 13 76 86 66 87 82 76 96 94 78 5 2 25 96 3 21 73 41 49 78 70 82 70 58 1 43 64 64 36 100 6 18 70 63 40 51 26 82 76 25 95 7 60 76 38 52 97 45 59 25 87 66 91 59 78 68 10 81 7 40 38 32 58 23 1 91 40 53 42 9 25 6 59 26 64 90 9 76 96 11 3 75 29 73 1
89 53 97 6 3 30 93 36 100 9 74 29 86 62 11 38 19 29 24 8 65 93 82 21 24 89 84 11 91 66 65 55 61 4 84 73 42 0 71 49 68 35 0 10 44 47 90 51 28 29 24 9 79 98 43 23 33 66 76 45 82 99 36 16 14 92 84 32 12 13 32 16 52 40 63 100 18 84 30 46 47 57 91 22 68 49 99 19 32 78 41 80 81 37 21 9 69 22 7 84 42 21 79 26 29 75 79 76 88 75 34 62 56 13 20 65 50 22 77 34 12 60 5 79 8 24 10 32 61 27 25 88 98 62 14 54 67 60 12 0 26 8 27 61 15 4 31 19 63 68 18 0 37 39 50 35 34 48 24 54 46 74 53 67 63 63 5 0 84 16 43 42 91 2 74 55 31 62 94 53 78 85 34 98 36 69 55 88 60 22 38 89 25 3 87 22 32 73 91 80 61 18 11 22 61 46 12 42 37 96 94 27 27 19 69 58 99 3 96 5 21 5 83 80 58 70 73 69 83 66 100 90 4 91 80 29 22 48 84 99 55 92 86 72 60 9 75 63 68 54 82 93 58 21 54 89 56 6 97 49 38 50 7 88 66 12 15 52 59 77 52 38 37 4 64 79 37 72 74 36 62 97 47 45 2 57 3 87 100 62 84 52 31 3 22 82 32 26 76 26 68 30 30 83 37 53 4 69 46 33 74 25 7 56 33 30 15 1 79 87 74 80 72 7 34 70 30 50 74 1 80 26 57 32 69 30 86 55 15 16 41 54 34 88 68 89 53 84 69 95 30 75 58 45 61 61 97 84 72 48 79 46 16 62 77 90 39 3 67 94 29 44 49 12 66 99 38 8 14 33 87 98 79 56 46 88 21 11 25 78 9 13 88 22 22 82 61 29 77 43
25 29 35 87 82 12 82 100 85 70 6 66 7 43 16 69 13 70 6 38 4 78 66 54 27 63 48 42 79 70 60 37 81 44 86 48 2 25 11 30 96 31 81 55 13 51 80 28 75 2 81 68 80 69 55 20 2 39 60 62 7 37 30 47 64 26 88 77 84 3 28 64 42 46 41 56 54 42 98 95 4 17 7 22 87 21 10 29 3 80 15 28 30 57 62 25 4 70 0 49 60 32 62 43 65 51 42 16 73 15 25 94 29 6 21 44 10 95 78 80 0 97 43 38 11 40 53 76 82 26 89 33 83 25 100 68 94 24 95 42 9 7 79 60 84 21 41 74 2 51 11 94 95 96 36 53 71 74 45 72 66 54 96 57 45 37 55 83 17 84 64 38 40 53 24 79 81 24 74 10 67 14 48 47 2 85 65 41 67 94 5 66 36 45 25 45 49 9 72 4 31 98 49 76 21 85 44 58 60 63 49 56 5 79 87 14 65 9 56 66 86 5 19 25 12 71 26 83 21 4 64 72 80 55 91 45 68 63 33 0 40 72 83 36 61 55 33 39 86 92 48 93 13 79 42 96 12 43 24 90 91 37 46 40 93 47 3 94 14 40 40 27 30 73 99 93 92 80 78 21 53 15 44 4 19 84 42 5 96 46 49 47 74 36 28 69 67 81 98 77 51 4 67 97 72 29 45 5 22 36 49 37 96 1 38 13 3 0 18 75 17 26 74 30 8 66 57 4 76 51 90 36 35 37 2 71 66 62 69 12 70 100 4 86 39 65 95 37 91 88 33 77 75 2 84 4 24 80 89 70 64 30 4 49 20 58 55 24 46 9 20 44 65 78 9 35 96 25 95 51 58 0 54 41 42 64 21 16 8 22 55 6 11 29 30 75 60 36 18 68
82 36 62 98 47 69 99 12 55 54 43 83 29 6 35 61 7 73 76 71 21 46 1 64 93 71 70 44 11 97 51 77 48 43 54 26 87 20 44 4 60 3 2 27 68 69 76 22 72 54 93 15 98 3 48 87 98 38 35 19 78 16 68 51 98 93 27 40 79 39 5 58 32 83 38 32 100 34 58 34 82 75 92 5 23 90 71 89 64 85 54 53 91 77 13 23 97 68 64 89 64 4 88 78 11 53 44 48 22 81 85 70 4 20 40 47 55 58 96 2 69 61 12 45 12 100 97 95 4 29 96 41 14 69 11 14 100 22 52 63 15 98 48 81 33 82 14 93 68 54 48 20 43 13 34 14 72 86 78 4 65 47 35 75 39 8 33 24 82 13 42 41 97 84 13 14 33 58 7 74 51 56 38 61 52 56 77 47 75 91 7 70 37 76 95 65 5 46 62 83 2 49 74 40 15 22 95 41 39 24 96 38 83 70 76 61 27 16 71 76 12 78 29 36 9 69 44 41 48 21 61 30 67 71 4 53 38 91 11 78 54 65 34 85 52 14 25 78 15 30 33 56 40 64 42 83 69 41 82 74 94 4 64 10 66 20 74 77 67 89 31 76 64 42 49 67 72 60 15 67 61 32 15 13 81 19 83 33 81 3 13 8 63 64 100 47 33 86 81 27 55 78 58 19 18 77 18 57 15 33 67 79 53 47 1 35 51 30 88 91 61 12 39 12 84 68 23 11 82 68 73 85 58 49 46 65 98 71 98 32 98 41 29 64 90 28 18 47 83 87 81 10 35 91 88 95 98 46 24 84 36 17 16 94 20 29 9 45 91 28 0 24 99 43 28 48 5 78 36 40 1 15 75 21 84 45 51 7 51 9 80 41 84 18 50 53 20 32 47 84
82 76 45 43 66 78 95 97 39 38 91 46 65 38 88 15 84 34 3 29 91 73 54 46 48 23 11 24 64 71 59 2 66 9 20 95 40 26 63 84 81 80 1 35 87 40 20 7 18 36 23 38 100 56 52 17 30 25 76 82 45 15 72 93 95 18 71 87 28 59 24 12 27 27 59 51 85 85 0 71 84 96 97 3 6 75 87 20 1 21 93 30 85 62 1 80 1 44 13 17 98 22 36 63 5 68 57 88 89 90 45 44 95 57 68 96 39 64 17 100 13 77 89 99 31 48 17 98 19 66 39 39 74 96 67 57 62 81 53 69 6 21 28 42 74 41 29 97 0 99 56 93 55 31 89 96 84 81 46 68 72 11 86 54 79 96 6 47 85 64 97 97 1 80 72 84 85 38 30 24 46 2 61 66 35 16 13 70 74 72 74 13 59 52 61 66 66 97 32 59 80 68 2 44 100 71 97 84 8 59 38 73 86 23 53 93 92 37 36 95 3 13 89 14 56 25 87 71 67 82 36 50 96 85 99 15 42 93 55 66 12 96 48 44 53 58 27 85 15 63 19 0 15 12 73 13 36 30 56 21 35 87 0 31 4 90 23 81 60 69 78 45 50 52 94 73 63 78 57 62 85 69 93 73 44 65 69 67 86 29 69 31 7 85 79 25 10 0 48 75 29 84 84 73 41 1 61 3 74 14 63 79 39 0 40 69 27 2 47 79 77 13 61 55 9 39 62 3 12 34 20 30 94 25 34 33 77 39 48 27 89 14 100 93 7 19 29 61 93 35 12 6 24 16 68 44 43 58 87 92 45 19 15 94 52 53 56 8 92 7 6 79 13 28 28 7 10 14 77 12 50 38 48 34 85 93 8 31 2 37 88 54 27 39 66 39 32 37 33 42
21 23 45 92 8 81 3 50 20 15 86 36 81 6 18 33 46 48 37 53 57 36 94 56 98 85 94 54 72 68 66 73 22 66 59 64 70 97 70 91 26 38 46 29 51 75 3 100 20 16 6 55 100 29 11 61 30 43 32 7 33 22 97 65 90 83 6 16 95 35 49 2 96 38 48 54 67 5 17 9 85 70 70 95 56 62 24 26 4 16 19 38 75 38 47 55 51 66 67 3 30 99 29 19 65 25 83 8 91 39 49 66 74 15 6 87 58 2 54 33 13 59 10 100 18 34 6 91 12 40 98 59 55 88 4 1 12 24 55 5 17 69 10 69 47 8 91 82 13 11 26 78 14 72 82 70 1 17 50 95 55 46 27 56 74 77 35 5 48 2 82 98 87 25 61 89 54 20 21 41 23 21 16 78 4 4 79 38 65 36 81 96 93 86 50 98 98 33 100 27 42 4 74 76 89 64 84 26 96 72 39 100 21 98 39 8 39 65 2 77 27 37 1 67 47 36 12 80 87 30 56 81 97 33 14 50 36 96 1 84 40 16 17 48 93 77 87 18 98 53 76 25 14 64 63 12 60 29 85 3 85 100 54 61 47 37 78 75 77 22 46 34 34 12 77 94 55 2 57 53 25 39 91 42 62 7 40 52 29 6 78 90 97 100 3 69 2 12 62 34 64 8 28 34 39 86 30 45 54 49 32 38 55 26 81 6 14 3 39 28 51 82 39 38 65 59 57 66 49 62 53 84 49 31 92 40 3 63 53 76 93 84 29 63 8 67 37 2 12 10 26 45 62 20 22 85 98 10 38 64 85 86 0 10 36 82 70 41 6 89 23 15 60 57 74 38 44 10 72 2 77 7 0 6 37 89 68 62 31 85 25 72 54 11 33 76 21 41 92 0
33 22 13 16 96 16 4 9 91 44 20 92 89 85 62 62 90 42 17 12 23 78 28 41 47 57 48 41 93 89 4 83 69 50 5 35 34 58 16 61 43 24 68 10 11 93 8 26 14 2 93 83 21 14 24 63 2 30 83 79 30 87 95 90 72 83 36 55 69 18 79 68 65 49 32 6 58 8 36 58 83 60 88 74 74 29 63 59 5 40 60 60 95 81 29 69 69 41 90 18 5 35 52 44 94 27 46 16 89 79 42 90 80 92 39 17 7 15 18 79 71 50 15 5 6 30 74 6 11 98 34 81 95 92 87 10 27 4 60 42 71 30 97 97 21 90 26 3 62 87 16 80 90 42 86 66 90 82 15 94 72 55 68 30 48 1 84 66 44 27 23 5 2 69 66 12 9 7 66 97 49 56 58 29 51 87 92 47 93 30 25 51 21 92 85 7 80 90 33 92 41 41 21 24 94 51 88 20 62 86 93 16 32 93 33 20 28 11 8 33 72 11 70 7 60 74 22 99 63 14 60 5 50 30 67 80 92 33 27 6 99 13 75 71 3 100 10 10 11 78 80 21 100 75 80 84 33 89 53 27 23 95 73 95 17 100 27 95 22 6 10 90 84 95 55 89 66 84 14 16 59 85 42 86 71 76 61 25 65 23 86 46 65 0 66 68 10 94 33 13 68 67 55 96 40 1 14 16 34 0 62 64 75 41 24 44 62 38 98 13 99 3 19 63 12 67 94 93 79 50 16 57 27 50 80 1 32 93 76 17 77 37 85 16 88 77 2 100 61 91 65 94 78 22 52 76 1 31 18 67 65 22 39 41 78 99 24 95 85 44 32 10 92 62 57 36 94 7 56 70 80 29 73 5 39 80 70 25 94 17 39 59 52 19 99 91 18 82 24 97
85 66 55 23 87 24 68 40 94 67 12 88 3 19 53 33 14 36 60 76 41 23 60 96 34 23 16 71 79 84 46 15 17 30 2 68 32 59 61 28 14 41 24 85 18 84 92 98 27 65 33 73 60 61 17 45 93 91 50 28 40 37 76 19 70 90 56 25 75 51 20 4 88 89 74 30 71 100 41 5 48 57 18 22 48 20 45 7 15 9 71 68 38 31 45 47 79 87 49 11 85 64 91 32 40 61 95 85 80 88 73 86 72 1 29 27 9 12 2 74 74 43 34 39 34 16 98 87 18 45 20 13 79 81 29 91 77 46 34 51 25 86 85 72 38 2 67 5 62 56 60 88 58 91 34 23 48 23 84 94 5 39 12 55 71 73 59 36 46 6 89 6 74 63 33 43 86 1 4 84 35 94 28 68 55 53 48 0 52 36 10 35 37 88 86 99 62 36 40 4 84 32 91 87 97 21 78 5 33 86 9 44 36 27 56 93 42 39 84 57 27 80 92 25 45 32 5 61 65 10 27 26 32 61 41 47 9 15 2 32 63 98 92 64 78 5 93 81 0 41 96 25 43 69 23 31 36 62 70 68 48 42 43 4 86 44 85 1 15 33 71 74 85 60 33 44 68 76 93 23 71 81 93 53 87 11 58 50 82 30 57 75 61 35 99 59 77 21 98 89 7 54 48 28 22 26 85 66 50 58 79 36 44 15 84 78 85 78 24 34 48 10 38 26 50 74 19 72 78 60 85 12 83 11 33 12 37 35 88 72 95 84 26 53 40 87 91 8 97 95 55 87 29 42 63 3 19 92 70 42 84 22 6 60 31 9 18 92 18 3 13 63 44 90 49 17 20 44 63 80 69 95 66 50 78 68 71 94 25 53 52 68 9 28 16 20 42 33 13 40
36 86 33 90 29 79 9 74 2 17 53 75 42 27 22 62 91 99 2 61 44 15 81 93 21 28 31 0 8 61 5 70 92 17 64 62 82 70 11 69 82 44 16 51 73 35 87 49 15 8 28 58 50 45 56 64 38 69 54 14 16 26 3 53 23 36 70 62 9 85 52 5 97 20 19 59 48 49 96 4 70 98 69 32 63 95 67 66 94 84 80 43 44 42 92 16 97 68 19 62 82 41 39 65 93 56 43 87 21 14 98 40 74 89 94 80 49 71 13 53 40 9 44 16 69 19 91 82 64 61 52 42 88 60 61 77 9 83 27 49 53 36 84 32 45 76 11 67 93 3 66 34 44 70 52 57 16 2 30 94 39 58 49 70 73 48 70 100 43 40 71 24 93 81 18 47 24 27 64 74 67 64 32 62 45 22 47 37 27 90 91 54 28 17 11 98 7 78 10 86 75 27 10 87 79 24 60 8 20 97 71 50 51 40 36 96 56 5 24 92 9 92 88 68 43 35 62 22 50 75 16 51 42 42 31 43 2 79 95 61 48 7 54 95 13 73 75 3 62 10 19 55 15 41 95 100 14 96 9 37 30 6 97 69 20 91 31 99 34 76 19 75 18 11 0 30 76 87 69 79 21 14 97 74 84 52 4 1 72 34 5 2 97 24 0 17 52 25 71 99 83 70 71 34 70 14 14 62 66 19 30 87 77 15 58 33 67 50 38 56 9 58 55 56 43 7 54 92 61 33 18 79 6 95 18 22 33 73 69 65 62 75 24 75 18 22 11 83 47 36 43 34 17 75 58 28 28 64 44 11 86 17 29 35 82 56 20 81 95 87 57 8 60 98 11 40 32 26 58 60 34 72 91 60 92 89 24 75 93 74 16 91 9 97 88 14 15 7 8 95
50 93 59 39 26 30 87 64 25 37 63 3 50 28 92 88 25 73 89 74 91 24 89 72 22 56 19 59 65 32 31 32 63 93 7 0 84 71 100 53 36 64 17 36 72 69 90 73 14 34 87 66 50 28 95 53 62 73 3 63 77 88 82 42 82 36 86 7 24 85 22 12 90 80 54 59 75 57 4 96 96 68 24 3 73 17 66 2 2 70 84 1 94 40 74 16 70 80 46 46 62 76 57 17 9 96 24 89 8 95 30 51 92 66 57 34 33 91 79 67 58 59 76 58 45 73 0 74 95 89 58 55 81 42 38 50 78 29 94 69 31 97 42 31 5 54 62 83 39 23 99 41 78 82 92 42 49 0 89 92 21 96 54 67 44 38 51 52 9 18 86 13 75 18 90 33 59 33 38 88 59 41 75 65 56 43 39 23 93 74 40 14 64 81 84 71 62 48 86 11 0 94 100 68 32 4 80 11 18 12 64 28 75 19 32 12 87 22 84 0 60 52 64 21 73 88 50 70 7 54 48 46 24 91 77 38 17 91 77 16 6 88 54 35 89 6 68 67 9 73 24 19 60 55 29 7 63 7 34 81 51 8 71 100 80 83 3 83 66 35 6 91 37 65 70 81 73 15 60 29 15 53 89 3 84 45 64 55 96 70 77 28 36 62 33 25 7 57 11 57 80 17 65 35 98 18 69 89 4 68 43 42 14 78 66 43 40 57 76 32 27 72 21 28 67 3 41 37 23 6 1 10 26 73 88 38 24 85 59 3 23 13 66 70 27 54 39 16 89 4 99 25 34 74 84 70 11 74 2 80 88 56 93 36 40 52 72 62 99 15 79 56 26 70 4 9 91 17 49 43 91 4 61 0 43 49 51 71 59 87 92 53 21 95 91 45 66 28 21 49
5 59 50 43 86 30 32 96 91 62 49 86 27 90 79 13 9 1 93 95 31 43 73 93 10 69 22 83 12 4 0 12 19 10 78 18 32 99 56 90 61 15 73 85 53 94 59 65 93 36 26 19 77 98 93 82 97 62 46 10 49 75 57 80 35 31 67 97 85 85 61 80 94 46 16 82 8 39 46 0 100 74 63 18 42 15 91 39 18 33 53 86 51 42 80 21 26 59 3 45 67 7 54 41 98 67 79 10 99 94 77 87 84 43 97 76 85 62 59 98 63 83 80 94 93 1 21 67 28 27 46 44 13 76 29 8 55 25 76 3 53 87 3 67 58 84 67 49 25 98 49 18 7 18 16 69 94 61 30 51 75 39 88 12 13 40 86 50 9 36 86 74 38 31 94 39 25 70 13 68 66 37 40 51 56 48 36 36 71 72 36 36 79 93 27 40 41 19 38 30 98 98 65 62 72 48 33 62 28 100 10 76 67 78 19 80 8 78 60 30 79 45 9 10 9 40 33 70 39 24 54 57 11 23 34 23 39 98 94 44 65 1 23 50 79 4 95 97 6 18 17 22 50 29 81 88 52 81 89 12 93 68 37 4 54 13 98 89 17 60 72 67 31 44 16 70 56 62 50 27 99 16 80 55 9 50 67 54 18 14 48 52 97 22 18 66 28 57 69 11 60 18 23 54 17 14 37 84 6 44 34 93 69 53 91 11 56 65 56 68 48 99 74 15 8 6 58 97 93 17 26 67 26 24 6 44 43 97 8 96 35 55 69 38 48 70 51 89 64 4 75 16 1 0 7 90 84 56 61 98 65 31 22 41 32 44 39 10 47 54 28 2 43 9 94 97 62 75 69 93 10 5 90 65 55 67 80 34 38 81 71 48 26 79 76 31 52 60 6 27
21 38 67 33 56 49 56 75 82 95 89 45 88 56 95 56 43 69 25 81 95 32 8 90 37 95 29 20 32 54 47 86 96 86 68 75 50 50 44 64 59 55 64 0 42 4 37 56 58 49 4 66 77 80 85 96 5 2 71 49 75 30 2 65 93 17 20 38 12 36 83 40 65 48 57 84 37 61 59 43 27 8 33 57 81 1 46 39 39 58 86 78 13 19 3 46 45 40 64 71 73 12 14 82 23 6 32 4 70 89 72 99 35 75 48 91 67 60 25 36 93 59 0 84 73 31 18 47 45 19 18 69 81 30 10 41 12 95 30 57 54 97 5 73 7 43 74 95 66 92 25 14 78 48 5 49 17 26 50 8 68 2 31 43 38 69 46 56 74 26 79 38 13 17 32 17 48 21 13 31 61 98 76 29 12 32 57 65 42 12 29 73 74 32 37 20 6 99 29 6 33 99 14 56 21 14 48 24 50 71 38 92 18 3 22 13 43 92 39 69 48 19 81 12 11 39 80 95 59 44 24 37 77 90 62 24 91 19 97 36 50 83 62 7 99 98 51 63 22 82 36 3 5 47 92 39 7 11 73 68 21 68 34 61 57 95 43 21 63 38 88 60 57 79 86 7 69 29 87 63 92 52 77 85 92 64 2 85 78 28 73 52 31 83 65 27 17 44 99 1 2 69 9 11 97 25 92 80 66 59 5 53 67 63 84 21 98 57 70 13 5 81 98 35 96 23 89 83 48 7 22 71 68 65 24 64 79 76 98 33 22 74 11 13 61 61 41 87 60 73 67 8 83 47 0 13 96 49 97 46 19 4 83 10 50 18 54 52 92 76 60 90 34 29 53 99 3 91 89 77 10 47 37 2 19 58 52 11 8 64 2 19 62 20 43 61 93 1 34 95
14 52 56 25 61 98 84 60 40 56 31 1 47 98 42 31 70 21 11 97 24 80 81 6 48 42 33 5 51 26 10 59 98 82 9 37 18 31 66 95 42 79 89 83 4 48 44 8 43 39 14 42 46 9 71 24 42 21 90 1 60 14 42 84 5 38 39 32 58 85 28 53 30 3 20 67 63 56 19 21 43 14 56 53 56 75 6 37 35 99 100 10 20 99 97 19 77 28 30 55 53 92 9 91 37 43 53 37 29 21 42 79 30 56 85 3 82 65 49 24 47 4 56 67 13 76 23 43 27 61 97 32 98 43 11 70 62 92 96 42 8 84 7 1 65 68 4 56 66 34 66 49 86 59 68 40 4 39 10 64 95 7 90 21 94 71 18 92 29 60 3 93 71 95 8 30 98 24 12 27 59 15 90 88 42 17 1 47 16 91 83 70 78 4 90 15 73 47 20 41 66 83 45 81 9 56 51 55 30 38 54 36 76 10 41 27 72 59 58 40 28 10 48 21 22 41 18 58 99 70 27 97 29 75 80 20 99 53 86 34 26 65 74 26 7 98 96 12 95 7 16 100 47 27 70 1 85 63 71 45 18 83 34 88 49 30 86 52 84 22 39 37 39 64 35 38 57 90 49 71 13 51 99 91 54 26 87 7 14 69 16 11 38 4 7 95 71 74 26 77 34 71 50 58 19 67 15 47 64 92 86 22 74 2 55 20 99 49 69 46 1 62 55 78 24 54 30 97 88 55 100 48 37 39 79 36 78 30 88 29 67 75 93 3 59 5 63 0 41 13 6 82 14 73 3 65 98 65 67 4 29 100 2 10 17 30 95 9 11 100 21 41 19 65 98 88 36 36 72 59 27 0 30 66 74 4 37 15 19 83 44 35 23 40 94 7 36 85 41 35
90 26 31 95 7 21 51 77 54 99 59 22 74 66 2 93 19 98 79 82 1 42 90 16 25 82 71 43 98 48 85 85 9 38 65 67 44 49 95 87 7 20 4 5 37 39 64 2 96 93 45 87 87 5 71 51 49 54 96 4 52 62 88 1 16 96 63 74 57 91 10 36 30 90 64 13 35 92 75 94 22 14 91 11 84 44 38 67 38 39 99 23 46 11 20 78 77 42 54 62 59 60 84 65 37 14 95 70 38 68 25 8 32 32 86 100 46 29 26 55 47 77 71 4 49 59 85 42 78 12 77 52 88 2 54 78 22 85 1 78 16 96 71 78 0 71 46 79 48 8 32 24 26 53 54 55 49 39 54 86 97 5 99 53 38 63 33 53 90 66 44 71 67 67 76 19 7 30 31 45 52 26 82 52 44 89 98 90 46 53 65 58 100 40 41 99 61 67 50 37 79 77 91 54 60 66 67 76 46 96 47 59 48 23 29 8 14 33 72 85 26 35 96 64 38 83 4 66 38 42 35 100 81 42 56 46 81 38 48 26 39 17 18 23 41 9 68 97 24 24 77 35 25 77 76 88 90 37 39 51 84 7 18 28 89 72 5 25 50 79 24 81 98 24 47 49 77 78 76 46 91 78 83 47 63 8 84 21 53 66 55 90 90 24 60 87 57 5 76 1 70 97 20 57 49 33 16 72 11 60 77 56 82 22 12 39 38 24 34 45 35 77 74 94 37 50 12 70 69 51 77 97 98 38 69 87 39 70 25 51 25 19 50 48 68 84 94 70 77 37 24 13 54 38 68 93 10 56 50 45 48 87 57 37 80 13 53 85 15 81 12 89 30 74 80 14 88 78 18 36 50 71 24 7 67 28 70 67 43 54 1 16 74 5 50 25 86 6 85 69
15 58 4 19 55 35 65 9 43 2 90 71 55 23 39 40 41 98 94 55 34 59 77 72 77 93 83 36 31 67 52 59 85 26 48 8 100 90 44 29 41 30 99 71 58 67 44 91 81 1 75 2 78 98 91 59 80 54 96 53 53 62 21 21 75 23 88 79 88 24 76 38 75 3 64 87 76 19 2 24 4 36 84 39 41 92 47 28 6 37 9 0 85 0 50 78 27 79 66 28 32 75 56 77 100 13 4 79 100 16 27 63 8 25 77 39 95 17 17 87 5 36 42 63 11 54 33 33 54 66 1 76 8 69 50 3 6 62 5 79 52 96 36 62 51 8 96 80 31 59 50 33 24 80 35 9 41 90 30 58 92 76 100 65 56 98 99 53 39 35 93 77 62 76 17 82 46 49 47 24 57 98 55 51 86 64 52 82 91 41 20 5 80 39 75 32 62 2 24 100 80 5 60 57 39 64 24 16 69 47 26 9 25 96 94 20 15 75 87 7 70 21 64 95 25 99 46 36 38 86 31 30 78 18 16 95 55 47 85 79 29 36 53 95 3 2 94 98 95 97 22 68 48 47 71 18 28 50 21 51 84 92 49 76 79 94 39 59 53 65 81 93 96 69 85 78 53 11 15 95 73 7 67 30 29 25 28 72 53 7 90 67 14 51 75 88 70 21 20 27 56 33 90 1 40 97 85 73 25 4 51 57 73 0 61 40 25 74 0 98 74 7 21 43 34 0 41 71 60 11 43 60 32 72 68 9 45 21 70 13 61 54 39 94 41 47 46 56 9 19 80 82 32 65 20 14 46 22 80 14 28 21 11 18 39 99 15 34 25 19 57 35 66 98 22 21 0 57 6 94 89 98 11 55 39 58 40 75 39 4 50 30 2 23 76 1 31 95 5 39
36 98 38 38 39 70 95 21 59 29 74 49 58 59 44 55 99 82 41 98 67 19 87 92 98 18 40 14 52 49 48 7 94 95 51 28 62 94 95 38 61 88 61 52 18 85 86 0 4 42 46 70 12 10 46 2 2 50 21 12 6 5 31 42 64 13 2 42 55 2 6 75 81 88 43 53 0 67 42 88 88 30 69 77 55 56 43 18 30 71 96 94 35 36 61 2 40 86 17 58 33 63 40 12 33 92 35 8 56 4 64 67 12 82 100 46 43 17 18 65 79 17 74 33 32 43 77 18 23 34 60 7 17 77 0 74 4 15 66 20 42 97 97 34 36 97 42 39 55 70 71 36 13 42 78 54 37 57 11 79 61 97 24 70 20 25 39 22 59 61 99 91 18 4 89 55 53 75 59 0 77 80 49 40 89 82 27 9 100 35 62 18 32 95 60 35 78 39 76 15 51 82 39 23 43 34 86 23 57 26 12 68 74 3 96 51 89 28 52 6 11 57 37 51 66 86 92 36 24 29 80 19 43 80 99 99 100 84 28 23 74 64 36 0 39 16 61 37 90 41 95 60 35 35 76 15 74 1 44 46 98 22 32 2 53 74 61 97 42 23 93 46 40 98 29 39 26 16 58 46 83 10 19 17 44 22 99 95 84 11 89 16 71 80 79 74 50 45 5 53 87 17 44 50 27 71 81 50 72 93 55 77 26 53 68 56 66 82 1 39 16 59 73 82 77 52 70 41 100 99 13 32 16 49 61 75 67 29 83 75 36 40 27 3 8 68 80 44 62 57 97 32 39 89 79 75 64 7 1 70 33 13 4 2 24 27 49 67 30 20 30 64 58 12 19 53 26 16 82 77 82 38 55 13 42 78 27 90 41 81 93 64 14 33 76 92 12 45 47 74
97 18 96 77 73 29 94 6 23 4 78 100 5 95 19 55 93 12 9 69 92 35 48 91 26 79 24 95 17 1 42 61 92 57 88 97 60 100 8 51 92 32 24 13 80 99 82 92 32 56 12 37 34 76 55 25 23 87 64 18 55 65 48 7 9 65 93 22 4 47 58 31 49 28 23 48 45 83 57 44 81 20 89 43 34 56 41 24 25 28 74 25 30 90 52 33 78 37 78 96 9 5 86 92 56 26 29 75 79 8 6 68 71 1 41 47 79 0 62 19 13 92 98 37 49 38 79 90 100 78 38 89 18 39 44 49 69 49 84 24 15 34 10 85 8 33 67 18 47 89 81 26 14 55 80 40 68 25 37 2 57 66 49 38 68 67 23 74 83 41 63 55 78 45 100 0 18 12 57 85 26 38 89 0 89 6 80 92 31 58 98 97 71 100 41 55 2 47 61 14 31 11 19 38 30 30 0 12 73 76 100 72 18 98 75 74 26 33 15 96 21 42 50 30 20 6 60 86 18 100 9 58 94 51 10 2 44 60 71 86 44 72 73 42 56 81 35 55 21 98 79 22 12 70 13 28 22 65 93 83 99 93 90 97 0 26 24 7 63 83 99 91 64 34 9 25 90 33 66 62 76 16 47 90 5 1 23 15 41 98 10 93 90 16 1 58 71 76 87 6 22 11 89 90 76 90 23 29 99 54 77 29 30 32 13 41 80 35 7 26 22 24 57 94 76 10 27 9 1 46 63 20 95 100 10 6 95 82 21 64 95 10 91 14 53 78 78 13 72 88 68 92 31 44 0 1 71 55 21 82 1 9 48 43 44 10 0 57 32 11 88 97 79 25 99 1 81 44 91 55 70 6 24 88 38 99 61 19 1 31 75 87 94 6 48 99 87 52 96 88
20 49 3 56 27 60 86 67 15 26 50 29 59 4 76 76 18 64 65 52 76 80 94 70 69 80 88 15 77 12 91 44 7 92 76 31 4 90 39 72 9 54 86 77 79 24 61 88 24 72 20 15 75 78 15 96 71 41 40 4 41 75 20 84 82 17 66 21 25 97 3 11 53 78 87 12 25 70 72 21 62 6 49 3 5 95 51 61 20 53 84 78 21 58 35 18 75 69 36 81 71 60 43 10 44 73 95 52 1 80 16 17 52 53 67 43 33 86 34 2 89 71 66 9 85 31 17 5 66 36 68 24 68 59 38 93 0 36 12 0 57 99 51 53 39 97 9 52 67 16 61 19 97 48 60 10 11 89 21 46 33 4 55 78 69 19 65 1 37 68 33 77 94 86 7 98 8 12 82 40 43 53 36 25 8 62 33 14 79 97 77 30 15 5 6 43 19 16 77 52 66 62 87 29 62 7 40 18 54 49 28 68 86 98 26 89 4 95 83 81 16 86 16 66 78 57 16 2 41 44 59 21 65 18 20 79 29 36 75 93 5 30 14 81 93 74 33 47 75 19 82 11 70 89 84 23 95 67 89 1 7 55 34 5 72 7 13 50 44 27 35 57 55 44 97 80 72 56 53 71 41 4 96 88 62 43 92 20 80 33 70 26 31 25 10 15 67 17 83 20 62 95 5 6 72 27 75 68 11 29 7 3 64 98 96 14 85 98 86 10 40 32 94 66 72 7 3 61 29 10 87 53 67 57 14 16 59 7 59 51 19 45 85 75 83 2 24 38 2 79 44 68 69 72 34 4 57 38 98 86 33 17 61 84 93 77 44 81 96 34 13 58 52 45 0 2 24 97 19 10 39 27 75 72 31 44 9 3 60 90 98 36 38 55 31 66 45 98 62 46
35 43 8 41 48 30 76 43 44 2 97 48 90 17 10 33 78 19 64 13 24 98 11 72 60 59 13 68 93 31 80 48 73 58 36 66 82 11 93 74 78 52 20 29 35 87 99 44 50 79 63 56 55 31 34 9 21 5 9 47 37 33 28 69 89 43 54 8 71 55 61 31 77 77 93 37 8 13 9 95 32 53 15 52 15 4 6 53 74 73 55 84 30 2 75 67 34 74 35 11 46 66 84 79 80 16 92 64 52 11 46 70 66 74 69 39 31 92 76 46 46 10 53 40 99 39 8 99 47 20 15 49 14 8 77 39 18 25 23 40 30 86 56 55 73 54 94 84 2 70 18 30 10 99 6 69 61 85 26 9 69 68 73 79 45 87 92 67 85 96 84 70 3 73 84 41 46 64 36 92 78 99 8 67 43 91 89 51 0 78 36 75 84 60 80 74 1 95 78 51 70 82 86 14 5 25 63 38 37 36 13 20 31 9 17 35 85 1 60 14 88 3 50 73 31 12 25 49 55 29 10 96 11 93 35 54 23 78 90 41 7 90 10 18 84 72 65 14 98 3 60 50 100 84 53 22 73 19 70 2 68 85 6 81 65 39 44 17 38 25 65 83 82 10 38 2 1 81 89 10 35 95 83 64 91 80 16 76 89 78 44 89 38 20 50 77 31 31 36 58 3 24 80 39 11 62 56 10 5 19 6 36 44 12 9 4 4 95 14 34 8 76 89 61 97 15 80 20 25 34 78 26 28 66 59 9 41 100 100 19 9 24 37 76 4 47 69 55 73 26 56 12 56 63 58 67 59 67 46 86 95 84 85 47 16 44 5 27 51 93 13 12 88 82 34 37 8 38 75 72 66 86 80 95 65 99 17 28 85 83 81 65 70 42 46 68 54 33 97 97
84 36 64 42 40 27 43 95 35 44 45 95 76 35 32 55 78 47 72 83 99 36 89 64 95 4 88 88 58 38 24 45 76 56 30 38 22 16 38 62 84 100 68 9 99 10 1 32 73 37 15 14 9 51 66 67 71 47 76 1 2 52 98 81 25 33 2 54 15 64 71 5 20 92 78 75 5 68 47 71 39 16 23 4 76 88 21 77 67 8 83 32 93 46 82 64 62 32 54 47 55 79 69 78 21 86 40 18 15 6 18 10 10 69 72 58 41 61 87 17 79 13 32 0 78 90 62 56 52 87 20 68 28 75 42 29 37 32 97 39 83 85 72 78 4 54 72 87 45 78 92 37 97 53 38 19 79 8 95 91 20 6 25 73 54 19 90 34 12 51 83 92 64 86 73 3 36 60 82 52 80 54 77 39 76 36 29 86 3 4 59 84 29 91 5 89 90 64 87 19 21 60 27 26 26 96 29 95 91 76 57 44 18 32 70 61 86 52 24 60 25 57 6 55 88 37 44 22 8 19 91 84 41 72 1 91 80 55 78 33 97 93 1 78 59 4 23 44 83 48 38 29 37 14 98 29 54 7 37 51 66 97 31 19 79 31 12 3 96 40 86 50 7 31 22 62 18 21 77 62 45 62 0 90 100 22 40 28 32 13 31 1 66 97 19 60 63 57 22 84 36 25 6 58 97 22 26 43 67 18 16 42 42 6 51 45 42 24 98 12 43 2 55 91 87 23 98 56 7 98 94 24 67 49 63 26 6 94 15 1 100 57 17 7 70 69 84 43 58 34 60 63 36 38 10 8 46 12 46 72 88 47 19 5 48 73 21 35 9 100 88 36 98 12 40 42 85 73 78 59 65 80 79 95 32 77 74 97 4 99 75 76 31 7 9 99 54 23 32 67
49 93 51 93 44 22 75 21 76 24 36 54 34 46 88 75 27 27 52 5 19 7 50 10 38 56 13 13 60 25 13 88 12 51 97 87 21 15 38 87 69 94 86 7 70 25 73 90 66 29 61 55 84 96 29 89 4 10 53 92 43 83 81 6 47 61 93 64 45 5 17 14 65 57 39 32 54 30 12 65 5 18 7 92 42 49 70 17 64 73 96 100 22 23 35 93 60 1 19 36 86 69 77 0 42 61 68 44 24 27 16 56 77 97 20 82 22 80 25 55 8 7 71 31 79 95 38 47 41 30 14 81 56 10 86 25 49 8 86 28 77 23 3 24 33 87 65 7 15 9 95 77 50 83 39 31 69 91 38 94 22 26 71 45 83 71 70 73 23 55 29 67 82 34 32 17 27 69 76 65 8 23 86 90 63 61 47 98 68 10 67 37 3 50 14 60 67 72 87 31 31 77 79 6 66 46 97 39 56 19 62 11 82 1 63 67 2 75 97 24 65 54 28 10 90 61 32 0 41 49 23 71 84 92 61 57 77 84 88 43 51 16 8 24 13 48 29 55 90 2 21 90 48 73 67 1 94 21 21 46 60 71 71 24 64 97 83 64 56 24 87 14 84 100 38 87 26 94 70 54 57 51 8 22 76 86 9 54 80 33 82 85 15 3 29 1 92 0 20 57 44 73 76 19 17 7 76 49 18 15 2 51 4 8 35 91 71 69 6 51 53 10 2 2 75 32 79 84 96 72 31 43 43 49 25 52 62 13 40 35 92 17 4 74 75 74 99 44 50 26 25 52 12 31 79 3 60 77 55 28 0 62 53 73 81 1 53 39 24 78 67 31 86 73 73 8 62 79 54 80 84 25 69 80 90 37 11 48 79 29 65 36 64 14 30 88 90 52 76 73
28 96 25 51 81 42 77 48 1 44 75 32 20 70 64 11 61 0 87 18 21 30 83 25 11 4 72 15 65 0 12 44 59 81 69 78 50 88 25 3 40 75 75 20 7 48 51 4 8 89 35 35 9 81 50 20 6 93 8 59 74 84 67 44 9 96 53 67 41 78 44 0 53 89 72 32 100 27 16 96 94 79 94 45 55 1 16 24 28 91 64 89 46 31 13 35 25 66 71 40 13 25 75 37 33 23 36 46 58 4 61 89 64 20 22 13 75 44 66 91 55 98 45 41 46 90 26 41 63 90 21 51 4 61 85 43 15 69 27 36 5 32 74 7 34 63 15 75 21 60 49 96 8 37 93 32 27 93 82 71 0 36 9 64 75 8 34 79 86 61 30 42 77 85 70 13 91 12 3 90 93 54 98 66 53 68 19 17 84 27 77 11 31 3 60 28 7 36 23 37 26 85 35 12 72 8 25 72 17 96 10 79 55 2 5 41 40 39 55 87 7 53 40 95 0 72 5 50 29 86 57 77 92 74 87 84 10 64 14 92 64 48 36 3 23 26 30 67 76 14 73 40 17 87 87 4 42 96 43 40 19 92 42 14 41 77 11 2 26 14 97 75 85 32 89 19 2 78 62 84 44 72 97 32 71 48 3 98 96 95 71 45 41 69 27 18 2 57 6 85 21 87 30 5 96 87 93 6 93 51 19 74 68 22 43 0 73 91 29 69 33 45 76 83 5 54 80 71 79 78 34 76 40 39 17 10 63 76 2 0 100 87 53 9 63 99 30 88 65 96 49 97 77 97 64 99 22 64 57 18 54 88 67 47 63 99 73 100 64 16 46 78 79 35 50 91 91 31 74 83 92 84 9 23 50 7 15 94 28 42 62 35 100 26 69 46 42 60 18 66
59 0 88 91 87 45 32 85 32 78 8 91 87 80 48 68 57 5 62 98 34 13 96 95 55 92 12 29 67 35 92 71 40 95 10 35 0 56 41 60 88 74 69 44 74 0 39 44 29 42 53 52 89 85 5 18 63 72 36 68 55 66 12 73 97 27 82 78 76 92 18 14 10 67 79 40 9 3 27 90 61 16 26 36 84 77 94 69 86 99 29 76 61 0 27 30 97 36 88 99 29 16 98 27 41 31 6 33 32 3 42 77 55 21 12 77 56 2 2 32 72 66 6 21 35 42 18 13 13 30 0 81 95 96 46 25 52 27 12 37 93 17 94 4 32 32 91 29 100 41 83 86 64 35 65 42 14 92 54 46 0 68 72 56 90 86 100 2 63 6 66 74 35 10 78 87 3 59 94 13 70 100 2 43 2 13 33 40 61 77 32 28 7 49 25 6 15 5 45 84 29 5 34 72 75 79 25 91 16 63 86 85 94 83 88 36 68 47 50 88 35 56 87 93 58 37 26 43 33 36 51 54 41 28 87 54 14 66 26 17 5 43 83 71 69 57 18 45 55 25 37 45 62 29 83 16 10 95 79 57 35 37 100 70 32 4 7 59 41 18 61 57 30 91 51 21 47 75 64 87 1 1 3 25 29 69 50 73 37 33 29 52 83 10 21 3 34 31 90 20 100 20 73 91 52 5 64 75 49 7 10 45 91 48 80 74 50 62 50 91 74 59 88 52 34 27 4 76 83 15 57 91 50 12 3 18 96 58 95 33 66 3 9 25 8 63 78 39 1 44 73 49 64 80 25 43 63 22 87 76 80 58 41 11 78 97 28 48 9 46 81 66 45 65 69 40 62 89 73 69 56 94 73 1 78 69 99 23 54 65 27 54 80 84 68 87 9 53 74 59
7 19 50 82 14 82 30 50 96 14 41 97 71 89 77 95 90 48 22 12 69 98 42 64 48 14 86 28 26 89 11 25 80 56 64 26 72 70 69 53 65 69 95 81 65 42 69 54 76 20 10 72 61 85 7 99 98 41 71 18 7 43 10 56 9 36 8 68 16 70 63 37 63 59 85 11 94 19 42 82 22 79 82 61 14 97 43 22 29 95 48 40 52 1 78 5 13 91 58 41 0 64 58 91 46 45 35 96 14 34 33 50 78 21 97 61 13 1 85 48 83 83 37 93 65 24 89 96 18 5 31 39 82 25 3 29 38 4 71 47 51 17 69 77 83 27 58 89 52 39 23 0 89 47 30 53 36 27 67 12 68 67 13 53 44 71 29 2 67 19 89 87 7 54 71 67 37 80 70 23 88 6 53 17 69 7 99 23 1 37 31 31 17 36 72 79 80 65 62 74 27 36 79 97 57 8 57 11 96 90 16 44 0 65 63 37 9 100 99 6 42 77 79 35 37 22 67 90 17 34 15 100 56 61 80 90 65 32 53 68 99 92 51 96 17 53 25 84 58 41 14 78 25 93 23 17 94 87 46 33 67 34 41 55 53 24 26 48 81 9 47 89 71 33 61 98 58 78 24 17 38 94 11 49 11 65 38 62 8 89 80 96 88 1 79 73 10 4 71 12 31 25 40 7 12 58 31 45 82 6 53 28 7 75 57 24 27 7 91 66 97 72 38 5 22 57 3 73 8 0 75 61 4 61 92 47 12 70 77 93 14 93 36 38 66 61 85 69 100 98 34 16 5 80 29 5 98 43 10 41 43 62 69 20 29 44 97 95 1 57 99 83 66 55 22 37 4 94 94 53 54 95 35 62 42 70 44 33 78 42 54 28 13 35 85 70 44 25 70 72
74 92 41 16 40 91 60 21 36 35 79 30 98 37 8 19 55 49 15 33 61 45 52 96 53 8 76 7 69 44 93 4 95 45 86 44 24 63 90 87 62 77 97 35 10 70 46 76 42 49 41 31 80 34 85 77 31 22 58 55 9 74 47 65 45 96 54 100 60 65 73 65 83 56 1 55 89 9 8 17 13 94 52 26 64 99 92 22 95 3 80 19 43 52 81 34 65 99 0 20 76 61 36 87 32 65 81 44 78 14 10 22 62 86 41 80 78 32 78 34 44 76 36 98 55 47 51 25 45 22 18 33 73 89 89 18 77 93 91 57 98 90 37 0 51 65 74 51 91 54 53 15 20 74 0 68 68 21 22 54 96 79 31 34 7 53 39 67 80 34 11 35 56 92 32 72 38 92 92 21 29 5 95 53 52 16 66 13 77 97 65 37 93 42 14 67 72 58 14 36 86 21 63 53 79 98 36 14 42 55 88 97 91 99 69 93 17 20 4 81 36 16 27 95 48 6 97 74 79 87 63 53 40 53 57 77 38 73 57 30 50 78 12 82 57 100 79 94 63 14 76 48 25 34 14 33 75 93 8 1 98 33 32 75 95 26 99 5 78 58 12 6 80 89 44 51 51 60 30 63 88 34 93 82 94 72 62 72 13 12 20 98 64 32 98 2 50 9 27 3 81 20 64 78 84 10 34 75 50 96 45 34 52 53 30 95 52 91 25 91 93 2 35 28 33 5 98 78 96 34 88 75 2 32 62 85 7 82 96 19 2 38 8 74 73 6 69 26 92 89 59 48 92 73 71 47 80 22 49 80 41 37 41 53 33 65 22 38 3 73 38 24 19 70 27 31 33 64 3 88 55 20 28 24 33 14 42 48 62 35 83 2 91 49 42 96 12 14 86 23
78 95 20 45 24 50 36 73 36 83 66 63 67 51 25 95 91 50 90 59 59 38 32 100 23 55 78 52 0 16 37 73 18 65 60 52 9 55 42 52 60 31 54 40 40 48 24 15 75 41 53 77 24 50 25 68 70 3 34 32 93 2 84 64 4 76 13 23 91 50 47 8 9 22 49 62 12 20 20 92 95 96 96 70 10 40 32 30 73 79 39 58 93 91 86 46 83 1 79 23 27 22 98 80 47 33 51 21 53 95 32 32 53 64 51 19 16 37 26 94 55 52 70 63 81 51 94 6 4 12 42 96 93 28 47 80 34 59 76 19 58 12 51 74 38 77 14 76 89 1 14 75 9 24 30 57 18 54 64 80 40 72 88 83 0 62 1 19 74 3 98 35 88 18 32 71 70 48 85 93 77 58 85 5 60 79 40 19 42 22 72 19 79 84 60 49 16 73 87 1 57 20 41 74 30 66 6 32 52 25 18 19 89 21 12 45 12 72 63 51 89 55 1 53 8 14 46 84 84 93 43 99 50 39 6 43 31 96 36 7 88 42 25 97 42 52 7 30 6 76 88 27 26 35 40 30 77 96 36 25 54 0 91 69 43 54 31 19 64 21 21 55 91 58 46 61 44 19 52 73 87 48 18 14 21 45 4 78 100 49 21 28 64 39 77 42 97 24 11 90 81 70 50 45 37 33 14 51 76 39 59 74 45 33 62 39 20 6 5 28 73 83 77 100 61 85 68 2 54 88 65 52 54 46 80 39 24 8 94 2 97 56 29 31 48 38 40 76 37 17 30 22 6 23 62 81 97 51 27 54 7 45 91 47 64 50 90 72 28 57 58 24 26 94 3 5 12 90 70 55 62 71 100 89 63 16 8 22 44 30 47 69 68 84 22 11 39 36 42 93
84 38 38 65 35 92 1 54 86 70 25 47 79 35 54 32 74 39 14 92 90 31 39 44 97 39 70 2 61 68 73 96 88 23 38 21 67 30 97 31 42 23 99 21 5 4 95 42 27 38 66 38 60 1 72 59 59 40 71 99 43 33 20 65 65 54 53 47 69 71 72 77 73 61 3 66 81 40 69 68 77 21 80 28 24 30 95 31 47 61 54 28 8 95 10 27 20 85 14 85 10 69 0 38 87 56 58 42 50 61 74 24 55 29 64 65 93 73 89 51 43 59 13 0 9 87 64 76 18 89 31 25 62 86 83 96 83 18 32 11 24 1 42 94 42 98 36 79 47 41 40 100 69 92 96 91 65 8 1 49 35 2 25 47 80 12 26 37 25 100 60 11 43 53 77 81 86 53 35 68 42 31 63 78 8 56 77 52 90 69 7 6 87 28 79 61 66 17 84 76 52 91 19 99 69 99 72 47 66 57 31 21 11 56 1 57 66 87 49 60 41 59 36 7 81 67 48 1 5 53 29 41 50 96 89 48 21 44 62 89 98 40 80 93 98 31 95 20 32 19 61 38 92 45 20 68 15 25 83 67 38 62 9 93 34 73 86 76 24 91 77 35 98 33 75 77 29 10 35 47 83 5 47 4 36 54 50 7 97 17 19 7 77 93 98 86 30 88 65 85 35 66 34 69 59 0 85 12 70 26 91 68 70 13 19 90 9 19 31 77 1 99 67 7 5 31 55 60 52 15 55 74 0 58 11 5 33 42 85 68 97 62 71 32 26 94 18 75 64 74 94 20 55 78 70 16 73 73 74 94 38 93 2 4 58 88 22 71 82 67 61 88 49 25 75 87 10 40 2 81 100 41 52 2 60 99 76 7 17 79 86 55 44 75 12 65 0 95 91 10
87 61 74 2 14 60 6 41 85 40 45 7 76 57 80 68 70 8 29 19 49 7 96 100 49 99 0 13 17 50 94 87 11 9 58 3 97 83 30 88 96 32 14 12 98 25 43 53 34 66 62 20 87 19 15 22 26 18 74 1 86 0 83 77 27 72 70 19 88 99 40 96 49 71 60 91 62 26 3 59 2 24 81 2 95 27 6 35 83 1 7 85 57 49 29 95 79 53 28 95 31 62 27 57 73 39 37 99 57 64 6 15 22 92 15 45 65 55 88 51 6 96 61 8 77 69 82 94 58 77 74 46 16 93 39 7 70 50 76 10 64 21 29 19 35 79 16 84 30 76 25 29 23 56 65 61 75 6 0 86 60 74 57 95 67 76 36 45 41 84 43 13 78 24 1 31 78 1 81 45 11 12 95 59 35 59 99 0 24 75 9 70 18 97 5 57 8 66 81 3 21 83 15 29 69 28 52 80 47 68 64 28 92 81 50 56 63 66 35 39 64 88 6 59 88 7 100 66 38 22 88 11 23 83 67 64 72 68 69 11 8 4 86 21 84 15 97 44 44 97 50 0 10 37 51 34 50 92 59 39 91 44 38 61 17 48 13 18 25 43 6 92 8 93 48 91 33 55 72 43 59 35 91 66 7 45 39 16 70 55 8 89 60 95 11 3 1 90 3 70 53 8 13 78 60 21 7 66 94 69 69 62 93 42 51 17 30 74 99 31 90 20 88 82 4 60 52 51 47 22 19 45 11 1 68 36 30 9 56 19 18 43 100 14 10 41 65 53 98 31 20 64 35 54 29 68 6 40 51 31 3 72 44 45 19 7 53 68 98 79 57 5 96 44 24 30 29 81 67 100 8 42 6 57 51 43 23 1 32 91 82 87 84 11 83 81 69 40 54 100
11 78 59 56 30 14 90 72 10 78 54 6 13 16 57 40 58 92 53 46 69 97 66 7 63 31 80 26 97 76 33 96 64 94 71 50 39 7 16 84 77 100 36 15 12 85 50 37 36 40 67 8 38 34 53 40 62 44 21 33 64 28 69 15 5 35 29 89 91 89 56 72 62 47 16 29 74 93 73 75 0 58 1 98 19 59 38 23 9 92 97 17 98 69 24 14 54 3 77 23 9 54 39 47 74 17 84 77 87 3 89 45 85 15 59 12 12 64 88 88 31 75 36 14 1 5 45 32 93 26 100 90 11 69 74 45 13 53 79 35 46 97 41 93 4 55 31 13 3 65 48 89 17 38 79 30 24 73 58 53 61 74 64 45 47 0 68 0 35 48 72 52 16 23 91 11 60 4 76 16 63 68 48 44 59 69 90 70 40 92 9 24 100 22 35 16 68 55 22 19 95 62 8 47 47 42 83 36 32 61 40 39 53 23 41 65 75 19 24 71 42 64 37 57 71 34 13 88 19 47 47 3 41 55 21 70 64 17 12 73 78 78 21 73 8 21 11 92 63 3 11 84 88 4 100 65 6 48 94 87 7 87 93 51 55 69 15 100 20 94 22 42 41 37 49 63 69 100 36 72 80 23 55 62 86 0 10 64 80 100 4 43 40 31 4 77 16 9 92 76 69 74 59 68 13 94 24 78 46 67 11 49 11 53 85 86 40 61 89 49 38 87 31 58 28 14 91 53 40 30 86 37 40 48 89 56 56 45 82 43 5 0 18 87 2 83 57 46 74 86 74 57 63 17 66 3 42 91 38 1 18 35 36 1 57 74 49 65 75 68 52 85 12 81 74 14 8 71 96 44 68 76 22 24 51 67 37 81 76 41 55 10 94 59 77 22 60 33 66 73
12 41 58 62 37 33 77 96 66 39 3 50 36 52 50 38 84 84 20 14 81 81 21 52 96 34 26 63 3 69 75 9 20 32 11 34 4 18 37 44 83 32 41 60 40 70 41 65 31 32 18 39 100 79 11 13 61 66 17 8 93 32 72 66 25 35 75 66 71 39 31 21 58 47 2 25 62 72 90 13 25 38 61 7 62 41 14 54 99 85 34 81 2 63 46 65 97 61 31 35 72 46 48 79 3 81 49 74 48 23 52 20 2 20 24 39 80 66 71 85 94 11 89 72 22 23 13 32 8 4 31 18 86 92 51 89 67 73 7 95 90 53 45 45 60 22 44 51 62 26 72 27 13 75 62 83 54 89 30 30 70 53 62 69 32 51 84 5 7 98 96 89 51 72 12 17 69 32 14 46 99 59 78 87 46 63 93 58 13 10 97 100 89 100 64 60 52 58 71 60 37 31 97 80 77 78 89 10 88 58 8 73 55 44 36 46 31 55 55 73 20 58 15 12 64 91 82 65 73 7 76 96 87 17 73 56 43 83 7 99 6 46 95 69 63 33 26 28 43 35 70 82 68 57 100 90 68 95 67 62 50 32 98 69 15 85 16 36 61 44 9 23 39 51 71 95 73 96 12 97 25 63 63 50 25 7 94 25 22 96 11 59 97 55 78 43 23 98 28 80 72 72 11 68 13 44 48 6 49 6 0 31 86 53 53 52 12 62 90 86 19 20 100 58 79 43 95 75 70 78 52 92 7 71 76 90 68 62 39 33 55 59 59 76 31 61 100 83 11 5 63 92 68 79 47 63 40 45 12 99 62 56 4 33 73 30 18 73 35 86 64 88 94 65 3 10 64 44 47 93 49 69 42 24 28 21 29 20 98 1 99 18 34 61 29 64 21 38 57 9
43 16 18 96 64 25 37 79 19 94 79 20 82 47 49 61 80 95 8 61 77 36 60 77 74 18 38 76 59 94 70 10 63 79 53 89 97 37 2 51 22 56 41 60 63 67 99 84 76 81 9 44 83 77 79 82 94 90 17 97 13 68 93 84 16 96 12 80 68 52 19 48 0 8 13 84 6 50 64 88 12 54 1 24 82 79 37 1 10 25 29 1 12 87 90 52 87 93 17 30 70 15 53 5 35 36 80 13 76 23 23 58 12 3 30 61 55 27 98 63 20 29 56 66 22 90 6 78 98 3 33 83 25 51 63 7 42 80 69 16 14 75 23 39 20 97 42 75 57 51 83 93 82 36 14 87 16 44 86 2 80 82 18 81 56 39 96 93 74 55 87 90 27 26 41 46 0 48 97 81 58 91 25 9 27 9 64 18 98 20 43 100 14 2 31 76 14 51 0 42 82 37 61 72 72 92 48 81 61 40 20 48 74 67 97 60 11 62 92 37 45 9 91 3 75 64 54 97 92 89 41 62 49 17 14 33 93 84 3 26 44 28 92 12 74 15 70 20 7 28 51 42 85 36 14 100 2 66 50 9 54 58 68 40 93 9 76 27 5 69 44 24 54 4 93 59 87 64 16 34 59 28 96 90 2 95 84 42 46 99 66 4 83 64 40 40 64 82 43 19 13 78 81 37 62 82 30 32 69 62 98 92 99 83 19 75 6 86 75 95 88 73 87 48 5 42 75 86 45 62 96 2 45 28 64 18 16 20 21 31 19 33 16 47 94 34 29 27 31 62 86 25 9 80 21 24 90 94 21 67 54 1 78 25 59 80 90 79 60 16 16 36 100 98 56 13 17 11 58 62 12 65 7 80 94 85 55 83 91 0 96 4 50 99 1 88 54 90 75 34
99 89 58 70 46 38 60 86 47 5 30 85 15 96 7 65 31 76 98 43 39 88 12 41 75 49 80 79 15 76 74 22 66 7 58 11 84 29 32 18 65 31 0 55 93 95 48 22 84 92 89 35 86 54 96 55 0 56 19 57 27 5 66 0 48 75 9 55 96 76 69 94 68 28 6 36 34 56 66 25 84 38 99 46 35 94 42 8 87 15 7 15 6 58 37 35 40 77 97 58 47 51 60 7 33 68 16 94 35 57 22 16 19 91 27 88 86 78 73 72 77 29 82 82 68 97 55 12 71 86 64 98 53 4 25 32 97 49 38 15 70 0 59 63 92 19 92 37 55 27 67 88 8 59 81 3 69 18 19 61 56 54 27 56 52 38 2 4 10 12 6 6 28 51 53 70 33 63 93 48 5 84 77 30 61 76 88 19 56 75 86 17 82 37 37 13 7 17 29 59 40 0 38 83 1 77 67 80 73 17 64 58 49 9 60 62 68 65 70 78 37 78 0 7 67 38 100 58 97 58 30 98 81 50 85 86 97 34 93 83 3 76 31 63 48 18 95 31 95 38 81 30 66 55 73 94 72 55 82 45 83 17 70 68 29 85 13 15 35 22 100 94 35 50 75 87 6 16 64 56 25 52 10 41 86 53 96 33 78 70 81 8 55 52 11 88 88 31 23 8 58 81 39 96 3 37 63 66 81 45 70 85 17 69 69 41 60 91 30 90 16 12 29 71 70 41 13 95 82 91 34 77 5 67 86 93 81 29 11 20 10 53 19 89 76 71 44 75 42 9 96 50 86 70 0 73 20 7 43 80 70 26 24 78 15 34 47 45 89 59 92 53 20 53 4 17 1 58 67 74 54 4 7 87 7 36 43 60 81 38 86 34 55 62 30 71 41 20 99 57
94 20 6 96 74 67 28 7 87 74 88 17 95 63 45 31 96 29 82 43 23 69 27 46 21 9 60 52 52 3 52 40 3 31 34 13 11 6 25 88 91 14 92 13 66 17 48 6 92 97 66 100 96 60 96 30 19 89 65 59 80 94 12 66 16 61 42 31 83 46 1 58 78 87 9 87 56 17 54 70 52 72 36 13 23 23 57 25 29 80 9 95 23 64 70 55 45 54 21 45 79 65 46 41 96 67 12 74 11 43 99 59 80 89 92 18 24 84 0 29 29 36 16 48 12 17 43 20 0 53 77 43 86 25 70 67 92 45 89 72 41 14 43 70 60 10 9 10 29 27 84 73 62 33 72 61 19 20 34 51 28 6 56 79 26 67 32 16 25 29 79 43 36 87 43 47 1 35 5 62 86 59 67 55 96 35 58 82 61 13 42 22 81 46 77 85 87 56 41 48 69 56 45 16 1 97 89 38 63 50 17 56 77 63 13 100 72 0 44 15 35 29 32 43 73 28 3 78 53 34 62 35 55 17 54 65 84 12 28 42 94 38 32 62 34 36 73 83 7 63 64 19 78 62 79 55 53 63 12 83 44 0 19 48 66 13 71 17 100 7 70 21 13 95 94 3 19 52 29 71 68 78 83 50 74 96 61 88 79 35 15 9 59 51 59 75 36 56 76 26 43 50 41 61 96 44 100 16 37 7 11 55 92 62 68 82 47 48 98 92 79 33 97 24 31 39 84 17 13 95 94 30 94 63 27 47 43 26 11 68 2 1 63 81 89 59 42 49 40 50 8 83 46 32 16 90 22 89 24 73 54 93 66 75 3 98 93 38 17 4 66 44 81 57 59 60 1 60 65 85 89 63 14 60 93 35 64 37 79 27 35 21 89 84 89 12 4 38 55 36
75 91 96 74 26 76 98 50 45 13 63 77 96 72 84 39 37 10 11 48 69 66 65 9 85 37 44 18 88 12 85 33 73 47 6 42 86 46 26 97 45 29 68 90 22 29 66 60 70 42 37 60 63 86 14 46 77 22 40 96 65 39 9 86 87 78 72 29 34 34 17 94 93 55 29 76 30 17 55 96 12 36 89 9 89 21 20 7 9 58 25 48 60 80 97 8 55 11 97 60 24 23 24 23 2 86 8 97 90 4 37 70 7 85 56 80 69 62 33 9 63 82 34 54 42 45 9 33 20 48 23 89 85 98 2 95 61 33 91 63 4 97 11 65 71 96 34 47 75 36 17 65 27 42 87 88 28 90 69 46 39 46 92 37 87 21 50 4 67 54 92 46 89 82 77 10 41 63 41 33 63 29 17 50 32 10 66 94 18 21 17 45 17 55 45 4 56 53 77 13 49 44 98 51 90 79 54 2 9 35 53 14 65 37 100 64 24 26 13 20 25 39 43 16 21 4 33 94 39 46 80 96 21 61 20 63 11 6 16 63 54 68 94 74 39 58 13 84 99 8 36 4 61 76 93 29 37 40 77 78 53 34 78 89 36 46 33 98 25 2 89 47 78 83 31 20 93 87 59 99 11 33 71 12 21 61 71 78 53 52 4 25 34 40 64 94 17 29 32 35 46 67 11 67 44 15 38 46 69 29 48 40 99 62 42 14 96 39 92 80 33 40 51 21 95 59 7 29 53 93 14 2 66 14 37 68 19 46 21 48 5 67 73 91 83 29 9 91 60 12 28 80 79 0 92 40 79 90 42 24 100 80 13 11 100 38 39 51 14 93 21 40 14 26 88 78 14 79 79 79 7 69 85 9 1 92 42 94 11 86 39 19 85 96 84 59 88 55 63 85
60 65 90 90 62 27 32 62 73 62 96 82 55 33 95 92 54 42 83 17 24 32 25 34 89 72 26 96 99 37 15 4 65 37 4 1 18 91 64 76 38 39 76 11 76 73 75 20 31 32 24 31 72 72 80 55 10 75 39 18 92 60 14 83 43 54 96 0 100 39 31 93 20 62 51 73 31 0 17 91 7 41 25 75 61 15 41 23 63 82 38 97 23 97 15 0 45 32 77 77 26 11 15 55 52 95 59 49 51 81 96 34 43 60 37 95 73 33 23 7 9 4 72 45 18 81 20 23 36 38 91 56 41 21 3 73 41 95 48 37 31 31 43 40 94 86 57 14 62 2 100 50 74 78 13 95 55 83 87 62 79 20 85 100 49 94 77 3 91 55 73 21 39 58 46 67 35 59 44 35 3 4 100 100 93 8 37 88 58 46 26 46 15 69 27 8 25 12 6 13 92 47 1 26 19 93 66 75 39 37 79 81 55 26 54 77 38 70 26 31 1 49 78 16 80 94 18 100 12 76 51 63 77 33 87 18 54 49 24 24 17 86 57 24 85 98 92 40 20 54 6 66 65 23 0 82 0 10 46 15 13 98 39 69 81 31 50 100 14 90 29 74 79 13 80 13 17 84 56 23 45 65 72 19 100 95 30 24 95 58 6 60 16 55 65 29 42 14 35 0 62 89 81 76 5 81 64 47 38 53 42 66 49 68 35 76 60 25 76 65 13 81 51 29 43 62 39 39 68 91 78 35 23 48 25 28 100 31 19 24 31 37 3 94 64 79 52 19 21 59 22 32 20 62 74 66 2 77 71 37 23 93 74 7 60 58 86 36 43 70 49 34 23 69 75 11 25 56 52 45 72 34 69 82 77 5 43 54 15 85 62 5 67 82 42 100 0 32 14 88
20 66 62 96 34 52 73 29 39 47 66 16 33 1 22 59 47 36 8 8 46 34 49 9 7 26 30 96 7 62 32 48 79 34 15 29 75 8 96 98 56 76 87 92 78 38 94 49 15 57 83 27 91 21 27 26 13 16 53 72 93 79 23 73 12 38 2 53 90 1 2 20 98 18 88 98 94 40 25 69 0 63 53 39 64 35 22 77 91 36 80 79 77 51 63 59 20 16 1 70 6 98 30 12 24 79 34 69 89 3 67 65 65 13 25 32 68 86 4 25 18 69 13 70 18 36 70 9 61 83 92 83 85 45 57 24 18 81 49 73 30 13 96 98 54 60 87 48 62 31 94 92 35 87 76 21 88 0 54 79 5 11 81 13 47 16 15 49 25 68 27 6 61 36 54 66 5 69 43 54 71 26 58 16 10 82 54 54 35 4 28 1 50 58 48 89 18 17 34 25 74 73 43 21 79 79 27 10 76 61 67 89 13 68 72 100 7 43 76 22 70 41 95 19 100 30 2 24 19 39 75 16 21 100 5 57 62 46 46 92 56 19 42 80 96 80 20 0 72 44 64 4 55 81 79 77 10 81 24 18 94 62 48 75 34 44 86 18 17 91 55 88 10 76 78 66 83 73 78 45 24 85 74 74 98 24 82 65 50 46 63 73 39 6 4 50 14 17 41 84 81 22 77 40 49 60 99 29 36 46 40 36 51 1 94 35 77 29 60 67 54 27 67 29 14 88 25 32 64 25 17 82 59 41 62 72 82 73 52 35 37 43 71 15 48 21 25 92 89 99 68 74 88 30 24 30 58 70 74 47 74 64 2 85 22 93 85 28 67 68 20 59 4 73 65 85 42 59 6 23 82 8 30 26 7 13 59 85 52 85 58 86 6 74 71 45 58 82 76 9
27 61 24 69 17 32 65 22 63 60 61 93 99 28 1 18 53 74 57 80 41 22 11 73 30 52 60 87 60 63 63 63 56 13 16 89 86 2 98 87 64 79 53 18 93 25 78 54 65 39 78 53 36 7 14 18 98 10 14 8 15 47 45 60 83 46 18 99 19 55 20 62 33 51 66 14 35 16 16 13 29 85 86 30 17 74 34 68 13 62 76 98 28 75 94 96 39 39 0 23 44 77 44 8 58 8 66 7 67 70 15 72 85 58 20 42 16 49 4 96 26 88 7 43 29 65 81 74 67 76 10 5 14 86 6 19 69 37 11 87 50 41 34 97 11 53 82 86 95 43 64 77 69 29 43 61 19 55 35 7 93 60 92 43 63 49 83 37 59 33 50 64 56 51 53 40 66 84 79 13 89 54 83 62 51 67 75 12 22 15 63 93 62 64 4 31 4 24 78 81 57 95 0 42 89 39 40 66 55 36 16 13 68 32 18 53 44 98 79 14 6 67 96 83 45 59 31 82 63 51 83 9 8 55 8 19 78 31 82 17 10 55 81 54 56 23 38 71 83 21 59 100 68 27 63 30 90 9 79 80 80 93 54 76 0 67 20 54 75 97 74 1 78 87 43 89 91 11 19 60 81 62 83 69 7 69 48 59 3 43 10 53 14 14 66 58 18 36 90 13 86 35 82 90 49 35 55 54 37 17 72 27 44 60 82 48 23 21 86 75 18 15 74 9 37 11 76 91 23 47 88 30 1 89 88 72 41 9 69 64 30 32 0 92 55 29 18 8 79 3 74 81 58 21 21 3 80 47 8 92 95 79 7 63 90 4 71 75 49 98 29 28 13 6 95 66 84 10 3 19 78 39 66 13 77 67 24 86 77 93 34 6 11 14 60 86 20 36 21 71
76 73 17 85 43 72 10 87 91 36 6 15 76 92 47 11 63 75 8 79 41 60 98 72 53 65 41 99 65 63 35 28 98 44 81 2 95 88 31 16 55 71 10 0 27 10 88 53 35 41 3 54 95 24 40 67 3 19 99 31 77 54 56 49 1 5 57 91 50 8 100 2 9 4 50 24 99 51 31 23 83 17 62 0 40 90 91 38 16 83 53 79 91 9 24 43 31 71 84 93 21 85 42 95 75 11 91 51 43 69 30 66 20 32 14 28 35 14 28 52 45 98 77 52 62 36 37 68 19 93 29 25 76 42 36 24 45 41 78 24 41 96 32 24 30 40 6 34 78 19 26 53 80 58 90 57 32 71 14 35 9 79 57 69 61 19 46 38 80 98 2 48 19 10 77 56 83 70 57 42 19 47 57 88 100 62 100 94 32 32 54 94 1 31 16 85 92 7 96 30 15 3 10 94 2 85 75 71 40 68 52 85 69 37 96 19 100 16 25 12 24 60 68 31 62 92 48 7 12 12 26 20 64 96 22 65 12 79 89 1 14 94 21 85 20 92 42 3 43 20 54 38 12 8 36 20 82 32 42 81 2 57 95 71 49 71 85 75 38 49 4 64 91 98 7 42 68 73 94 60 83 95 99 37 82 92 12 13 24 67 26 15 70 49 39 91 62 5 90 92 81 42 64 53 35 98 68 44 58 2 47 29 100 16 21 81 25 41 86 67 60 67 7 99 84 72 33 57 12 4 86 45 70 97 60 78 66 19 59 39 45 16 24 68 23 22 4 99 68 34 69 47 85 92 81 73 68 3 100 28 0 24 6 21 7 63 82 35 100 74 29 44 37 1 66 16 3 66 1 81 42 14 75 31 38 62 40 17 72 97 40 59 97 51 65 67 71 70 12 16
