521136 465420 494075 498019 503017 500867 505439 512881 462105 476991 551974 492030 467846 538194 481869 568127 529766 520189 507251 470675 494461 514462 462333 502344 509100 457127 479002 497954 487288 561466 522050 509931 483266 484940 486347 528420 498795 478218 516694 535444 524495 492826 546713 511092 474265 486047 486401 506019 476244 513891 545379 482818 528151 546575 498484 495200 478206 496565 477890 501712 490214 472744 529215 496103 538927 476194 531828 486837 458386 490787 515804 500397 505856 494936 493871 504367 486586 504350 533177 520300 484184 501806 500917 497912 503234 528629 508146 521808 483721 509973 475351 518250 520893 483059 492899 545615 537842 513324 481747 485451 496101 489725 492964 457652 480024 520748 509611 517342 491256 525721 533352 526311 529682 518201 502607 490578 497732 536954 549360 486442 528137 490670 559146 485679 492507 499041 502612 473544 503443 513398 514185 522117 491861 480746 498922 540651 566928 542192 484754 483525 511125 518436 459890 484065 487269 524852 468935 561159 538111 532409 473773 471884 456575 516416 523073 516515 504967 510229 453760 478293 478497 490435 518459 490732 512914 480535 478380 508931 487433 511593 502553 462033 507225 490055 504692 497030 534161 534224 536056 490744 512253 502944 480120 470511 537324 522166 485827 529685 528805 495035 502771 547620 505394 486658 495376 511427 495019 508477 496335 508536
494564 456847 473467 488546 502545 484314 495603 490895 460464 476256 531887 475738 493518 525971 469033 538088 528928 492113 513282 461925 466028 514569 465196 508500 486871 468492 435195 469442 476309 513855 491027 502959 495904 478570 483946 520905 516597 454952 491677 537614 517859 461413 509402 497681 460347 464679 471163 462950 473454 497879 546730 452620 506768 529260 483112 497047 515088 496670 463535 493929 488842 487920 523495 518431 513688 506765 526383 471695 469571 500303 489772 469764 502197 452929 457275 470043 493854 482367 521979 468604 464482 490962 492892 477500 498100 542872 491663 488169 496010 515043 485578 501390 468694 490262 480315 499741 506006 533710 489722 488285 477460 509532 474044 450138 481200 485274 490344 493784 472919 508473 545349 478920 494710 499708 465025 494318 485273 498308 515028 476878 502276 495483 510648 471116 484614 490500 504801 504728 464262 501036 488046 531793 491022 496415 467249 511555 527333 541838 491122 490896 485940 489197 450886 509429 476479 513496 461081 526578 479371 523762 447715 474236 444370 510003 503251 487889 504537 485212 447759 485052 492062 470575 485393 492791 500360 490990 476358 507087 453511 500865 477381 484493 488254 467612 517237 475671 537668 503944 482492 500985 502348 484382 451451 447366 520487 486327 457309 504512 483926 483837 501829 527217 489057 495765 472204 487802 463738 492420 479464 503399
500847 459865 505566 497855 517295 496025 518690 511540 448946 491533 552178 505673 487949 545327 507658 541666 562580 501434 498436 511364 497545 541544 476899 502640 529699 483965 464406 517506 475619 540081 511713 527349 533102 514178 473707 552401 526213 475819 506474 532960 542262 513860 537599 514266 468908 491853 503254 477206 494939 504333 553435 480139 522671 529756 512606 511024 483332 535650 474706 521593 525199 475762 530924 520767 547179 519251 552720 504366 481711 523856 524380 504831 526089 497998 484350 504473 494175 522417 556013 496873 496469 514750 501508 506739 508408 559618 513619 516992 525742 504807 490734 540117 523124 495288 504365 524275 527817 544556 489119 514018 501196 519963 505133 471359 487814 539193 517165 532688 497292 522721 524871 522774 559022 512831 532910 494787 517580 532978 577580 491391 546650 498636 564057 503039 491344 519084 534474 514798 491978 514575 513080 533085 511138 495944 507935 529504 557123 552351 521357 491139 492916 531290 467439 500687 495373 516821 522600 544011 530273 537119 490696 485649 459302 519401 546220 507836 520089 512406 487671 486456 499105 503470 515358 474692 521687 515918 475677 535280 494174 535225 507276 491885 492597 478472 523462 504737 565110 550142 524482 507852 513819 522777 449944 486074 539336 506402 491894 538441 516203 538049 536827 555297 516806 528632 477953 513600 514777 498851 508074 536078
437573 403714 448653 447124 450059 446831 454029 456988 420059 428354 492361 448249 446005 467120 422602 485816 508365 463729 456553 439621 446549 486747 411484 455142 461250 451097 398719 460405 442543 496787 442459 462119 442369 442808 451541 477952 459802 424293 457709 463063 490608 410344 460567 470295 457733 437546 447527 438848 439529 464651 505481 434038 461435 486094 426396 431416 449343 476076 434327 457823 467835 442123 482077 482521 470142 451818 472262 461522 398183 471281 440930 443555 468382 413887 457842 444492 460876 441505 471403 453560 436308 467877 464050 435734 454974 509027 435910 451361 459595 467561 443980 478294 456682 453204 455501 464916 482613 495399 442651 459025 434614 457471 463096 436966 450902 462343 464711 445896 448537 473694 506435 467282 493766 461980 460993 427010 466542 472284 503761 439805 465973 469577 486712 441433 406557 468122 459581 445368 451968 481937 467928 497437 446435 448744 439888 465178 479302 509301 452435 425936 450740 450509 405710 446182 447068 472017 442455 512351 463523 482054 422593 417625 422427 478287 463219 444770 463524 436412 427185 416646 451848 433559 461126 453919 467752 436745 444954 469304 445705 449654 445329 447931 443878 463226 431429 441879 479757 467156 428773 473230 471038 470206 416277 409990 455715 452403 467617 488749 476390 446972 482470 475619 477810 458795 449099 465134 438148 456209 477451 461370
481592 439931 482377 469739 487349 477918 478770 503727 442097 467231 513141 483307 487042 502135 460063 538152 518627 481173 499179 494153 484889 495321 461119 500754 490721 460853 422684 482234 459965 522958 473711 501944 468715 479985 476042 517909 482375 467636 489628 499748 507919 486549 496105 478596 455906 472737 465677 455796 477079 512978 542998 464733 508604 516535 489907 486328 493639 489019 461900 476779 493105 478899 500558 505638 499285 483390 511279 475785 440986 509181 499602 461863 494365 448090 458439 475621 475309 471909 526226 488801 442326 488332 461440 463765 496819 523723 481894 494619 489514 506764 463045 497207 494000 485158 486785 499314 495212 517847 476660 473486 473773 484900 472754 442968 487237 502150 489482 480905 474148 489305 518332 512760 511520 488259 480993 456139 485448 516702 503904 466731 489904 489433 535155 472463 484393 510856 476516 464839 492992 497432 504114 509457 516033 472021 446808 494014 519534 515090 503374 480176 470327 471789 459415 494346 478763 520889 472953 536523 497387 528215 477700 462110 446781 507566 515663 471440 518085 482974 467785 468669 471769 454919 489036 452613 491510 500862 475349 480412 465980 480956 460896 461930 472389 481407 476380 469569 541027 504437 494285 518838 494448 511053 444577 435328 498131 525161 500000 509251 506455 489444 495374 520481 513533 500126 496415 493862 458012 491756 476863 492463
456629 435326 492556 475560 494972 444472 495315 504161 423543 463217 516974 485767 483248 512442 483959 517196 519638 475341 502138 473371 467665 508198 471657 474705 483367 447600 470816 480964 464629 502063 462842 486032 482190 457369 476949 494997 493422 466847 484698 494611 512611 483576 484887 491586 443880 451615 506969 468500 459584 490663 525540 453165 483938 505281 498517 483762 474220 521953 457107 494276 478046 476702 500537 504148 509509 485659 514165 477090 460747 498454 502520 492865 477383 457599 483856 483676 470577 501796 485514 478458 474837 476400 484505 450497 495397 506198 490458 495182 515448 519893 461987 484899 491951 478185 505470 495206 492217 499608 459946 483771 482915 489416 497808 452593 481175 487436 495070 508033 459149 495979 492307 481545 515070 471387 475853 494758 476465 492867 533156 468444 536026 462695 521696 480262 448051 504865 479548 481682 471193 491761 509979 482858 509542 489646 481767 518915 515413 521291 500313 472040 473735 502275 426323 476000 460416 519280 477132 505809 498560 519236 419452 465642 435877 515297 506558 476552 490933 488003 487805 445730 462526 471351 489258 448809 515357 467405 493309 491644 478621 508856 478821 469268 478636 465313 486383 458002 543491 502314 487498 505871 498823 509800 449499 435502 510584 456724 458297 489108 511454 487620 495504 532521 492258 485857 465310 488621 457750 479912 478944 486154
460320 459798 484001 492251 511623 504407 508565 514819 443082 478434 577708 487747 479329 529477 472710 537644 540710 481030 512883 498548 482272 521862 480361 523610 512090 474464 450846 501131 479839 541038 486048 510442 502549 522258 482805 530843 494614 457465 494394 537251 537643 481947 505946 507350 475751 468538 508352 501943 488832 498967 570820 470330 509695 529039 495731 494178 500514 531545 468840 509261 511499 490847 516591 536126 518712 504205 536242 503560 456569 511521 510880 481442 504713 487273 486698 502734 477282 509407 502472 511455 471558 501030 476494 471499 519259 545097 494892 495877 516355 517634 471074 508309 503224 484050 508159 507077 527414 532410 506473 513420 499857 543271 480208 480946 507542 514323 515039 503154 456487 514560 540503 528986 519317 505824 505997 488040 504768 510929 553839 475749 521589 507537 534061 488671 462733 522054 479938 496477 502082 523968 511943 534818 521104 481885 470923 541400 507583 558196 517332 491481 494675 494302 459503 500424 464063 505080 467722 554824 485760 525137 468938 501618 462966 510066 509870 509724 505545 518913 482434 486753 488375 471702 506647 481283 521445 465589 498216 524759 460885 507238 494418 485005 488715 500782 496224 494273 538913 513682 511999 517975 511411 507385 460732 454516 501917 524947 485888 515663 516654 495852 506657 555959 516448 537450 506028 501385 490112 531711 512346 512687
443620 392099 443719 426312 460438 417737 462048 467463 406597 425633 495297 439207 435075 496950 436146 494663 495831 455401 471622 431389 441663 453262 459183 443259 454122 438105 413165 445840 453672 494909 469417 438553 441426 441771 461298 480724 472514 429307 454696 485488 475337 441836 465259 453159 434587 448135 460271 428470 481704 452858 502709 417515 478294 480158 464240 463781 468772 472325 428091 477252 447236 439694 476479 468389 457735 450648 476253 449989 429990 463682 458880 436627 478262 414696 457128 452044 455228 450720 479426 442611 450741 440045 451199 444809 472915 491197 450466 463589 485450 467598 441352 447254 489545 452784 451629 494957 484801 467167 439902 456201 463265 454624 480757 437275 446768 470224 467526 475139 445343 467879 511639 448631 477998 452501 417516 472711 460509 473673 459252 435420 486206 456770 470597 460380 442576 458575 460017 477135 446664 483331 431907 501591 428490 449566 453974 462021 508937 512409 459983 448848 477040 461974 410355 481628 440678 478364 450450 483794 479361 483014 444628 446454 406692 491743 483368 473976 462386 450262 429857 438575 452269 440756 479751 452414 472151 461662 460464 490497 453452 464486 451705 468338 450690 431736 465669 442413 517398 478744 449468 469284 463874 466475 435318 379953 472386 462742 438738 480586 481425 440452 458910 502302 478983 472005 458399 469156 442180 463374 454525 474121
487041 465498 481504 495674 503418 457397 475994 499085 446434 485712 518706 485412 487806 531118 481653 518543 557143 494523 479775 466270 496281 501264 436154 502308 493103 465210 455295 496500 479742 525383 484364 475074 489381 474919 463914 536700 486330 473438 482420 499807 523646 485317 511444 485639 462004 468239 503391 479001 467393 484207 530919 468833 502885 511004 500087 486646 491388 498545 455123 501643 477695 486645 514335 506538 503371 496782 520715 482243 469071 491000 508323 471054 475333 474126 476516 481072 467058 503689 521711 488521 445892 500498 502592 472536 499839 516295 480956 539260 496511 515343 477968 505146 500424 476174 504098 529764 518650 513692 453778 473148 482118 499753 484817 442065 470985 493969 508789 479588 460632 500345 520274 518893 502254 485352 472725 482915 482949 504505 523529 464422 508485 501226 502628 469943 466697 483647 490644 472760 495981 510503 503863 535170 488532 469002 488596 503706 536705 528379 497588 452829 478665 491325 454694 490602 457260 507218 474190 542416 490279 544567 461335 466097 442711 516984 524109 477778 504629 503043 467284 459787 473912 464448 497712 458121 516910 463313 461364 499995 451965 506886 476884 479501 471346 463679 491569 437300 538688 504534 495110 510178 505763 463693 467617 441047 514628 495525 491731 511261 536115 507864 494454 541749 525000 509552 478935 509802 459434 487457 481745 507868
481340 456282 477879 489824 500489 503273 506196 536002 462170 479652 541308 527912 503196 551564 479161 573179 559618 515113 507225 484198 498455 518427 457187 505639 503789 493497 460642 509772 503155 534757 511047 530380 508278 467516 500110 538960 551835 460936 485431 547362 531218 486873 521710 527585 468830 479231 504445 470642 501826 527159 552351 487616 534583 538633 510457 478906 501860 518917 469715 520532 495644 506740 532587 524175 527897 491844 518871 499198 455547 508509 505112 503207 519577 500955 507901 504960 485169 513434 528345 503269 474831 508849 501714 481554 490253 548014 506501 530125 506733 542311 482709 507990 538673 513897 509921 556759 538156 546834 477630 494697 508021 516434 514788 473498 496754 530768 536969 509665 468044 533980 548387 515462 526480 521799 524636 499741 513930 535303 536852 501160 526957 506325 539152 502240 482221 546248 500849 515088 506197 513216 544690 528307 509820 509548 479581 520706 570587 560169 502738 476465 513925 494189 455918 529777 471847 550133 490308 548324 511702 551897 468833 481098 456725 532234 530553 525046 510444 497879 483924 484589 501019 483412 513607 490053 526313 483579 481908 535183 489842 518486 480617 485341 480277 476426 512533 485481 570435 541528 512261 504929 487490 512254 478481 431797 508668 540014 520095 537017 520505 487438 531814 571789 518924 522015 483399 500730 501387 498996 512289 533433
519198 474392 518073 517722 511249 506406 526012 533150 481999 502629 559497 500232 491650 561920 500913 580279 573156 547374 522570 491150 527896 532471 489342 543978 518299 514195 470479 518808 498331 555534 538710 530599 526204 503181 516101 534765 514216 493557 524495 570914 567313 501631 528951 517463 483192 494441 517685 509682 518585 532207 576836 473113 537434 558160 538472 522766 499741 537083 504822 543887 504246 511110 527369 533086 552145 533420 544696 533795 488878 524877 543697 506359 532967 495881 502793 518633 497221 553127 534124 523009 490075 519952 514627 519725 537805 554698 517789 525819 522948 540371 500597 529444 542116 516685 507905 540558 543776 550209 506310 506132 504634 530855 507917 455951 514819 541851 555641 516975 505525 550251 560262 554015 537910 518714 528118 526879 529325 524784 561279 507895 534922 538507 576710 504439 504979 526734 519432 531777 508804 527341 528119 547451 537177 520948 497459 543410 575496 572334 515489 518675 524270 516509 470628 526303 486758 535544 494391 574781 515214 546165 507776 474816 462275 535989 534514 524982 542557 519514 491181 480753 517265 503939 534534 502083 553329 487930 501263 538233 512540 549413 510977 518214 518851 499945 532321 504536 569375 548959 522825 541480 540728 524823 464130 489318 537118 526681 498990 543503 563359 511775 533179 555077 540337 549274 506136 546815 501862 525636 513874 516192
487249 444141 472474 480183 527804 479216 491855 518672 455745 496569 533596 492284 484249 525006 482348 530697 531212 482863 500521 499958 496092 507845 475532 497913 512076 459218 473525 484959 461995 536186 508792 511014 485716 482026 490194 528596 494055 461126 495343 511196 521598 490049 514048 489149 450928 486792 489580 494103 495605 507751 538271 466520 509612 533378 495816 482986 479723 536322 474729 507490 484395 486713 493190 510227 527123 499856 515554 512539 465250 508864 511613 453425 515637 487765 495767 512787 460233 512044 545272 494418 473217 497653 496015 465609 511374 548171 493575 504913 502053 524217 469223 504191 507179 485259 498535 525688 502061 526629 492465 495714 487065 505067 494933 446722 508574 495691 518441 490429 474484 518268 541517 509146 525555 496311 485248 471963 503452 526052 516833 486053 540078 483457 538509 470276 474075 519344 479349 494353 515796 519966 502901 523105 509116 479882 492238 515682 529041 548787 499096 468593 508850 469676 472231 490836 482204 532972 479970 553406 479497 531069 468565 466106 464675 540751 493133 508590 507448 497123 480382 474296 483368 464541 525779 464064 519035 478802 485911 510844 475417 483564 478014 504640 483544 468562 499162 493360 532896 519776 502078 503949 516081 497568 466114 437332 507242 484129 497842 537595 518324 489673 495403 568700 528295 533561 470684 522851 483443 491936 486771 501786
473237 454855 472392 500725 512421 475253 481030 515463 447762 491070 526113 494046 484446 507140 494140 550344 526535 490959 506124 479725 497155 493821 467338 500789 494072 472009 443067 486119 481791 544280 466120 494864 499808 470101 489436 533958 520678 469452 491983 525928 520282 506751 511292 475400 468121 462919 494513 480736 476962 502795 545307 472756 499971 538599 486630 490399 472846 519764 451508 494433 489436 497110 516744 521286 479932 486537 539114 503661 447466 493005 524632 492109 494093 467131 477109 498100 500141 497061 520775 497316 466691 500756 468979 483828 503301 545552 476278 519983 485009 510498 464211 488882 509142 492190 488922 514198 505654 533067 484222 483675 490905 494243 489557 442792 490916 497215 480425 480751 470584 508215 526504 507064 502605 502199 478125 489487 495613 528284 518674 471635 511296 502777 524481 488967 471635 520301 496320 491466 497327 526033 489659 532750 506848 503949 476754 517126 519329 527714 505274 495225 501983 504273 450181 497487 461151 508334 500837 531413 494621 531141 448750 457206 466745 515530 512465 491817 503372 488229 484984 460518 490490 484798 501485 440735 506651 497450 481304 509748 486756 515119 500267 507621 472866 475415 487037 491461 537873 521209 493246 516330 503793 490062 450670 461690 509227 490740 487661 538337 515705 475615 512004 529931 532837 524635 475051 486858 493770 511720 481246 492715
455775 428304 449321 461052 477990 462256 471454 470968 404804 455177 496081 472740 458543 490478 460163 502258 511181 453899 470866 461556 454600 483857 430084 458919 472178 446140 417389 487404 440476 500238 456076 443633 454767 460193 456621 504968 480525 447461 461072 490623 492437 441667 493941 460045 428508 465771 459044 462554 433793 472073 511985 448974 477929 506717 486741 449098 469137 459647 452524 473506 455775 454146 482393 503846 487281 479564 486426 447974 421342 484020 477578 440584 467444 456880 443328 457172 453936 472875 487219 464036 427157 483229 462436 427814 454446 491652 445552 463429 503638 491080 457720 481041 479239 463130 471116 491557 474806 485539 475600 463261 442686 468148 456144 431977 466734 490281 488658 474262 450418 456039 496892 450500 483366 463438 478626 451798 474218 487368 498256 442310 479146 453119 505436 453817 446945 483806 464367 465003 456570 469216 469481 519132 475360 485427 450567 466599 507888 518179 460376 442347 436978 456173 445135 470259 441328 507328 452072 516672 464326 503740 428597 465787 420859 495398 514170 444825 469662 469948 446487 418390 463663 447291 468029 434231 476250 450666 466785 481748 468603 478231 462077 440712 468660 442250 464380 449619 517635 501230 484187 494418 466425 474729 446017 412251 485120 475797 469883 501065 486544 480888 498919 494005 466978 477420 469064 472732 445651 443888 467233 466051
504578 471548 504636 498094 507991 474085 506400 511543 476410 476165 549828 536866 486464 541699 485409 538482 542449 530400 526800 482778 519306 503082 481157 526960 502343 487244 469695 482178 507098 548314 521778 515279 514547 519770 496598 534108 537010 471263 512561 552063 538803 498807 502978 480299 476428 491942 506045 486418 504388 527981 564883 477410 513945 557601 532200 521712 506419 534665 461497 534544 492044 510739 545901 531563 527738 517664 517194 504197 477219 500443 536428 489550 526879 484416 496679 501818 476509 519752 528233 510313 500043 533554 508448 488459 518326 563329 497808 508295 511229 540659 487358 502845 532103 542165 523180 520239 524192 527823 482448 519854 505494 522270 512120 468244 481464 557520 543814 511090 480975 530276 546697 529823 541649 496171 513574 521519 526713 517865 546287 489728 532576 511961 542118 520024 472673 514855 517181 506916 489117 546944 524815 530438 532463 484799 514847 524199 544701 556817 528980 503954 501993 524183 470117 521962 483909 530561 501968 566636 503227 550114 467224 477338 456616 563369 536211 500907 517468 493532 500017 473199 510472 509852 515948 505767 531781 504275 492343 511819 482361 537014 495612 499189 493991 476740 505407 494181 545197 551189 509585 525198 540773 513121 503660 463353 537189 524049 495107 542466 525310 479425 527453 554347 531475 536871 512879 526978 490215 529878 505132 502768
483005 460549 480953 469463 496960 469660 494671 526622 441761 479863 521022 499872 484161 509188 468132 520026 547245 473251 495112 484101 485535 504274 456890 506449 482111 450912 436067 481673 463752 537077 494166 485721 484695 460854 472494 501186 506659 449717 486478 530705 507994 489165 493509 474100 460649 489493 477375 494730 493956 505645 549721 463540 491517 516234 482424 483471 482035 507361 461058 471335 471532 459981 503154 529774 483698 497696 511025 496966 434376 487445 520031 493123 512496 469567 488017 479333 477843 489362 502802 481021 473000 499695 476999 480043 473853 534932 471318 483148 494919 514386 451751 500523 490693 486164 482672 488906 506979 503766 460004 493738 487645 502047 503057 440546 454194 523931 486079 496995 476216 525799 531056 475183 522573 472667 476534 493963 510739 524432 512247 486415 503102 474061 537196 474197 449478 507677 498244 476032 478987 515095 524242 508278 492312 470635 470996 503157 519924 521848 513714 476694 494330 470316 461169 484149 460918 503523 496343 541730 512140 488300 458541 479566 454579 500602 515859 494712 484475 473143 457532 463350 499557 466466 492631 443859 512809 479134 472176 501977 473347 509960 461034 482252 480602 457312 475163 472765 537255 500312 490549 508464 484242 493111 477071 436113 514857 495161 477481 516312 470940 478675 496521 526741 501779 480844 463507 487986 457438 497449 476825 500471
508434 461130 510901 512934 550383 494779 524264 529757 462242 497015 567153 508008 498043 521747 512760 560146 546371 517084 506406 501569 509141 546573 486699 512494 518756 476263 477945 537119 509665 579272 485797 523634 512323 487662 502423 556139 498991 500271 504312 534235 555522 500987 525202 510285 496524 507154 525064 496123 515919 518804 568532 475134 515268 545523 511732 519545 511907 523923 506387 532300 520725 516960 539970 552691 527180 513660 533783 512955 469679 522296 511423 518745 532005 485376 506286 503951 506980 535418 535600 534266 503757 503121 524711 485993 541825 567610 505771 525016 532277 532605 505349 547529 538451 520290 517445 543561 556489 524313 492413 510097 536139 509112 508763 470755 504051 515809 528783 516043 493704 510952 535151 518571 528741 522599 538475 500365 520867 557494 561833 506507 531346 529984 551156 507317 484440 508250 487542 518944 525378 547333 516221 559952 506561 499016 487741 538681 542089 564226 544261 492570 489123 500657 479788 504422 479987 538060 522504 558263 533318 559155 489910 482069 465665 530829 538771 509057 517206 533727 483575 476112 488227 482052 525651 486228 529830 497644 468609 525365 493470 535487 531088 495599 520946 501057 495656 505155 574911 555718 505413 519944 525731 518657 456018 465496 536373 531672 504525 538322 544254 511050 524634 553542 552906 511998 513648 515049 489304 483045 535294 551217
476613 468160 479558 497226 528329 487638 511041 512073 471604 493923 526517 478065 500630 525233 481356 522652 550237 503265 493787 490250 488857 523277 457975 517444 510558 448880 465549 503787 499829 544922 503457 505887 494353 506344 500934 529962 506083 462965 498995 551157 529390 475227 525113 490111 469965 482244 503787 502303 479010 498072 547937 477245 514813 525296 485189 517833 513572 519010 482277 505516 496562 498430 541773 495332 512423 523673 522154 495757 484624 501211 520063 488295 509408 493902 494197 498015 492574 533735 536571 495603 470780 488212 482848 494326 508559 532473 500382 527336 493585 518890 469054 518858 506080 497241 508631 535610 525186 522747 484752 497218 518508 503539 468727 445412 481196 523243 508900 502748 498208 505333 547270 506079 518899 498798 527410 517001 502788 516492 550458 472959 511167 531099 545318 458019 489897 517735 511613 490750 498913 523021 495854 546810 509540 496243 479206 529043 548173 547839 515036 478575 497959 492922 472719 503148 475212 519418 487061 557283 509015 538421 486927 491258 460879 515909 526485 497959 511648 496983 478790 494933 507281 473393 511760 484431 509747 480024 491676 535405 475034 517899 513041 503435 529460 494633 520831 467896 538114 536728 513444 542863 529814 504793 472830 456023 512740 508569 488917 526524 503490 504306 507037 543516 521831 525781 483633 504791 508352 488337 501215 535947
446230 442771 456441 492209 455166 439842 457554 483591 426614 457289 496951 468166 454533 505226 450970 513145 515485 449132 467745 461009 444759 464930 435476 475382 473056 425756 430640 464313 445161 499612 462168 476463 451553 434309 455528 503277 475552 437835 475541 490457 476147 458680 482973 473733 446193 441282 453157 429049 451950 476607 522705 450779 479577 486823 475168 461828 445975 464803 438480 453002 446073 445854 482360 465923 449161 467876 497606 476392 431867 478558 459917 445858 483844 423573 460903 461318 458515 458835 469854 465789 447106 462269 434673 464935 437761 482934 457128 441919 455617 485161 434564 477346 477406 484387 454878 468093 472406 487029 429350 478327 464716 455211 476438 448938 444971 470407 473994 470894 454414 469846 514979 489201 479943 464263 455585 459378 461439 490105 495337 467528 494669 469679 476565 447795 425294 488895 453944 456467 467786 492145 480238 509912 462544 468013 445797 469363 494446 508235 467945 447721 478728 476106 438745 470004 422846 488243 461338 526665 476554 468414 429101 434414 425156 490467 478397 470101 458663 452990 460613 438833 447551 455918 460991 435907 485313 456208 439482 466008 437443 488933 445734 457660 462405 446211 463916 454573 507182 495185 482702 457577 466684 473945 437661 398797 471496 463855 457374 479493 474545 447086 458352 517850 469350 471384 471770 456700 432444 477337 465279 475178
495388 455538 480369 488024 518098 482552 514971 523358 440283 472659 547100 499449 481769 532422 501892 551144 569677 501054 496483 501794 501436 511835 470571 504262 517930 464425 468922 523859 493193 526718 517029 501358 483301 491866 501799 529439 508717 471077 499839 549230 511180 496051 521834 529342 462921 506311 504971 499274 488414 522291 538415 490804 502157 538812 498329 496878 511460 519371 482730 519963 490004 472733 541641 511099 536146 509933 546492 506876 466568 540976 521396 511747 514404 485487 487081 484614 511694 512512 538551 497715 484078 497697 523275 489130 506273 536428 517163 518270 523162 543965 480337 507899 529089 501368 540213 546966 544796 522709 488448 512222 502604 526950 499641 458106 501302 534730 516428 511610 501594 510620 540253 503878 533315 502825 506617 497856 512264 516522 544933 495886 566434 502399 527786 505482 506736 511628 515096 495574 506797 518749 497647 515652 507352 497829 506182 515719 555937 553510 507995 477948 481605 499198 454371 513013 464437 539813 506548 547784 520719 539813 482474 499018 461313 531947 538084 507493 521382 527771 479226 481555 508692 503273 517015 495261 529135 496742 494471 537051 494641 518617 476750 489281 518274 513074 505863 474222 552139 530986 516096 529896 516715 519130 464939 439381 536517 511162 485057 542573 535950 522137 523879 550926 524013 531110 498921 502690 486889 491642 513734 510873
489341 465803 518297 498385 508418 480247 500904 522603 471468 503797 549859 498260 484172 548149 503129 544308 542297 506827 524274 478344 490412 517544 480996 504534 520394 484346 442539 522657 490298 534295 508104 517921 504072 492781 506148 536178 498087 475736 511619 534147 518246 480167 497744 497200 489967 508916 500547 485074 494292 522358 574535 456317 533460 535080 508652 498342 501990 512121 507870 501041 478223 494167 519589 510008 545812 521826 509772 490542 483801 518400 505772 486387 502942 478567 458579 496472 487971 505658 546088 519512 474944 530022 511119 488850 500136 540442 518201 534441 509545 527577 487419 510686 500704 495056 501355 508858 527594 526337 481977 509396 485713 513221 490833 457681 505469 524179 526565 515920 497174 517061 547592 552448 523814 504173 499141 514083 507309 525168 559912 500790 521841 496958 537029 496315 475134 511057 501540 492392 488168 508438 503133 531272 526371 512360 499776 515194 566354 568059 514281 479088 505976 513435 465333 511934 497169 516817 513509 563379 508862 533478 474517 472527 454379 539018 520229 489913 491463 493050 476162 470784 498352 486731 495726 474188 518815 490840 493635 512536 491217 532157 477518 495161 509814 486310 494271 498912 565901 530230 517089 501913 516391 494827 443362 474699 520963 514319 500138 537969 532095 471181 501850 564755 511192 509644 491500 506812 488433 518066 479330 510623
463341 441418 494000 477475 486873 463604 517139 472312 453121 474817 529959 490693 486847 519548 459128 507733 523918 475556 492725 472406 456556 497465 479498 494426 487963 444815 433412 484515 472267 535288 457105 491826 479739 479055 467856 513124 499864 451425 473232 523144 499646 457797 477156 458683 451073 498738 488113 455550 454385 475334 517607 446093 490705 514221 489555 495718 489986 486945 463947 505022 494754 489429 506431 520432 503834 504311 499378 502668 467943 475667 484071 466508 487083 448179 463964 468851 456612 472709 492812 501983 459583 491566 460859 479712 510901 523950 464741 499763 477606 515146 467540 500396 473861 490282 477101 494582 511514 485370 472225 477896 483319 481043 470054 470888 490768 494951 470509 484281 473740 480454 517521 500326 500649 470318 483204 478669 491006 493706 521394 466559 536221 499615 526771 477338 447894 505173 488926 465474 487188 508385 487794 517477 500092 472475 445520 496603 522661 527116 500124 465434 466673 489718 461080 489357 462612 512218 473231 526407 497996 505551 470391 457040 459092 493750 487882 485056 487914 473727 451708 457434 493478 454483 488601 458127 509989 501312 466291 507902 452647 507482 467585 451692 475909 476453 483044 468587 523523 495570 504367 493112 510758 502819 445224 418888 503697 495030 477205 483085 477664 480090 492822 531043 501690 482313 476559 477679 438191 486540 472707 490345
492007 464127 486799 485444 495813 468189 496458 513004 467428 493856 536636 500090 471268 532602 477915 546024 536135 507879 538941 478338 480437 516454 484780 511386 504072 478457 469189 493877 481235 552043 497205 506754 483083 494788 493826 513008 501201 470568 494193 531487 528729 501967 505642 506286 482661 486206 511966 501014 485491 495108 551985 473276 519881 547800 501330 506051 516067 518759 479247 503143 513826 485156 531339 506281 504247 522550 537024 478045 486830 518287 493595 472109 505712 465634 473687 497860 489053 509002 546596 480513 479660 491029 495034 504893 493274 535492 504164 503709 500634 526572 453350 516768 523444 496289 488250 528111 531483 503057 467528 514464 505322 490543 493252 473740 495065 515030 502612 502126 484752 512045 530983 518411 519077 494546 497356 496436 511041 525061 532851 475398 534949 515427 516438 473338 479011 483687 491283 492440 487666 505124 497297 548287 492072 504276 500853 517578 541564 543043 504935 488930 501972 510766 453269 514723 475289 541428 481968 539613 502785 542313 472212 487808 441426 517361 496420 497773 518328 515994 480341 449663 483189 497050 515116 474967 513205 481502 475243 501371 482932 498517 481122 500532 504818 479409 493898 487552 541660 526379 506200 503607 534966 518939 445957 432961 521857 502748 476750 515631 556677 476501 504683 553549 517731 507718 503121 505494 488420 489394 492699 500821
469477 438848 460408 487183 495960 456819 494431 480830 463170 473694 523670 477949 454722 498781 460460 515292 522887 469461 490879 470825 476261 490592 439535 478583 485028 466977 461000 478123 473880 518881 473042 473950 469439 479524 466271 510605 480677 469322 491032 494452 499925 469511 494186 484173 444902 453563 481228 462365 465573 485526 538971 451924 500385 519337 477923 475371 484681 522753 445720 495733 485181 486475 514731 507883 507200 483520 484733 472353 469185 480897 478682 472169 486361 453411 488991 475470 483104 484742 510275 474752 461878 487385 485775 480159 493413 529352 466505 491975 497913 518463 458581 495089 498575 473904 463762 511863 502041 513948 446646 474367 464409 481230 477241 457124 476394 509924 520833 454981 453076 506628 526472 488160 509810 507835 483412 487349 463573 511079 513530 469461 501516 486486 511819 473881 447590 503666 497232 465860 492935 487171 490212 516815 472343 469739 441092 508482 517773 529765 488002 456353 475481 495018 448180 475373 474253 492897 458317 528938 477484 535289 455912 477251 434821 506871 489154 492485 492827 485122 476048 439938 467459 461113 512395 459212 499889 456102 444931 493311 476446 487960 457502 477592 474060 449198 471238 454410 530383 519202 485999 510849 504502 472688 462010 424443 508870 481657 477623 529207 503992 461210 505658 509307 507850 498710 478284 475812 463087 489950 497218 485994
492839 471612 493383 524441 526635 480887 518808 533053 456167 499986 550816 510926 496226 551068 473382 558265 577732 509379 493604 479753 519238 532668 454850 513712 496312 484103 480149 524284 493215 542472 496712 507096 492762 497191 518182 535911 510178 482441 507686 525828 559457 495961 530004 510461 482150 492905 523436 484920 485108 501473 562204 499147 509665 543769 520673 483570 506613 515811 481835 489775 512503 508674 529737 523973 540612 502527 518011 500378 472237 512011 523464 504686 501904 460003 505355 496975 488255 519785 520407 518749 466459 499783 499766 486791 520132 523438 510579 520184 517473 555632 493196 524198 521695 489946 534674 559304 537145 522719 456809 511871 501219 496350 517075 470791 497835 537157 540702 497591 480466 529699 559588 523569 528760 521272 525550 492129 521514 537501 542770 485681 529293 524313 547835 490720 478768 508808 520777 492777 500119 524393 527417 545677 509768 508112 470464 531566 545665 549824 505760 477611 502936 488145 483499 520499 488435 565159 494430 566147 532403 527993 483043 490894 467059 534468 537489 499567 512424 527377 477020 483454 482153 501031 536214 466473 540518 482610 500033 489344 478378 531131 491244 492011 488820 484134 507920 496257 550012 538557 510871 543056 520926 518279 479801 458331 540583 540345 514748 539600 531580 500099 528772 561009 543918 508422 499852 521275 496964 503516 514748 518643
488887 462571 500388 505299 491216 450194 489516 495422 459710 476788 535484 483971 485769 537546 460939 535824 540045 486928 507324 505558 498265 508239 473161 489341 497827 464409 465765 500649 470227 571598 495806 492702 476654 485749 488095 524544 503806 473438 494600 533876 528198 498997 515227 495122 469333 466467 497159 503918 479432 499077 547496 470988 505650 520573 511019 500305 503459 544379 479385 503055 494644 487251 515395 536420 499883 516199 542957 513740 454548 477599 505939 499820 496317 473085 495346 493858 492569 508632 510110 504293 482415 493253 491370 490239 526874 527056 495262 520485 504727 492873 481525 511388 517892 486073 502291 537809 511006 512215 499347 482895 494989 506882 492279 463305 512450 530283 516291 496400 471768 503736 523908 509139 512766 500265 481032 480191 505685 537027 536633 476960 513787 499756 528548 478583 464480 490132 490901 508184 521269 506450 503620 509452 526820 494849 489614 506844 527814 536970 498671 482174 497376 504199 430132 495365 458734 526481 461581 548492 495056 533709 461371 478162 427508 521504 520713 494631 495860 494853 470038 481297 489458 501829 508122 479209 517659 495068 483411 521474 479127 508316 483583 482411 516739 486365 490458 481371 529662 510211 491664 514209 538983 494646 440418 438189 520418 475577 471122 525042 499239 495135 515570 535871 530529 496378 496193 520443 470116 493318 490933 515923
483805 460172 507823 496092 521262 477748 525271 519379 485952 490993 551719 511900 494910 540421 505312 549429 555819 510216 541392 483261 500699 538384 474605 504681 506311 472317 485275 523296 518492 536945 509343 508356 514335 497405 502870 545444 536448 473365 516901 536910 529898 508707 528253 511608 475454 512680 513724 495359 495175 509256 570448 492838 539130 546536 519955 504169 510308 537122 501610 541241 495574 511880 506996 519344 547283 517359 528155 490556 491236 533088 508234 517217 517115 472081 504610 508516 502754 537756 538807 517732 487969 521915 518567 501393 539357 554212 517957 550264 541928 534728 492784 531198 539707 519119 520061 542474 525417 550096 499847 523445 514058 528474 501994 472109 497750 531459 525229 500793 480003 530688 544240 497660 531568 521786 501027 504401 509944 514379 543233 510535 553574 499258 527465 502108 484871 523520 489170 521583 504802 537081 529312 541142 518055 500989 496829 512814 564691 561836 534269 480020 489799 516905 472412 516367 475846 542354 507961 554746 516739 542525 466414 499814 455540 524139 547806 524209 515906 506277 493237 476026 500728 502717 507020 504546 515257 524822 497064 528842 497962 542189 506791 504107 482986 499288 513195 479209 573987 549257 518299 538761 523117 509681 467827 457679 529573 508845 509029 557480 521244 501531 529358 556322 534042 535525 498137 521775 473576 522383 509910 535545
497913 470344 489317 506539 521202 465101 506579 529642 471449 506434 540274 501826 486523 538879 471170 554468 545027 510156 478593 501923 503708 520078 477770 513548 528934 495012 451796 487453 493443 550886 496224 497279 515508 476522 477626 537526 503910 463968 506048 531297 524431 494584 504487 499958 491953 486595 523628 476257 485719 511417 545811 476536 520677 542406 499430 505252 469916 504970 483281 515075 526285 501969 521831 527040 511612 514718 515224 511381 473914 504844 503232 499191 489737 488407 488316 508816 480477 497176 520000 518015 461578 492501 497147 477471 504707 549250 485286 512430 504598 513668 483340 528272 507377 508472 508216 512770 532111 535294 485214 477842 502587 504937 508423 468513 493851 502777 516814 488104 481559 494383 535848 506736 515581 510124 503737 489479 488838 528970 518336 480381 536557 501170 538322 480392 480496 517745 512286 514255 494872 526347 521571 519303 523149 498140 480441 531907 538777 534802 514395 478719 493047 502538 468384 500122 477664 527601 474216 546935 502558 543532 480329 475007 467183 529611 514844 488790 506599 514247 454521 445896 483965 467416 507549 463885 514616 472582 474303 517905 477229 511935 509764 502832 488280 478175 532092 486010 538203 515785 504309 501326 519342 501645 457849 464675 511634 507883 484908 510048 514744 514149 510018 524851 519733 514461 495597 503120 479220 500269 479916 506009
473438 487007 488466 513061 511281 486712 509510 510355 453824 509303 516528 496929 504944 528160 483025 544036 545256 503506 506403 488357 513259 506484 481558 510247 503247 462577 463324 491379 492045 530766 512986 518289 500507 500862 476338 538826 513748 477343 496574 554350 545070 498720 514234 507890 474448 486958 508873 501698 460613 494055 524405 462430 500023 545593 535251 475923 490503 503429 472348 516690 501308 494219 517185 535605 534864 496883 528173 493587 493841 518970 524814 505298 521638 478135 514985 509687 495990 505686 518552 516512 475508 513895 501926 489903 514455 525927 492783 524448 519911 540290 481685 511014 531254 506370 509603 538366 540318 541274 494049 489126 494901 526883 517211 465384 494617 527525 526832 507556 470054 510159 547165 517097 520821 492556 485696 493781 522995 525489 535300 508472 548713 516043 543747 484690 491771 524630 479429 509212 502457 542910 506339 549493 543262 513848 490493 530672 558556 550453 541714 512738 504516 514543 471598 513119 470424 544801 501070 555794 487500 554606 488759 506982 458936 534459 517485 519335 483607 528423 478589 473215 482842 488357 493953 478429 521499 490480 482285 517365 472659 519415 501832 499976 499221 484476 509164 484064 556922 561865 508369 520415 509014 510944 487249 437527 526996 495602 502077 517737 541023 501249 514228 564755 539793 539150 510276 525643 482292 480943 505533 495877
466778 445920 498098 480308 503291 490425 503635 517984 451757 493953 531617 497092 493521 533499 471931 528921 539237 499419 519955 492293 487035 510395 472444 488368 504370 464330 440087 502180 483218 552188 484073 510017 502565 505966 485068 521577 517154 468335 487673 536996 534145 503873 488583 494248 462601 484974 486535 467388 480394 497503 565522 486612 489551 536118 526849 483243 516547 494023 473382 487063 486188 495393 508609 536335 516057 523576 518300 471675 466261 492771 508676 480868 480145 463977 466857 471022 467182 506600 511638 501223 469015 517115 491302 475936 513568 529823 489686 499641 519659 531246 468810 526097 521241 514107 509544 543783 500605 512076 488404 511313 497083 500773 482365 462504 478163 522162 525008 519268 472576 511638 529399 514183 511841 509740 500667 484551 529594 519737 525103 464143 505964 502432 521939 469175 474653 501081 489323 486788 472096 496290 500048 559545 522610 515236 471459 521510 534420 544460 503506 479315 493839 497216 450812 504966 480590 535120 456248 539913 502164 534872 478417 492335 428307 531883 528373 501400 495401 494397 477110 457725 488556 458876 514739 472763 505612 482318 475902 500764 479174 490737 491745 471266 487803 480804 501540 477269 552525 527271 510005 515734 511902 522746 461450 443172 503775 518974 484947 515539 510020 496753 529849 537863 504837 496487 511508 507856 455231 485860 494806 525238
523143 486724 530863 513068 534296 494123 511374 541205 464210 514929 575888 514161 515151 554602 505099 575313 561459 525377 550077 499947 493460 541963 495740 544811 550214 521794 485170 523178 503592 551344 530324 520412 527267 518902 538320 550353 530447 501247 540663 543316 553892 515156 544863 506386 494856 510655 520349 500953 507065 523166 586502 509717 540014 578668 538408 533066 506536 537177 502387 544824 510095 516027 543438 541887 545848 540022 553205 502421 492822 535410 558962 501641 521894 485365 526550 521264 516185 530746 531691 517484 501573 524199 515190 512831 521026 556849 507508 537614 546932 546929 490683 542520 543179 515406 548422 539648 549143 563339 517845 512873 518720 525657 542730 492601 518480 533881 538522 527787 498349 528643 561990 559852 548984 507526 507855 539233 530543 538156 535143 519770 556716 506266 551122 514061 518013 543733 504391 526184 519756 546092 537920 550864 533857 508481 508935 538386 583510 575844 521461 502645 532000 519548 472862 553300 506146 573464 501708 571622 536357 566666 484929 528774 483567 558375 549016 501956 547926 540533 513453 480975 509627 494872 536055 501816 576370 529408 505605 536030 489818 556145 538462 504856 497789 507667 510283 490295 610693 541167 528150 555338 530580 525276 511821 477585 562897 537293 520067 528756 563245 519664 546836 581426 542063 557906 540732 540786 488364 558230 510223 500880
495180 446876 502484 474161 520352 477092 492931 515480 445202 458637 561867 486840 486677 538783 505607 537306 560250 508092 495741 480535 488334 536032 506328 510803 508125 468176 463279 513720 462576 546456 486589 489078 493462 487446 478574 537609 502557 462609 483792 540977 517942 494491 510567 513883 480256 504278 496663 507856 527460 506262 566483 462711 508576 505387 498388 511530 502957 498837 484119 520326 496133 503265 496700 514421 508174 508045 514732 508224 432095 501016 493299 500586 501353 476424 488738 507737 489323 517639 517774 506421 459104 508439 513570 502062 514521 536394 493064 525060 509029 504162 493169 509571 509768 502196 488139 519522 533140 497286 501606 514283 515598 512565 487683 479448 502060 522885 524612 491980 502109 499325 549359 501526 522695 490614 505793 510812 530371 519540 541028 497224 554464 496555 524934 502880 486029 510700 499293 490911 496602 520111 515944 531541 503731 491787 490340 508615 557288 553182 508490 473377 510953 477395 462340 526623 485670 514726 496189 564214 525421 529030 483057 467219 449209 524134 530573 473948 501344 497230 467946 476482 483318 496827 502243 478615 526209 488301 476535 527714 487510 520798 484289 472143 489308 464416 507485 480273 541746 537662 493365 503866 515460 499807 464141 438555 534638 500079 502917 535979 509263 482391 514798 557883 502326 493381 486248 509567 477510 513885 496858 523949
461056 458018 467137 477630 510580 459173 477843 503182 440611 466287 503131 477593 483152 511323 475789 527231 506071 480967 469388 473342 490713 506809 443116 492081 483547 456135 430089 481793 470404 518098 471847 483896 465884 466604 465013 494304 482966 448587 476974 505784 508342 473339 479992 469637 472909 475192 485691 481790 458941 489442 537978 453970 491720 517061 482243 474178 481983 484344 468131 519661 461502 478176 515483 514654 514642 469327 500195 475575 462488 486978 490542 475392 482502 451895 487442 480722 468428 468250 493032 492428 464393 477573 462008 448659 483758 503553 473468 495881 501160 478636 464548 496140 490659 481574 478906 519951 488111 497236 473067 497137 469638 491490 472758 464823 450042 523516 508797 494822 467809 486801 517800 502719 507441 469401 495149 481478 481682 507412 514155 456215 500735 497833 514281 468664 467579 530191 492622 455938 465411 497715 473231 519630 498060 464069 441181 499076 510673 516898 492295 456401 456267 468996 470769 478206 448070 513253 459736 542827 488648 512292 446038 470526 429231 502788 494617 470020 490676 479978 467368 442944 452181 448277 476888 453083 489913 461947 492227 498086 465668 504051 461737 462100 474048 463929 481670 465656 549218 525131 487894 506578 518724 480831 463713 434652 474341 489923 473640 482202 501372 495913 504560 521939 504192 470293 458710 489024 460059 468322 504626 478569
469593 462623 486901 511064 506701 465318 518343 517380 447654 469620 520089 487660 477549 523469 491903 534716 552638 493236 511545 486202 521836 503438 478498 509436 505619 463395 471501 518994 494540 502737 488646 497349 500560 509006 479714 553166 508741 450033 492840 527283 529107 500166 517326 513143 479729 473063 505553 500945 492793 499134 540814 462987 519231 508061 488559 505107 480027 548255 469930 510150 473459 493916 510855 537914 521537 509519 518102 508298 452698 513104 495354 493265 507386 482817 488468 499569 465006 525413 504313 474197 501589 510675 508735 470110 499803 543020 490046 527362 501602 502773 471573 511250 525445 507061 507951 524735 529844 530078 487307 509451 508374 518211 485896 447593 460289 526272 513064 504754 477431 516959 542874 517307 535054 488058 525551 481656 522419 501301 563508 484827 508483 478425 521336 495102 480907 508834 477025 507699 492194 537021 500872 521217 518169 489246 498700 521151 555438 551544 500433 464583 499651 508664 461542 510948 462205 523839 496725 526035 511186 535957 462112 480097 454129 531248 523115 508480 501551 494672 482577 478053 498322 486036 499833 506852 522870 484460 484228 536823 470169 530787 494739 485753 478811 511098 499153 485133 550836 516101 518426 500357 502660 504325 472207 438631 517461 494651 507719 545100 509058 495543 506266 560794 519855 516981 487204 511911 500317 487000 510627 517852
454503 416750 453375 453017 482439 468740 454865 470126 423610 480625 490826 450563 452665 501688 450041 503286 498037 459825 476249 456078 453093 470053 424093 472541 479552 445792 419182 444501 455773 510627 456756 457639 462222 474118 461648 489328 472936 451633 456584 484034 490865 451536 486924 445971 434518 442718 450785 458506 447642 461274 504822 449555 487606 489895 444855 464880 457477 461349 449754 466217 453680 461395 486902 501069 480948 455928 496881 443030 440353 473425 498416 459291 470601 424609 471370 475426 477791 469746 490597 459837 454464 483681 459984 439299 464673 491595 452641 476887 477884 462000 442971 457951 463034 449307 455436 484588 472596 486146 443100 458798 458341 476670 450634 426730 436899 481082 463025 480138 458319 464266 487474 460158 467982 454714 442123 453833 459053 489900 470960 429036 489178 477771 496888 451615 447603 474516 459401 458910 470407 485360 459625 471765 480910 470644 441283 464207 503161 490284 488964 454679 441404 476384 440678 458398 469664 478208 449043 516901 460963 499093 418532 424050 420089 503727 479305 463861 480976 461067 454821 417740 479289 460959 464008 443385 480877 473577 438057 482619 446322 467859 462115 443979 479844 433271 463100 444398 509859 487903 451690 460621 487572 466760 426318 404240 487508 450038 460999 485229 495028 446152 486680 493550 478859 467417 452438 470068 434187 469906 447010 457440
486136 465167 468659 502892 507421 469576 504172 496003 445017 478603 530643 470807 486159 516642 475498 514412 533491 505055 515767 491247 485689 502472 453992 484282 486569 470371 436774 490293 501342 558692 481588 487623 478725 504308 478823 523907 499020 452284 474988 532888 518161 479396 495517 477204 480841 484660 495454 467519 492206 503318 544031 440905 497694 554927 494624 480262 466546 491486 463595 506667 480040 487520 506539 497840 497715 489556 503682 505497 456844 510809 496502 488840 502004 459146 481069 492305 484355 512529 525163 480424 456382 500423 487987 477628 500286 538771 486169 489917 497340 507300 488415 493720 501095 495906 492023 510561 525503 525909 475440 481998 500823 505722 484505 444158 480389 495880 525429 506813 479761 505692 521381 500157 475736 494632 501755 492985 492161 494482 535836 485613 516652 511644 519315 488711 449305 479231 508006 484299 495383 520369 490370 522861 499026 484931 485922 506274 520578 551164 516704 469065 471712 491999 447909 505674 464698 508906 481566 540593 469583 516627 479163 463585 466433 525977 515377 501523 499514 497476 481539 456852 473566 498516 491826 453928 513609 473418 467225 503836 485078 522977 494515 482119 490966 441892 495229 493714 508535 523471 502232 503501 509844 491092 457306 462034 525154 485865 471867 523105 479384 493136 503430 541265 497865 511562 482809 486459 464796 483165 491154 518841
447130 433135 462892 473748 478648 462661 475983 498146 426542 461472 514553 473623 455075 495593 440992 520371 521413 493164 491230 437714 456544 522707 451629 488728 469440 460740 437591 464409 458037 507391 478291 494041 493482 470170 469347 501502 479141 430219 472284 508922 517478 444589 483076 471267 440571 454087 473618 464392 475841 484631 509334 442587 492268 520287 479667 473527 473739 485342 465119 500466 470891 477373 487082 476516 490753 495703 471047 466845 454008 474409 482594 457403 494062 460741 477710 477125 448440 498114 493016 478204 452965 473756 472072 459009 489827 490754 477318 472153 492957 486115 449894 483336 478291 497279 476892 488596 496418 507915 442975 484869 468143 500467 447319 421371 466603 486040 489508 454799 461323 465619 506932 458238 477247 460497 483231 459220 481604 467448 498408 454698 515013 482276 486428 441506 439702 493619 478231 469252 453601 497460 493864 495157 481203 450578 456357 477864 509010 533635 487750 448742 465443 460567 441475 511500 446977 513076 441147 505721 464562 506359 438931 457184 459274 493553 486128 462198 463292 487574 458138 427296 471781 457792 473637 457679 484881 457887 451756 496896 449703 506391 477885 467244 455099 456792 482048 469377 509373 507193 468871 476880 495195 483793 453590 412482 471231 496673 468044 504959 477921 434852 501507 523564 470586 497081 443021 474623 430509 482400 478212 476810
483876 458202 479405 476333 495902 481440 499518 485443 442561 489666 511890 493096 466259 483490 468575 516525 512530 475916 496337 472183 469869 519295 448502 516199 505606 447031 420729 471789 458037 535776 474297 484451 477244 497736 459579 505930 475818 439378 460558 507625 525748 468488 491360 478280 459799 475566 472398 479903 476600 490873 532563 442305 484714 514099 492193 482641 479210 492402 452434 489298 475312 479679 512440 484041 493937 495715 515195 496820 474763 473419 486252 466063 471830 480678 460323 469796 454454 492343 513568 470123 458387 512449 474180 464061 478825 516359 479876 492432 481053 518719 478267 499147 494777 475264 464800 491861 509622 499494 459369 487846 479588 473525 465325 433942 470600 490921 486916 487007 458332 482518 507878 507778 497755 469679 503243 464936 484113 497946 509336 460472 516889 489116 533579 464179 468518 505843 471360 458231 471066 490907 488623 493597 495909 473255 466635 509765 517319 526203 457258 480682 459715 481390 450782 487307 470594 501683 460900 520886 481834 501007 448964 458851 455319 502405 494919 489391 504887 470499 458446 436425 481830 478423 486383 427328 526278 475188 479404 506440 461383 506739 480111 471734 446139 448623 491465 463098 536260 488639 503983 493064 518971 505771 455725 432125 495197 487447 439792 484844 488420 482813 485460 541097 487761 489239 465474 493894 451730 481394 467386 489973
453476 428897 434599 478482 483972 450761 468642 457551 427297 462698 513026 432344 435936 480057 441823 503007 469894 456151 471008 453364 435111 458470 412115 456812 476013 424691 428692 463428 442463 477170 459276 465083 459804 454457 450430 504426 466281 434186 465707 471152 491765 439102 467684 462043 445617 420487 487125 425173 433376 444935 527018 440583 469333 497074 459559 459051 429066 486120 439279 460158 449753 463310 490635 471519 499442 459052 475161 437556 441551 485542 464397 450796 467264 454243 454396 467761 483656 444424 485949 434775 440586 485907 457606 454697 488579 479613 457454 479355 472990 476609 435555 466864 472205 455093 462185 483498 468221 497611 447809 476324 472561 466197 463141 427177 450668 462789 484361 447288 436054 482597 494290 478561 473449 487324 489828 447624 444240 482851 493450 454295 489350 479683 495924 443289 439367 456183 445106 472699 473902 473505 473087 484917 461297 473976 424385 493788 492719 495412 459091 455317 472070 456049 430397 468708 436338 474118 445043 500116 460559 491782 438617 431520 435203 488281 470693 471704 448287 463531 455706 432384 450142 459090 473580 435642 480468 423072 417784 462738 425996 451418 448042 464374 460628 450809 474586 449500 500621 488201 453820 466178 492668 467732 411282 449651 501586 478166 451881 491491 474863 469540 462535 511030 466831 475766 453585 475359 465328 457652 473420 444688
513319 474695 507151 534921 552532 493432 522115 516956 465945 515970 557482 515775 515686 548640 502405 571519 550923 532770 541865 524207 502946 546871 487189 515248 541894 472691 486167 515112 514603 592119 509488 529355 511053 523849 500780 563651 531125 490665 514534 555133 533737 523385 537800 526764 482988 493488 528014 503521 486101 535634 564353 502103 517434 555255 520555 513035 522164 545343 501900 532467 525114 506441 560347 539268 535194 551866 531403 519456 497445 516173 524294 521110 524682 513052 503200 507199 532695 529233 560048 541296 512714 519126 522374 521034 532714 548754 511380 530888 541177 533245 508910 538602 538000 529921 510730 551641 559834 559654 530231 512004 524310 548406 547016 495649 517436 527019 517120 541247 509998 530522 568311 520369 536566 540491 502585 523178 504121 569628 556586 490825 550555 509666 560377 493840 504061 543978 519485 494764 541520 543762 531757 548551 493588 506558 503231 546603 538401 570709 539698 515249 513279 524795 488474 505212 500403 546377 516775 571270 532385 586948 481343 502697 492441 547449 550463 547653 508057 535557 499880 485324 506239 501576 543280 482107 523915 533017 500431 533150 525487 509718 510676 532161 537096 490146 521288 506767 563984 543052 531315 547366 522464 528141 480416 481557 552064 520346 501114 545393 520665 511456 542103 564050 536112 525784 509311 513052 493833 528862 499881 538088
491912 490019 511420 519521 517651 488675 536708 542240 472637 466680 547087 509569 503669 543632 516134 569328 549084 530693 537093 503272 516509 517576 504778 521448 548658 498394 476424 543349 503910 540535 511911 545519 546147 512228 493179 556597 513672 501536 489179 557417 559775 510452 527549 529764 513069 513279 507420 482181 494336 503808 552409 471943 542221 551895 523163 534716 525820 527336 492582 516969 522506 514439 559539 524833 532624 543129 538978 508813 502387 547462 519657 505042 511696 493137 491060 504493 507284 530604 529672 530318 485436 504574 539182 503613 502702 562068 537799 548340 537276 560668 500125 534266 540865 517730 542589 523605 561885 541263 490812 524389 523833 518782 521342 479638 501797 534819 549378 516872 485192 521300 538420 541409 522639 521885 523320 504774 533387 543658 591012 486539 542882 538049 563373 500268 493634 520408 507152 497514 517929 533526 544295 552319 540823 500844 504356 535557 562235 555052 551145 484226 496220 523933 495023 532327 491087 542395 511505 572213 509355 559892 500336 499339 477350 523042 552123 536398 504855 520392 488510 490259 493995 501361 499591 480242 533579 507458 484429 511677 493364 545236 507375 507303 521553 484363 505365 522306 568080 563354 515498 535898 530901 532932 440551 458608 545268 520388 527875 535336 569352 528756 522723 565586 521412 549324 518480 503528 492006 509048 518311 514895
483760 450722 508812 485226 508180 491782 489494 497825 469174 475421 505698 474855 474646 526405 500784 535103 538265 503046 503507 467837 490616 522002 490980 504656 499488 476631 468454 488680 477188 550251 467096 525501 487841 473404 500033 503334 497426 463319 507897 539223 528809 503362 497098 468830 466250 488395 490932 473315 489012 481899 537725 453527 520715 533717 503664 495730 483428 495870 485113 491306 499709 491558 513550 523425 512776 518335 543860 472772 468033 492340 501564 489467 512813 458728 505571 487090 502465 503838 492189 501818 468089 512876 495078 470956 493361 533489 496197 510639 497589 536260 466995 523251 511807 487695 479963 507541 537044 508260 478172 494380 505810 497823 493203 453819 464689 498103 492842 490504 470940 517513 543418 492438 503119 488728 477242 491019 504981 531637 546666 471458 535060 492721 534466 487964 463688 524810 492882 497747 474709 520593 488426 546424 501521 497501 488331 524674 496702 546893 505313 496270 485411 499548 472486 499949 464735 529136 471588 524036 513727 521243 506381 441468 472941 528905 515900 492862 481127 490520 466398 457097 467526 467044 507787 481464 518953 483906 470692 485634 462903 493543 478181 487428 495454 462691 477189 469977 548879 521926 484599 508369 505647 499345 455518 440687 516847 497119 492613 509149 504770 489220 514949 539405 485675 485056 487129 530388 478711 477540 506477 477052
464623 460783 502752 500499 512635 465069 509463 516796 468888 491696 518492 475768 490705 508602 493154 537692 534665 495120 513379 479889 505388 508029 463033 495866 496825 485269 465531 499728 482668 538639 517392 495874 488531 489854 482364 516111 495697 495012 500970 519033 534855 456997 485634 473314 478397 473564 491679 472584 458035 497840 542768 447687 507815 540490 500578 505970 480274 525832 468209 488522 489214 477855 535086 494158 518049 496740 501039 507477 488069 510722 510651 471878 503880 482101 479512 480499 471334 491103 513614 484523 456221 501671 498806 482182 484041 528869 490052 524563 489418 536641 464319 515038 518344 490349 502368 512458 523129 521708 504132 509281 496688 491712 502880 458499 468656 527853 533019 515596 459261 511903 523866 530949 530037 501866 492665 493345 482352 522427 546665 484493 526988 499098 554303 468987 489555 505554 504351 482600 474334 510240 514204 528127 507129 505751 486938 521498 549454 552334 518681 464171 489770 504767 453894 498846 474748 531810 498916 547044 490484 529688 468213 501153 462104 520040 517860 498836 491694 499198 479478 470464 475985 477470 502465 462718 499495 490225 487793 510788 477761 509467 488357 491998 477566 460462 490977 478425 556670 526251 509542 510713 513846 503453 459509 478615 495670 502870 482205 517821 531855 505332 505838 532374 498570 522854 508644 517961 504726 503878 490503 498440
441438 439373 457425 455911 493383 455726 478543 484785 429128 462622 499291 460365 459511 494123 435714 509875 491275 485543 465213 456898 464900 478602 441877 494608 430918 439388 448114 454166 450347 488268 444064 463845 461388 443697 451302 490720 465775 441042 478493 512174 496917 446024 444940 468570 448098 456520 471710 463788 452368 457474 498094 429668 485682 493325 473123 473611 472541 481741 457761 455861 455737 487121 489390 489248 474279 459802 493253 472074 444492 480356 465469 449848 469774 422764 457403 464242 439381 469031 471626 447451 456313 470190 484294 432388 465688 519152 451305 499984 459592 494708 428560 473924 456291 471497 477908 497678 477949 482045 441131 457239 442818 487787 449580 413421 453636 485616 486555 454010 423967 497035 491655 457558 459473 463006 478791 457991 464960 461617 509182 456737 465190 471060 515513 432953 435664 476426 449410 469161 460727 485904 470493 500447 517499 451287 451178 497673 502292 505033 481479 460289 460202 468538 438525 451276 431471 494486 432315 500427 455361 483879 448624 439102 418361 484972 454058 455013 483736 466804 442044 410000 449283 426948 439567 445359 477671 452060 446206 481712 437801 467598 453245 448625 461684 467803 451101 431593 485975 488511 459416 480670 485055 472685 426812 431580 477961 472085 451436 481871 501749 475429 484679 500949 473394 498036 457968 485321 443835 470313 464627 438310
511596 446420 500738 503203 531223 500259 503619 512530 431468 472190 528047 496432 498923 532370 504574 548056 545303 508989 514571 475731 475141 517986 480564 507861 517257 468376 464273 514324 493260 549216 491449 507864 488604 471603 485372 536141 511045 480309 510768 524716 527897 493017 528705 516583 456772 488898 482052 490942 483640 503556 555847 458724 523319 522459 482700 520501 512205 522926 494295 521985 526518 491526 535248 516051 533828 498254 557001 495630 481740 516175 510244 491315 535661 490703 493310 498550 501165 532964 531397 506611 504712 522475 506231 459056 520205 534299 519360 514551 499902 511891 499614 527507 505780 486048 491249 530916 529054 534232 493066 501609 506957 526524 494338 475587 504497 504658 519904 528959 497042 530805 529605 491978 537333 512429 506657 515268 492248 536165 542315 514024 542063 510980 528482 471312 482898 516802 529308 492632 514924 505309 506240 537211 495453 496764 498547 521839 554240 556114 520757 487454 510910 504814 466251 509038 489565 521206 515044 545453 498816 542641 479386 498776 466360 542178 529349 510280 497255 502257 476371 480389 483576 482300 509001 483681 508202 512881 462376 516657 477399 506467 506269 489672 515904 498724 494842 496022 563055 527233 507963 533980 506836 513723 461795 458413 531669 498214 508492 524263 507015 510138 528522 555297 517138 533910 479992 497937 494077 482679 508902 506218
455279 459101 486246 476586 505185 448908 499086 492261 446737 481047 526340 486526 468163 540586 476257 520181 544552 463648 502814 473541 483343 483914 451023 483959 480379 452186 460395 484052 472558 520670 482281 497809 475537 489677 481180 513385 479337 458131 484955 499454 525574 499648 510405 491787 472738 451902 477067 482456 472572 481915 535366 468632 517900 525678 494668 477511 473244 508630 448630 499041 481144 485812 512960 507078 502344 473053 524433 489993 459375 495352 506915 478186 497902 440561 450785 492740 478423 498996 501650 498417 457329 488246 472070 479984 483386 512054 513990 501047 515325 511600 470276 484448 481701 473334 500960 510849 495450 528371 482686 486661 454909 498825 495440 459157 499068 503253 530609 499048 454336 494776 510668 507567 517572 460801 487818 478779 478898 521515 518122 479559 516478 466963 521929 491848 464035 496281 477088 491173 485758 511591 519857 512929 521408 482459 475713 502572 522684 528953 507423 468679 483898 488280 447693 517864 461177 529943 497158 546247 501230 521108 438275 482458 444357 518352 513775 493675 487350 487805 470471 461752 461238 460885 487008 461995 512706 475996 483972 484229 472513 514546 468422 471028 493804 453384 496168 473953 536661 513684 497074 507135 504370 491262 449876 454176 521321 475835 474807 510973 497955 456200 492062 542816 512413 510773 474322 501573 464717 487611 452018 495524
464310 454274 491438 463184 499679 459677 496582 499647 433204 488329 535072 460332 492746 512896 475395 533704 523306 518888 494674 462608 494656 507500 456538 511203 483270 477265 443397 485030 485901 530551 497303 496009 467672 487908 480345 513748 493709 449789 498783 495094 512582 486567 492018 476549 477170 483697 480074 465016 476280 480508 537508 448780 489185 532447 506127 496117 477472 499506 457522 523532 480292 481483 502886 507490 513207 486272 488457 495391 464177 494846 502278 479113 492782 459063 472682 479160 486841 494780 489622 500674 457737 516410 487350 462543 506815 544136 466284 487995 467484 509068 480086 482315 494960 466364 480401 511971 504867 512939 467704 494880 462051 502016 460866 460988 480553 491329 508631 481632 466802 495922 536427 508497 517278 485226 470482 479170 476930 494922 512159 505869 508810 514840 539590 469918 466417 485552 486135 487253 483705 494737 506921 508034 492388 485585 478176 524688 534691 537504 500854 499319 466358 473740 460067 503493 483608 508286 479170 548650 500383 509184 454116 472512 442991 530139 494848 480411 502459 489880 464152 444407 466737 469800 492109 462663 532611 472767 481644 492321 455520 486509 470472 484630 457750 461549 471829 470093 544549 514495 484397 490261 493004 503509 462153 417671 492909 521124 509637 518831 522404 471571 522936 514722 502704 491548 467336 507344 477474 509341 469380 484441
480565 419675 477741 456616 503445 458646 510624 497608 431263 480922 497526 431400 455014 497531 449272 516315 506939 454422 459152 481657 455692 485432 433443 477212 486794 439355 433025 493634 451761 533980 461504 457594 490386 470630 441212 502809 479740 449962 487665 483691 505168 452930 496613 468549 444281 463801 477272 442473 434493 472493 505345 431045 488986 500071 472541 470582 472141 476909 445720 481008 481799 470296 483832 508335 497408 471032 482947 490310 441722 487298 467952 464138 470810 469308 468037 471023 467638 492309 497923 455582 447002 475085 484317 462992 495392 499396 448699 481524 492004 470660 469041 495338 494684 461842 478695 511293 475982 494970 441597 460416 450255 473920 475775 440626 452541 512582 503728 488822 455821 476020 501807 461137 520335 474679 451033 479056 485806 490736 497144 438769 472080 448540 508936 463593 458107 486951 483038 445976 462414 484485 486779 502368 489422 472719 445740 483452 527797 507819 487189 434750 453150 473640 424122 458228 461814 489607 456592 490961 495319 513471 444800 453269 421836 499014 504621 459350 464493 454058 447674 446033 478101 449488 494041 426405 474847 469851 455916 506208 454553 496129 460724 458921 456324 449464 467718 435089 509709 479372 459163 479944 494829 479080 419216 426981 486074 473666 480445 497270 483690 491392 494912 493682 458760 476393 443687 493223 457186 453916 478054 484463
492691 461528 526455 493536 517237 499257 514856 544933 467595 510698 552592 501578 511515 557552 516374 555810 537032 505032 530946 501380 511318 500543 474317 511367 501272 494975 477088 528028 514644 556984 506955 526393 491923 493478 481191 539666 509114 473055 520317 538524 519086 522388 513789 514463 488462 503230 521485 494700 506155 500030 561914 483354 518607 560974 505404 508718 495916 518134 483187 542915 485003 511354 549392 536675 530697 503601 538962 523328 476861 512521 504746 518516 521870 499296 475480 484296 508372 517658 523805 521001 473819 527083 498004 471345 527264 565300 528451 516878 504615 527957 494290 523570 527766 498959 507541 543411 522430 527534 501498 508425 484402 517203 523326 477096 495658 513932 541645 530388 482648 537673 546655 520208 569312 543247 494636 522764 501641 540531 556618 502399 532839 505570 544396 501628 500174 524645 512163 500369 511381 532485 512075 537785 524561 505556 487995 554394 534806 564051 512640 507173 487993 491399 449364 518833 457712 534322 506883 579987 526041 536483 495369 489233 475685 560439 493944 523381 528842 521245 478693 477892 486287 487601 515582 458331 535757 520242 487626 514734 500236 503587 498555 493893 492191 505818 502738 490252 550540 543007 526458 529635 546711 507066 448249 452359 520092 509731 485624 540508 525298 509034 542275 540069 536820 538686 500723 504781 522061 515120 494379 522588
483271 429451 481030 482698 504119 485435 487283 485207 419929 463751 516531 477388 481765 532154 475503 550560 532098 488327 468687 489184 487599 522887 461807 492110 492074 474236 450052 492396 481762 553396 490882 503243 477445 473218 458986 503769 488134 462890 502529 516301 539053 495011 499468 464928 447348 473079 478739 470925 449540 488893 528258 480659 501396 529011 496935 483550 477688 496537 463594 491233 495327 485686 518646 503602 496780 486114 510230 486678 462603 483238 505851 481620 492338 472987 496713 481036 470836 485975 496216 495920 469951 481293 506099 454817 494065 534438 467673 505706 492431 518688 471809 499650 487421 485665 479178 521051 513047 532466 477341 481514 483557 511838 467579 450280 477240 520924 498702 501762 456981 488619 538833 496941 515412 491228 477570 484501 505491 511564 536829 451227 505971 489303 540247 477617 461730 501960 492417 485580 499681 508147 503187 528944 509712 477644 486489 515339 528090 535251 502195 474953 483302 495464 464853 470791 466961 508255 505662 531248 492039 530143 462549 460300 452641 510440 505559 497696 486065 495243 453665 477361 474560 466361 482962 464139 490538 506934 466213 502457 460848 488227 475552 486656 501146 452417 479088 468197 530356 532665 482351 482102 503919 514563 446523 447043 523110 498184 485137 507729 515080 497527 495341 529657 492601 474622 480827 501994 459541 476804 486018 489311
471272 448112 464944 472904 475213 476247 479528 478692 428728 461106 495774 454053 481641 485646 452214 512580 504708 481515 471945 448785 480239 467985 440678 485215 461543 439046 446989 478485 475689 509450 459862 471304 458917 447702 456315 492073 472954 427801 474827 511012 485052 462884 475292 443640 444545 445087 473159 451419 453022 456631 519581 439643 468002 502750 480658 479837 476706 477841 438639 485673 457240 453829 512564 491335 489331 480030 484061 470404 434686 472453 480439 453136 497470 461999 459188 456542 449277 485011 484787 454591 458277 475858 461495 441093 478398 512635 463561 491933 472399 505779 446600 497866 486400 488880 466291 497591 493155 504503 449166 479162 463856 481632 442293 411767 457926 485749 473648 471368 427883 498643 512113 462277 483872 479971 477093 458866 496893 484946 498371 440443 492151 474447 517167 450185 442834 486285 466357 442774 487020 485024 487750 513454 469875 458693 468293 486160 532769 512076 478486 455520 468309 474869 449904 481491 453444 507074 460026 496571 468462 515241 450664 448565 433731 503454 482356 474593 471625 465708 450512 426985 461122 452683 479560 440874 481322 459435 454903 477049 430210 492830 477199 470498 472194 455930 464426 457546 511643 490724 492021 474134 486599 481091 458511 416416 508969 481250 472943 502513 475138 470104 470094 519128 482487 500820 481839 473399 451465 462778 476966 468115
506299 486259 506014 492638 525274 514309 492963 527182 466012 529951 553605 487467 502842 552059 466865 557917 556360 529984 505307 493947 522979 540498 477964 526957 528951 497128 457201 509693 506489 563663 512346 532670 531481 514041 496003 533002 535506 472346 517461 563816 539050 476268 514825 502572 487587 494698 471141 504706 493307 499441 553680 482420 523837 558821 505533 514868 509169 525257 474805 509282 537081 494092 542523 530219 536766 541441 547034 509091 487693 496731 517712 526379 522966 483909 500824 508496 494877 523768 538005 508095 500578 517873 494622 489640 517670 562748 500959 506244 522668 534951 496670 525145 529083 521993 495893 526088 534598 549931 480753 511019 511736 532012 502061 477138 505231 556989 523609 505069 488640 522944 560953 538582 531741 515527 514828 501273 532626 542297 553823 493061 548003 519001 574100 504244 488580 550154 516386 517403 477154 520063 524251 554439 543206 511064 490711 540413 566233 563075 506272 523321 505778 521667 483053 525687 503795 531143 499949 563099 510492 539801 492382 510632 495676 529879 519837 495302 511406 520185 505202 481560 494772 473021 511922 496399 531989 498095 491595 510116 494406 527019 485081 489579 489507 495534 506325 506454 574143 523935 525707 542768 532963 522929 498875 462205 509025 543118 505944 530139 522577 504298 545379 561532 534723 530292 511922 510343 492545 521922 523092 523832
486294 443525 498170 507756 497118 476980 506236 499011 445500 484798 520205 474781 472335 528430 476751 533197 521537 490021 536038 478245 494585 515204 463717 501278 486151 480270 439163 482977 473910 557788 517552 489908 470316 482344 496513 541356 509546 475494 506276 531140 510597 493525 491864 483176 467935 470404 520827 481889 492717 487347 536856 488152 528812 528386 486800 496245 502260 519396 476918 528715 488814 497418 526922 525400 520159 500349 513120 503134 467203 474391 508247 490892 482865 474483 490600 480297 478920 498377 517287 513349 472858 514481 489473 486729 500981 522626 497426 513923 492753 513064 474165 518798 495084 488698 502459 519991 516838 518036 480000 487015 497310 516489 493582 440008 500239 517435 517990 499772 507020 496238 551182 516248 513987 502994 477013 503013 504717 535580 519475 484200 519580 493913 514266 468929 473015 495508 514662 496282 490591 501626 498407 522089 517902 499338 487441 531115 545410 537183 505756 470949 500069 513474 451981 500478 468043 519988 482288 552814 478536 534604 491441 482684 453666 535089 513139 500598 482821 475079 468020 485178 520620 484530 498789 469427 507001 482235 475970 511718 483099 491513 509403 489037 505360 477843 509741 503499 525784 538957 519137 514235 536030 503011 452841 457793 522852 511557 484639 509581 497278 486590 508062 558499 513118 518631 474775 511877 471004 485846 501029 490815
542448 513521 551124 522659 534629 533919 548222 554106 511271 515995 569976 539641 536726 581863 536250 582542 595550 564283 526638 507815 524020 565836 529947 567501 526102 497366 495108 564028 533121 580778 544491 578715 506117 512093 522924 568449 536719 487242 547224 587027 555491 551091 539104 567541 516746 530324 540584 519590 545204 524226 596496 516348 564097 571522 564281 546394 551199 554905 517793 542617 541389 529080 572579 547458 576322 582488 564186 518813 516850 554561 545170 547921 567655 520933 534536 552089 519703 541121 565206 537969 503257 546062 532794 533398 554260 566334 540890 560314 545853 559143 515320 566113 562101 545660 537283 558419 570910 557052 528785 545641 525460 552910 557366 505190 518317 554758 542442 548345 520477 563918 579986 562207 573171 545744 537915 529737 540766 572147 600439 535293 559302 538725 600028 517070 539729 565985 539545 530029 545002 565019 554520 582329 534083 534279 518964 560277 592015 592797 573775 545109 540646 538642 513271 569737 509047 562225 535727 603883 575464 593886 526912 512808 506984 561597 564909 530985 553149 552550 508355 495182 502129 529811 554366 518915 566444 528154 498128 567339 541105 542640 543241 524159 536675 516885 546436 496805 577095 580957 543330 565789 550802 534123 484344 496309 576495 546382 523450 543700 571291 562693 550494 580517 556272 559625 522700 528238 515128 544685 547481 550891
480872 461435 493098 506738 510719 495909 495725 511242 465282 496239 528903 487807 495958 521425 477556 572104 546266 511720 518053 499637 490114 544542 488909 518769 485815 479742 452900 513618 481194 554750 510332 519001 505359 493681 500299 519969 502457 478558 516917 550195 544165 484373 494434 487408 473554 490296 491431 476434 483387 505444 544985 479780 524865 559540 518279 503794 478863 510603 476490 501504 510349 477592 522505 514839 512974 525150 508483 502043 481880 517040 500838 481085 505534 489811 490771 515937 480650 522108 531623 508397 478916 503234 506491 485357 510921 523472 503918 506881 485033 521353 471106 517594 527094 521726 492982 522150 515090 529199 493348 518724 490155 525042 534371 454313 489301 522095 530603 483891 479947 498576 536565 513172 533310 502362 510498 501707 500935 531610 553187 501479 535536 503497 570149 496470 484441 521492 512566 514333 497025 539833 508933 542748 519229 475972 504001 531087 555615 562928 519181 488881 509059 498678 448349 514070 493792 520557 500347 545432 504150 526693 498992 500685 475007 522850 515547 512866 493154 512657 488148 468512 464112 491240 517287 483796 511975 497753 473350 520695 488580 506243 497238 511458 505561 489545 514066 500551 529872 547348 486830 505938 507787 513719 463253 464973 515512 513946 487670 532518 514358 499074 522692 572494 522893 525725 480808 517422 504353 517686 515203 479366
499952 469806 474318 494875 520129 475533 502117 512742 451478 480579 541903 496777 482634 529332 485625 553420 520907 517938 515050 482984 481685 524956 500275 510511 514630 484159 453864 509872 474657 547398 479742 518546 502797 482153 489596 543427 499857 465134 522055 527252 515865 502274 508953 497823 456277 491734 483741 481077 471296 506569 557409 458595 511019 535045 493110 506681 503092 509465 473470 508118 517801 502477 527686 504728 517652 505524 519699 494989 469490 518019 504722 486189 514633 493887 499005 498330 497924 498014 526187 495157 465711 485197 499259 471423 513371 534771 502019 495425 492877 528420 483061 534125 517164 505644 493487 489757 527481 536020 494090 507983 503824 505087 483119 464228 501445 514118 505836 481686 487319 474160 546437 497052 506115 495485 496057 491769 497276 527047 535705 466945 540825 497354 547907 466806 482640 496791 495776 502932 497105 525553 533509 525442 511707 489006 478020 512320 544064 552440 528582 478957 482125 507584 492025 504027 475095 517960 477605 552148 482460 528771 469326 475746 460224 513319 525589 500335 499483 501973 491353 481166 463202 484952 503729 472237 537675 499329 458030 510719 470587 532899 511596 491845 486881 485510 511944 477529 538183 529319 486385 520613 533054 531193 461502 446876 524165 503064 502625 506755 525838 493179 514933 537807 515354 521411 505289 492309 493999 494463 513477 502266
505862 469714 493543 528439 514061 484074 528917 497764 449292 494714 537151 486366 494399 529084 493615 548955 545992 504665 522232 483506 497314 510384 472065 513136 511954 458353 457544 496953 459772 560139 488419 501431 496511 501419 466618 551709 481404 488608 492070 528965 518890 486528 511120 493661 494557 458825 507681 490985 483670 512273 554089 450500 503957 531663 498631 493276 501442 507683 473424 508471 480778 469964 509438 527425 502195 525768 538171 500828 487917 500588 524279 492308 491570 474477 486510 508416 489912 509853 539397 509120 500419 505240 494371 504682 530387 529136 508773 525176 506762 536144 476180 526835 528315 494946 494602 531830 543475 505080 486009 507613 485020 524285 513994 472120 480386 524891 514564 521962 493198 509443 519920 519714 514910 521349 512192 489363 513656 530803 547308 497594 520774 506289 532870 477111 455215 533572 495033 485652 480050 535711 494733 550971 506639 515156 481917 525312 551725 547321 526859 480721 488135 509666 465748 507146 486424 505728 474797 546034 496233 532107 473485 494261 474634 518485 535351 492577 487362 513996 475605 476011 513949 481461 497903 452565 513830 489616 487910 516024 492877 500475 522411 493230 504754 498226 503304 503006 544409 523976 519702 539667 517346 496536 454292 451760 527071 506448 494332 519374 533621 525159 498348 549410 504335 538486 478108 504324 488783 499140 499615 502665
493798 472234 502316 491036 538816 499000 527564 532435 481357 503075 566519 516301 488716 552313 506173 554741 541925 525547 517747 511861 517368 536850 490608 541655 529934 482364 475826 490409 514854 554984 507099 515704 502102 494095 495217 557803 512368 487088 498393 560629 544627 519801 529845 504207 501092 500679 521805 515690 508650 530160 565426 504170 534654 559686 492744 514313 519717 541638 493288 521429 495698 506979 559674 524608 519934 522469 535058 521052 479427 522126 524516 493718 535313 494492 519379 512623 507626 522837 535012 526338 488045 484040 502743 479305 527726 549442 516240 524325 521489 523707 477853 512009 525201 516456 526559 531871 524945 556965 519121 524216 508626 527321 507870 468315 526354 545073 514016 528927 505847 515288 541694 513324 553956 504673 505427 505506 513207 542745 541679 470145 554057 514651 555741 495864 500851 541486 506942 504629 515053 552295 521253 544726 528004 512569 499665 543837 531285 561647 523878 500294 494063 501798 478553 526870 490506 544345 519550 572421 538786 531747 470325 491492 467250 533722 545141 497441 525118 515776 486792 479338 500478 487236 528251 483480 548467 494748 490434 530379 502352 518831 493195 518464 520851 476336 527554 466512 567398 552674 516399 507074 545571 528413 488284 464839 527545 511757 501414 549613 530661 489699 538867 554325 522532 527079 503141 520799 495191 534791 493431 540126
522424 480453 500194 525438 545813 508251 537269 549655 468698 519876 573325 502136 519192 536937 507209 585023 571295 517688 535892 525053 516335 537457 495802 552723 540550 505418 480868 533911 528659 550500 522813 524257 535278 522995 497675 560149 531116 511218 528458 546705 566278 531070 561717 529171 480549 489995 509002 502706 515525 508264 592591 502975 553941 581127 524767 535133 510858 544016 473558 549391 529721 522905 536687 531163 541544 541653 533549 519146 504451 530764 551746 516813 538509 497668 519229 507487 514749 525157 557372 533532 494493 503329 530017 514884 550884 551732 518341 514340 536832 558585 501724 554170 540574 538998 532634 566707 523973 571295 490890 520526 501068 528476 518476 481950 541631 559180 543005 507696 487703 539331 561181 536817 540088 540784 534503 526735 521096 567460 545988 526000 553138 535759 584309 513873 510584 542117 521728 540876 525433 542692 561816 569103 550654 525040 505713 555858 556708 573740 539842 511353 534956 527610 498218 545049 523616 540985 517709 588896 549078 549758 499133 539286 484773 554165 568849 511420 526689 544090 500804 488406 494847 479832 545177 503060 522403 506595 515849 526833 495445 537360 533216 514400 511642 492915 510381 479742 560884 558603 524725 549399 551956 529448 495019 471462 549277 552830 541471 554388 546226 523648 552487 557316 545436 568356 522040 528867 486420 513985 529691 540141
484650 460131 478871 511962 499580 464448 490724 488243 450481 469435 539251 482353 497004 514331 466715 538606 534182 496111 516508 470246 490686 515320 466786 502500 507731 488583 469542 497569 459815 542313 481898 517568 503433 503115 491822 523866 481812 471562 489028 516977 534805 479162 529585 499735 459379 479755 514639 482079 459171 488417 550001 455663 519936 538260 496211 469345 467340 508979 453430 511547 500276 457845 511231 510367 511989 512144 500613 504398 476067 495918 520529 476870 487437 468637 504223 519223 461420 523990 518114 512666 478029 504259 502469 475887 502527 537895 480792 498193 494198 533575 463354 519607 516545 487840 470113 528778 535072 520186 486106 496543 488566 479270 512079 442829 487128 522734 512268 482305 478315 492737 540598 499619 525920 472189 485328 480674 488906 526641 540626 478761 520526 500186 536814 476206 454516 489999 489272 476729 514332 519338 495358 542078 491798 479933 487996 517214 536059 552144 511717 467725 488386 499947 445960 473571 473212 495596 485555 536387 487088 536160 468695 481880 465658 501927 502685 509796 485332 494228 486933 464740 455057 480124 512707 471333 506763 502912 493930 507156 496560 517361 492000 501009 484146 469275 480821 474674 529065 513433 507285 508672 505108 509768 463739 433398 500511 502061 486017 525621 531069 496177 498768 556694 496783 499472 483627 497499 486349 493286 500192 513188
441495 404182 470068 470148 471238 445663 481268 487874 425747 459395 480728 465518 446429 510380 451007 515357 497806 459128 471172 441751 479517 475889 418552 474555 460115 450420 420550 446544 453745 498607 474505 480130 455782 459241 441066 502110 479738 457484 459269 461363 485196 437661 493515 443884 425722 463025 463630 443972 446739 484027 486138 454809 475362 506963 490297 462331 456811 485186 441773 474171 484139 456464 487431 493374 495178 455846 478996 467671 412065 468202 467931 454734 471372 453966 452810 458013 444402 476321 489807 473579 422878 480241 458513 460304 455768 494467 449740 465754 472770 507729 430792 473510 473464 438763 443014 485032 476979 488424 456054 440656 451411 468031 468546 443557 463912 495628 478532 461460 448826 488957 486988 475056 486340 459672 472095 423555 457352 510648 509738 470263 482942 479481 539781 463807 444160 491397 490631 463110 463419 462242 494022 503172 462692 478456 457932 492450 503101 519966 471563 449989 449815 476078 423251 458647 418113 509314 469370 528529 466598 485165 424738 462778 444368 491346 478519 478617 469387 465268 429347 427765 446711 449456 486544 433250 489057 462117 412476 441070 440165 467230 454289 467113 445820 446910 465276 460900 527256 516057 482772 481425 488658 480274 434857 426475 484373 489820 450102 498119 472854 466013 485164 501627 493232 471081 454267 488313 445340 461519 438715 463392
520802 477564 501579 504728 529467 510362 502890 531643 468485 507274 561059 523334 508713 536232 511339 569654 548635 542931 527725 469967 498442 539663 493829 548053 532200 483402 468169 516932 490338 564480 523683 547301 516376 495734 511680 555144 518039 501735 514536 578213 557232 518547 521751 528122 480584 511609 510613 514365 501582 512973 582628 503310 531621 531536 506532 500113 509840 528002 494985 517709 525662 525552 524466 530967 541629 520392 544081 504600 498464 534884 531045 503392 533207 510354 526903 511320 506335 530991 561393 541472 492998 505839 513853 513872 547320 550072 535172 569563 517837 556740 472597 525631 537896 522372 537589 545142 559608 558181 503637 518423 498717 516446 508375 466651 523760 536434 524213 521500 500773 531817 544475 542565 547395 510053 523250 507214 533095 539037 566939 507098 563288 511103 544798 489210 501551 557018 501268 512720 534356 544911 541279 561828 529082 499300 509522 556290 579435 553406 500117 495604 539379 536615 487693 532552 507520 518106 527941 567568 551342 559839 494468 500708 482884 525111 542959 526562 513822 532255 503029 475355 489840 502653 536726 500383 549035 518791 473521 524155 517669 549883 512426 512342 524438 509111 520798 501768 572120 555215 542122 535260 490751 528195 488066 457621 546445 527470 516146 558365 539030 501808 516969 590390 525611 536758 523049 530972 480237 514619 525090 533831
462684 480645 460517 493050 513212 491208 497815 506270 451230 474250 547770 505238 495233 523991 482972 530999 545836 490841 498833 482193 478029 502045 456561 493947 509312 473803 456674 500687 487572 527349 491789 507917 495847 500889 497498 512914 477707 464654 492816 546719 526488 487219 506929 483872 465388 491795 494769 492397 469513 508699 545947 480441 489111 557101 522236 468605 494891 517989 479455 511198 474188 477001 519048 523225 517210 493782 535566 482185 476203 524214 508585 475557 537510 469270 470196 519170 498852 497038 510435 488145 480919 504215 482453 477976 494960 532045 492103 512987 515907 514153 471657 508259 510896 492195 501467 509551 528427 517428 479645 514411 459927 519781 488901 460354 476129 515805 489226 488483 473781 518133 542509 516426 515577 494391 490798 495904 484535 504095 534253 490133 511960 489691 531755 460697 451688 537888 476741 493393 503704 520163 491997 521130 488323 488944 472686 503938 536362 542222 529986 478875 490809 487571 466116 508814 487658 511276 482048 540499 506012 532292 457553 478739 466633 520159 517636 500642 506915 498971 486810 438739 469908 489111 492332 454057 514953 502616 503907 501160 483507 518953 481959 511409 486580 488456 481892 455086 543538 520969 492109 524092 496432 502974 476107 448773 524332 499848 495695 506033 518886 487976 511450 530839 513666 529765 523085 487667 480193 524796 485848 467837
485432 463196 464753 472777 482134 450197 472705 504449 450478 477306 507864 472826 468047 521801 452911 536990 534691 486072 487414 465282 477482 497873 443650 483490 475641 454599 455616 465320 461902 516608 492082 511513 491333 454793 462795 511362 507460 443931 489277 521886 511421 481707 491135 487969 443806 437425 484851 481549 477866 492301 525921 466318 510631 515740 484475 492866 468374 521282 459141 495802 478065 460827 499958 485380 499644 503757 501370 468851 469598 485542 504017 466085 521578 457869 488498 495497 476195 494743 504867 477392 437992 489918 464209 476131 493374 537174 483302 474756 497832 504702 453502 498981 488257 505887 474883 488665 492230 519175 444190 484630 498652 488001 470655 410408 458875 486231 495482 482710 453825 506565 532190 494044 499839 482131 499390 463324 495787 524624 507931 460999 517622 480220 511135 496438 451316 487878 494438 474897 489245 498047 486218 515559 494189 474138 476531 501190 501767 538125 497930 491934 482476 483357 444608 476785 455852 510585 472723 538904 496129 512767 471293 465485 431048 530609 498763 483434 490435 483287 472220 451441 488144 459813 496905 457102 495180 445362 466216 486879 462160 495845 468444 486242 493694 436461 473402 463951 552751 511688 483122 490853 505716 483657 449854 418909 499036 497725 454365 507180 493838 472787 509230 529907 500874 498617 482491 479023 449142 484283 490927 508391
482938 446941 482390 477722 508680 493242 491487 512098 436207 486533 543766 477721 482230 509157 464237 533668 522246 494171 505055 498268 500976 515898 471133 502050 498706 464849 452893 515984 485244 557360 484754 522715 497845 485384 492455 531985 496627 445678 476670 528892 548906 481686 496616 504414 487827 497090 504932 484911 507565 497272 557353 472813 530262 535281 501788 498555 499261 514278 478917 515325 488672 481382 529587 509934 490714 519734 530955 518407 460734 507169 503345 498436 486007 490921 493921 482008 479430 503196 525517 485696 476769 500690 501285 473328 506024 538274 487725 518695 545356 501198 468082 511621 500729 521402 491352 534427 514957 513120 472931 503346 486982 487770 503649 445115 509778 525602 525674 485705 474054 503127 533040 513769 520462 488746 510901 475569 504788 508906 537501 464100 510785 494840 541753 496342 457268 505404 479362 485277 507800 515572 517037 563025 507786 484816 484791 518577 526734 542339 513534 481228 508067 495634 473370 479617 461726 518390 476253 543541 516094 536778 460731 467158 457770 510498 515097 517122 507726 511861 482034 461489 455910 476806 515406 464589 509081 467421 473467 501321 495018 522851 485335 511852 491230 456028 484435 481286 520522 520113 510971 512779 522922 508614 415669 455276 508870 513424 476608 512778 507752 508199 519332 537665 524207 503288 489044 513441 469181 491711 508784 519005
458585 445333 455252 461437 495291 464508 472966 483754 433029 475144 519975 452964 453918 481777 457341 507636 505522 472752 483508 482887 487694 505318 436548 472898 463618 443917 414620 506278 466678 527199 476403 482021 475195 476427 472974 510250 480821 444908 450576 502461 509728 468231 480186 470801 453865 484042 460285 461981 464410 470151 527539 468784 489981 515488 486109 452685 466519 474775 446402 487541 458727 472189 500267 508151 501402 499760 493545 469794 439774 484396 482068 479889 459108 446129 469015 455394 475399 470751 484610 490422 452920 482733 467199 460006 475482 492436 462192 470763 474981 489144 452438 473714 492738 469276 497248 516275 488735 492525 460675 488935 476991 479671 487511 430874 475057 506876 491190 451139 446584 483880 508229 484770 507565 464931 469643 475147 464857 504862 512419 468693 495651 496666 515378 464017 443154 465996 475974 460529 463851 480264 481932 487482 493834 467831 453192 487997 505403 524734 485760 440531 436881 476066 434643 472962 452940 484240 472549 525814 480409 491579 450418 465367 437758 499658 512310 461168 443859 480630 432673 421901 456836 472020 491796 430714 501189 464340 466950 497624 467168 511148 445111 462341 462825 455849 470157 459073 507610 489638 453068 485101 491505 495568 427541 426645 497652 493098 473770 510821 492994 452077 503566 503462 498694 469711 457744 495178 455056 491251 486871 464160
474600 451200 497620 502152 513514 480624 507246 508352 461233 488866 537999 488650 491930 542675 497849 537593 528929 497360 507493 468245 507955 498226 467915 495571 515817 476141 464832 506610 499319 513987 508299 499625 494524 495907 477569 548019 501703 472674 498925 506891 511839 491864 504162 500188 484786 472852 506612 458648 484252 494963 554026 458570 502549 524119 506608 482019 489220 521887 471797 514104 482010 482189 526771 533293 523025 495269 516671 495388 455490 497395 494664 497432 501916 482830 489565 488928 469843 503508 537375 507496 494386 498429 508693 482959 491148 543663 497966 532957 504733 523868 499002 528554 517412 494236 500905 547173 513833 521705 478516 507696 482501 529916 502203 451843 488110 499615 527352 508724 481399 518933 525557 520685 512615 506945 504403 499937 496762 507767 540574 464781 526592 504305 536626 485093 467823 499992 480924 481482 496994 502427 512165 535764 470168 493462 475840 512165 548356 542177 504556 476638 485457 483497 462554 546706 466312 532013 482430 548045 486038 541086 454693 488491 467474 521281 507917 495381 502194 529029 480151 456738 491722 482627 526765 472101 522454 482153 469078 506455 471985 506736 499591 472717 478775 471454 493552 492694 529204 558199 521935 514849 513406 504247 477215 434627 517014 505695 491723 516708 515163 494178 484322 544646 514920 523821 490231 507659 496523 482722 501693 518432
467824 449165 476608 457386 491727 461313 477783 487664 432286 476348 534656 471344 481504 491661 485848 518564 523383 496067 479914 467323 466910 515551 462965 483477 475869 456507 422211 489338 451269 515063 471704 470568 476905 466853 470582 515788 494868 424192 463466 491365 510640 468834 482303 487435 442754 463809 470097 469346 459151 492814 553930 437722 474119 511787 462847 499312 474077 486287 448513 469707 447941 478388 503630 479245 491296 478125 511081 471764 460284 474399 489883 473622 475691 473319 456776 491100 460454 486642 511332 493988 452212 482972 472500 448253 524551 528501 463843 479649 499298 489618 468355 497258 485822 481958 459343 493081 492807 490776 471197 497431 473438 499858 453578 434164 474807 466668 490548 479536 459335 482442 508497 477914 513646 474422 468107 477455 476494 484474 499710 449023 506513 481811 497427 450856 469133 472099 469356 455113 484416 507802 481139 495575 479995 445047 467435 488109 518961 510180 489453 476506 476574 455457 444839 497375 459234 476078 479236 521145 491286 504273 454089 450289 437105 520661 478952 457439 499444 505853 478575 450756 480468 457589 489378 440760 490843 470972 456247 505956 466408 482541 448477 460902 448698 444242 476687 470040 523981 499213 482399 473528 496540 485512 445337 423459 520545 471001 449534 486369 508422 479273 438988 522282 480465 495995 465777 469933 444860 485322 467315 504245
442458 428704 458914 458918 477284 466301 474587 486412 424722 455100 489793 459885 443664 503027 460144 533158 490593 465147 470050 459476 472262 481061 447434 477304 468166 442298 424828 449424 461725 507877 461543 487978 457894 459647 463544 499794 458810 454406 486796 498536 495654 445975 475312 477071 440672 462752 460716 451212 454972 480146 517717 450597 496738 504899 458394 472497 487895 466634 440519 473771 457048 473823 514398 502585 500921 456464 485064 468597 443343 480077 485064 444879 474494 448915 463504 461782 451252 465661 513587 455136 450838 466613 481511 455191 469798 499259 456746 498894 474103 499578 444171 483700 478956 482534 478488 483104 499464 502361 445549 480904 459659 487020 479878 425682 474254 492651 513751 456109 454274 478285 512382 473850 485104 471052 480124 476497 476490 505486 506665 468721 498075 490460 519759 458735 459762 478783 457318 466550 458736 468654 485859 503384 474840 468970 462284 499129 532008 510062 466073 443221 488337 478848 427616 473259 442561 496853 476782 520206 474191 492725 433773 471397 429047 500933 496787 486537 481421 480729 428246 437767 452895 466722 473581 457704 479840 462771 460202 481848 462297 499353 463630 468538 486923 463947 472190 458400 529612 502588 486251 481830 488691 502349 445631 436546 499989 473073 468524 470270 501933 468925 476545 519877 482570 468469 470321 471220 451997 463797 477381 480468
512087 456396 507894 497006 511330 518682 508008 527936 459621 499123 541247 518568 519871 548533 499207 558562 566250 516336 534236 496812 502655 539854 488524 519511 507311 471883 473366 504342 494636 591070 526432 515030 491104 491590 502699 545682 544118 490536 511198 567840 554095 490274 538649 523434 466509 494854 516031 506876 515112 521692 559317 492973 526720 527368 513834 502554 526665 532464 488945 530594 518097 518594 519936 521644 522790 514629 531936 508726 483007 511718 533424 500592 527045 500384 514657 519182 501226 542499 544645 541658 473466 517829 506006 499803 540348 547317 527174 539531 511959 551365 497145 520979 513898 520293 513922 533695 542252 546122 531803 513954 533988 536381 499999 470395 500294 524146 541761 549684 520777 524423 539766 510454 544601 507758 481954 519071 540317 523698 554237 515862 544702 540737 552919 506005 506167 540156 517703 525241 529259 530965 534222 530190 518469 507271 503819 529068 575783 551617 528512 499733 519169 505020 468461 522181 488867 541292 528356 557995 528883 543570 511299 496210 478530 541652 527182 519515 502241 518502 505341 490313 513799 502332 523658 486078 528525 549997 506247 554421 512026 524894 527734 495927 527793 497195 507024 491267 563155 535864 537116 531595 521238 532323 479092 454637 526208 517943 520598 548159 532804 520370 541123 547752 543379 512392 500901 534848 500440 521215 530141 528908
475540 466784 486587 525268 528256 497184 500130 531827 463594 492708 511981 491267 494241 527184 470380 540456 552644 497636 492649 505589 517201 509810 464414 498741 497964 476865 461846 482809 508560 548166 499971 509320 507304 473905 485724 539229 495862 488179 506986 574157 546412 478995 517253 500659 481664 488540 488916 496965 475192 527653 541754 489063 522915 534875 490290 472439 480680 518876 465291 511179 500817 497891 551930 517444 517267 481493 556852 533666 467517 499743 513241 520008 504297 467353 512916 490772 500990 494430 534333 516204 488660 505463 493960 491517 493607 530744 514015 531874 490206 520361 473381 514702 502251 513937 510633 527388 528287 551478 467741 479242 493668 505007 512352 480654 478602 537190 518713 519956 461985 535224 538504 508665 540131 493725 505147 525185 489445 524636 532790 477438 524030 491924 542634 489792 476240 544628 498804 487233 510216 531957 535631 528434 528655 496812 482936 512052 545046 552871 505157 474306 528052 511109 460377 491910 485781 534566 510418 538157 503688 548409 466699 469707 462531 522621 523911 507400 502595 489628 454126 493290 497040 486191 524205 469341 528290 496546 487282 512858 500977 529648 512591 500889 513221 487846 516257 469868 547972 525307 502104 502431 522889 515408 449936 464689 515354 514540 488335 518767 518955 510131 512483 554191 515552 514145 495104 514510 499550 487626 496108 522386
492727 453045 502546 482997 510227 509179 498536 524035 448072 475757 545555 488273 491601 535502 490146 554346 567255 500121 506167 504317 490885 530003 470152 493028 490039 490203 468320 514681 480293 541876 505125 517062 511674 479956 500821 527821 514053 496919 498476 546814 540411 463004 517614 512538 473503 509272 512358 486091 502697 525115 549863 469400 514591 538422 531921 500651 506116 508367 490977 495602 486541 476961 536252 530969 527867 527392 507631 492916 474525 526857 500478 502395 508037 478996 498348 490196 511904 494002 520593 505681 483578 505943 498960 480726 500482 563687 518373 520721 536395 530834 496254 507149 536276 521791 503071 530359 546829 532621 503255 506000 487522 521641 509782 481535 492662 528736 550270 492440 475321 510696 560484 507389 537034 507250 499382 500398 503002 540013 556121 488364 555658 502536 543539 498972 473071 514411 513496 489053 525256 528670 500016 537292 503742 499094 478458 498026 553324 569426 515857 466690 501284 507399 461608 512204 465523 529836 510005 553010 511567 556031 477786 477349 475276 551150 521884 508996 493185 510272 475328 481592 493304 507182 516601 487441 508965 488608 480632 532327 508639 529668 468501 503641 525264 495131 492074 481875 554231 535199 490072 494474 520308 520936 456417 446417 541253 510844 488415 546312 535784 507512 533973 544560 520814 503613 491671 502546 470387 510413 518671 515718
493469 476800 455040 476095 509889 464031 473250 490373 450444 489687 524953 510255 465635 513140 454113 536823 514226 500945 507620 477812 488636 498071 466981 491084 479315 457247 458531 476427 462560 539102 497183 480391 482305 489456 486862 523756 501598 452514 491647 536839 520041 501253 502723 478835 469295 474300 483975 498603 455009 502515 523784 475216 480111 524471 480767 495352 463352 498205 471085 498630 450662 493171 515627 497985 498514 471992 509303 495415 450603 488015 510803 470326 509726 484831 468012 513345 503652 493637 524713 496204 483964 497801 500187 470878 505080 533890 480979 534955 476889 484689 453007 489856 506603 500119 482513 508262 508822 494496 477169 508385 479462 509756 484850 440274 471975 521512 488745 496947 455911 505950 535815 512371 503544 493341 500474 494984 495346 512728 528503 478791 514374 500474 546194 449316 481800 503831 481366 480865 492738 525943 482160 498456 493360 453362 482201 509758 522518 527619 501983 483655 495090 483039 466207 482048 458772 506178 473993 534264 475717 534503 476856 448589 459637 519763 504129 504377 492243 490623 465542 474712 476112 476656 478353 461049 491793 490598 477321 496126 471156 497595 478325 495803 489254 499607 487566 469535 538227 518067 488655 484096 518385 484483 459708 469659 526186 483701 478370 514808 507136 481368 495296 548538 498938 497896 485221 506491 470198 513268 485692 485202
501010 482648 528002 517447 511985 499527 518579 540279 485592 499272 556731 528822 512937 562309 513288 569647 562699 565866 525467 514995 516870 549111 502676 538586 535568 502061 482925 523903 529496 544829 533254 535934 528980 520574 519845 556063 530416 501280 507298 572112 537670 529220 526520 550231 494096 520302 531973 504492 515208 528826 576079 487514 546245 569321 545972 523201 499523 545164 501106 535483 492720 508351 575561 543882 543208 539310 533925 495982 500300 534749 514191 515828 535601 507573 513883 499518 503299 537042 550126 517299 494148 515950 545453 507995 541646 562755 511422 524198 533857 556497 520740 517355 568333 538574 523128 532898 535179 559402 517458 530873 508290 518905 523516 463595 508624 557762 549288 528583 511955 518404 560474 515863 549285 518937 533922 500352 513709 540004 584813 502549 565729 527254 561125 501712 522429 544295 533273 513436 505516 532790 518232 564744 524665 528009 504286 560926 568182 599417 528369 512255 504153 515736 483690 536468 499435 543544 525211 596942 541509 577751 502163 497737 481872 573871 547960 521548 517036 545534 501018 462612 514060 519334 526781 497416 528371 503337 510630 560167 518806 558337 507759 525157 513310 500036 542087 506966 549157 577913 541992 545740 560689 549706 514477 464484 539317 525906 502895 551283 558591 515120 555502 550661 529026 555617 518173 518221 513758 518642 499398 537127
497791 485010 488136 518532 545437 506797 539990 525445 487575 512660 553945 496770 491957 553191 501569 567117 550705 528509 544635 503141 522166 523440 485602 527978 513824 501663 482614 512470 505739 565840 512824 523515 525250 507034 515112 562819 529783 502919 532388 570077 555379 518173 539592 510233 492039 507838 540815 498586 516675 525810 554874 493127 549599 571263 506756 504502 492690 567140 500401 531965 530831 543742 530761 551380 546126 515656 538447 531695 491000 534864 535508 496390 520683 478403 512367 514631 544283 534494 553693 518629 481921 526389 507153 522724 525604 567173 524815 533764 525809 557280 510981 526688 532219 518257 518975 542477 532839 581544 510941 510702 513734 540432 536310 454648 524894 534874 543778 516284 485638 541982 568883 503883 519208 512941 518973 526552 535908 539288 555435 506301 566246 522784 573363 506328 487767 542668 539926 538565 521809 536900 543644 538901 541043 531368 495118 549723 566389 567857 529018 509350 511233 553014 475380 528918 495029 561604 500937 562089 522369 523648 512121 504290 496017 532326 539407 524659 508685 526158 507549 504154 516678 523127 528406 469130 538714 517919 492300 527084 508658 547508 508199 526817 508327 499793 534432 510045 563470 531689 533948 537528 525326 535383 471338 480681 549197 526712 521356 552261 518576 519234 530178 548803 539991 548183 525851 534876 510130 508571 529372 528261
432971 415718 454332 442378 476586 409776 469730 449927 424728 442355 491520 453115 447094 486535 443844 488676 482414 449923 480540 451994 424602 443884 431264 452023 463340 419268 430873 468610 431018 475359 429165 455176 451272 449564 459076 495252 460587 428510 464003 465922 475156 439666 444342 462667 428687 445515 444544 426361 467113 439810 520763 415469 459752 463928 461002 457589 453271 496475 443872 471912 465217 455608 480702 466801 461168 510739 475278 446607 437449 474409 444888 426506 463778 412358 448097 450184 436431 463792 471181 463489 421599 483053 454110 431058 459889 498426 460277 451477 474622 487660 430558 484308 454292 461744 452767 458640 477441 464414 446396 469033 465350 446912 462791 428589 474551 461242 481135 440000 438665 455130 484837 445219 477325 439315 448723 459961 439862 484692 498998 434996 504989 463163 465953 459854 418949 454493 454648 472443 441828 464030 459282 489094 460861 462485 431746 472091 479784 510311 453829 442024 449342 471371 417406 466392 419544 469777 437982 493076 468068 488128 449126 460264 420468 491991 453040 441718 451637 447298 453760 441003 460656 456804 458374 457299 473254 421022 430377 474992 442426 448158 440522 428183 446382 433558 464979 446176 483630 467947 459203 454980 485609 463373 392012 404173 460377 438460 437143 475655 443693 438460 477627 512592 456949 492278 441462 447671 428343 461387 462068 473197
488626 436581 461173 467119 466781 465761 479372 487321 445370 466441 513005 461093 463913 504453 450200 515963 511588 467789 507906 431648 464217 467332 432809 467850 466647 453078 460343 476643 450405 525111 476470 494006 473571 442038 465815 501734 496332 445496 477853 508016 505308 476986 497906 478028 464254 446685 471602 465027 484504 476841 494995 461758 491723 518459 499282 493460 479371 489102 438489 483370 498311 444937 520251 496560 487873 490644 516515 455822 440986 490456 477202 457891 484699 464113 473191 489315 468607 493976 494251 485056 442314 492478 481370 484994 457162 509950 469880 499591 484250 498136 443925 486583 495694 465812 469820 508216 500228 490617 462026 472353 477618 464128 472971 451378 448795 482860 493218 494104 466170 483271 506821 490399 513985 484211 488521 468660 507962 519431 525941 461447 504092 483433 513306 476994 451773 477383 487509 482032 475922 482048 484015 529896 461223 479328 462136 504977 524425 531607 470399 455494 469255 487213 435202 494567 456338 500160 473483 528588 503346 530449 462559 474115 428584 481066 516833 484919 469708 485542 455712 448216 449144 475554 484237 469030 505371 464790 464845 474930 459901 492409 490155 465356 478021 450539 475331 437511 519110 519074 489885 502194 494947 499267 434970 423381 509070 505029 460847 507077 479096 487439 500603 528995 492848 494510 481165 487413 460643 447055 498674 491318
473737 445997 458388 477051 509376 472565 495551 498484 427374 480050 529505 492195 474566 499140 480976 541654 516294 486279 492522 481580 476874 508608 464410 478429 488226 453713 445400 476365 445900 529315 485520 516131 489387 461751 473066 518357 492207 480003 481349 544990 511956 495839 482594 460824 446860 465633 468983 474511 465546 484104 531932 459604 488462 528777 495972 486723 472057 492986 450924 475683 462056 479309 511412 496722 492470 486367 494888 470565 477712 496360 506249 490268 506005 479821 479707 475981 469724 473138 504764 498936 465068 491187 483360 469446 507131 519278 489791 496841 489073 529387 463074 469757 520598 493177 492567 503876 501505 505327 477557 465205 488347 487155 460835 428813 471873 503985 492916 486128 455745 499124 501686 491693 499414 491371 493375 470123 490527 535867 494424 486813 534548 487532 543806 454885 454411 485520 473696 505341 463737 508465 505640 503481 499607 496680 455547 518842 510320 525570 500298 491040 483372 493388 452477 497639 470866 488923 490845 545126 482434 501773 463014 455659 432115 503986 516585 492037 446028 498138 480143 429095 457756 471009 478280 449060 498995 479475 463053 490080 481340 487816 477324 495207 491272 443091 484686 479217 530814 519906 492719 515761 492349 498779 448136 448026 531361 500857 478610 488587 498387 471312 485845 525302 501350 492437 474456 479276 437192 493473 478051 482638
478520 440940 478778 478392 488075 470751 495348 496466 436151 482412 516879 464495 480057 501930 458365 524595 515916 491496 491837 483002 481824 505891 445961 503418 483606 453558 436835 469740 480557 552139 496171 510470 489882 468411 472445 529896 494462 463306 468697 537352 507457 475609 500625 494557 443590 458194 493215 466133 471482 478258 526480 482247 493562 520338 487464 501639 475765 485106 442492 482563 465251 475279 502472 495152 482033 490247 508853 486471 464135 485143 479883 460556 473376 446131 453159 475341 483512 485619 492072 487074 458955 482213 471498 480611 486237 515732 532237 495998 483239 513675 447607 495171 523540 480613 489296 510723 524797 495313 475996 471493 503149 501935 481336 454758 480189 502252 494963 504276 459071 481690 529009 497032 508693 486695 475359 486116 476289 505773 503574 470491 488067 477855 538558 480672 479259 508522 504700 465722 457231 522889 505204 507481 508954 493619 465650 508002 531355 523709 504225 457839 468818 478751 423253 483758 445604 507546 472929 526499 491657 537957 433930 432666 444630 506736 499745 468428 467280 493482 456757 449457 473991 451623 493129 470638 497439 479649 458096 510759 464544 501925 505206 470074 455188 475222 488758 445989 524980 499831 481977 499038 503988 496006 450015 432051 511205 501679 449457 511118 508003 472610 512367 530729 506710 483591 458639 481711 481912 486812 462300 501650
461886 441273 456230 478722 513986 483662 463614 502082 457536 466727 525155 461276 468797 510949 475132 502202 521877 471630 496932 466944 492797 502485 464248 493140 493441 460369 447458 492519 482340 522462 466325 492574 486864 468431 473301 501394 481777 432619 485718 505403 486639 475846 496991 457696 438505 476267 473729 481212 467106 492235 559219 452541 507019 525060 471492 468480 469423 484160 448484 501271 497690 486325 490085 484123 496644 481801 495073 495224 445931 495463 488280 483930 509374 477629 474657 493371 472009 515839 512910 492582 451994 484867 484097 446489 486762 534013 462165 500996 472359 494530 460642 509088 495690 481863 476435 495244 491298 522496 474989 466084 460832 505915 466192 448697 469984 490968 486836 483686 467370 508109 514141 486311 504327 497076 490734 495499 473585 497589 525453 468752 512569 496720 531170 476088 450796 506910 459821 477032 479668 514774 519926 514352 486089 461444 468569 491573 509669 536525 511483 484547 465399 474970 447956 508269 470943 503149 485666 520325 463904 515774 473277 484612 441352 506856 492045 508276 502455 479230 478088 459004 456418 477158 478849 437562 511260 489236 462607 486302 450836 482140 472423 489711 488106 469846 468708 469538 516126 518377 474501 508097 490536 474434 448140 439212 476017 482662 493334 521394 485682 485544 510583 545689 483031 497474 481283 494788 476424 515285 486065 482430
495266 470462 496968 509094 508678 509482 496012 513597 453264 494259 543593 511945 487860 539070 475409 574090 554894 490121 509637 469903 496531 521236 465500 524749 516670 484058 463681 508080 483969 547101 520225 521451 503319 470447 498907 534123 526210 485998 512829 527565 542053 505389 517579 491833 468301 479952 517163 497193 496170 493543 568986 480157 538288 545521 514611 496776 501354 522706 475765 514805 500921 506065 514574 526608 539918 492585 528491 505823 480622 513099 522544 480685 517867 470865 490957 503289 482607 513493 536589 504849 499170 517956 489536 494088 519799 548303 502639 515401 519642 526457 492184 511482 517281 500163 506240 529528 512220 520582 487707 517636 491506 497263 501841 463187 507218 502494 514925 505446 473451 530366 547329 529183 533052 501040 514497 517998 506739 537891 524116 485558 538532 512127 548232 494668 467096 533981 498119 499623 491805 504164 500174 553530 498468 501219 477564 522283 534444 548202 501986 495887 527226 487827 467219 507456 471265 529948 508604 556976 523609 533152 481351 490159 461194 526550 529905 488391 497646 512349 477842 464567 477075 473391 519216 462528 518461 491691 502175 512586 478553 506011 491253 500092 474045 486249 508570 502472 561184 540978 516761 524881 532016 506937 485626 459352 548188 532914 489561 515740 524145 478080 504113 558770 524158 503638 491220 522665 511542 494351 485109 475227
469416 457459 492866 500748 525172 490641 512644 543542 448991 475336 547127 495876 486517 545019 496747 544722 545091 521785 495898 498369 486420 517275 474191 505017 515002 484830 441523 507764 500286 557073 493411 525396 515272 524733 499052 538463 515040 449659 512115 553672 517206 497626 519015 501603 482819 527906 508306 477468 502372 513189 543270 487956 517252 551012 505342 523083 480309 511215 473565 518459 490826 476666 538067 495879 518631 528539 511439 501614 471630 519354 502794 494692 524367 478220 461026 502175 490508 530071 543041 488278 474330 494627 495131 491068 492257 541892 511116 495415 501215 526852 489951 538907 530319 519728 514334 522723 520830 521017 473909 495274 505920 525754 515986 464359 482496 526115 501686 497153 498639 522489 516587 503182 512523 497037 514920 493693 515603 544212 556016 504307 532135 492465 527608 476963 467010 505173 524471 486097 465486 508905 516470 524468 504967 491977 494213 521383 550666 559411 521381 497711 475951 521514 462903 526925 470335 501936 490560 545190 516560 519428 486197 481574 458055 560808 527841 497320 479091 507741 490120 464348 473736 512210 512237 453237 525398 498389 485646 511990 485148 510152 485239 504042 475842 500894 506384 500000 544140 535899 507311 535232 512582 525583 462721 447155 531411 519896 497206 555980 508138 478437 524127 539431 516724 549837 498969 491546 475340 504700 479510 511675
466413 458444 476187 487524 524621 461458 509390 500324 457244 472137 549363 500477 480138 525209 479511 540876 531756 504006 492509 472599 476394 506975 453665 496845 510704 468667 452632 500515 461807 539287 494297 514708 494611 502126 475698 534235 496230 457666 495916 530621 492280 490102 513775 502310 461195 497297 494113 476356 462109 493593 567248 454708 503713 527743 503914 487432 473386 513876 469042 510321 501327 482486 530975 493226 506001 486807 496960 467039 474407 495575 490790 487386 474613 477771 466757 512165 486807 501386 521522 486402 479344 503449 481600 483929 513409 537299 489139 506068 504396 515376 471686 501718 522583 488418 499915 523535 505842 519065 488497 478724 485293 505486 490042 463846 497805 531242 505584 496360 484020 481876 521092 523080 519673 489885 494735 473499 470099 528949 539988 473905 509769 503662 535601 486472 483111 487555 501019 498257 491510 523319 495798 504362 513515 481341 479536 508608 551006 524431 508435 477793 483839 495602 446199 487328 456803 500073 491253 574402 495412 520458 469825 483973 455038 507366 515593 487777 497965 497505 459096 471624 467597 472745 508436 475777 515522 494519 462825 510114 488558 498165 488005 487671 497825 478285 500764 476487 526244 542365 501206 524640 514854 533698 436467 470096 511096 494924 471085 502337 514014 488769 489646 522726 532028 531863 498804 497742 479554 510710 488934 500649
493581 478050 523887 507272 521345 487906 521082 509507 459354 511874 548827 494059 489566 536968 499599 570043 553063 541601 521873 507091 503224 524141 480943 533217 500358 454428 477123 507196 521284 543747 530960 523128 512054 514711 490952 545608 511002 464943 514965 531606 540196 481060 526765 509289 476598 493159 519280 488863 486255 516643 563477 480026 506383 549741 539262 507616 508996 535006 487622 531324 497168 523754 535475 534940 540610 521509 529954 513338 494509 518864 511698 509938 519412 503022 499659 512051 499866 519381 532164 487080 504343 520628 493775 476517 540145 527854 501751 520772 549841 542125 503030 530528 506059 524151 531088 518866 531050 553429 496762 534284 519370 529880 509934 438741 483424 528622 532731 538960 505216 514348 515571 512601 546302 522368 522495 512089 516130 527613 562418 514544 516126 491360 579139 496925 480293 518761 505759 508139 517384 530814 519899 544708 521954 496483 496530 522457 569807 556984 521543 518248 503625 509811 474604 505101 485154 543636 508007 546643 520937 560067 474335 502595 484324 537058 514689 521908 491020 527874 486647 466669 480814 495729 535024 473962 545086 499621 501231 529940 488350 531764 513449 504018 518208 492947 515754 507574 556569 530457 533434 530623 540177 514101 491792 471185 527810 520707 500425 523238 529591 508313 521593 552758 519073 526594 505410 527446 497631 517491 506027 510681
494709 491324 495227 506877 512983 492785 487305 524092 477709 508556 529981 491921 493076 544196 492620 561763 546511 522018 515638 473099 502932 531094 462674 528416 512374 494615 468866 495658 485408 538289 494681 541617 501546 477115 501152 530274 493595 459807 512376 537080 538795 473304 520325 537540 474595 460554 501189 505880 461151 504317 546357 469094 529258 543359 511592 493933 522223 523073 463192 494367 519544 472963 552057 519099 523820 532493 538154 484536 482750 497440 492136 497005 518644 494725 475644 501091 491871 503016 540358 507877 479044 487686 516022 467230 490500 534132 514842 521916 517129 540510 478913 524415 506881 511910 496001 511402 536712 534680 505705 504101 480017 512667 509858 440400 497482 483817 484482 491213 480148 540098 523972 490339 520192 508224 504057 485486 480441 545996 559576 500348 527999 475030 557940 481375 482491 511325 507822 502667 511000 525501 524760 544701 502675 509124 502896 521456 556813 565810 500836 512805 492191 519702 468958 514201 470738 524550 499854 559211 511904 568502 470052 494349 455761 548099 512714 534704 494018 517912 485947 467081 463167 486193 530444 497564 514975 490384 497698 511892 491763 531453 480879 518675 503398 492499 515382 497022 520226 525524 512236 489442 518954 516830 464207 463214 531002 509690 479200 527576 515022 518410 513391 561467 514808 532957 485680 519449 483550 504479 501525 513713
466673 434726 482078 491725 476721 486104 471680 477472 445110 459250 503695 484779 475730 498686 470061 501318 525647 470986 498729 459499 489494 482658 429584 490383 491082 453360 439057 470137 485419 504922 486502 488586 488070 478094 493253 514187 472110 447820 481838 503386 520083 456361 496400 467009 469962 457346 508285 454418 469665 463581 516312 467936 466959 514585 489059 454047 467186 501152 437734 497720 471286 476786 481864 510079 483996 482349 491536 467223 447030 482088 472858 490759 487247 441695 479159 474076 453364 485486 500178 478456 468598 492360 484390 460320 454468 510175 460274 487845 508393 513453 449007 511561 501182 477330 480701 515686 515936 515515 443810 464835 472173 492058 501372 425503 459157 507372 485841 475474 475910 509035 512357 500119 516294 478339 476461 482208 480582 495764 539788 485879 521727 451725 516579 487713 451147 499679 476045 504568 459038 492418 497247 498469 470946 503105 475026 486877 539400 528631 493961 443870 482292 503504 434432 495450 445654 503153 483499 486820 510790 503756 457258 465289 441644 530569 488111 491611 482464 480095 466966 457985 490437 477767 490338 458735 491075 484864 460304 492045 435276 500963 475225 458733 466456 457056 473161 489210 513630 511779 485710 478332 484950 464738 450841 428223 505544 489247 467334 495845 480476 451932 504215 547551 491732 487490 459327 518917 477741 484023 483751 476391
429610 409960 418230 442481 470591 408190 449922 454661 396920 448024 488202 415048 429131 469460 430818 490464 457904 449646 437188 436747 423983 460917 416986 433833 434502 399266 439237 457942 439487 475736 433046 436100 431957 436183 426196 471581 449964 420064 459494 475362 452261 423832 438776 445248 432211 436689 440352 441745 410568 456932 486558 395598 447162 473900 447261 435195 437703 459556 422085 444062 416960 433558 470312 469367 450126 414372 450661 439978 411179 438540 442555 430013 446913 418622 443386 446564 452157 441046 457459 432253 440210 444084 440740 438791 455152 503835 410190 457349 453604 470082 423962 460541 458520 443502 454583 457041 471679 438594 407736 447640 445570 449512 434324 411655 436726 466191 459931 457342 419634 425003 479756 437843 450183 450448 442930 436036 433379 452513 450966 414759 441423 435098 468157 431454 425877 445132 430848 425209 444508 461833 447513 482102 453553 439447 432114 474672 463810 481117 456129 425692 421520 443964 398775 452281 436142 464173 413852 486229 454467 468098 396396 444397 387361 474021 463187 425256 448437 447829 413472 397500 440041 416819 439644 408429 449674 441293 440264 439324 426429 467138 460730 454203 442564 412350 443279 393825 489706 478618 448145 444634 458827 451723 414373 406840 443988 428934 438416 454684 454010 442265 467541 474903 454413 465335 451006 451564 414359 433054 454292 459751
489844 479380 500025 508495 521246 482259 518442 529369 483109 493421 536588 510515 473725 534138 490886 546120 551684 503299 508566 493674 514434 515992 485359 523744 514246 474169 471258 518575 507224 555516 509680 516896 511034 508658 486067 544115 527996 470996 504705 557456 527860 506967 517187 508616 481215 497983 513216 498588 501150 516856 563543 467675 540031 537092 506493 520421 493414 540319 495992 518574 485208 503590 538638 526826 521606 532559 513410 522366 492860 524177 524031 486070 518557 489459 481272 507583 489177 514863 537282 497573 483238 509953 506758 497665 521885 535021 536848 527186 503972 515900 492411 500377 537266 523106 500926 537049 512855 532311 481422 533390 510459 518375 484238 461646 497696 539161 516669 507972 492161 534840 560310 530855 526130 524289 505343 498113 510901 538670 559030 482239 524926 534688 548800 485052 484339 532960 504828 498708 493808 513887 508782 538798 520064 511456 492815 532071 550416 563284 526205 484863 508132 493034 480050 515837 485303 526635 475023 582777 512936 537488 459475 473905 466516 522283 542274 484574 492119 493159 475952 469640 488955 507017 504531 493916 513077 488558 488214 526307 500327 530337 475595 504015 503196 500398 508534 486863 546496 539099 505961 540488 535811 510376 483555 446980 525796 505854 521863 534687 522264 481693 530714 533979 532905 508664 509203 508392 498870 491261 476801 517551
535540 477518 487479 496830 527457 502130 507747 525559 474602 491219 543062 494185 471712 530511 473155 590746 535856 532797 537244 480220 514019 518314 464206 541289 525387 510467 471676 518588 481680 543426 533385 507498 524208 490285 510792 526385 511604 472304 493430 548816 526321 489654 531358 511696 475786 485847 498553 528073 481478 529515 589497 464800 525170 538352 485127 519678 512584 516352 467340 492318 509268 476255 537688 535946 510245 542258 514700 500414 474692 515811 507208 482148 535660 485013 493836 516498 473376 531300 512979 515226 509029 495424 513631 486871 506971 563339 517298 525292 538285 548386 468667 537309 548696 494224 506177 550327 554225 540957 521109 533798 507743 518042 492766 447322 510971 558141 521562 489671 487929 526467 547248 516986 542846 512343 498879 501725 498852 552654 570572 475004 531606 515170 556087 492040 502369 530111 506305 500678 500109 534130 524906 537219 537896 508899 500385 511599 563449 564642 527653 475366 503821 517651 484008 509608 479830 519004 501680 567229 509404 561360 469717 503925 465762 516353 522719 499097 501058 506766 491107 478281 496373 500428 514044 521369 519951 490891 509217 528685 502545 521957 475936 498996 496603 482623 514774 488676 555629 539021 505270 507204 523442 528423 461688 465678 529945 518350 491338 543420 541381 491449 522477 556412 538183 519588 481986 519227 492701 522861 509789 520595
456453 438497 489525 481285 483714 456586 483467 487015 446779 469524 520951 468470 469588 502784 497147 531454 515377 492469 494820 476641 480006 505716 461627 498264 485308 444606 428224 481571 497470 540557 496796 475177 493545 496693 464016 516723 492405 484118 479850 518805 505136 486837 507686 460679 464970 486600 473799 464698 473407 480930 531599 459517 493890 528954 500964 488918 473314 496242 448907 520345 462816 494298 520619 483698 504989 492828 503354 478138 466269 484766 487610 501925 494995 456858 477300 467791 480717 494426 501195 498128 456298 471715 473292 478167 508348 512183 457822 487524 491485 525693 480103 500850 512111 498920 501640 511986 493329 518538 461226 485878 485531 494960 496478 449660 469566 502465 513053 492731 464545 511379 506739 498552 500197 501869 474482 489641 494512 500726 517035 474472 529467 479277 536262 445414 481343 496018 498641 495168 469955 486569 511648 518949 500451 482003 475796 488855 540246 531715 484968 483308 473727 513528 439540 497912 463742 506902 483545 531411 510298 529144 450919 476580 445247 515039 482513 486729 467644 506318 474845 458974 464060 470952 493768 448179 504704 464358 450424 500382 465513 511302 471316 469269 467621 466940 482557 479800 534006 528299 482119 510863 506922 506178 463131 434475 510722 480500 477998 510304 504073 458739 509424 529304 495243 490655 492097 498317 453852 488639 481178 472919
495963 454924 491918 480361 492627 490348 503483 508003 452754 484574 544074 493976 493117 509949 489984 536302 550018 509175 494128 461170 485563 528116 488590 507302 483995 464490 457727 503020 520419 534903 482731 496114 502930 463636 487953 525892 489235 473175 507590 544966 540475 491336 498117 502964 493104 466345 489356 479116 491821 501945 553901 455666 504346 549195 518425 483520 487169 486727 471698 504343 480384 495727 522945 510571 521144 497523 546883 505734 467906 504995 491388 504968 520047 462796 473843 500815 487551 505145 509795 518776 482283 491982 490941 472847 520011 517323 491914 513121 502722 523316 492762 504433 501087 497140 494183 525929 509017 517832 475535 484894 501210 508444 499822 450656 475598 500548 488010 496383 477922 506820 525731 523905 529932 518868 502464 515151 504770 523214 540342 526236 528559 502170 537927 480784 473900 520916 501762 512603 507851 496033 514048 535241 497385 502734 471826 533451 539422 544454 498876 499056 480331 492623 454956 498742 474621 522615 501527 543669 520556 534268 467176 466954 458034 541306 518393 492156 487360 520410 462692 462870 495040 484582 507963 464965 494067 485952 486114 516470 484418 507342 498074 478671 467300 488787 505514 472476 530591 525938 505975 518250 523885 506262 472954 458722 519285 512746 498607 535103 523129 485494 515548 515491 509230 524250 486105 481985 471362 500893 474905 515402
460690 402161 469878 457168 470918 433637 474347 476150 418368 437995 515231 446536 455438 478819 446130 493369 493842 449793 482169 459788 452931 488459 431158 473689 472402 427317 431604 463779 444336 491606 464970 457782 464265 448319 441965 477438 467601 423608 454175 480881 502418 445268 448529 454637 440398 455455 459777 455025 453174 473279 494737 405021 477720 492129 465317 462037 435380 475045 449500 478756 441996 452332 490636 458083 472539 479022 482242 455245 435921 455663 461929 454609 446271 439086 438886 444315 453075 472257 472803 452063 459592 472689 455440 443109 465840 499295 464041 472233 460334 478814 436347 472104 461076 445036 457072 474262 478696 481523 460672 466084 425691 487639 455082 441358 438608 465147 472328 452880 429059 443205 509095 477010 478470 461163 439323 464684 459963 467522 511795 427252 492242 450643 493999 450274 436957 475534 442259 434591 449640 488026 467702 481847 466994 433202 426929 466256 500396 510001 451039 450366 447944 464432 428906 461985 436118 490032 433860 522132 442669 509068 423607 436378 439438 494126 486037 488822 474927 471283 434452 447789 449282 451732 454159 435871 468770 448435 449133 494687 437577 472645 437155 450333 452888 457825 461731 453396 500897 465230 464300 476980 468340 468556 442909 417817 465547 479131 457814 478010 491256 466271 470292 494760 451429 489986 433819 483987 447152 455466 460768 441570
428663 403988 440789 459588 465039 449386 442426 435325 419466 446099 492139 439374 452909 474724 412922 489838 501766 457205 446971 438682 432773 449131 424434 442848 442287 415167 430867 450015 446904 495000 461932 466405 451617 458051 459668 466332 461226 410514 471091 491211 498681 456655 470686 440577 446373 428958 438910 435656 438450 444105 489217 449058 468208 500827 457285 427863 433764 465298 416279 449803 426205 430804 472632 465052 449272 477135 474487 431510 432724 441905 482521 429744 466628 435348 466181 453797 464441 446555 471450 452298 425793 454541 435832 447694 464119 468905 461198 470010 468555 491097 460884 446463 449663 456171 436189 489465 481402 482806 426394 433010 429981 469339 460124 426875 444804 496327 486794 456390 418001 446765 491923 464320 475709 434866 454858 452815 448674 495496 484492 432011 466640 441918 493413 435048 417402 468481 454419 451131 459822 488927 464627 484345 443080 442905 424438 465211 495953 517306 468320 444123 456027 463106 420009 465911 465240 463754 445582 498850 479732 507073 431018 455093 435585 478667 460395 457586 437771 495494 437792 414288 430143 429210 466082 422008 451644 443749 434879 472433 452627 454307 464709 454919 438501 414336 437118 426627 499545 483952 463252 455539 477911 464308 435966 408631 466301 469606 462314 471790 460174 434540 472793 485645 461121 483714 449249 463911 433583 478822 453403 469129
522799 465179 517076 526607 538772 506639 526245 532012 478727 503898 583033 515976 519306 551784 514530 576808 559658 536728 527603 497950 484611 527768 495586 526413 525049 507209 475056 531301 516310 571483 521871 550874 527215 507567 493194 559350 525879 506455 535653 567910 546632 524844 525385 508382 491850 508465 526256 508760 501298 551021 604577 502037 552605 583816 525740 521378 521202 537991 533777 545952 533459 529339 554449 553695 556080 520021 547972 501344 497273 539652 533832 530813 528517 505306 521451 523910 514461 530219 549548 525052 515952 533859 531938 530667 538481 561395 506242 559423 534768 540393 491400 544656 544408 507432 524051 542208 543690 545511 522740 534974 504283 530677 524742 496932 512004 538257 540439 524987 504295 520034 550903 549010 545846 529259 531545 529199 542916 545948 582938 499505 559605 516971 556949 510217 481460 533568 532250 510174 512785 549238 552667 561187 530912 532791 509230 553666 561398 568688 534952 499737 510845 514318 487259 536734 493922 545627 523927 582203 536400 566885 484933 484832 474657 537807 568342 517732 523092 514826 507719 474709 510462 503548 521312 487486 554457 523651 481769 527708 504953 552817 497932 540111 517769 489483 520433 500045 563575 565176 524364 547362 550762 554107 478425 472825 564271 531574 528355 550298 532397 510216 522628 557102 531492 532137 507200 545300 501048 513317 531874 532829
463450 454977 467356 472542 485038 460651 481600 484260 450712 474756 514496 488397 453219 521218 470153 515533 524538 491277 512312 466731 485269 501142 452921 483397 491847 459346 435629 466432 455636 516436 461207 514479 465273 488786 487582 508002 494375 436625 476622 524378 520206 481366 494443 471152 461469 462535 459999 462929 468812 506106 528518 448378 491545 532693 482146 468463 483214 492983 444066 502624 481260 483378 508186 487616 494607 504283 513498 485700 462200 479169 491186 477943 484825 474618 462482 479635 477731 487296 521896 500133 447880 519655 480164 461677 495742 528063 466395 490137 492329 501217 475431 492469 479987 489765 487736 504093 509545 508318 466903 477315 484172 497426 472356 431303 454988 504995 503536 473843 449164 486840 518997 498062 499018 486755 500684 471296 502482 488564 521823 478334 512513 504361 501689 464260 460331 487254 488248 480193 499323 492441 472941 519140 489703 470135 484842 505962 526305 545390 493896 471886 469849 482296 447099 501247 447601 501544 473133 550045 482681 516694 464018 473065 443752 507428 499048 492564 477633 497265 457179 449273 471029 464041 492825 449048 528974 476843 468514 496247 469918 481413 473434 454478 465177 445065 478084 456871 518164 519251 492389 488369 510928 504831 429996 400637 501619 503258 473846 479702 488172 471829 485135 523535 506893 501018 490329 494451 468054 484504 463621 489265
477750 453978 468456 499866 538678 487345 508815 506832 456174 497989 546442 475904 510843 525447 476120 531892 534157 475512 512019 499881 509280 514176 448749 502030 506579 479458 478010 500609 489229 531807 460356 522549 491727 478360 499981 526768 481797 473294 509655 531946 531934 485090 507436 502382 480533 477720 485354 500994 473804 512387 559071 481829 518679 547900 504042 483331 511357 523012 484112 496883 497468 475974 536383 522925 518819 513922 528334 503015 477711 512608 517453 475957 512717 470433 494523 506102 495733 497213 536365 499646 464166 530803 491845 475762 478900 537801 495414 512660 497867 538294 484105 521219 491872 517982 498045 520245 508447 521288 477208 507073 477636 498006 471149 449082 472974 509984 502882 496731 469980 518848 524345 507708 519470 500019 515106 502523 502964 518629 528268 490541 527829 523641 527950 500086 448222 509851 500303 476504 498262 533965 486954 549129 500143 491579 473077 523274 518727 551286 510302 462671 478475 503029 467905 499989 477267 535084 483709 551795 479422 541724 472722 471446 458952 542087 529141 507818 516190 483969 478500 478160 479244 486193 510509 470195 518164 495110 488869 488209 478687 509831 491090 483561 501518 498248 511509 469082 516405 516089 513894 503571 533368 482582 455728 454436 508467 490306 479776 523857 499099 515100 510626 550992 505269 531372 494988 517969 480733 495003 511363 526159
474640 437634 487522 486577 479723 474374 480446 487137 447757 465689 507850 490325 453016 521664 468124 518414 513035 496414 491802 452249 477340 497193 446732 478477 472807 455217 446719 481167 445818 518456 484958 484294 458299 452991 463690 509093 494798 448606 478311 507485 489466 476187 492350 479097 453635 472204 461240 471927 472140 475691 534956 452938 501073 496663 478432 477164 474756 493730 442809 501997 469788 473234 484850 497113 497539 480727 504385 468306 450402 470593 485317 477235 501744 479108 475036 462777 454679 454763 493799 482778 463127 488628 481274 457675 495033 518983 465792 500350 467991 514268 440184 470740 475637 475749 468653 473721 495554 503106 488026 464719 477020 496714 464279 451899 462063 494101 484715 475853 455478 511606 497447 481937 505296 478492 467027 480094 479563 486900 536978 466208 508817 482030 511761 451240 445584 511036 478686 461522 473838 494268 497571 502960 485593 466982 462610 498681 512243 513852 485661 463618 472447 479411 432126 481396 450011 498901 488147 532039 473908 509788 454518 441902 451634 500102 485362 484555 467821 464842 448775 441923 460577 451947 470213 466760 493835 481608 465129 496220 448942 482090 468566 464280 450922 452587 482982 463185 509475 508186 482005 471177 498589 479044 440124 431356 499919 481037 485062 500976 481919 471261 484857 518390 511181 497979 464633 502442 452836 482386 479090 476371
505644 476155 507010 499312 532303 486783 521640 539284 477369 517975 559957 526719 531917 546430 507415 567949 562212 516802 528917 498097 529345 547044 516298 532363 529380 494056 473039 520475 483801 575076 510671 533699 531511 538737 520491 551994 543117 495710 517964 563598 567165 502468 532224 534819 500511 518019 514960 526136 499661 517961 567281 489710 541998 530085 516249 529915 530876 555324 508912 535625 515164 522566 565039 536910 549295 541544 559017 512597 475755 550555 543491 517604 522657 493179 529556 524451 523260 533367 560046 500649 494366 546509 548165 492201 529818 570682 516393 552232 535767 557233 489948 558177 531579 525008 530589 563415 541588 550478 513820 539532 527501 538824 523912 475537 522649 546873 558273 525983 509848 503253 557820 526359 527323 514761 534169 529594 535689 533399 556955 494265 560610 518639 553766 500943 512432 519212 516926 523590 521317 534463 545550 545893 558728 506739 527431 542641 585406 560940 526916 516708 536475 531516 504994 529951 509370 559914 499455 555120 534368 559517 492205 507287 478650 542386 524257 507206 537656 525508 512192 499206 512619 504276 527853 503307 543642 504981 501403 531627 513186 533041 507735 499859 530064 498633 530444 508738 581738 566367 516480 522582 549510 550540 482269 473456 556020 527044 512132 541410 545305 517770 549504 571076 528041 554064 524407 525505 494221 523078 543397 525223
491045 461523 485193 510302 504792 493702 514272 518799 434046 495185 532876 499998 506242 554375 500218 561144 541362 505010 534786 525653 507711 533734 491779 500309 517043 479376 459870 503780 497421 578437 502007 527948 496577 501091 495455 532972 510718 493994 491754 547535 537339 514139 504812 498053 462821 476004 494100 489909 497275 517099 559510 488785 538793 550227 511276 509024 508749 515000 488664 521830 495610 501283 530157 509382 526327 525698 526210 519096 476244 515573 522127 498764 527838 472954 494566 523140 489811 522713 566508 519782 464611 520994 498494 497450 511958 551174 517254 529623 500852 523352 479757 538809 529587 495866 516141 526432 513446 545815 500302 503376 509770 513491 507398 464156 506022 495714 528840 519907 491272 528084 535383 539538 526036 534101 506712 500819 516383 533729 523297 489886 537813 543945 572858 479978 501477 515109 489207 516907 490713 517001 529510 545686 523966 505672 510999 558549 515977 568007 521091 491599 504665 502339 497352 528697 488213 532660 491082 568883 511513 522016 489669 477357 466655 530369 543010 525974 521079 486798 476317 480004 484744 497639 515220 483303 515096 513924 469041 516863 483811 516483 509552 526675 518300 472897 515391 502956 542911 534018 515523 555746 546860 506100 467808 467341 542647 517693 504365 524071 529499 506744 522479 563335 522755 535884 511305 532943 479157 510687 471088 526714
472885 437905 465507 490599 474788 458831 474324 506554 419060 472142 509775 469524 484088 497839 466459 518993 519839 482997 488557 471826 472827 497811 461077 489237 477287 475451 454170 479565 441884 516223 467860 477057 476853 455181 470077 506300 495597 450486 479548 507881 524893 469509 481191 470702 447512 464861 486168 488837 451266 471570 522637 451935 483270 512516 469099 483487 451128 520373 471506 471128 470942 468187 491369 492060 481700 479876 497549 477740 448799 488428 496111 463400 472268 465498 479529 472744 452630 475192 527090 465696 464693 482223 490032 455432 477938 511814 476611 497680 479376 516393 434945 496414 484772 442441 473588 512962 496208 520422 468991 461816 463923 485469 451858 431034 475900 495880 487649 481931 484839 483811 486881 495291 479023 468116 473322 487193 496142 491282 534747 453568 500094 486278 526371 454092 454032 501911 475498 478958 473981 501297 495347 502559 494821 475054 472736 472320 518450 520686 476827 453524 487872 466649 445607 490663 456325 519846 465755 522299 487737 490965 461742 464599 445258 485441 473106 489025 467292 493372 485354 462475 476159 451190 479435 458368 505674 483783 451301 493549 453874 501542 470550 475474 484368 443713 478537 471246 516942 494724 479114 491017 499294 475525 468643 426837 501729 478604 490150 486303 495683 491066 491052 545000 491218 495155 458783 488221 449547 463952 475537 488535
516562 494439 511250 522952 556115 506978 519503 563059 469374 524291 570088 521873 514793 553161 519058 594704 569627 531239 509515 515225 494505 517592 476702 508273 541971 485592 504817 546074 513878 542601 536184 523353 527264 522672 496269 567336 540935 475128 532516 575383 539825 521315 550234 537495 498829 510441 537383 532764 506924 512026 599662 500564 536316 555379 530841 534548 521056 541918 502536 546074 529625 525558 570562 520488 545566 537340 520262 524385 509439 531925 541114 523653 539256 499804 497071 528959 498411 539912 549916 532043 484118 529582 529419 502486 537261 563418 536523 549810 552654 534779 507643 537125 558143 518586 529084 562503 546361 560441 495866 550776 525114 524404 496869 477814 509508 557080 553593 555586 512362 549352 561183 553934 555580 525130 523200 522862 518318 549476 580742 481648 528546 549033 559078 494294 514559 530567 512026 509908 521476 554662 520929 558889 547153 513825 500501 551849 558754 563643 509952 500484 532102 518124 505917 548102 474344 531292 523402 582352 537953 565513 506371 502032 476946 542476 550212 507781 524017 514277 490297 494264 495510 476073 535451 508127 541496 490303 485701 528538 514471 544176 497248 533699 530171 497609 523154 499714 576504 552003 535816 532772 559444 503135 481630 471043 530723 528204 494950 549460 556554 507866 529694 584779 556643 523843 520349 512869 492233 521009 515190 575081
488077 454511 483242 471340 470047 482613 476988 472529 450141 470406 523307 469166 479047 513805 468812 543378 523837 484624 492091 473828 473625 478947 444439 500045 465364 445012 449751 467443 463054 529189 465178 506472 462153 458310 485596 516510 475722 450224 475262 524494 499871 450336 499501 467726 445127 472575 469337 486586 457467 476935 522261 444436 501008 503846 494282 496343 494013 486364 447990 471127 466947 473177 506673 494277 478443 496605 484827 471504 451262 464180 491302 468846 485616 462089 458061 499666 471197 488849 498441 488491 463622 489922 470644 464252 470853 511006 479064 514041 496483 515509 466266 476241 486582 498149 482089 508231 515946 505686 448146 489693 477245 505544 461778 419781 484686 507738 496513 470136 469910 489668 508553 475794 487595 471402 482006 464217 490155 501170 529505 464024 488422 489933 505492 472171 447530 493832 484224 494983 493431 504756 482765 527091 494736 480211 478705 479891 531012 540040 491007 457732 472337 482595 459470 490291 452921 483165 454366 535898 488044 530836 453573 455044 444795 514169 508834 485997 460217 474450 459381 450325 462993 482273 489539 472197 488707 453137 481006 502060 467872 500662 483580 489410 492911 443288 486691 461994 504316 514499 511327 503447 498941 480416 453653 429242 505041 490476 467438 508891 501441 466744 489997 517743 494421 503454 466282 496210 448413 474347 462116 487986
539529 485619 521187 511117 525200 543032 533905 521992 477573 522422 574127 505863 496353 560534 496314 584495 571559 532603 542634 511211 510834 532562 468786 543594 538900 492283 479030 537468 517095 574758 555736 521575 521573 532557 529834 573585 519987 503759 513159 580865 560356 507039 543347 538678 507418 508597 518431 502716 522765 515823 585237 493924 543106 555017 536566 529529 537956 521629 483035 535893 531378 521006 561410 559623 557784 538146 548446 518710 503281 538104 536413 498121 547532 503213 528887 510762 507347 507911 550572 516704 510301 530638 505779 528540 533052 566371 519924 531776 526615 562374 487237 537632 546981 533457 535309 552092 565166 568878 535242 530366 489997 536301 507437 491126 525547 547091 570493 522617 506859 550890 574718 535659 556914 526371 522076 510129 523967 554857 559100 510753 556207 526199 567254 517201 510192 527916 531380 538352 526585 538652 544982 558508 555944 523867 487962 515324 589089 588266 518182 505674 516664 548207 473928 528528 505583 557065 527714 581950 521882 564631 496679 515618 468064 554903 530696 545970 532301 508041 486816 507655 519887 524556 528849 530514 540213 501546 503517 551764 498446 538638 504357 509909 530119 513978 529696 518281 562194 544431 538073 521805 532790 548331 495812 462046 574642 539663 520710 548220 545047 510497 546935 582473 535951 546146 512037 542496 503783 532009 528090 540063
484457 462677 504624 487800 522527 488014 513622 510167 474756 488050 540652 495176 479257 529837 463204 543999 550490 486837 502279 472513 515839 515223 454118 533615 508746 461013 480072 506300 501391 548246 511957 525658 491685 479911 485466 511903 515599 446795 510602 552744 527102 483305 499190 511096 470472 477117 522962 486060 501779 484600 540393 465561 518135 539596 502611 492648 479380 538450 472424 513670 497724 488921 528278 518577 501421 506369 504288 507981 485857 497250 509956 484014 514434 481487 504421 481859 468081 516478 507447 486888 492480 503608 491093 485125 529855 562996 500268 495462 492254 528472 489352 512238 512882 524307 503506 519236 524810 534908 476762 522116 494517 505916 487867 462817 483976 525265 532460 500755 442968 530610 563743 512669 526269 492437 507105 475111 510570 527507 532059 480281 533590 490083 553926 485686 464440 519223 468880 497426 507047 532331 514829 544301 508621 485229 482471 510291 537158 559430 500856 483956 505929 494090 453372 499465 465130 527889 487470 558275 514637 530618 462673 497089 468200 519851 504329 507757 504319 500599 462569 477101 483627 487919 524882 489011 517175 477969 492129 544437 487461 530197 495201 510039 487417 480986 501950 476430 532216 511671 499788 501472 526002 503966 467382 452780 484651 501678 485835 511581 512257 490771 512695 544641 512642 506322 497679 515812 499710 516378 480734 493583
483051 435645 467903 489961 495304 471197 490424 512067 423797 469332 507962 461944 468556 495258 487987 528616 496689 484053 488109 453904 465988 487311 458904 491992 472069 448129 456876 483152 472482 505803 495827 480731 483263 483779 445151 510993 472819 439296 489037 511382 496600 465987 504698 483918 468435 458950 491126 457561 462322 474140 533844 446263 496489 502619 470342 486608 469018 487821 464853 491944 465933 477372 508857 472418 484376 466661 502066 484126 461335 505411 490979 473758 475713 458266 475312 482928 463863 489337 500948 466677 469236 476736 493760 457938 488659 509306 486244 489265 471421 503800 466399 495163 495633 481670 486911 497837 510737 499213 475087 505903 502483 498168 439622 434013 450207 506503 498570 488541 477897 479850 495961 476904 503814 464660 488810 481971 472322 495365 521265 438836 494592 491897 497967 471312 447801 459015 476106 461863 474047 509091 481323 486810 499129 477407 468981 490760 516024 514085 488630 465927 464633 491092 433296 488514 479217 510445 470540 507633 467465 497252 451341 450322 439191 494103 478088 466096 484573 480459 465285 437537 489163 455435 476782 463459 499103 476922 457386 498485 456410 477814 477877 478298 492635 448109 466719 459896 519398 517715 486943 459467 513132 491324 441956 423351 482648 488389 471545 509821 508838 481212 477122 508995 476769 494143 470136 488634 486442 488529 513486 477374
531153 463092 500244 494850 523882 495121 503729 487111 477262 483899 565584 506643 469305 540770 494022 553225 545851 522921 507228 501554 511366 517532 479139 531243 530830 461236 450555 520575 486759 544734 507423 509086 506664 505203 493227 539779 508681 482515 507142 537244 523381 508389 489178 497085 487387 483736 502487 474147 501908 522566 553778 465400 513443 544342 519790 498353 498407 500906 444410 523463 522969 504932 529836 517082 530122 520066 535931 500214 474077 512697 512252 510270 509074 470204 475745 499599 499647 523145 542287 497489 514166 491845 493294 489374 518157 534026 501344 528346 513023 514193 480743 525577 531190 517639 523752 553853 512923 520067 482369 517297 492412 511115 503816 453421 501232 528800 509713 491876 482772 508765 549427 534544 553729 503212 515112 516877 515526 536264 551481 485396 533596 496886 541243 518127 492344 513247 500163 496049 504837 529266 516450 533891 502194 490884 504988 508379 568642 555411 504396 493046 505324 508806 458139 516132 493913 520746 481080 539450 523775 571746 476850 474226 454242 534379 553859 497113 520224 505627 489705 465526 508419 501102 517925 467765 530278 509558 498822 524792 475038 514413 506782 493210 491995 484947 512262 482113 529777 545734 500460 541088 521057 519279 460778 457117 540240 510779 507226 538768 524110 515362 548756 532218 526061 553612 481201 506895 497109 520620 501905 498275
463978 443461 459841 452584 500748 460245 476968 505780 430431 471599 499963 466660 467495 465115 457923 495167 499567 478225 479987 471946 460913 497354 447060 487871 486984 472835 419479 469281 483720 526038 465841 488442 491314 475079 479216 488877 500827 434828 473310 508458 500054 474192 494893 456177 441709 477596 465733 478618 451098 466058 520386 433728 473017 520845 466882 481878 466559 485914 442008 463377 459456 473845 503203 484822 506075 491147 466287 452788 440145 489052 497877 453461 497298 456413 472797 470729 451805 483232 493255 449570 445885 473142 482694 439195 469660 512987 473097 474750 478332 504310 453421 475265 492102 471730 461566 494289 507328 511937 459758 457444 479925 493154 456819 437900 465961 491984 473256 455868 466115 479819 508668 464983 495346 473840 481540 468120 477133 509915 498153 463544 502000 487303 525022 468676 471430 482988 478894 467590 440058 500286 491026 483040 495981 461380 471233 505109 517833 524473 490266 450691 446307 459385 439642 478497 466844 503551 472986 519835 468198 488428 441626 469359 436988 497510 491492 454041 476885 465694 465677 434460 448711 446023 466630 460373 497761 471087 445083 472527 445883 492660 443639 451798 450351 456719 449325 453915 517777 493707 476992 487966 465863 492549 456413 412025 492662 472259 474045 499598 491701 449468 497720 515200 502540 494360 451346 468515 433676 471808 459440 476900
487336 474548 470969 480539 500229 515847 515571 495211 456894 512108 548481 489597 480190 510736 486130 550673 528727 493141 535926 482939 487814 548081 476486 506093 513501 465177 450449 500633 481174 551876 521969 508111 522495 498178 515163 516796 497922 452019 510382 537003 527782 484598 517301 511214 471828 473779 513885 509041 493767 488170 552366 488613 506707 533786 488871 502523 507862 521613 462497 495054 480013 497784 515240 514206 522193 506825 515923 502453 477285 527184 495056 458112 506049 474806 496210 525312 498526 522284 530446 489720 475827 486137 507261 484934 491004 527310 517234 502021 499349 510693 472919 527648 522131 510931 495519 505965 512982 523395 478803 514414 492872 531079 492746 453004 498508 500312 495938 496375 505903 515530 523626 504222 521566 491139 497686 502191 507812 510714 543329 479106 537240 501976 538551 492251 491830 508749 495800 504336 468032 511846 518487 501021 512069 501568 482987 519351 533589 556380 495328 477495 489845 495646 443321 514861 482652 516688 510627 535376 504850 511236 483863 478323 457915 529074 493551 490025 508249 497119 489517 466018 492425 490481 520090 471538 523633 494433 498195 519822 466154 514286 493504 480144 506456 494346 497296 482082 509910 514376 516738 503236 516313 517543 455385 436677 517179 505425 496152 507041 527749 467645 511781 561876 504915 509239 491889 507023 474912 520534 496312 496828
445275 431072 463200 462292 491663 450888 491557 499419 419567 467944 510538 468625 479493 497523 456094 516172 507766 485664 486089 462013 494645 494029 449532 499663 500757 474756 454512 467441 467300 503668 459872 481400 473142 463928 481852 489569 502600 451719 473571 509759 511007 443173 473640 477903 467166 441338 484127 487560 467101 492050 517648 440271 478026 523265 476703 487027 480229 508738 454600 494156 496821 471879 503024 508093 494114 473415 480633 465561 442627 493787 468760 477550 488584 449519 477647 451240 466889 475020 494491 471097 451073 501659 494243 461300 476072 536877 471497 473342 472350 512946 465493 483238 473389 478928 457965 484833 507280 519783 467801 474380 457336 509176 483486 446149 480758 475983 498232 469994 459262 482236 510564 477531 513530 475864 463906 478418 493136 496382 518651 472269 524508 467266 508252 463010 437497 500597 488078 467667 461774 501457 486106 508259 476062 483901 464882 490833 515500 529347 472545 483653 459705 477833 428091 503904 452877 495814 461114 522033 465219 538460 458803 472012 446145 517228 488193 475445 486828 492645 470255 445175 456960 456499 481460 454126 505843 477098 465567 481930 467780 479133 483451 460448 467594 466849 486413 460767 522170 513155 479413 492409 480912 482403 456286 420003 507050 494056 454970 507942 499741 476691 518032 530553 480842 513521 475425 478247 468626 483122 479156 470877
492434 441936 487217 472666 504796 481616 503030 520314 438973 493869 515526 467351 473154 521071 473774 541549 529680 491379 515482 496180 510026 513655 449705 498694 484696 461545 463297 508105 473330 531450 472999 523510 500432 463966 478554 504086 500188 463023 495259 525822 526688 491107 492243 498217 454700 503411 489433 466563 470481 481274 542492 481100 490700 531834 499855 504260 493193 522333 462928 490772 496782 497333 518024 504560 516130 511390 520074 481631 457507 516494 507780 480303 499778 461325 491876 472142 482803 508406 533437 481579 471460 494257 484469 475234 499189 539473 483146 520321 492587 529246 458096 517370 504847 483264 495980 515334 514508 549071 458196 482244 474621 498355 476801 446385 479635 505715 499106 485866 451988 512470 522687 507386 528058 510909 497810 505850 480671 515671 525826 471833 524147 503653 568516 460937 473366 501178 484998 487117 478293 517678 524993 530316 496817 475956 474837 524689 510829 531681 489620 483339 487842 470106 452707 494256 466242 532500 488842 516798 494635 504441 458298 469480 466891 505158 514813 510572 505392 482224 462668 465329 475570 490166 490856 478745 527075 509512 467413 510203 466870 512608 471405 500952 498952 461674 508014 464488 533972 506413 491261 517266 523843 500226 437173 450966 523156 490802 468205 498945 523201 507163 503063 557663 511914 500454 492895 505889 486219 512866 495644 515851
501721 466379 506978 500479 532105 502890 494900 530768 458435 502178 551753 483110 484448 538901 482331 560418 535341 526837 535833 483393 507940 527659 489076 534763 514726 501626 464972 508899 492982 558794 491428 537206 498716 507637 477653 538664 483081 467146 506025 557528 525753 496653 516281 489741 478425 473857 516996 510440 483438 511756 550776 453671 520219 547360 506831 502579 511710 523836 483399 502792 527929 528159 516862 527504 510825 498024 513515 506813 459088 500865 510772 493173 506817 478822 480323 503702 483361 520112 540608 508021 487468 517808 518611 474622 518304 549113 497801 505795 510852 508081 488445 530000 520455 503823 498095 522535 537850 530553 512954 486497 501911 529134 484096 459977 501038 507232 502020 505849 484287 498448 535369 507112 520538 496083 513125 503012 512857 534335 549086 485386 537267 503761 549088 498053 480386 517332 511438 486163 506107 530734 518791 536528 540133 513865 491832 536930 554710 569469 527732 491511 481976 506760 454796 521947 483680 522745 493013 561292 484230 539842 488182 481860 479507 541767 528335 511586 511080 512345 484826 481760 478527 474350 512340 478814 516160 493902 485339 506338 488729 504111 495761 492074 498791 488462 501548 512717 537133 525300 530731 484977 520834 525966 475159 451027 532259 531152 497183 524223 526098 481603 508975 568488 533362 523215 496564 522571 470960 508137 487587 516702
495040 477044 490048 509705 513968 490584 500504 546209 448126 498207 544050 500352 481172 555963 489300 566950 562790 519464 516468 500126 489583 514291 497247 511044 493467 485578 464173 521008 500680 563465 500087 520774 508405 482435 502905 524435 499376 459373 505033 549854 533013 504776 513982 501424 489838 501347 513593 509988 485885 511936 572235 493789 533865 551049 516768 509241 520286 531178 480999 516280 494722 507932 525506 545271 506534 519465 534426 508256 480452 526554 508696 486249 516209 467717 485865 538749 480733 519341 544075 515330 486690 528463 505131 492546 518373 536705 502853 544973 514806 523912 494622 538164 523870 535525 527123 533555 518718 525750 483825 536198 519379 521141 502944 463008 496386 530832 497101 507421 491793 523913 545240 508641 517838 516294 507668 513102 519465 519322 527876 496488 534736 498857 524559 488938 480012 518976 497298 490154 500296 541926 505182 540091 541602 495446 501402 511882 554036 544267 537064 498292 524662 494812 492157 521829 474727 549466 480053 551081 508386 541116 482076 480318 450442 535990 542864 495533 517046 496566 492133 466609 505441 478798 509663 503792 527175 505238 499060 506826 476901 517494 488900 496238 529106 485262 518824 499202 538041 529407 511594 518955 526128 493911 454338 456206 540693 513055 491979 522351 549583 495860 526469 572967 524344 503541 499866 533725 498409 529929 509567 508151
491682 467657 486480 501963 508674 484754 500931 537828 457016 490394 532920 499615 484703 521633 477381 532645 541848 491632 506572 508036 488331 526630 479123 524861 518897 472119 446499 495851 490104 538591 491442 503685 486860 484409 514469 543286 482043 473647 509582 524475 533667 486515 512567 509572 484461 489352 507570 498396 495241 504743 547212 469466 519474 526318 493388 505072 481666 527095 489044 482678 467231 489398 519759 509617 531443 493262 525375 505063 476262 512378 534561 471211 500449 477435 483634 488549 476706 510199 532061 503043 488122 507971 502180 491358 508352 525468 509048 501340 499726 511801 481012 507790 502209 523100 481435 519805 543925 503268 483778 498957 492026 485780 496394 442496 493721 497726 514661 486476 472924 508977 536615 487189 534611 473836 536375 472685 509784 518086 514193 492754 520947 491895 525170 487560 467283 500288 503940 486278 478511 541295 502487 528844 527938 487417 501930 499152 539179 556762 508589 495491 492026 500299 463923 493647 497970 532730 476393 559914 504937 526279 452008 466294 448399 555486 502794 504278 501180 484051 502633 446621 487540 485178 511787 480290 518117 461917 479947 518060 476381 517371 504688 482933 491220 468661 490752 493924 525369 518263 510991 493816 514952 510053 467342 440594 520431 498056 496042 546230 555648 485478 498654 542667 517667 525578 462831 507839 488114 517093 497284 489962
462939 445505 462564 481959 480168 460065 484252 474152 439983 478817 519413 476255 471633 506785 470716 548102 522102 471381 489667 475459 481747 493784 465927 517512 486236 440818 463440 481911 459542 518673 485099 489441 474975 480417 472647 499407 491636 456169 498495 533918 530265 485726 482748 500308 446954 450150 470243 462210 454565 466705 519171 461611 495711 510378 499545 487634 474822 510320 475641 463150 483522 466539 489278 486452 490246 515468 500567 473297 473428 492103 488795 454698 514194 471804 467676 473094 463231 500434 505780 465498 464457 482019 481734 480480 500761 522068 486892 500648 462292 516190 437715 519069 489202 497865 464216 502153 498980 506065 472245 487950 469238 483277 460908 435285 483360 492215 501549 476773 466311 502548 540434 505131 498204 482128 470171 457051 487027 511310 520700 487014 515123 473719 514134 457990 444747 492073 486304 501282 476943 506828 490789 530175 491476 467692 465873 504802 512167 521193 469270 483636 495566 509635 443065 485514 464496 508164 458894 508859 493253 507805 474001 466105 435561 502413 496687 500345 476649 497838 462152 454249 477533 466825 473866 485510 496385 470118 462353 478310 449267 491298 477695 484339 487464 466868 489585 467322 515970 513221 499517 487761 488204 477073 453401 446626 507782 477292 472655 494354 479055 476238 512060 536551 472035 510315 473940 485195 456540 498729 488905 468752
457513 446113 488570 506088 487892 483521 492899 515477 462110 472047 545724 488702 487941 518551 490505 549495 543091 511439 489709 477465 497816 500297 451700 501011 493864 473364 452583 497800 491924 518504 490890 512946 507204 484485 486595 523866 498211 471523 459455 518825 529773 466736 508198 512749 461099 472086 505043 480455 493409 503560 540480 453251 521357 540857 499821 486441 485034 507883 436071 504783 484214 474737 514031 512293 508870 518196 502754 502414 468955 494407 517629 482764 498025 460335 471874 497440 471318 502398 515030 476960 474191 493967 477542 475187 509268 548752 501457 514069 493868 531616 474245 493340 506633 488013 484265 500903 518279 525838 478368 476847 464181 489058 488698 455016 495860 502510 513936 497580 462827 502695 514339 515534 507702 489461 498909 488053 486870 505195 564954 496613 531519 494680 538100 507563 477816 524037 518362 485368 491165 513295 500770 501678 509367 512282 476629 490793 547708 543597 480337 468694 473474 483005 455168 486911 463855 517592 508906 521513 532241 514071 453888 462265 456211 522775 522558 490767 507257 508676 461436 465722 499215 473085 510743 452395 494095 477424 482164 520306 466709 531205 478385 497579 472649 459699 490639 478587 527960 509364 506076 477967 522737 477282 431430 452151 499418 494998 480780 519537 515375 497928 524223 534229 508282 502884 466136 492607 484828 503568 466672 514590
505134 486216 487097 505102 521241 494265 505556 502979 491749 495163 535869 515994 497042 544298 486393 571639 532269 492665 539013 486233 494690 519651 479237 510918 513492 482210 460956 507989 495171 554015 526212 544380 528596 476272 519048 544023 510978 479013 526673 560221 542616 494480 514165 506889 464323 493908 534631 496292 466668 501019 566802 497113 513475 544165 535151 500640 497006 519503 485328 513962 480778 497911 536437 530126 536335 521879 548142 508361 501801 511657 529736 471058 524186 484466 504937 500578 532433 509758 544628 531313 463762 508683 529053 528874 508705 524746 526895 541290 511327 573224 462455 536644 532636 519095 519207 550057 550984 539356 499161 504335 480265 505259 507773 480661 502183 519091 514774 502713 482353 522824 555744 525442 538747 520738 503014 518368 498014 553740 559693 497417 541797 518165 542018 520661 484991 546503 507795 508154 509333 542350 531769 549842 509258 511512 486610 536714 556030 569111 519828 487122 510889 516843 477300 498377 476896 543608 487929 563280 529721 559424 499134 505703 486350 516419 542245 531796 513262 501121 474616 480645 498680 499350 530573 483789 545273 503453 469595 521366 503501 534819 494048 512994 532875 497665 505538 476181 560048 540823 517098 525049 504849 514326 478063 473015 545683 524466 505729 532396 542393 519965 521287 557247 535503 527960 528986 545057 497578 497103 528484 502708
488897 464177 477939 493014 512200 479405 497542 527610 461879 492810 555055 488886 499763 528325 483354 543126 534831 498754 516820 486499 498965 501920 468665 495774 509662 481370 445472 483807 487338 556202 477520 524613 478078 485083 503524 515840 513023 461200 502552 530698 530043 511776 516325 473498 453097 499376 500267 501066 467730 500789 558835 483206 515281 556361 499319 497608 480851 513138 472206 521703 487623 492128 545211 506256 485007 499818 521493 501286 469429 487857 514302 488059 515243 483145 488278 506444 496172 509459 530944 498819 482820 509548 486332 471787 521903 551862 490065 520202 518923 532468 487825 520581 528732 495239 503142 541303 521237 522760 492556 490605 494042 489660 482517 441470 493597 514123 514168 486414 480678 504062 526077 509572 529918 497610 526280 501569 504887 527542 514659 486818 523241 520945 552346 477776 507903 488641 497514 495321 507726 539245 505015 520271 509794 468020 493309 533956 542144 533711 513898 498843 501354 498189 462835 491097 465905 524120 488909 556066 512685 544606 460757 470580 453586 538662 527266 503456 519055 499259 483098 450869 496161 482000 526412 472219 538551 503069 486593 509021 496454 512460 491611 501611 492946 477815 510776 473988 553872 527228 489753 516709 542625 502701 461555 448090 525114 505864 476027 525804 535235 499434 522807 535992 522639 502183 492982 505448 481320 506577 487548 516866
447451 439809 464143 465984 478092 463162 461092 495416 433101 457739 501770 464949 468716 508078 447747 493808 510325 464407 482413 473043 467451 498630 443235 492435 462044 424867 414482 459725 454384 521665 464002 484000 465657 461681 468785 499815 485172 456379 454230 515537 498247 453863 486066 484470 437452 462960 492756 445572 477572 476809 490949 451204 483618 502602 487896 477429 475946 476199 464577 470882 467423 467026 474937 499774 470599 478263 485779 457559 447779 496662 465484 448896 480017 454974 447886 467072 475824 491543 499446 448249 431843 463324 489587 473325 489538 488291 493197 470252 473891 515586 458631 473835 489964 472083 492874 503120 488385 472997 464227 471748 472567 507908 475205 426220 465818 487142 504763 466352 453979 491853 501906 477937 479657 473074 481362 460655 476104 501877 517100 491991 494991 485089 516399 442066 434442 473002 495586 469998 462616 474780 477879 495835 490802 470361 467151 482376 517613 498256 496828 478747 446813 480096 419613 461671 433085 488066 474098 512031 474738 498186 448680 454021 451853 469918 507603 482019 466460 483778 468073 421146 449113 477835 469659 435337 484508 472293 446138 479142 452687 482282 457263 472427 484148 442499 478401 452773 522232 507557 465312 501091 482118 481471 435324 413630 496060 499799 461628 506862 495873 481116 504526 504071 498303 482726 472008 481797 447960 490974 476810 479419
480185 444648 476923 483715 513132 487638 477600 511947 434772 489132 519242 467017 492101 511579 464029 532285 516307 485366 498033 475915 494621 496194 444477 495523 479089 463831 452937 478278 465924 519831 497461 504257 482691 500320 464164 525520 481547 454093 498786 515954 507044 479872 504235 477382 462510 460925 497344 494353 466205 486927 529326 454294 511286 522893 482909 492662 468278 503752 471769 496506 479453 487515 521725 506070 511885 465254 521346 488504 450174 499095 503622 499218 481249 456043 464474 488568 504065 498457 531800 461302 455659 499555 510604 470251 487350 526868 493180 492552 505748 490920 483912 519987 498978 467772 507122 527496 512946 502906 488449 490468 488179 507425 483018 432545 461225 492162 501467 493491 467863 498785 519668 486732 493009 487096 507946 475274 494921 505748 521022 468678 510048 498047 539430 457406 476147 484924 498118 472039 471892 504455 482479 492503 503597 484228 480413 517719 538704 535395 504429 472458 463716 495595 460321 487017 482001 506842 468237 527277 485494 497966 481538 472809 442527 521225 507935 496093 504871 489156 447929 459337 470323 461363 497805 448193 509633 475048 462405 486890 450748 492594 476377 500466 477841 484303 507840 487385 519899 494394 494334 493560 542971 507854 446630 446728 530228 488667 469868 494228 496207 495748 503893 513911 499335 508865 487270 525457 488990 474586 476573 482523
445621 428999 443177 470909 474691 470396 461397 461266 410821 467834 489799 471272 441052 484186 452712 510090 505807 446887 473173 435822 435490 476719 437337 456174 486358 428273 404545 458213 421899 494048 469382 474486 456521 434694 444786 505764 473419 411761 468358 484088 459290 443861 466957 432291 432378 433529 453438 439194 441889 468310 524203 444735 476113 499882 455390 451476 457091 466964 428098 478243 464287 461373 492860 495336 468413 460246 479103 448085 428103 457560 464681 461190 459866 448358 469247 446728 438055 441465 474249 471979 424044 469510 447932 448095 468670 495191 441930 460434 473553 495064 419265 471734 480622 460532 461786 469391 475378 497646 460156 456813 449077 456402 446835 443114 441438 466523 476088 437453 450846 453842 487613 448747 491970 466044 458594 446206 463081 499536 491150 425041 479062 475188 484430 441756 459195 463017 450263 479272 448512 464288 470114 505943 474857 461285 429319 475619 477039 524326 474555 423067 454088 466577 433767 479328 416437 489644 460928 517652 464076 487349 429640 438579 423990 468696 487228 462126 443906 452199 429300 430760 484572 429314 458247 436599 459516 443451 420724 470480 443694 448892 454068 440726 438360 437005 483233 440710 512649 502015 459060 474598 487892 457896 429812 412305 475582 477653 445326 478890 456395 440911 463002 494390 483160 462850 430696 465955 441293 447947 462086 481974
469625 458399 477428 487521 507267 488313 512796 511157 462956 476205 527760 497343 479291 503623 468117 533175 501167 479471 513811 473572 489552 510628 449967 496488 488490 455988 454463 504819 484360 541945 504959 485988 494641 480250 479636 512548 496301 481154 470656 516688 523553 490425 482671 489417 469413 460983 495957 481242 477466 486513 550729 466189 511779 520069 498746 486528 487276 506334 482660 481852 475607 493568 520841 536331 524021 498529 493639 487542 451202 511284 506264 481689 499484 457351 484738 495073 485551 494105 510729 482857 470865 501148 499790 461719 499172 540311 495343 511164 497257 528061 467401 500487 499418 478847 496919 491430 502718 523720 492245 500343 479492 506899 509710 468977 478168 497909 494211 485881 440728 516822 518017 512975 515175 496894 474576 488090 492021 520395 551740 469326 518746 484291 540273 470133 450049 518233 487244 471296 491703 485515 534364 528903 507541 503413 464301 519784 519802 527360 494692 466312 475325 485239 450300 483018 478267 508298 476387 548140 492455 525798 460536 466857 462628 507549 506557 493907 478232 475873 440150 477749 488977 478050 492018 466353 512715 468438 462758 509501 466079 494450 483446 467085 475145 475126 497686 470690 496015 516776 487948 494646 518885 497835 446520 452559 526007 490101 482493 494769 494896 496929 500711 517858 501839 500860 495414 515066 456701 491864 489603 483117
465215 433112 459668 439489 477366 450734 462192 480947 430045 464496 508578 449990 433155 505851 419693 495209 492957 458114 476751 459089 445000 453963 439475 468746 476768 453811 426459 463933 446118 502321 452683 454439 451256 443032 466804 478109 482397 413221 466999 492992 483280 475982 463361 441347 445882 465230 471470 433315 443756 461371 513787 425237 461148 513102 480561 469457 456934 454181 438538 447410 452646 464414 481118 500642 474536 479343 479580 457955 439113 456702 481384 455347 488447 439083 444856 474855 469140 457597 486378 466590 429982 498965 468976 460069 475028 501696 436714 478296 470443 485195 439106 462928 470875 462102 441034 495328 486089 469824 440064 457386 475691 453945 457162 431804 470207 480212 452652 457413 439948 464949 523378 473016 499942 437884 458613 461846 491113 506843 455324 435413 502658 473178 508267 469874 442418 460682 450253 452006 458707 488836 466882 496660 454425 458047 431058 482626 481895 501260 478698 459928 474648 432876 421202 470791 430141 485143 443058 505817 455523 494554 441200 437523 435845 505272 479298 432516 459632 471505 424689 410649 434246 447998 479612 440814 479936 445538 445633 477379 430815 465736 436570 449469 454700 436713 442013 430246 486539 459151 456224 451313 474367 472035 423455 413151 500881 473212 461497 469550 485375 444218 462276 509273 450874 461604 462691 461905 438542 456304 431309 469662
512027 471378 497294 508576 510155 484408 527482 522922 457673 508975 544564 511692 525130 562151 504665 551778 568468 497052 521572 496786 525367 503129 466964 522020 522509 493423 472756 514390 505199 549735 501404 524657 522842 470397 503784 545639 529149 467775 509158 545273 568164 511524 518556 506978 507649 469967 530548 501709 515499 507509 545509 506512 506657 543342 516429 513186 507374 516534 473519 513478 517919 513814 533155 515113 530870 526266 541354 496357 482534 515741 530036 486255 512792 494211 482943 502942 492965 522514 524727 530055 479233 524503 511530 511342 491353 546315 534444 515646 523530 544046 481146 535175 511957 489557 508795 544085 553254 533899 484375 505080 510844 521655 508315 480731 500338 493773 521029 501438 506796 516899 547137 524088 539913 507404 522960 534184 525826 543273 547278 493498 543712 529470 558345 500545 470401 526273 519418 497785 504444 519144 543322 547076 506130 506881 514029 545854 542311 556784 514353 493244 525244 500794 475270 533653 486403 545883 511802 551710 529409 544894 502576 496521 470611 532688 544109 510865 512105 506376 490257 479547 484685 480936 509154 470526 542836 504388 502813 487724 488378 525193 506644 502212 499999 486249 532785 487930 567031 528274 528542 512504 509709 509323 480570 441521 546580 554766 509507 550749 525128 495609 508472 564917 521700 541506 508422 525550 481663 505686 502930 517087
501238 487533 502679 522374 542888 501234 507556 536087 477235 512251 584583 518921 510606 551795 499522 542613 576115 534118 528246 506170 515650 537390 491367 543652 544110 485187 481116 545102 503608 565633 517105 509659 502447 505000 496621 549191 523166 475233 523901 566934 548302 499942 530309 520867 504821 525071 550553 528794 501670 518977 584885 501089 527522 542340 536866 512381 515087 535928 492012 528229 525156 508483 533923 554539 522881 523723 546302 522370 483334 558531 523632 505591 539978 489916 501129 508585 518129 523973 544676 519343 504113 516928 522016 498156 520218 558796 526908 533190 539247 545381 489344 533863 525043 527499 531413 518363 576051 544188 495135 530964 532846 533552 522977 496502 512990 554511 514019 515189 504082 535115 552412 517042 532420 511185 530793 542543 520242 560454 560149 503629 549692 519532 569887 500680 490612 530686 499727 510424 534441 554283 544387 569072 521083 522362 494227 518383 548999 562218 536779 498869 518788 500112 481828 549259 486352 544992 515145 572109 526028 543154 496417 505106 477208 537794 549853 531559 539338 552167 506546 461169 507825 496933 540460 493612 537802 520559 499483 515008 504849 525024 521050 507934 550163 504864 511820 496770 558337 571094 512383 537394 521491 530537 474339 469730 532919 554457 527150 550611 531094 514194 538115 600281 528632 538948 517613 513216 497436 523037 512442 494641
480587 439062 474461 466198 487025 473171 479733 517625 454224 456758 548941 467625 470206 539228 484072 540261 550528 509765 476184 471936 497140 520554 447349 492427 480176 471376 460210 492277 476489 512073 488685 505115 487847 485241 472046 526342 489342 460815 486351 515892 502196 482998 516442 502554 463537 484309 473723 468968 476710 500118 527382 451870 516434 513484 481139 492654 466492 495601 461151 513432 486846 470956 516933 510039 495282 490432 504824 494837 443121 516119 479188 487260 511282 457044 485538 495363 487644 488181 512054 466914 452170 506118 492271 474736 481836 554921 486689 494180 494593 524759 479843 503744 510733 495417 488541 506491 517966 528399 466944 479505 480221 516611 481086 460575 473940 509645 513241 471727 465022 487543 528467 473547 504183 480646 502692 476162 494878 509656 538554 439318 520469 501570 522768 482649 476881 488390 490686 496493 480509 513594 506367 515677 492265 471970 469340 465919 511304 544193 504723 447915 464376 497654 446908 518889 444341 523192 471579 540580 512779 519459 465297 457416 445975 501517 519074 480925 506118 502511 455563 460985 484380 458101 466524 491941 487292 452158 463967 518840 450710 484234 468771 474987 477128 462001 492106 439573 546295 518846 476329 487610 509126 514928 449268 431343 504543 488684 486353 492302 504248 480587 511796 527604 488495 485465 485287 478546 481069 471255 505786 494428
500543 456045 484463 497630 503076 507636 506655 517330 463556 498977 561698 506708 513099 516280 489998 556823 531783 471446 524113 514694 477397 518694 470662 499452 515183 462537 472765 519282 485874 543132 510423 520695 508897 511465 506172 518254 526351 480985 527698 556455 546551 517268 514154 505573 479166 490815 516486 493085 477351 497504 549815 462981 507973 552097 520573 489170 483091 532496 463503 511665 513748 469470 552433 530328 528361 516335 532742 500303 478254 509529 516218 492310 525167 492278 507655 507574 505979 487971 528991 482937 490747 522814 479676 502620 510554 542719 501905 505046 522494 554355 484625 523221 524315 504284 496285 507867 520350 531931 507404 516487 507340 507903 500580 461721 498729 534092 535935 513412 484924 507394 530055 532810 550365 499564 510521 511684 528291 551223 541973 476355 537780 498089 572271 509733 486348 513158 506712 508853 514713 531213 522471 533416 505440 506487 470467 523297 521299 542385 513320 503747 499424 520531 454814 496050 484560 560564 506263 559216 522413 538737 488747 502806 469284 508036 526173 514596 518081 522110 511026 474555 494778 486767 497259 478915 502216 495655 488921 520939 491774 506249 500500 508994 486685 497202 500171 485054 556735 532531 532977 518407 539496 528553 469557 473662 527539 511091 502012 512157 510986 513865 540782 552584 522148 545859 497488 519028 498406 504016 534676 499714
493041 436510 499020 507463 517795 462485 493371 538615 454360 474779 525409 499613 490496 538226 501201 546460 537545 493887 505609 483962 518468 542125 503264 501059 511513 489660 455037 519464 483975 550958 525816 512511 485675 508573 505199 516997 506457 486844 512431 543433 520515 500370 494092 484834 473326 496818 500214 483977 490971 530837 534933 465735 514973 550374 515542 493316 494377 506194 478327 528107 498325 521828 510704 499126 541003 511244 529203 481555 461635 526522 520773 503233 518061 484795 501067 487018 501479 521450 530859 494176 466214 490028 500071 483692 528265 518174 506399 503450 509806 523504 486063 537029 509513 485163 497867 529901 531997 516819 493544 493978 490398 494856 486606 484368 490879 499125 516381 508310 490021 497021 534643 526999 536404 528654 501728 503621 510130 521648 546549 510707 537907 512810 546430 481835 494980 515314 506524 507491 475837 542284 504220 542129 488155 479727 504846 515684 531592 558274 487653 500405 488572 513563 486579 494597 473970 531969 472563 553004 509119 525684 491642 482535 469520 551815 513985 516208 503746 500962 484723 474228 468077 480140 508227 457058 528564 508299 454882 499808 465021 515483 519782 496640 501032 483783 479428 478983 563401 543974 503633 517256 525596 511142 478799 450630 542227 521621 491316 518017 523933 479237 526834 538724 526666 530054 506049 526995 495666 514873 528263 480390
503973 473885 512133 505834 509569 515495 512297 535959 472585 510505 550681 489211 515177 544933 499886 568466 547914 526078 530221 495894 518506 527437 475070 513507 506527 484279 463916 507629 493361 574462 516232 527209 489367 497516 488924 555243 506111 473259 499153 563498 522917 499447 511412 526559 490492 493676 523647 519202 507533 515812 554586 463044 510835 540909 530905 511106 503841 521124 471063 535004 497375 492995 548000 533683 509693 522246 532950 530028 499065 492433 507091 505428 523738 482086 501913 524212 519154 518017 542411 527279 474657 533554 506670 497188 527544 562583 521306 525724 493241 537806 485868 519581 536984 494241 506573 551691 542865 553969 514434 516683 490161 512955 489885 481122 501358 528820 524993 523684 509323 514356 539341 517036 551043 515828 514379 482544 519175 551876 548754 483619 534205 522506 551685 486760 511768 526822 506428 500573 511798 546244 521644 520225 546864 504163 487150 541313 558588 568276 510673 499867 490726 520294 471535 521554 465047 519671 499220 579822 518609 528420 489131 505287 472925 546832 534393 517919 523026 540040 481903 462842 503186 489214 517149 483163 524914 510244 476897 548871 490510 528452 517530 514206 504889 481322 500701 490433 552546 544608 520449 496766 543422 522222 466928 434308 516833 528517 487139 543008 556358 493393 540455 553032 522758 546300 503588 515851 502875 504968 496634 543672
510055 476018 478602 498962 515842 483434 530167 508069 468157 506047 542846 479141 502665 547997 475752 547425 580346 495156 528118 494970 501747 521143 455494 529722 509534 471402 460765 529092 516454 544092 513708 467722 509081 515313 502883 543393 533016 486455 504264 552208 537137 489808 522046 502752 483032 485536 508493 483724 494255 499348 555951 466248 503654 543432 502009 524053 484713 526789 487094 487386 511200 483536 531531 536881 510546 527733 535895 513979 495173 530586 511182 489422 537084 472261 487169 507208 492724 520928 522161 497011 476004 506697 489396 509615 526844 565421 506591 509182 523727 533123 489985 513688 527547 508674 510982 540457 541670 543514 476447 515201 503862 528558 517170 479114 493078 516425 523319 491852 493108 528825 564650 523383 526656 506803 482437 486588 512419 545479 528018 482933 554860 515965 552291 485318 490857 510944 511078 532200 496622 540673 518855 563482 521210 492121 479825 514183 551672 550540 528497 492908 513285 525631 464587 534920 483570 514109 509118 558184 521101 530771 491583 502934 462744 543870 522084 521038 510705 511573 492502 486570 512350 507808 492109 502148 500239 485514 524152 536487 479503 509265 504941 496014 505168 506382 525756 482560 549372 516522 504634 518335 516780 525659 475795 462664 546196 494086 493179 509636 541017 495775 527642 567035 523376 530522 479686 488169 494379 519300 492363 508104
478979 480532 502970 525938 530819 511036 515835 483206 463539 516587 544905 484592 493723 531697 503368 545731 555290 520785 506027 495724 485611 511258 463726 511037 505848 463935 464206 492283 492855 549580 498959 519972 504954 492452 479762 545094 523375 471816 519199 564159 542239 496978 529914 516454 475503 506061 513784 505077 482028 496301 541118 469734 513177 542320 507686 503503 478561 509833 477619 535273 493525 488329 554434 513783 553104 502018 545038 517989 493014 512214 527598 474436 502082 495872 487391 519060 498893 493754 539723 505548 485805 512101 504849 483249 520042 537190 503867 519768 528828 544363 502432 516864 512211 505851 507224 515220 544914 507815 505053 507198 504529 540274 488703 460468 498704 515297 521944 526653 493469 523947 546132 515924 531162 498814 524683 535533 509832 531214 536523 497271 528819 513046 563166 487473 484964 529302 519655 488828 495598 529408 504345 535240 511084 514830 499850 536131 574110 569391 518801 486415 502370 511919 456338 503493 465068 522351 513348 561204 508189 537816 482798 489984 476607 505033 528496 514260 502376 515383 457122 471076 508072 480389 519363 488852 545133 504914 505939 522368 491404 539036 495153 502394 508465 506324 506238 481502 553760 531494 544669 500094 526055 517210 481249 461199 546382 503181 502604 514909 520083 514532 531287 571112 522975 525180 496252 518341 484013 484478 496144 516481
461558 437692 450080 468549 480810 436884 468033 475782 444110 457817 517119 459212 452774 486374 450891 500166 522075 461809 472226 456119 466917 508753 437768 489678 475808 430468 457893 467952 448477 508104 492694 478223 455255 463743 437180 503010 469520 455522 466038 500893 484917 440806 485012 488723 451545 452560 472890 470920 464892 473153 504213 419866 489692 499111 458003 489084 456242 494506 443483 475308 465534 471661 500804 484417 484315 478552 490167 469557 443826 483978 493067 441997 476551 433316 436620 447468 464620 470330 496951 432905 461511 454384 468505 468726 465442 501791 460984 486428 488768 478600 457679 499236 491481 468650 465974 480913 490140 488979 463128 479602 474265 492250 480924 439919 437958 449575 480129 483287 440011 467472 513676 490002 467167 484651 481475 465650 454084 482834 523600 458032 482472 485779 510982 438514 465147 470593 474330 465421 453334 493606 461149 499581 472315 464427 467726 486489 494372 511754 468978 454300 448567 446457 437542 507275 464636 484103 451871 539546 463096 500004 429850 446499 416346 492053 494177 479495 471645 466203 436244 440329 453193 438753 467881 446436 466418 465476 454613 474287 433194 456052 456994 450743 461502 446505 469877 428632 510629 509871 472193 474499 486671 459294 428784 445756 498860 473143 443013 481540 495355 472277 483826 500797 489363 484358 474351 471444 442225 478131 475530 461224
457915 467584 434817 460454 473554 443949 463196 483572 436427 481417 503003 464524 472199 470656 453066 492044 510314 449666 468031 434350 475519 489734 445714 468171 479216 441928 422503 482780 445069 500851 449980 473368 471288 455358 450104 482151 465441 428468 462839 477506 498705 458429 489455 449726 447952 436058 447067 464548 437679 440728 502280 437793 481877 491076 476272 445901 447900 483410 429483 462140 466929 432697 485200 484284 510101 484962 487652 463497 447613 496530 485556 461997 495105 447721 457515 494325 442295 483985 485355 457806 422136 455826 457152 435536 465374 502658 447477 475792 476946 462720 460426 489731 483029 442285 464254 494876 462480 505472 439027 477950 452855 468330 480757 437991 449376 471723 462257 447884 458002 487732 492787 485922 478411 454240 465075 445301 459255 498163 501558 454473 493848 484865 506874 437766 436008 465994 447046 489901 468556 465531 480019 493540 470570 450423 455481 475362 494580 508798 486999 442148 447664 463744 459737 485453 452903 461032 455981 510041 468390 489054 456944 467482 417934 474045 489368 459124 477663 474605 458386 414968 435906 447038 467499 421431 475752 449651 448072 466133 439867 481714 435296 458756 461273 438634 465455 464702 503836 498102 456844 490914 477703 469957 435870 418025 476639 463408 468232 465806 489702 460128 484198 511176 475510 462285 456708 478341 427418 457454 451370 456464
496576 449640 483984 490116 520346 466729 496348 517686 466403 507116 532280 494949 488893 524894 467374 520151 530009 492499 513229 474872 495559 505646 452440 507985 517924 449955 480178 506433 468066 548598 492050 506420 475852 462861 489830 518497 526804 452141 519202 521020 496219 473302 492993 480601 478717 481497 524138 484894 510317 500287 547156 467355 506485 519347 498231 485609 491910 524819 473391 515335 515216 481590 535090 520267 509996 531285 531122 490400 486206 491896 515583 479012 499206 472836 513878 463358 467408 510371 516604 494067 468987 516817 482477 490573 501457 541023 488873 527388 491975 516816 457847 509745 501945 479698 486654 516223 520845 524542 470745 506446 497325 480990 486599 450321 490570 515568 513910 502419 491485 484229 521298 501590 514979 475628 475296 496969 500113 529878 529323 488727 509662 508708 534014 491989 461368 511892 485760 490562 496964 531559 500977 526295 495014 476521 475925 525101 512788 527838 513648 482629 483241 511655 467785 492599 454284 520361 502336 568622 510698 522254 481668 488496 479850 513785 508352 498789 506315 505393 468138 454952 494748 480572 500873 477184 523772 504514 473830 517507 507472 512174 497322 490714 502378 473810 484752 456880 547910 510750 513521 525623 512869 501281 451309 448554 480061 511284 477234 527144 509128 483180 507403 532143 511864 511928 479099 502739 474317 508772 512621 510582
477725 465940 486620 484343 493483 496131 501888 499378 463364 475089 545115 491204 505608 534605 475972 537288 541027 493589 505635 475005 487343 521375 468498 502494 488989 461310 473365 487755 486382 525058 498711 501079 498092 454327 502709 529821 505078 471055 505924 537455 525947 479986 490405 494913 497205 468810 491282 503433 492119 503305 555328 447686 513831 543516 502126 485364 484303 512233 467269 511722 491477 487452 518653 521973 519859 491200 536074 497502 464914 492283 503129 478428 510668 493957 482114 467941 465740 490839 514260 510530 461680 495051 479370 487412 486969 552169 499504 515499 502775 525506 476873 496673 500801 491918 495530 515934 524269 514808 483569 481620 491341 510823 499159 473266 473739 498075 503515 493287 461295 502895 532332 495223 515549 476483 488910 504751 485558 503651 530267 485018 527163 476020 500822 483944 456482 540894 516636 497088 500002 508857 495547 522047 507103 493989 480294 525227 526794 559456 503588 461433 487263 501658 446534 523514 481393 527851 476324 562140 504022 546889 477062 496169 442149 546564 522588 506575 501726 505193 452349 452101 507243 465226 494892 470690 495860 480425 483567 508261 459692 485460 501154 483539 486105 480964 532578 488279 518402 535209 514470 486697 514787 502265 484108 453858 517882 504304 496605 525653 500385 506174 531187 526942 504942 533510 482788 505627 494472 494357 482389 504512
505076 456528 493281 501821 544252 472347 513408 525459 458402 498438 538786 496962 501699 556346 484131 561476 547677 515816 512066 495799 517073 519717 466466 511475 506925 479105 459935 509733 495943 555530 492188 513742 509165 504478 507000 544546 509333 485169 522645 531305 545798 490570 520721 507841 484717 495054 504413 476975 482974 520728 552173 480151 519085 523705 507438 507075 493920 513318 470334 532156 508365 509119 531314 530908 532195 522173 545217 514557 475883 526560 510870 490228 496677 484728 487172 487394 486918 521685 540000 503063 492601 519610 500099 488864 516307 537805 505759 515296 524582 534357 515801 520096 520855 493516 520238 541293 539669 536723 493963 497292 537769 510202 502321 449515 508862 525970 527897 518587 490369 513032 546831 530744 536565 503326 503584 515754 496567 540897 540953 503160 512144 506802 538442 505292 469253 512921 513572 501488 504279 534489 535311 537302 513720 512921 490670 525255 551044 553258 523002 488445 482892 514255 472719 496809 481086 530330 487116 549055 521026 542164 481993 469033 460423 548950 518376 508573 498349 504900 489059 490958 501618 496958 526299 489817 544367 506595 501131 513926 491290 530160 518295 505666 505321 484898 516494 507946 553496 508263 519670 518068 524230 526047 467846 462241 551257 509547 505187 525891 506479 492694 536197 562082 550307 525832 478409 530375 491750 506957 515514 519335
463411 467201 466423 497441 515097 491085 503364 512882 462469 501455 545593 498977 486879 527201 488263 551412 526695 489317 506881 484437 513953 498625 490867 499427 489029 465351 468341 483361 491404 528750 492064 504740 482362 477432 478340 526212 513564 454188 479671 544962 510199 487721 496166 465429 461623 472773 510108 498252 487021 489658 548007 474855 512503 544180 492028 517064 490713 526700 458592 506027 485972 501354 529153 495688 508483 486697 529653 498472 470826 497140 508068 495579 501351 479633 469330 497842 474716 497193 495095 489671 454566 494421 495298 481593 511441 548098 486065 514598 501575 527365 463964 506079 527375 517188 501185 506224 506217 509417 477379 503937 493261 509979 495725 451770 485801 512876 507372 486083 451370 517356 524948 503464 505214 512912 502341 475820 502338 513809 517028 489320 524277 505342 537107 493517 466610 514182 503015 499953 471977 504418 508864 516017 524399 485836 472127 531142 541306 542022 510655 499209 492689 516698 470589 515249 459437 514797 481657 549250 504106 520278 474036 471496 445305 524634 524757 499054 507666 505805 476864 457046 504424 485119 494571 455398 515512 480468 481546 502632 473840 500435 470221 477059 473940 471358 511030 474353 532758 544758 502173 529458 528413 507932 463001 462280 542904 506964 472249 525557 517296 497434 501815 539617 518195 517636 505195 482381 477177 491161 492062 491562
480916 455316 471762 478063 476314 463970 483197 501169 421467 474835 515726 479268 480016 492578 456304 511878 525866 487844 490341 460205 474708 481130 435878 495770 476092 464251 451351 474309 473437 508157 482482 481805 479177 460154 479587 496868 490692 463976 463442 532883 520824 475299 469019 453110 447474 466598 482191 483469 446837 459260 512183 452741 467484 506883 477635 476045 464580 513041 455649 467339 458840 450858 500426 499481 502349 505376 498687 483402 444391 513534 506985 477493 521587 462315 479188 477979 474173 466599 502396 454714 462120 508458 472073 454204 478935 532219 493399 495863 476374 521081 426445 471380 496250 477203 483936 485676 509924 511673 470703 480112 481454 486902 464709 449830 461450 481099 484301 489220 443277 507684 514739 512839 502859 478609 475994 478362 496187 510401 529555 455528 530473 499364 522688 465359 464949 503982 470068 488528 483604 483154 505802 496126 500825 471230 481803 494763 507200 531015 485411 436681 486063 483124 454368 485899 454831 514551 477504 523763 507496 502514 461886 450893 450047 489831 488295 471010 474161 483219 458147 465776 488306 467099 484222 460034 503611 470199 445861 480623 457391 495796 440623 456405 455113 461961 462279 453254 516221 491250 506516 479784 506997 480558 445583 432061 521370 471672 486957 490834 488241 496407 496692 533292 502167 508097 493371 484100 466257 480939 465799 483112
485003 447394 500345 478979 503263 489979 493488 521771 432840 482084 541096 462392 469522 516071 457736 534772 505470 503361 512328 468069 478787 483745 473413 493487 476017 475657 460736 488136 478701 523043 481037 492552 501414 476193 494650 509446 481755 459363 488477 503837 534046 483733 497009 497521 475517 483297 496096 469243 484048 483633 538706 457717 508698 526798 502367 490405 502362 499572 475588 496553 477336 488864 498839 534906 499264 500697 518424 511129 441229 502784 496721 473552 527478 460515 479788 501102 452583 505374 505292 495819 464395 487984 491977 476104 492035 542856 477465 519307 489750 515616 452442 513541 492657 504272 483098 496140 505926 504792 478968 483600 470154 503106 487155 427687 494277 499515 508908 479684 470938 516207 509092 479135 512995 486924 499667 462071 495817 504211 531820 464299 510924 492028 517381 488944 446674 495434 473009 485594 495132 498911 508300 532465 520409 478520 461706 509973 522740 547127 509368 476678 462806 482766 447151 503000 466306 536393 496383 521698 501170 514473 451582 465258 452854 510781 481052 488253 513926 498302 473476 435435 462300 472114 503224 452994 513333 491177 467674 471766 465885 521725 467494 479766 486174 469881 464324 483606 522861 502517 507484 486063 495998 515578 442452 449677 520212 496956 479459 520715 492416 496592 516155 539894 507547 504682 498797 510491 466067 492897 476934 479560
475087 443787 488655 474970 505154 474375 488543 515009 431758 480984 538052 473197 487856 511703 478992 540014 518643 488003 488270 466704 452670 515933 465387 484462 512005 477205 457745 508882 488659 531397 491365 498132 519592 502638 451269 517907 474306 446681 510929 536356 521202 494992 504617 478869 443496 485862 488896 469793 451064 468486 548166 449744 488681 519763 495865 494519 497543 488699 470219 491171 476173 452149 525895 498442 502219 529780 531597 501914 462247 499271 504746 470576 501164 464316 486217 474881 461359 505543 510193 480273 473409 485343 500786 474152 482182 519103 498159 490323 500531 499467 473937 508401 505398 492293 492989 508802 517830 515188 463848 506140 471887 487341 484823 446204 466017 504907 489583 502645 472766 522021 502035 493925 520587 481663 492682 505479 482898 499874 524286 444839 524663 470729 521698 461138 472486 490615 479889 483281 488650 501734 510588 524218 491753 493246 471358 521562 518511 539918 488221 474610 496485 484757 442188 496368 460575 504974 479764 537883 511526 505760 444265 462162 451579 511397 481636 478646 495444 503843 480492 436661 462882 468761 515246 461920 513727 470059 466419 504793 456659 506345 475222 484643 471138 456893 478621 470569 530627 527769 483081 499624 517805 496926 443065 433447 516330 492362 467761 515547 481065 457683 480691 542348 488400 504830 483968 486556 483546 467275 483256 496884
441375 446466 472886 473658 490103 451504 497523 490549 445402 450681 532076 477933 459431 504802 476139 519598 504829 486700 473221 453248 479872 491573 457178 484153 484032 443615 440738 479262 465233 526018 467446 485251 493920 477170 465036 510234 463399 465100 491183 499125 510183 468552 477963 480985 452156 467267 465249 461033 448345 473543 547361 450770 487541 523672 498090 465396 479296 512303 442174 473060 482976 476332 496019 483241 498955 488005 495825 466497 451170 487689 481635 467203 492277 446845 458540 465906 474098 469369 506369 491104 444233 488546 503679 448864 478914 533509 505929 496341 480664 527927 466573 477340 496770 476486 491242 484436 487761 502078 456564 488980 469000 471865 469842 437953 471838 487582 464093 474330 448528 494122 497975 484433 494319 474253 463288 476585 456712 511477 524064 445583 490943 485614 521436 468869 463449 511145 462909 454683 473454 499765 502251 516617 478449 480307 465622 508618 503112 526596 483955 460096 466396 470038 436831 498583 458444 493577 470627 534560 483587 505021 444918 464068 428381 490635 494910 449783 470656 472767 450090 444370 471141 455280 488321 447624 489483 460535 458674 464892 449433 495931 460412 488256 473694 464403 479205 446991 487214 526262 459323 488779 504112 476891 440326 442736 509605 460174 476582 503959 481769 466079 496450 517596 497523 486753 475000 462851 443854 446825 454525 482306
489029 434039 492021 502568 485457 478911 485362 518853 433656 465472 541837 487617 471627 515036 480209 523197 516352 489002 499455 482174 481369 499463 471740 489092 493437 454243 421824 493940 474047 495984 481998 490191 500119 486789 501362 515850 502026 449947 490895 513906 517702 500017 488229 495385 463558 468940 485512 467412 468195 492033 519816 473667 492416 529023 492323 473835 465187 479831 459188 487127 453511 469745 510221 505012 515529 496188 511384 471841 450829 507134 493664 478933 509300 442377 457959 478392 463336 515626 516255 471419 465697 475053 485614 474551 497948 513200 508597 508509 484696 506956 465586 506927 516035 492446 494722 515906 500418 522095 448677 494240 464058 497624 484592 433024 472876 499207 503557 473654 472428 492382 532744 495497 507346 502434 496710 468373 482915 503438 539259 476755 515494 481316 522448 472862 479186 487751 444608 489914 483089 523510 495338 509259 508085 477669 452359 490143 540656 528324 500893 467018 493482 479698 459168 489866 481690 533897 487174 523602 494894 534698 446277 447390 448931 517299 490628 491554 515936 483420 467830 440824 478142 479533 467846 455249 504469 479626 464620 489095 468127 525004 484396 482788 466220 487138 483772 474603 530434 516465 485858 512652 498521 510987 459513 418396 505406 503994 480894 516941 534397 464756 518145 530356 493330 512287 480434 489431 481805 498799 480393 490197
489435 478190 465463 491883 509386 480875 511200 501251 438181 482704 526883 487911 492580 496047 470334 529187 522757 507583 505634 472797 466854 525167 461698 520996 508477 445667 455189 494566 479432 546442 468640 493427 481921 454856 454456 514063 493744 455973 485126 546127 508275 486186 495809 484389 464292 480717 523652 505917 451108 491922 545183 456493 479882 528561 482447 468042 484863 529343 478150 486153 497939 481058 499606 503982 487000 503379 509490 489131 456121 495227 476015 487731 480358 476705 482776 499885 478161 506652 505245 487530 464597 490812 502971 476663 505004 522087 459874 512111 501297 506167 485420 523760 525826 488028 499208 526874 494603 486341 488828 487551 464389 502088 505032 445194 473555 491982 505493 489352 462081 479678 509510 491917 503882 480560 482393 483980 495632 513943 513775 468825 510836 498227 536482 459323 463382 491255 465405 469248 492792 522013 518652 496528 503815 468553 463390 518607 510193 525901 520995 480537 478405 497987 469044 494293 445547 517332 479290 555409 486923 514862 479733 486746 461278 504733 510019 500408 491757 499357 449459 443976 466846 474082 502585 440057 526768 472056 470571 510654 476892 498557 469582 485344 472929 465295 485077 468114 519067 514495 510799 521426 510593 511538 458063 446094 511149 492601 466676 502742 530872 496050 502209 523515 501656 513748 494185 491385 483487 498423 497642 495537
493620 441352 480275 485207 511426 481521 488753 491101 463789 495354 539848 463487 487990 508663 472724 524041 542155 494049 484191 474690 473216 515338 461958 510448 494227 461029 452622 503008 476340 532190 456052 484880 499802 475045 476787 530998 484912 456722 504598 532899 532274 490094 514409 505858 479082 499113 487397 482748 487120 483601 550102 453528 497340 528577 484884 517574 512452 509739 484640 503869 491174 494981 516316 531755 522881 492926 531063 488425 464489 502450 500829 491710 493181 482581 490180 484494 481146 489171 519689 481125 468161 498011 494520 493696 487959 529558 471606 510557 481403 521749 463541 513055 498176 493873 456378 514377 495351 533120 476678 504309 469483 501338 495559 452888 460630 496579 507815 507146 464889 499050 534949 497771 506400 492312 485031 493994 504827 509891 525815 461540 520423 479731 503076 469087 478525 513880 504458 485526 476637 493686 490496 527314 478198 479953 465480 504195 532777 544229 497506 463636 480082 478289 454422 497562 449865 522148 482400 517297 482721 529384 436221 463085 448333 504048 501894 492022 504978 494638 474811 449369 464214 463221 516284 468630 493820 500031 445198 516379 467390 513886 475242 480886 474008 467903 505135 479523 542690 513941 499369 492666 526109 493161 458890 456758 519198 472379 475283 512330 492659 495948 499759 524617 503452 506545 478933 505523 472829 481882 473482 517792
530310 486301 500648 520964 501303 498020 504587 493560 471946 490814 546231 516951 489743 521500 466848 566612 543192 519602 538389 502355 493866 527106 477630 525602 492565 476751 475664 480227 501309 553590 516238 532372 501691 481241 484702 545931 521622 474487 510476 545706 547751 491104 523892 504529 477909 491627 510290 479291 477783 505646 556021 496531 512426 556448 507923 506308 479510 518128 465485 501207 471906 495511 543438 515677 521180 515851 530054 516131 484459 508645 502756 495868 526440 477984 510497 513871 529451 503136 522766 518722 511626 492027 501987 498183 532028 544222 514421 525178 510283 541425 464143 526358 539041 537783 502375 517124 535746 540602 492387 512109 491771 518096 506234 463267 481348 524835 521003 501287 486643 523981 552505 487793 542641 537493 523334 513599 503062 534491 565503 478334 518865 521638 567608 482767 472157 520859 493361 497012 522570 534465 505445 551980 520115 491121 482375 532449 563299 555522 527681 500004 519378 509501 469682 506831 491797 534772 509607 549623 530257 567818 473307 471368 471379 534427 527653 506700 500253 512718 491568 472150 505146 505606 518238 482085 514563 514239 498254 520266 497404 521913 494055 514337 496729 492427 513287 481598 563175 556483 507773 503327 506603 521172 474806 446725 547715 506759 513804 544946 526687 517348 519722 546612 534631 521172 504255 516423 514157 508311 513145 523828
450669 392240 445465 456768 447809 439297 467569 462491 423049 430107 499576 444442 444509 475937 452062 457595 482804 472928 475177 430022 449311 459060 443443 481719 437024 428616 408803 472918 463872 484491 457766 438857 438519 429350 446859 459550 465381 423814 446557 473593 487871 437261 458260 453713 442314 438823 453359 428825 462585 465609 505778 423513 473489 498063 456757 443240 456124 459493 422657 490006 446765 436109 477440 461969 464849 487336 490645 465895 439170 458668 450764 446266 467854 429582 439726 441864 425523 479101 478420 461371 442460 456451 437143 426368 458137 492454 444597 468611 440968 462295 423749 468396 439593 442588 454123 475613 459416 452456 451887 458362 463898 445644 443270 410102 451452 459189 445684 481017 443378 460078 480487 471426 490297 448942 445075 457800 428592 455075 487501 450702 475790 446940 499288 452782 417679 458407 457779 445083 444060 475767 463991 476445 456854 433358 444953 488853 466748 481607 464398 452794 430201 459686 408834 457241 430142 475956 443005 481061 474258 477958 410484 446090 429767 484021 467002 436435 476852 478736 421792 421440 440917 438465 460957 430003 472235 455936 453672 472782 434333 455791 467906 450239 433511 427853 452042 417737 488788 471154 471349 460019 473388 447905 401596 399690 435685 479430 433209 477209 468587 447579 473402 488380 450898 485971 436549 458493 452536 468151 445468 482430
494404 465276 491959 505691 536619 508380 503529 517739 485819 496849 536198 504064 484608 532194 484738 550952 550582 517959 513105 490812 515899 548098 482586 524397 502210 492811 475155 503319 481997 542640 516430 519502 502688 498170 491851 547489 517139 473295 489769 529886 532201 500867 525824 495582 484081 489901 494308 478070 495856 512439 572166 484519 523841 538757 509380 507188 502035 523062 476972 520188 486121 486305 539379 536327 534963 492418 557581 517165 483693 532753 536134 495120 507118 488508 501819 505591 516445 508411 548126 510947 510975 491811 510879 478961 502232 547328 497722 516084 512488 530461 480895 499165 527160 517155 523214 543209 510258 548579 505011 512602 514658 519082 520347 460262 504981 498740 502798 519918 468149 537743 542950 529629 530873 508759 496069 517080 519827 532791 528006 491202 549226 499936 535418 499236 477178 522076 493714 495397 507363 525343 541283 520091 520715 505218 492473 529163 565194 541255 516495 504866 523417 511421 476745 521183 490783 554273 498157 553031 508388 544046 461457 500227 468376 545619 525080 522430 510417 513724 486292 486603 489928 487186 546518 459693 523121 499572 506682 532157 471150 529760 492877 531768 481647 476180 511915 494752 549509 536107 513895 519155 520293 532707 490806 465800 554335 502122 505725 523628 511063 507850 505548 559747 520129 533555 499358 529212 485989 517757 498393 521537
528529 470297 513104 504863 517045 480322 510843 521047 473965 496479 536070 487096 497988 549770 482054 550649 553773 503929 524865 482580 501962 516149 484463 515354 521943 508296 475765 513664 484059 553741 524196 542132 508277 486951 500043 533295 531018 463780 520418 537000 537433 492812 521201 502756 502715 489487 520893 467553 499630 521679 552335 463990 542256 540368 536856 512177 519952 506181 500515 512513 509295 511077 530937 518996 520926 527835 543672 491797 480425 542781 539562 475389 509624 471690 522934 511779 515449 517997 527604 507518 480410 500445 507733 505244 498844 531308 508037 531561 536339 534209 481640 538116 506874 502666 529076 539514 547772 530006 498311 487706 511449 513943 501285 484644 506712 529073 511130 521750 500510 501424 550143 531592 516265 496382 509893 503739 506499 531761 552658 482050 521379 525672 553889 501754 489613 527086 531167 494191 492048 528861 532963 549859 506809 505411 485212 529026 551383 552885 510833 498480 501567 499095 470376 535479 504916 535146 471701 554706 516413 548484 483337 496493 478278 516878 535892 497058 521601 522702 480094 472230 487282 494244 500731 498615 529351 515751 508420 503304 486941 517924 504507 489591 529850 457704 495248 466303 551883 524560 513033 547455 526912 536516 471387 469161 527211 523567 502199 495490 529062 532229 507110 550350 498778 511897 500992 528208 458233 512713 521741 506594
447825 439285 485215 490919 519707 479442 514868 509292 447883 494048 528428 495168 480172 524371 490139 533781 545374 499699 506739 496112 499962 524996 476775 489233 497855 455341 462400 495391 480939 522315 503819 508523 493278 491473 462070 533055 516050 462807 485942 516670 522919 492676 490770 487959 468701 493872 498119 473191 468467 489323 524779 486986 504990 523787 525807 494994 493804 529411 468031 495670 480811 490598 516624 517808 523605 486809 527488 506554 461998 522875 505464 482803 486455 472655 498136 491412 479266 507275 513143 504224 454554 491598 508265 485916 507829 510521 500351 520830 503055 525668 476413 508125 515254 494655 505782 510103 506644 517719 475230 489858 480830 506961 508821 456599 492190 507260 515971 496452 488348 518006 512652 498201 529549 499925 485141 498109 499575 500263 537367 477295 521634 478253 544270 477571 459038 510252 486650 490297 469237 525310 512481 522647 499026 492660 468891 533338 531040 550745 518884 481624 501314 493378 474983 499338 473450 523640 495359 542829 504038 521381 473634 474674 452611 497777 533827 527165 504189 513492 477068 456505 483777 484124 492757 467539 510046 513064 490817 517551 483168 522037 471522 491006 475094 473232 504884 459991 531272 534817 517364 529195 512627 495370 481348 468774 523087 498303 494139 528795 520317 495619 514576 543140 506191 514761 493185 514511 477410 499803 513555 513421
494799 478688 525840 503724 541792 497890 528017 542802 493603 513403 550830 491210 512218 557029 512752 566315 563764 524654 525864 514114 517584 538988 485450 540215 515812 488685 470066 505276 519667 567823 519179 534616 518080 533170 504947 545308 539357 500554 504813 555271 571911 496781 536484 531896 471659 503288 522607 506189 508813 519008 578244 486986 529190 557737 528728 527225 521740 542635 474887 563063 511080 528582 549553 551317 572837 529946 545724 510583 495299 515402 545410 505366 530671 494382 520219 526082 497541 527468 542310 528309 492741 535365 497441 499720 537453 582051 520173 528601 533500 564356 489415 526317 535897 516960 508407 557065 558646 552172 515389 519001 528088 529794 525303 486801 501767 546391 559829 518115 502089 534817 565031 540962 559400 546218 504103 533695 525007 564100 549240 510666 534561 522596 563358 514095 514987 550271 529993 513789 516428 528197 541361 575095 547022 525933 485419 570982 551614 576279 543184 511949 502837 535423 461873 524660 485418 553382 502382 591598 536975 551400 480998 501857 464706 548360 532618 518476 528482 520305 506172 495050 506120 494809 532664 502380 515473 493116 514387 540892 508309 533245 498238 504924 494499 518465 526839 494559 589552 557046 544478 537312 538022 528623 483788 466945 533472 525148 514283 537146 549431 519631 546099 564866 547705 538124 507819 510440 506082 513284 511144 543425
501832 460468 503092 504146 512395 492756 502771 513232 445784 477067 540714 487821 481661 524243 492482 535269 533563 495167 537743 486759 516618 527154 458065 511265 506060 473115 449547 477339 468746 554394 505754 520803 473749 485267 515345 525110 508521 461993 486327 552531 543528 494618 494062 486516 464040 486032 507284 504340 486767 515235 530535 464013 494672 550527 511036 504448 494708 519386 485488 491802 492558 498239 500962 509705 511784 495408 537945 489692 470836 495657 496534 496480 503024 458398 512647 499632 472607 528136 536634 504720 488830 513979 500995 476924 508690 527576 511066 517664 519151 532095 468265 520127 532830 482937 496356 517609 543662 512171 493562 504221 479583 500068 493323 453020 491870 505743 527825 504358 476779 523027 517886 486102 524368 488385 485531 495569 514440 529461 537518 494054 546444 509316 558997 491448 480812 530205 497889 480393 492753 558528 488667 534020 496623 488986 472275 515554 535715 554714 490188 475901 497745 514457 453280 516118 458458 521928 504557 550884 504952 519316 498710 474151 478565 519507 509380 535356 501518 493636 491930 458259 473453 473799 512055 470454 527499 492466 502756 520958 496361 518585 469628 506090 466965 495415 489004 491448 537226 513668 519315 491681 523646 524691 493670 449403 526759 506480 478617 528679 513250 483214 513082 562608 506284 532683 470358 534467 484349 499352 509658 491033
479995 476366 521784 504172 524073 489043 516292 526083 478933 486389 555036 510716 514784 559478 512180 561973 568938 535140 526034 486990 509958 534877 506737 530896 517144 489728 468840 491284 503356 528448 507228 540223 507171 511657 498413 547111 509263 503345 516753 537341 547148 515694 523931 520579 495181 492465 505809 501971 477527 518566 566395 474545 521576 535764 514352 511546 510649 540125 504045 508177 526310 521567 543686 524476 535385 518890 566276 516592 478653 536686 507361 513861 534377 497236 499579 540700 505804 522353 537930 510036 489279 514574 525414 480477 509941 552924 540252 544729 532210 544648 498168 551059 521737 499945 522262 527098 556934 539874 490576 515736 526948 537743 527936 473142 503924 505431 517860 520363 513437 542190 547635 533542 541553 511583 509439 518248 494150 539951 560795 499424 570225 506667 551408 491307 502256 526624 512315 526286 518968 540897 533257 529444 513600 513737 493471 558200 557924 553882 539439 497299 515223 520848 482603 527096 483931 538668 514357 557889 537045 547777 498366 477432 478209 535828 532715 523091 529356 534623 485490 491294 488674 508625 513552 491572 550489 505520 511896 519309 485921 514372 506980 510220 516333 516844 522087 478063 561155 541096 514515 521175 544468 528709 479752 462106 553431 496508 497100 504452 554608 498202 526953 565634 515696 534686 496627 506856 502964 506610 507465 504581
508202 446538 489072 481803 505365 483652 493292 525098 457517 492656 542026 479430 483325 525506 499924 553561 545925 520990 508053 477934 485225 510201 471471 519568 501897 493469 451794 522003 512926 540574 489943 515817 503876 482857 491524 525748 506051 489560 501838 537148 523658 491096 507878 516857 458155 495465 508888 480747 489955 516536 571038 460992 512021 527773 519994 502877 509724 511946 487470 497767 514925 520678 515444 540519 506218 513787 502963 512901 461021 511231 499850 508529 509585 466151 467046 493845 503155 505379 534120 491208 473889 486896 494537 499647 506184 546046 500463 521356 511010 536280 481628 551980 537457 501001 507809 533522 531105 521728 475053 495155 497217 517254 506329 479886 505612 515074 502873 501683 503442 525713 537008 517745 507133 510650 520468 509834 481311 519014 566053 478035 534860 494713 539194 495159 473234 527013 532213 510898 480574 528956 510811 534221 511795 528547 471934 515727 538877 544295 507695 476399 486543 503137 465735 522465 472415 508621 500152 524225 509074 537111 466650 467698 453561 528639 528815 493304 509491 511121 467117 474198 484502 483511 518956 492234 515650 491147 481332 518724 475844 510635 498276 490344 499992 479720 502057 493581 527979 529086 495421 519825 533212 517527 453204 463172 525436 519334 484749 511737 517869 491474 526024 541124 522069 507265 495598 505931 490840 500420 497705 508682
472679 440972 490209 485104 510676 471552 490911 487657 443932 483028 513717 484057 468455 523141 472497 523598 518387 487685 493595 490791 475563 484260 431892 514287 494562 450424 449533 471153 451792 511980 468159 487899 476183 476570 466871 537973 495408 452229 500270 498773 505057 462863 504163 495091 476549 459338 485697 478174 446582 463562 521064 438235 503582 488244 453926 491882 475341 495132 434852 494858 509188 482888 512009 500418 496458 483217 488690 498892 437565 483867 467651 482577 494693 468357 458962 486000 459183 493283 503282 476032 468594 493494 511199 454415 488953 507998 464814 490161 486662 503321 457615 505970 475260 512459 490350 490905 504848 505305 462811 471850 484764 512747 491397 438803 477044 503419 498990 462622 466440 501619 514939 457637 492574 475070 502244 484965 465263 514030 505811 464842 507735 466166 529603 454990 462848 490116 471908 479860 497023 507900 515281 500602 478835 461228 467081 495645 524030 516970 501313 468852 471929 461612 441867 504053 453468 496378 477302 523335 496885 524674 463027 461276 449389 495144 507675 499720 488775 467396 460783 452354 455460 462293 493966 461715 495942 472839 476440 492181 454803 488310 459920 467150 478599 460997 484080 443635 512107 500589 500080 487370 494177 494583 453948 433692 497862 496152 486195 495203 483275 491899 491454 528339 480706 497797 451622 495766 474007 471963 474779 478590
473158 440180 476562 460459 473658 453304 490592 464965 419119 471783 515220 478352 447663 498465 470059 517151 503249 490090 483164 461566 450102 489295 449114 495806 470260 446608 425459 483550 456815 518589 465083 468069 464763 448163 447185 487204 478088 427353 472137 500043 491521 450144 446393 447818 446061 463168 482626 436322 441977 475223 533873 420791 480446 503854 480233 487271 494095 469890 417307 465334 472195 490653 499427 485475 488981 479635 484540 470936 442707 471954 478963 438097 485306 457648 443710 474082 441005 479680 464284 456974 467018 485615 480150 451961 486328 515580 474006 497315 467410 506105 446083 486570 500379 476452 473046 481938 494141 488422 465201 471053 468992 481406 474567 447629 474524 492602 465930 478988 457796 476927 484648 486068 507327 466907 480136 487138 462863 509651 491943 441330 492251 472240 518167 457799 457430 473316 466949 475300 443871 473033 500079 502959 497798 474932 449394 495108 505093 536498 490157 467200 455867 458598 429876 476729 434582 494472 477113 492518 460078 485441 445042 436436 410074 488208 492893 465260 477011 479221 466465 430651 466501 439110 479125 440707 501549 495590 457906 483869 453652 484111 452446 449560 457334 442150 456078 466454 517893 493924 481140 490070 470665 485519 419925 419805 473192 474804 462443 495435 493617 446712 479478 519275 477990 483471 473420 491416 441790 476168 475480 459900
496109 463280 486915 505960 512211 488007 498742 509392 455150 519043 577206 486324 493892 539892 468138 546498 547059 515388 503156 505879 489509 503775 455736 507228 493111 446915 466267 511080 483747 551680 486237 488574 480703 502817 473493 541835 492897 445240 494667 528184 511411 478640 518068 505909 483362 494932 499337 502798 500829 493637 573022 476950 513457 535089 482209 497554 507490 504095 463155 506768 504739 475427 522196 521815 511021 510080 514380 506474 458657 495543 508835 499293 512650 483038 486613 507153 493248 492996 530819 499414 477611 524482 483662 480742 525573 545618 484958 492581 511659 506158 469251 510183 529298 514215 503437 515059 505696 517835 478151 510263 498608 513015 497276 470559 484089 523616 500561 502936 470949 507829 534734 515914 508770 496303 503226 483993 503439 530860 513144 486106 527387 496063 530589 480923 482737 501570 485535 494862 505440 525805 517728 518694 513708 479513 473214 528410 546296 554366 527424 496119 482939 492688 458977 519027 478022 499029 494727 565986 498917 524450 469215 464596 442210 543871 519926 507744 501745 498195 479303 457213 482676 486476 517432 467027 515117 483712 474817 500095 479957 500648 477900 496706 491613 499871 504609 484396 548364 516400 503862 508187 521626 492884 467831 444854 541095 516839 491975 541270 513125 483073 500982 554355 524237 501905 495644 496528 471834 514882 470726 539468
445192 444695 462116 468802 473827 453188 466204 472312 416305 452661 502844 475917 453385 490805 459079 517855 481892 479734 487788 452690 445753 463765 454445 463641 461083 450758 429036 455798 456504 507199 487065 479219 489894 439614 447896 495901 478342 452956 449701 517785 501693 454244 486481 460608 442710 463263 446144 435879 447042 468256 500181 428949 465225 513375 472523 470199 468087 473501 448911 467094 439052 463576 493725 487669 485980 471760 467890 470168 426482 486512 469640 454044 499692 454179 454580 472683 460899 477728 482618 463261 456719 477682 490884 433146 478039 502297 471375 474748 466042 491702 447191 479942 472947 476390 476123 480004 466477 475066 482724 468719 464882 483985 452098 435610 458327 474014 478205 479417 428012 490148 503755 475917 498427 485639 459546 468965 452465 497253 502834 447441 500081 466109 532123 428063 445376 472127 470062 454838 470354 489129 471740 496265 465042 459898 451723 488680 501421 515559 471073 451187 465067 455113 438796 473742 447953 478745 460855 503413 452685 490141 424383 446386 442019 455047 475149 469981 445682 462307 436281 443332 434247 438089 488371 432509 492113 467100 445574 458588 429963 457693 460262 480651 454359 434628 459847 448306 523210 504573 479659 485620 487788 482435 426745 427988 505780 474495 452761 504142 470598 454889 473814 518392 502555 487768 472672 463094 460773 474401 454816 454551
516954 474883 500254 511749 525156 499923 516641 536682 468770 493336 574039 494161 494040 544939 515423 567265 537334 496718 531847 482396 526212 538935 485013 524281 534748 478527 484739 527403 489993 550886 519643 514752 506229 498305 511227 569106 495998 503785 518323 541041 544039 521729 507663 490938 494336 504756 516062 514620 498226 515392 572332 465010 521605 556785 510682 511821 497156 533423 486778 525709 478426 501499 539733 520232 526957 534037 536445 516620 478042 529671 529282 523372 525990 479407 513317 518385 498651 532642 541057 520443 484472 510065 511352 492537 519569 544555 536938 533460 530004 535701 489665 531666 525963 522791 515040 553174 539382 544156 472817 521991 503727 526499 520063 478231 497089 519964 527618 510549 492893 516599 556768 524805 552432 507170 519116 526808 512071 540732 561610 480043 556807 511272 523459 510291 498699 540807 496732 504411 516687 537086 508099 546714 500303 483732 470635 520203 554320 562523 508070 481409 496043 512533 472721 524507 466425 512726 504568 567493 534614 549298 475862 496256 465063 548896 538892 497171 507131 556737 488022 481881 518279 503929 549484 482888 526372 486140 500082 551911 501785 524992 499520 466091 496043 467875 519600 481219 552961 565673 522996 519881 551454 525399 476974 453688 566554 507148 500685 524568 542394 491584 519884 547561 499345 520666 513367 496652 495882 499726 516859 514025
457758 438054 468647 464439 480829 468642 477032 475299 413018 478230 521114 472601 469767 498470 439682 528891 531547 476958 468619 469756 495525 475857 441517 461401 470257 438119 435932 469397 475834 529775 470375 466042 465050 451288 457989 486246 492898 427180 454649 518506 498599 459829 489705 461118 450401 462602 493062 457593 488603 476909 509706 471726 477349 518275 476369 453119 473649 481963 440603 475227 449494 456846 515654 513853 482702 485026 483090 476967 449723 473283 488856 481270 484169 441337 449978 455278 461671 465546 501781 460703 458240 487954 468173 459196 486690 536981 461017 516537 481739 468503 466685 469226 490327 456492 462116 510000 493377 520663 446890 475000 465412 483109 455635 424294 463519 485708 498112 489551 429922 485065 505438 468076 502377 480980 466729 471916 491946 485518 489679 460364 476939 481662 523318 457875 443245 476099 451743 454814 474811 502239 477276 506740 489517 456838 464104 494760 501809 505281 482218 466753 471222 446380 461073 455029 426314 509384 464854 517400 488952 503542 450637 439148 441624 485949 497572 466520 487633 495594 438740 438141 456921 428730 486440 448947 479066 462707 451162 473156 461984 494497 451100 469584 462259 435946 454145 443948 523328 489844 497250 467885 484440 447602 448926 408685 491324 504634 446859 505640 497076 458326 496863 511492 501431 479568 449414 480017 449756 498258 444446 503189
493397 459679 490953 482280 504843 482123 522935 494272 449927 479069 540974 496159 499015 518679 493957 554131 549369 474795 538259 494986 511028 518519 456962 502566 504090 457202 468153 509955 469181 552788 505010 495366 514401 500244 484946 525248 527303 484137 494682 534157 545673 473788 523655 499619 477683 478567 503942 496014 501429 507099 554839 460069 492156 531112 511980 504234 504290 527671 470909 498317 491659 506942 529495 525871 488136 541106 534946 484694 473898 492198 519352 488916 501231 483982 489665 481403 500766 518769 532582 508247 475011 527367 503563 496588 494842 560414 489525 532738 516312 540391 481467 516464 522206 491450 493066 530660 532194 527198 505013 494517 500134 526146 483402 451813 489542 500698 514879 508840 480818 506202 538900 510014 530211 495676 482976 504297 500996 540036 530130 470963 521660 498656 540967 494264 478637 511899 499393 495793 511893 535367 529297 549161 519866 480126 492542 517003 515181 539329 503167 492232 489542 485513 455448 520091 481755 521351 495379 554231 519797 524993 506453 515931 480740 518913 514033 519640 515486 497721 500055 475549 487577 479198 517038 477952 504343 488819 490500 523242 488711 502316 474113 494748 499934 463652 481199 469414 546342 533292 508386 501049 498473 501379 462584 442048 519777 516208 478469 533201 520162 503822 519300 530024 515474 535358 499397 514290 469381 521926 510796 514646
439421 440527 474043 462772 495532 457862 463985 487804 433342 475909 502462 480132 444719 498608 434864 511329 511216 465415 464876 463963 460141 505043 467333 470850 493695 474012 427438 467250 461552 530950 461431 494840 475817 460268 467904 488027 463947 454574 462176 521967 520175 472427 486798 490633 440837 490273 489096 464752 479639 476080 503182 411763 480975 508003 499316 459431 482141 486458 450245 460040 464504 456849 473670 503470 494769 510851 485768 486057 447844 469685 479696 462053 487873 436946 470731 497543 458751 502146 494525 496034 427466 487386 475342 442468 487190 485103 465706 487671 483237 511351 465487 472641 505345 480956 452942 485535 514014 471657 434539 471616 487395 463970 465964 431509 467545 482135 512533 462674 446029 499743 517415 487054 484632 489378 482176 446139 485930 512050 502017 484861 504546 499000 529339 459877 452184 494166 467994 472716 479648 501686 487151 517648 486944 470568 452491 503485 486425 532418 501255 483894 479771 453655 456889 479289 461744 494745 461034 531055 479837 511125 486777 455238 442797 489415 472042 496667 462486 469435 451746 431403 440561 486601 495886 436465 498198 464106 459075 475041 463223 481913 463751 473910 455755 438302 457955 450522 501641 507279 477578 514227 503151 498024 414401 437374 485702 490120 475878 511605 508628 476510 488725 519160 511564 495477 478558 478098 456299 481472 472293 482386
461311 437935 434276 463264 476776 432034 451218 458469 424996 443533 498078 461741 446665 478083 453597 502490 504384 463191 464660 437657 480757 460640 409685 469395 468453 446715 429143 454812 450750 486881 461853 459361 477610 430394 457456 489649 446465 445176 460574 501207 500955 429518 480610 482226 440218 449081 466613 453733 447840 478569 504436 413864 476989 515365 462846 425016 446993 470014 429367 465601 451380 455199 473026 473283 495114 445258 457951 439629 423765 471323 445627 432271 482093 420887 434463 441339 444678 466620 483881 477909 432281 475990 459267 443562 480212 479635 472550 492738 457961 481039 462444 476015 471399 463530 464313 479706 501418 496666 453467 436424 447690 464853 452277 426232 439492 494480 489574 454188 438338 453449 495735 464974 461169 470903 481821 465992 452300 471973 514073 459572 483145 459569 491865 464404 422080 486731 471459 431693 450220 486634 443624 504207 450877 441516 452267 453408 501086 533044 456475 437727 449590 439842 420682 469897 437082 473601 459365 524819 450992 502386 444725 450694 435261 479257 489337 463191 443035 460496 432817 428347 434614 441563 463573 436994 459623 450608 453341 463750 455355 491571 453995 432221 460803 443946 478361 454872 506541 491986 486391 483193 468139 450553 449258 437605 460188 474855 452547 488589 464067 466593 463508 511737 482382 472201 449529 497921 454720 462062 461215 462505
488812 456969 488555 496824 515486 480191 482551 516834 450507 471167 524833 510616 501633 517486 485633 533086 540794 478896 492283 474135 459509 509510 483808 491698 503143 468459 449467 497551 481227 507149 506419 493991 491873 469302 477744 547983 501522 470014 498118 530886 525228 490564 495531 500346 455355 479531 498749 484622 485378 521338 543092 455233 512572 534034 503984 494965 490496 508572 495664 501422 483297 495865 519399 504377 517368 502244 497082 498623 480857 496345 514025 487977 507805 477375 474464 497670 483430 499943 510195 504492 443937 516854 509215 477561 490722 517981 485480 504967 491269 524613 495705 506573 498996 493846 503975 497041 530316 504134 481565 495565 504679 484921 497068 450067 485193 480155 528731 484619 470180 502143 521126 512193 526735 498264 503300 496160 516323 539843 523181 476684 525064 480253 526482 482506 474829 501964 500018 491247 491315 517736 489022 526736 506826 492183 460621 503608 514855 547089 481580 466181 501872 503854 465436 495246 479339 519770 492697 539225 521785 534528 485572 461540 450251 524817 528909 498145 493189 502140 453246 470854 466292 457750 506631 461517 510408 476026 456608 522747 469422 501026 490005 480413 484891 456016 496356 479548 563613 529053 496291 521923 522096 490411 450184 441744 506973 499006 488995 521369 513952 488923 505535 538158 512230 520544 486891 478451 488773 495688 500973 482861
484336 463161 487558 466912 476959 473501 503581 501227 434554 472619 497614 462524 477260 485116 458324 522327 517754 479691 480270 452594 467549 489458 440609 504488 490868 471442 425668 494652 460816 521147 485309 501603 495160 456708 463306 517275 483652 450485 483038 504327 529444 460079 482595 491711 456546 473739 472566 437279 461074 462954 524608 438530 494071 516660 490755 476274 483404 478382 469305 479586 472138 468186 500288 486423 487584 491602 494542 482960 474800 496461 479388 453178 486389 447947 449839 474659 457864 482688 481350 470195 466472 485718 486325 463059 484977 522921 476382 484102 476088 516850 456335 498539 484355 479742 488191 498047 509297 486970 479310 489887 471777 471252 450782 430858 476769 489257 485533 470398 450331 474295 525186 501389 492810 485287 492520 454924 474471 498120 512005 449969 496319 500549 514850 455104 452036 466121 473263 462861 477082 480978 506832 509831 517149 485139 462947 496717 523275 523494 484987 467723 467347 474355 429620 502835 454594 513805 467257 518409 464590 499381 454514 481284 444038 490788 500701 467662 473267 483603 461845 439933 468556 447339 479872 448060 501005 458749 457974 475181 444645 494288 452068 491399 467631 435633 478839 446482 524440 515218 491703 495079 495892 518374 427813 411549 487750 490768 479637 499763 493409 490152 476455 510958 488971 500712 471465 475750 466138 465640 484946 471065
476576 425213 450834 452691 492190 471928 475480 499193 431413 449302 507586 480951 475571 504082 457140 517554 492156 480632 480603 446924 462182 495152 463669 475197 496246 441921 447583 490320 467769 516268 494986 506139 480750 463747 466927 506777 516839 444597 458320 516543 500925 457625 481232 499269 453636 470759 465192 454656 469962 469928 536546 430909 495604 491753 473714 473001 469661 492040 448601 486324 471715 471201 513082 482875 481005 474497 503586 490786 454746 478967 469139 449855 489009 462813 472356 472669 453276 481267 495568 466859 459271 476083 452989 445857 491873 529315 485778 490142 481328 505961 455833 495967 477512 497956 465395 492847 490013 502201 480167 501196 469875 497397 455824 453700 474569 492850 518416 489526 476544 490403 516064 483571 502191 485239 505638 457639 487495 474827 530831 446844 508306 484627 507100 449313 445992 488763 483354 480413 477361 496372 482920 518495 487652 448181 450788 509990 517039 505163 467487 479327 491677 475762 441814 502807 457579 501735 460646 535341 479375 513125 443354 461493 457223 514340 485643 481426 473155 497534 455061 455160 467972 462071 456032 467418 480026 471937 446987 510816 475915 462256 476914 454928 475284 447400 489132 472847 526433 518102 486355 496466 486017 504484 450473 432537 483004 482492 471041 485374 484572 487449 481490 531854 474815 504345 477127 465042 477881 470662 495715 482072
491779 486559 478416 510549 530359 503290 518395 526815 461246 496814 552667 494106 495584 535708 514520 557880 535722 514184 540302 480532 495907 524762 493679 521339 519524 476122 467128 517015 504962 554551 514202 529837 528420 494904 503899 555498 487137 480724 504588 546658 552832 502589 517520 526885 494059 490031 502919 503148 488226 502318 588562 484631 525764 547642 512565 511623 540505 525286 491198 501685 500495 509817 534534 530087 523154 521878 529751 488813 503661 528993 524767 484091 506518 490214 502660 530551 501202 525194 532297 515476 483086 513955 528593 501791 525610 552313 514254 534362 523989 546026 491216 534196 531074 509228 520038 532793 532844 528733 489819 514548 495547 511583 493235 468241 501696 506412 499381 511952 488627 519116 547572 525249 533477 514514 499735 494400 499761 528261 542361 485098 537048 509567 544276 479917 498699 508638 485467 503878 490166 540657 522643 551086 523950 502202 486810 554151 559730 550287 526785 518180 502262 523222 477791 530599 515244 518613 502829 554227 511025 549666 469759 504511 462481 529993 543302 514122 497268 524510 493522 477194 485764 496589 518217 485066 535017 505050 491417 517965 490955 527368 515654 519370 512621 471423 532839 480707 554105 547733 510900 533734 523821 514608 481723 459041 532823 506888 493299 543044 555909 503551 498546 568541 539312 520826 513940 518198 483722 521704 515074 530445
511700 492824 494816 509135 542255 504026 547959 546844 478053 500912 570708 529045 514647 542246 520168 579343 554202 532288 527531 500155 493057 538501 486788 524150 515945 501086 484572 532890 502925 548942 502354 546436 534709 507988 510235 533281 512460 488486 546445 572308 562015 512619 530240 516967 469674 503584 527037 490584 508714 527728 583444 497652 507384 578313 530833 524019 513891 554017 513295 539934 530452 507648 578139 517484 550120 528737 540303 526886 507142 532218 513567 515992 528541 512239 519011 529597 514066 535736 535076 548660 481227 546516 535186 497876 533933 574351 522023 529268 535695 568702 492914 520140 560703 509217 526318 532020 526746 539446 499970 530380 520769 524529 528064 468811 508840 559503 531871 513128 487563 548631 553211 541692 563500 524679 530175 514516 527629 570079 574301 497074 556502 522841 585958 509411 501612 543629 533383 514282 521040 536317 522802 561132 543163 517484 497298 579721 555812 576357 534145 509816 509043 528258 476580 516144 470178 548209 526794 591540 528570 553101 519968 507313 470019 539635 547713 528860 522184 531444 519125 509740 511234 508245 526681 496684 555758 496924 492125 516362 518179 532427 477854 527002 502747 512358 524421 502391 569594 563061 508455 549429 540268 520052 482722 475436 520616 539868 480691 565919 538260 513184 526704 581542 550048 540588 514961 510061 489740 530738 515395 553227
493399 455635 493503 500158 493741 485010 503080 489737 463762 473561 537281 495506 493416 515379 480653 516127 540734 480865 516856 494736 492755 499981 452908 505486 486995 463482 457977 492661 479034 531241 494847 516099 490377 467548 498121 513245 503289 442608 497476 519465 522212 469575 496903 501683 494774 474270 516075 468335 481107 502390 572121 465430 501078 524619 510162 477595 472554 513215 456810 511780 486415 495006 521900 531212 501485 508178 518974 500464 467239 488825 478814 493105 492253 494127 507056 483279 481197 475690 499577 491748 472974 519793 474605 485966 521520 543756 475336 495940 509486 535976 469531 498910 486157 494076 482204 491836 520731 525297 469642 480520 460155 506302 518420 481470 497696 523718 506963 470410 474948 511021 549470 504017 543103 509704 481056 492797 484757 514624 540865 479009 533532 500024 531878 508575 446972 516137 487617 491331 498067 503132 499277 531381 494115 498084 484183 520970 532815 549850 507353 491721 491623 497542 445642 504873 466739 513636 488505 561634 509718 528025 456394 484149 474584 537284 511513 510321 517601 492695 477817 457674 497587 494988 490231 456224 521391 486227 484109 512883 496716 507298 473332 483472 499426 481922 484564 464475 542689 518065 496267 484340 494444 508230 464186 434732 510172 508193 483935 518673 509649 494506 514829 539358 508308 511409 476874 523706 498511 508358 494013 488851
481246 464974 473928 480267 513973 464412 467953 499924 466840 485194 549122 491594 484256 517023 491739 522297 537870 494719 498659 469769 491386 507966 457935 510504 499504 486615 429974 487937 491616 532174 501514 489104 484049 493235 485608 515787 503137 446623 486867 532146 546044 485183 494764 485395 453573 475839 492475 483006 488259 503489 562441 459554 506125 536054 490527 492419 486101 499689 461139 518274 477078 496954 515361 484921 509533 510231 510942 495547 448361 483298 518819 501757 496815 452356 485544 471368 488808 509726 514075 491673 461050 500058 481204 469056 497368 539948 500059 487115 512933 500234 486267 514310 517516 490642 514035 532136 508288 521402 472052 522913 477172 496183 472949 451401 478470 495982 529011 506940 445931 523320 537230 520241 539436 500908 501018 506672 500424 500622 521045 455703 533081 496584 529032 460830 477293 497751 479667 487171 471694 544033 522721 519731 506819 479033 473869 499173 537699 548522 498946 482917 507003 492733 479530 517500 463735 523061 468707 551869 497599 529555 467599 474902 448670 515388 517288 490740 504119 499067 475176 467725 488563 474267 503527 456588 517825 463503 481117 500426 458485 527520 496732 478657 460847 471455 490789 493914 552455 515777 497906 500013 499065 499587 463571 439103 521323 513833 475095 498585 521649 481590 491119 547104 521637 524130 497921 496220 487149 507609 487240 516133
472167 448841 485563 486111 516725 498365 478720 514404 450151 490505 555269 465564 494820 551096 482168 538613 543559 497397 516174 473357 498244 502867 466493 515059 487813 478300 454211 502584 494669 555914 497599 517569 508882 517972 497973 527909 504508 442766 506273 524570 502868 487838 521328 497392 468014 501776 488824 482570 464869 512334 521146 466883 505701 553470 503647 511835 504995 509512 460271 522180 482780 481187 518612 508384 494146 496105 517711 514132 457911 514061 509232 477480 520547 474192 462333 498021 493057 542586 546906 478888 482842 486433 490686 469131 494325 556061 494473 507629 495988 536306 483452 508977 514340 518106 507018 530191 534871 519381 485849 491648 493218 522919 483324 471225 480701 518872 494641 515214 500120 496090 527123 489595 508241 484578 503829 505201 495896 520473 541249 469773 522985 479709 525215 519318 468786 502979 509776 473911 492397 523129 513088 536824 519221 467204 489641 503508 553233 555993 515553 465660 480221 498966 455175 505210 473713 515190 486584 515014 518060 527412 467502 504962 464281 537572 508453 511724 521431 527249 499482 469390 491369 465818 510846 471858 503745 493441 506516 518474 464349 487474 493120 485063 490386 488117 479997 498204 544847 537956 521546 493381 521530 522039 474406 441534 519452 514645 479574 537096 505758 493801 519447 554835 499800 514010 481572 494539 496845 503260 486666 495181
524415 474787 497798 506664 537015 491914 516259 532423 470226 493408 583084 532293 513129 571531 530873 595786 562184 542789 539106 500846 525210 551190 515042 537576 511472 497119 486831 521976 499888 563821 510400 542664 519734 519426 510962 581874 529820 496963 528895 569010 559330 519635 538098 546257 484433 506481 496497 489110 509870 539726 575725 497559 544346 569526 515261 529776 513163 527678 500323 534772 543649 527496 533193 535351 530339 520500 572506 507480 501019 543648 528235 504767 547414 482848 504658 537958 510167 525861 550797 547953 487893 522784 526790 498642 544103 593632 517672 560595 509741 559351 490760 531606 530875 526508 526463 542498 541094 570423 515258 534108 520664 539120 516179 483658 513032 536259 540166 525331 484599 535387 566139 556565 556299 541225 522158 524563 532454 529162 576989 539115 561407 545105 561812 529154 498176 532956 520479 528902 534916 562412 544833 577256 536805 522312 518520 543300 584594 576488 528451 503686 532904 533637 492499 560578 506234 553230 520520 574449 532704 564551 501530 493565 480097 544548 547427 544735 537337 527668 506475 492571 511342 498028 514524 527530 535622 512642 502253 533958 492657 542279 518886 526090 506625 502918 516768 519696 587034 574615 511807 533540 514550 547400 491542 470451 552521 533255 532328 548312 559404 522075 544034 573698 541838 554273 524173 527770 503052 546372 522070 529985
499906 463527 480915 531152 530240 496104 511323 511324 451351 508083 542328 492473 488103 547965 491373 559247 544554 516754 524297 504888 511125 543078 471548 514309 501691 504131 464906 492497 505407 562838 524997 509304 501425 482899 515081 551613 507528 494830 507207 544017 534825 487848 529951 509092 470402 485022 507996 512611 484538 519662 531584 509552 526507 537731 486534 500188 501863 523627 484439 519829 505583 516725 514591 527875 545401 499868 528961 515197 480167 525081 526909 491772 544270 490544 514521 506215 491495 520917 549878 513164 456216 508308 507215 496905 510843 521232 502717 516543 506195 559207 487349 530942 518931 527752 504239 530363 528376 546246 497518 497911 486018 538430 506751 491742 500003 515397 529860 520514 490016 530531 549689 496943 542073 510575 552507 519941 497447 536271 542947 522171 552488 512024 569126 482851 472734 534709 527762 515258 494942 535963 522437 539373 532268 488180 492565 529678 572736 572241 511745 496024 503859 522719 464343 492931 479364 522131 513180 543043 508583 572531 484381 493613 483472 528863 512559 527516 520055 524292 495203 459121 462967 483906 533492 463707 530325 500456 493310 518638 504962 515897 495171 487373 500068 508977 526467 494273 559612 535113 538017 519715 511107 526903 490663 485805 550717 521363 473563 539042 536130 517720 546550 561419 526053 521791 504717 518222 495320 515409 500947 510554
513885 467871 496364 514830 511944 501351 519911 507221 467914 513955 550117 502478 500061 550194 516066 565356 571978 520906 528444 498250 522380 524853 489293 556205 519739 484046 456807 516630 523656 558423 524677 537920 509468 515947 498378 547810 510113 483460 498667 550090 542825 491761 543872 525087 504508 501498 533426 514246 494054 527689 553836 471825 547250 552283 521823 521828 522753 529325 466211 537138 523690 504364 536389 538055 562547 532019 559768 539032 482974 558336 517293 531596 529437 492333 503769 527999 525669 539194 539856 514263 493801 527416 521648 501769 545442 528973 517117 533799 534569 528189 500478 521261 541547 520963 539065 557694 534092 545377 510164 529033 521762 545259 510362 479911 506668 526470 533966 509914 521328 520306 543225 542092 543417 541135 526697 503014 527567 553995 562921 514154 547501 531430 579521 516589 484174 521873 517136 528709 522703 549443 531133 540491 531368 510439 509923 528117 568711 569528 552731 506992 503995 526945 501367 500831 498293 538532 511926 568153 526339 546110 474708 489067 476804 527997 548819 537249 532227 507127 497259 471355 482286 527318 534445 486877 527531 496360 504745 527254 492504 534925 505927 520455 523765 499227 517711 502945 550087 544562 526845 548493 534024 528387 488310 462615 554327 542548 517265 543016 548266 518938 534607 549760 536450 527814 508085 535776 520331 508010 511105 517626
496009 459478 491063 501425 503688 487846 501668 513806 450104 483791 546392 500455 500437 543157 482388 539409 540140 513960 530425 479651 492401 520523 498030 503040 497888 481659 451737 532347 484662 543476 504332 515551 506080 499744 511023 509664 521917 468974 505763 545838 529608 511910 496950 516305 477647 492316 506600 476282 502353 504600 578138 477373 503690 544882 509435 515142 504579 538316 494668 502320 509950 490545 547680 547044 527013 502571 540278 494753 464298 515927 524188 491079 514241 490550 505029 500508 508544 509548 529350 506940 479709 542786 483261 486449 524382 571852 499445 519960 499218 521909 497709 535584 524880 501022 500499 516539 522683 519086 507044 518991 486876 521075 520437 488847 515781 513792 530641 507959 465377 518929 544687 521646 542091 508613 508820 488218 531256 542241 529150 486542 540018 520225 546038 497792 491581 502657 508604 494852 502243 555722 518540 561132 537050 490714 492339 524141 549445 566216 532067 500932 511285 516589 477462 522070 491931 545580 509737 545184 507376 533914 494390 498547 463638 536888 509455 531309 507071 507271 519113 466894 507384 484687 505947 489092 517005 493516 485273 526408 463213 502501 513781 504606 493253 495091 489738 521864 561087 538756 512191 518726 528646 517074 469283 457894 523555 509757 491760 530597 534760 497526 509535 577796 534963 549983 509371 503522 512606 520274 510062 512488
457948 423191 445470 473166 473315 453626 469833 493420 421979 456184 492764 450241 451562 490008 449832 495680 503936 460321 472377 473067 465880 504684 446767 475895 463621 452623 408520 476665 458825 518982 461536 484408 469714 454642 457420 465264 449978 448037 450905 497211 497234 469371 476395 465813 425366 453960 454946 450136 463709 477788 514621 445471 489799 520784 490375 455366 465094 476860 443435 469928 444125 460482 477161 496596 501028 467325 477758 454013 454172 470932 453167 441262 464336 437030 455193 465790 455214 476638 497543 448911 437701 462649 472524 464366 485215 484024 446540 467443 461978 464123 458243 488214 494457 477321 467734 500909 450451 491662 443515 471309 451772 475557 437525 420899 447455 490273 479001 460926 438096 482648 499168 488912 474073 478278 468047 453585 463218 471430 493660 454817 501146 471890 501959 443155 431129 483278 468948 463223 442970 464518 470939 488532 485127 473146 448191 491843 515808 516663 471617 463653 443978 453808 430219 469950 477583 486011 449569 502555 463096 501091 435871 437707 413321 499590 489039 461800 484316 454966 450691 423368 454234 469704 473007 428159 482928 464234 460297 483367 449037 493578 456566 468699 463578 447167 475632 445098 494804 489927 458359 471780 486471 463394 432544 410796 470582 470370 438249 490561 525970 457406 492385 493655 483024 449698 473245 503112 441416 475882 465759 472793
527174 474702 511625 493547 519710 506044 522424 525012 462241 485176 542845 509753 502473 554563 492508 558282 565507 510029 544035 503218 479901 527401 484097 524056 513280 464696 481977 529519 507896 556277 507846 505945 513943 505095 507132 548249 543511 474596 518668 576303 535534 513126 519060 531169 499500 504101 525540 496280 511087 511704 554067 483531 518534 530805 511571 537367 509992 529231 491131 519206 504729 498044 553901 530823 525890 524793 555208 509986 479463 522067 538038 517387 545298 506714 520817 523493 495726 543760 535735 508263 488422 516002 518607 497575 511278 550531 516353 535702 530445 548146 493174 533124 537766 524191 526519 525829 559995 545560 500670 516279 535826 525008 506718 459453 503784 515280 519936 532667 524313 527053 540042 501782 546441 512269 503352 503073 530328 535888 545871 496875 551806 495600 517177 516272 483260 535527 540436 517200 506938 545110 531331 565908 538652 507044 522025 548578 549516 567238 540802 499809 494680 527220 485729 531976 497903 533416 506737 557663 529836 538312 500846 513499 461540 550350 532781 519420 529555 501925 505659 491584 520414 513275 519672 500294 542409 497661 506111 543006 499437 536223 496376 504267 513328 484270 524168 487028 543053 546765 541958 530374 527267 528931 484934 457865 537965 496371 499566 545826 523494 499105 549510 566647 521398 544713 499992 536444 493091 533255 520108 517458
483455 446167 469334 477189 468840 461511 486363 481585 462566 484212 513731 472733 491380 505663 445754 533604 523653 495593 495774 460006 482305 520235 458038 517728 478186 462391 449057 482471 475790 525298 473326 497936 467296 466614 468966 507067 480281 460914 478619 522915 511205 468703 492115 505296 459335 450149 480052 479521 486804 476361 522613 462530 522690 505436 450932 490402 475767 514170 456223 502045 497786 496828 520799 509864 505099 477644 520410 474803 463426 499677 495022 473744 507327 440581 481407 480234 474203 483552 511292 475319 475265 486849 489656 472807 502360 539026 495512 501390 487658 499334 467149 489937 482981 473278 480775 515835 506613 535144 453237 498867 485826 495076 469318 442333 495072 489690 503061 484595 458670 486220 518671 502348 516279 488655 501922 484661 482820 492922 522816 475349 520151 512197 515944 469812 475018 485567 478812 488018 470913 490002 505067 498853 508946 463429 489182 512791 507953 522163 482238 470993 488939 489361 447474 487823 465600 514069 456856 544112 489975 523626 446434 461795 444093 504231 488763 475700 502297 497235 464687 449540 489773 474431 475009 472663 493197 467032 472225 485206 466148 485570 480847 463948 490705 474856 502003 470999 533244 514067 507548 493164 522949 496575 437826 433213 505876 492836 451660 491226 499152 472744 502998 537824 498030 479237 470164 494777 459459 479241 475849 502794
514733 482807 504852 522267 544030 482659 529444 548283 485939 508028 575580 526825 494951 560339 505807 556839 579481 521800 542570 508409 515244 554357 498994 532701 542046 490349 489738 521518 514622 572243 516477 511085 516917 497458 527211 547696 528101 482840 538586 559879 568641 514542 531580 506140 505368 516252 535471 536598 514403 525949 568590 501932 543183 560707 530958 516129 492580 543170 514229 534121 503327 506656 535428 533064 528681 547773 542978 538314 494668 526003 529333 498702 531074 468717 523611 530181 500927 541752 546906 540796 500501 522321 524389 497443 524820 569265 525385 543846 543339 549750 496563 521491 525298 521156 534627 544574 548818 529699 486479 529341 511601 542269 549067 494101 512488 544582 515617 521807 498829 526181 556741 512043 553508 516690 519712 522968 547414 551233 552070 500311 565958 515191 559797 498986 485790 538114 498515 539249 522537 552849 539574 565398 542698 509439 509883 533999 550067 594504 531619 491238 514750 521027 489871 526265 485075 562960 506389 592158 530897 546096 483655 504309 485747 543447 550282 524940 525445 519702 487644 494910 492716 505680 542806 503257 536761 491707 531585 536487 505411 547446 499394 531592 508739 503732 527624 500907 574755 534534 533877 526946 529343 528512 487478 460036 529732 523238 521202 560311 536212 519946 540156 577029 525442 528936 514852 535512 481151 529757 504336 534434
445276 429951 459129 477200 467910 460705 477951 479772 446205 453824 505749 492860 449442 482987 457775 483161 521554 494398 474462 456128 473148 484615 450803 495585 493690 433146 425468 464394 466153 502973 464003 486638 478112 491149 443512 492443 476250 430967 461769 497574 509640 479232 495340 451883 444506 456126 452370 470249 466954 480236 516787 447518 474173 516220 491641 463303 460550 492013 438582 492006 464236 437245 509495 478041 485103 507990 500661 474745 435628 487602 476583 465418 468569 464299 442941 487112 438194 491212 507090 474744 441625 473693 466603 450104 490838 517295 473433 479179 495005 502608 447613 487818 479867 484950 452484 487132 474029 494690 452502 455858 458769 493872 466555 412375 464605 483755 468439 477317 446814 492124 507590 489249 488395 478910 461774 453058 482599 495009 528282 457194 501768 467676 506025 468145 453986 508685 448893 474181 466168 480593 491102 496593 471390 470164 466388 489592 526229 548953 495315 476646 462716 486999 450506 478395 446030 485588 471828 526375 471857 512309 420049 467791 430689 480660 502487 463979 482528 484714 451966 445891 467796 464352 486218 440621 486709 441299 437571 489310 450517 486934 474236 465030 448996 471875 467333 459655 515336 515774 476711 487391 494095 463743 446985 431408 504332 481377 471505 507971 488867 469714 490645 506456 486747 496824 465330 465456 437054 484865 450476 499522
502845 454076 521820 495987 514682 498724 506984 503717 459234 487837 530669 514909 487903 557157 480091 567078 568117 523323 501257 499869 497312 500405 485723 518805 506011 468143 484028 521563 497013 548405 487705 514861 519273 488759 480127 540969 507608 458075 512231 540678 515577 496027 514637 506632 490844 487555 503400 483224 506173 505917 566090 481062 521052 539881 491698 508341 502283 508424 477385 517453 516204 498330 544728 516870 520876 511087 524249 508241 471220 525791 497188 504864 530730 479339 506864 523286 499170 504184 527376 493168 490965 516192 494245 477946 518059 531378 503695 511970 515295 514766 482696 533143 500411 523928 524368 529387 526197 536136 483026 519933 535244 512887 488752 446980 510955 543012 508976 501987 480074 508714 546133 502691 526365 533917 510951 501782 527083 550847 532031 473516 562383 503271 536848 517394 479748 509424 500130 476842 507491 530366 539680 525720 514631 492859 490308 510784 537585 554228 530624 485699 512863 489629 483235 509305 498976 560870 492797 543994 519327 548484 472610 459839 473933 514683 528649 487250 519827 477636 481235 479250 485947 498229 517707 490928 529366 491754 473485 512017 486664 504975 493539 476502 520361 470410 497637 475176 550966 516139 503787 520172 533095 497012 458423 446876 535791 515765 518488 539143 506875 488440 534089 548438 510888 527435 492270 488720 498655 525567 504318 519185
523774 520042 547246 567061 571611 535989 574735 562504 519849 549388 602332 553877 540462 574534 532758 605449 582752 554275 564653 570004 553734 545026 513048 557816 578363 528649 510503 526487 538444 633192 548162 562754 561106 532218 530466 581898 553102 525145 567367 586059 617359 541348 574763 535315 519993 527795 569092 518542 535158 562865 612479 530954 560334 603704 569808 552287 553324 575600 520488 564921 548658 562103 585166 566829 562222 548640 551017 547753 534950 546636 562658 533328 563193 519344 546779 566237 567883 537123 594051 559143 527856 568331 561379 556519 556554 603010 562473 566526 558954 588325 530485 593123 591600 564248 557096 595952 601312 576569 540226 571162 582028 553712 547835 516382 535314 579645 568248 548823 509654 560341 619940 577923 593638 574615 578741 569007 576419 605142 564932 501265 601132 550891 611141 534421 517161 566764 540528 521868 532378 603889 574715 589770 557776 563064 532552 587372 614845 604131 576738 551479 564407 550836 506053 577421 556030 590069 520950 590411 557158 609386 544461 528701 515859 579150 602282 549700 547872 559468 547871 521525 523775 534437 601381 499911 585631 548977 541424 568333 529645 566566 553778 553454 536786 531553 551063 535425 612829 593940 554534 543145 572200 555619 519680 504271 586040 587711 547879 602726 563637 549943 573420 625731 597838 568891 551601 559051 556977 552412 560882 558300
477533 434154 490136 476075 491881 465277 487845 532050 445079 475075 521772 487123 489516 542353 486016 524422 534848 492691 514733 473026 486853 524598 461114 503055 514474 477598 464518 500187 491863 531890 499164 537584 489354 487497 494605 538888 513805 485948 473179 498471 521754 497538 509152 533387 469481 480986 481178 468541 484419 463702 541374 461370 527883 503991 505196 513342 470930 534478 467540 494206 489199 488853 503587 521235 523432 488776 510487 484396 459335 506669 503356 463061 505277 467344 471107 485246 459812 520058 541283 477545 480867 519284 495077 468977 508674 555088 513596 508775 509762 514441 478958 510043 531093 490193 482385 531846 514559 520685 477550 507088 476008 504595 494013 452327 483786 491587 518889 505555 486912 500490 520864 526493 527538 502451 501855 482000 498061 503584 546262 474040 509786 507700 526386 472895 481808 486226 498261 494880 482967 498541 477196 544860 491935 484427 483106 515906 547027 542694 500279 471060 505004 485199 452398 515870 471069 512929 485624 560088 500221 545119 439983 474007 450140 535568 500779 509464 475722 484959 472310 468305 475206 479355 506579 501000 492080 495274 469924 515244 472138 500217 491690 465796 473057 481139 497707 496761 530714 522393 503640 509513 512953 490710 458841 445539 500973 494388 479284 503993 515296 493369 509389 548133 503827 500657 492328 507724 481649 484712 500848 505480
523093 493540 497475 527745 551147 500417 531158 530420 466549 527812 589629 507347 510762 540103 504311 581564 559632 524196 538070 508248 521280 541585 466993 542309 529818 487127 483880 516600 514346 561214 550033 495502 510052 519186 505284 590063 513411 499675 490469 553337 536541 505594 545374 522623 503047 477430 531034 512145 510802 516863 576846 495056 532486 557689 518688 512257 508387 553651 476286 535473 497395 498326 569611 533285 536044 541300 549428 528615 517992 537625 540603 503844 530679 508732 498699 506240 519415 538602 555835 518131 509059 515984 496387 513343 542713 558871 511787 517321 538537 544371 512963 502974 531020 501383 521011 547246 545317 555073 514690 535743 521376 512944 516529 462747 524558 521755 516179 523185 484832 544378 543694 528849 548412 518641 516320 516784 505682 553266 546499 502862 543964 529147 568858 504644 489689 518897 515420 509435 507248 551461 514104 538639 513655 516183 505243 534409 552290 559582 506523 507633 511696 530408 486417 520144 492182 527210 515254 595153 543181 562981 483094 513993 481265 559159 542198 523636 511710 550949 500812 482664 520439 489297 532820 477194 535739 486866 506300 542572 509221 517924 501502 524670 500847 482063 525494 506257 555843 531637 532812 527325 537421 522838 492058 459246 559772 526170 495125 538677 541442 500665 516058 565397 550606 553441 483998 515302 509030 538404 498005 540122
468997 457589 482229 503834 492696 482295 512782 487368 453204 471798 536605 478967 492015 528481 484458 545492 516272 499910 509171 481758 476027 499775 443042 500527 502777 443522 434839 496244 465894 547857 482017 474074 473719 460258 462362 556133 493334 467089 494137 512705 509287 451572 508279 483947 445032 472039 469026 469491 482755 505824 525823 479202 502659 515608 482037 494940 483628 506207 465385 503784 480771 495661 512956 507699 510419 498439 509646 474569 471529 491806 503927 465639 488290 474290 446920 491148 468764 486230 519874 482984 451755 496914 506001 472518 476471 536552 494342 494593 482315 515098 490169 494307 478436 481431 484521 501512 504809 517219 483350 482260 477703 497751 489131 451329 495673 463620 510341 495750 472030 517707 512442 482987 508218 493192 492786 504244 472163 526697 525681 493423 498163 486733 534347 475419 451803 479104 488843 501310 472954 483807 503666 516649 494936 499723 476984 492782 526351 535342 476711 464841 481202 503041 434257 485023 457853 491836 463318 543406 499263 529385 462981 457301 453753 529100 520118 481737 479365 506755 458830 465704 439903 457920 509531 450382 497132 456531 482706 509444 463693 484127 487740 472372 490684 473159 491605 475559 524375 518627 509457 493782 490981 474312 448871 435953 509298 516616 490298 520306 498552 479840 506018 542351 497666 523113 472768 470255 463602 479295 463366 484717
493453 471921 496626 487096 529271 498673 512995 525348 464798 512468 561917 492021 485391 537224 488476 556995 551679 513612 494622 503114 497957 524193 473729 508828 513391 479912 481055 485512 498947 562181 533721 502150 523982 500159 498374 534589 517466 468893 510230 539227 557308 487028 524528 512717 478843 496247 522420 490248 499398 525181 565095 488490 524962 564408 512034 523505 492245 539453 476638 525936 495742 491361 555906 511817 528066 491270 528643 515181 457141 504803 520775 482095 528294 512043 518325 516301 475759 517249 534486 500278 512183 483138 488813 478282 517803 537072 510894 517893 538684 518423 478521 517975 544993 515098 517694 529507 541739 520965 493886 510009 517970 521024 494762 449003 473870 556706 536439 516480 489373 502967 547834 523270 537642 507552 511839 513158 516522 538174 525719 449797 538080 509124 558062 492773 494353 514840 498897 494697 499231 538072 494749 516252 524483 486705 488724 536702 559630 567819 509585 491192 514035 506654 460878 532810 489440 540002 503046 548723 514564 544836 464005 469645 463626 542835 531400 513770 512234 510657 494959 465643 503461 471858 552907 485488 524151 502299 510187 542751 481764 529124 524382 515508 507435 501716 528264 494591 574562 534061 505930 513469 531634 505642 485806 458367 528603 527981 494841 537209 520984 501545 511928 566427 543153 536170 512245 499828 517313 508470 517558 526511
533337 497006 520372 531189 555025 525898 549898 547543 493343 536132 590598 517673 508774 562015 528873 593408 567769 538653 554560 519392 543161 570492 495650 555695 547414 510353 506739 550903 515685 580419 541381 562302 530189 510596 518982 583754 548674 492164 539116 569896 537515 534702 550052 523931 512889 513254 514317 520583 533144 552897 599746 502370 555650 576296 542697 547982 522966 544861 495947 539428 514822 517089 571349 547944 566228 546822 564635 540979 497454 558063 532612 501824 548640 517950 514143 529004 516400 559201 551085 545577 505903 542800 535922 509212 565522 593144 526797 549525 526902 561174 512791 563626 550763 535692 525653 535636 562093 532022 536786 529840 535696 546317 517887 493383 514923 555150 534788 522185 512552 544539 563505 538365 563293 551845 541970 532580 509245 576957 588501 523688 543769 560394 593726 523636 512618 562167 516498 503074 526933 553517 534722 566881 536063 516344 509365 563177 571096 593488 536602 508987 485152 514900 496945 547444 496086 533921 538177 598326 534620 572701 524766 531306 506839 544185 562885 525654 554630 530645 514638 498140 500315 498264 535922 500016 566033 523512 505250 532462 513613 523070 517979 515418 524501 527964 529905 495415 586311 569290 545700 539030 549329 532117 494318 469326 540569 559875 529119 581093 553837 521927 538658 582783 551785 534283 527154 549881 505677 548280 548756 538666
461793 425480 460939 476975 512703 461080 495406 495369 433863 466489 531768 465565 464221 505869 473767 525907 531569 497219 484517 464605 454496 489626 454782 470191 480181 462007 450890 499526 457838 505487 480211 473046 488960 469128 468200 529075 467700 464881 482408 500906 496339 451200 494826 492420 458966 460001 492892 443894 475949 497619 531534 459733 495246 501664 485182 467233 464853 490239 457543 490823 487741 484006 497188 533368 508342 477220 493058 456516 441053 496602 494982 464632 485463 441760 477852 483150 480487 492843 507377 488519 479430 491031 483595 467990 487741 521508 484230 488543 488225 486147 464580 481220 505973 448829 482761 505191 501461 509993 459188 483330 452817 471541 483975 458885 475341 519305 507458 486989 466306 460987 530839 494265 520058 474214 462831 480523 459569 526297 513602 455315 499322 464874 521489 487206 453342 487646 492576 447081 481102 513906 488259 481958 476284 452675 455266 495422 503961 539275 493081 455666 468297 480729 429772 499913 483373 483903 471923 521240 482779 528481 437549 447823 447425 509535 502151 475343 484710 487213 446836 426645 465931 451092 510227 458476 501894 476918 463123 506590 488970 498621 490295 465795 506264 458369 473970 470056 534966 504113 461287 485943 479190 488649 444813 436445 499057 487386 468446 511311 510413 451771 503755 524761 488968 486836 463786 462389 465541 516159 478998 482683
456474 438603 465030 470337 502501 470861 492180 484729 448161 478170 516125 464412 459822 505433 475204 529526 516775 485876 469411 442361 464845 481750 456486 491215 505399 447332 439228 476217 464616 512977 470310 501012 491264 482475 470248 522319 494001 434323 486560 524547 495803 487732 487297 472557 467815 466832 497887 475043 468521 471698 530133 456887 490300 522530 484792 482879 458177 490196 453066 486308 500541 478011 512586 487530 493819 468048 511365 469719 454344 493817 491084 487189 479544 456278 467399 478018 473356 486655 493932 484624 474686 480280 461930 457450 490867 520506 491498 480715 536026 507514 459060 504734 500039 488645 490269 506640 517928 512183 463224 476482 492964 481812 465577 441865 454623 505128 493989 489966 484572 468897 511565 475996 506955 484312 506203 458483 503362 512434 531095 448271 517249 461321 520861 492406 467091 506851 480885 461812 474310 507105 495423 515673 476921 477533 453437 509355 524842 524014 485656 468430 479529 481780 436214 500791 452771 505189 475599 512619 495673 502959 454033 461853 444764 495305 506067 464186 469292 490449 452821 455083 477675 448636 501350 428100 501110 461420 467035 485697 477272 487009 492315 466497 462328 475853 495291 477666 524030 517499 490062 505033 504425 507930 446145 452958 523319 482991 478698 507188 462921 483739 489269 534567 479751 504627 459917 473164 443598 471937 468799 481148
542413 515706 530395 531360 532539 509083 516629 547064 494236 515433 583513 543106 507642 566081 511391 577881 571420 542558 549491 519218 505777 528948 493481 543717 546509 502709 505178 511963 507606 573302 522854 556119 531943 514045 523675 592329 557016 504782 540409 565100 553175 524886 538827 550720 516844 510532 550964 505749 525361 543844 578774 484009 548117 584062 547570 521158 517109 577823 489207 538190 522367 531030 567946 545572 538510 523505 552037 522816 505511 530602 535057 529729 536949 502369 528022 532647 540985 527000 569035 536857 511218 540826 537172 526857 549026 573021 538355 569700 530137 561109 497585 546960 554720 544942 554263 552064 568521 563247 498481 511236 539534 541543 524154 483729 534005 549469 542666 501133 522059 531689 569537 549530 525192 542077 525324 528239 528739 558538 595093 514978 567504 547515 567504 527892 491543 548282 510583 518456 548627 568933 513713 564581 539094 520798 515500 565469 570586 585082 539471 530417 531918 534980 490753 550850 507875 548032 509252 588342 539456 558810 528908 502830 495517 563624 576604 536638 543388 534624 526331 504799 530000 511357 540201 516964 553894 514381 521893 549154 512757 558254 528770 524552 528208 513305 527241 506212 583321 560687 532174 558374 547925 541646 514660 484598 545549 530653 544447 580659 549765 519295 556798 578699 563282 562708 528538 543303 520847 546138 557994 547101
470724 440096 475136 467903 501173 451848 470317 490263 439933 472544 513556 468974 481688 497986 497994 522838 517180 476240 485422 467492 487952 480605 473363 495716 497624 438633 444722 489692 449422 523668 444193 493233 451120 457196 459322 516114 481622 443661 480789 517259 506317 466272 497146 477884 456423 469042 463495 484676 462978 482293 539396 456409 494303 493260 461781 486801 457364 495813 462753 499072 490770 481969 506916 470434 500654 492416 536843 478533 437330 497786 484663 476908 499259 444341 460031 460847 473152 486925 514026 475783 445086 471500 476797 434679 486735 530954 477563 515877 487852 465022 441031 503886 472612 470510 470690 509089 506360 510211 477241 469999 477824 475390 486509 453783 478586 478776 472879 486259 439662 482369 512500 469329 505883 479699 487751 508025 462645 513174 518536 480764 502233 485567 508348 459209 462919 486576 469563 473599 496283 494442 503129 502615 466208 446250 459417 496361 493617 514111 467369 454249 473421 494298 432003 486230 432778 477040 463314 534035 500111 495991 452037 453357 455889 501847 494121 484064 494409 489519 444113 454963 463690 456184 481431 461557 490841 465062 448561 486494 487931 488641 454557 453690 468868 467414 464618 446556 534915 494123 499294 468393 498551 486869 429306 432434 500887 487496 447553 505827 473329 486033 494568 533289 457110 492228 476575 470133 439748 462972 477788 505722
470336 445053 486281 497182 485980 461617 489930 497453 435480 491207 543097 482391 480704 542466 477440 528968 533771 492169 496181 468516 517580 494953 446782 496215 486226 471657 467738 512878 482794 537162 516135 487860 482691 485132 468456 510020 500259 474749 484225 506483 522572 489730 494800 484762 459918 463887 503751 478567 482274 503564 531120 457504 492143 516802 512233 485587 458658 514934 460575 487527 480026 485244 496388 517361 505369 493136 506721 501104 448093 500598 537062 499124 497086 465764 495897 504093 473971 499596 501814 485518 482125 494772 479015 469388 495800 533515 490450 505816 515953 505647 485760 492273 513981 479447 486125 509059 519687 521479 488956 497406 486640 499603 474576 479524 462619 520751 512991 518130 452510 509793 513122 495493 532252 496801 499996 468075 496424 510108 523050 470950 528994 494089 534796 473234 462805 512210 490057 473038 476316 525095 509849 530416 496964 483711 472899 499167 535859 542568 490905 473321 474374 478736 464033 493868 461556 524097 470166 540134 486038 532672 430131 475402 450111 493239 504880 486199 495952 508488 460198 464192 473136 479356 499844 469283 516633 494558 466294 517452 459792 502362 492166 474635 483819 469212 484011 467263 526436 527546 514851 507879 516811 483618 451428 428739 523044 493913 479913 520279 519721 493309 504906 520853 526872 499598 488080 515782 484971 488160 461661 469259
455236 447941 480148 451970 487448 431534 480610 471275 451884 451298 516771 465052 447456 505864 459506 505644 517689 491295 448573 446295 478296 491656 455721 480640 471650 434831 446022 440835 477720 511323 487959 470400 476539 484513 454757 517062 465105 445598 461028 492243 497303 452682 483041 472357 437382 459420 498640 469687 457970 497474 498419 432131 478737 496292 479178 475331 446747 496973 437576 482617 465928 463548 495060 484286 487457 472385 488854 474166 438157 474865 506198 451835 488461 448245 451247 474552 428050 495246 496955 467885 441992 453551 461310 452000 486834 508750 490833 489522 494294 503670 478123 497960 490381 472761 480503 489027 498153 506013 450569 463337 477107 484356 475622 430484 460158 490683 503134 502797 445400 476619 501600 483918 484050 482896 484183 478114 462807 487711 504088 475233 501589 472730 507886 474028 462403 494441 487009 448675 465800 486329 477307 500795 477129 478718 463680 467020 519186 527289 489593 456466 457659 470689 451012 486252 447232 504246 455407 518877 476658 503202 454464 460860 431562 484171 494324 468946 478948 499454 448747 438344 459272 449650 483699 437723 479686 458390 446337 475180 430641 503046 469196 453445 469006 442729 481258 460750 514931 520304 503572 487761 493046 468822 440362 453770 490490 496813 472173 483679 507566 476743 497716 498762 475592 499178 466879 467170 443140 486388 437100 481250
476980 453956 485408 491759 494580 490051 490280 514931 446290 478247 532539 494281 481158 526635 452250 538796 543646 497979 494816 472087 469228 509762 464753 509087 506746 476423 448498 490829 469195 532864 489142 513330 473549 461462 477336 514062 490467 443882 486066 538234 515716 475988 493518 476136 463587 465937 499065 477669 497126 480080 553160 455828 508719 527937 501638 491778 472403 525282 464833 518887 509125 479424 534027 508397 469341 502612 500147 478821 475989 470946 481850 464580 493869 487281 475792 500763 469497 491213 494252 482360 455753 499741 467366 476736 504038 532415 461993 485895 484797 522259 474811 497390 493331 507325 487898 496137 496047 504786 491640 503958 482921 494752 502915 444693 500069 501856 496018 483847 440117 507831 514372 492407 511899 495269 504499 472342 505582 499826 517833 464340 497417 504614 530349 483497 457920 515784 492318 483311 479919 528759 484594 524028 498877 471716 470380 511163 520193 535593 499934 474536 490896 487984 439887 509007 442049 505215 491355 561661 487989 539195 481474 464369 470288 523220 515716 491808 482040 480914 468697 453567 465859 469272 499045 453898 491818 467809 470568 519976 461639 486431 496170 490118 479772 464106 503151 482158 523282 513123 491498 493573 516637 499938 452626 435130 504997 497577 457904 509175 522814 480289 487513 528369 505884 525186 481356 487759 492835 508435 492098 491541
457159 439301 474608 464190 503702 442820 507333 481925 423752 481013 513184 492161 457709 507082 475735 519606 510713 476623 466286 463513 491738 488466 444536 493695 490469 442272 436634 481972 459368 528605 475137 500154 465130 459740 431338 496947 479461 444188 465443 496603 516577 487306 477033 466615 462846 453218 471041 453702 458607 471267 525590 443193 482950 507457 485073 468611 489205 513080 432900 465618 490456 483704 496902 504696 463751 486483 496215 453166 444216 478175 490603 440165 477622 452201 449916 471446 447644 476387 494124 476073 453984 485274 465502 440763 482944 490870 489074 496071 496896 500872 449392 493361 488189 482400 473437 503493 514666 485369 450613 505180 493749 498383 442991 436535 465156 489338 491386 486626 462275 489101 497370 500251 508018 466551 497727 480557 471013 499404 527239 450073 486818 500225 518548 461970 437334 495514 468597 470821 473879 533276 478796 526526 489676 460783 459168 510781 503666 518510 505939 445105 469812 482306 469101 501745 449987 483514 481560 534103 492797 498874 474451 460577 447026 493328 498960 502525 464188 479224 462487 455153 460069 439357 475891 452675 489486 470504 454074 477776 454671 471578 485316 462539 465530 460393 476464 451871 524057 514039 505385 479709 489289 491898 429618 439558 503885 498466 470046 482566 482828 479308 493981 531196 509751 488847 448950 474399 469678 463445 493149 488769
497326 489713 523514 509013 532427 510612 509604 518710 478022 512334 557950 519226 492030 551033 501096 576881 551030 522832 532180 505598 506828 530110 481696 533692 514255 488443 476152 517493 493650 573544 502910 526228 507629 513176 494161 573505 540671 498281 512162 535389 557564 510447 545294 530864 506526 502932 486715 509877 491152 519972 573820 495727 548474 568136 520579 522945 508459 530489 478769 524231 534599 528396 543801 539427 543904 511964 547426 501436 488122 519033 533726 500103 502742 499347 492970 531487 519735 519564 554253 528675 492017 537396 529425 480334 528558 573117 510430 540862 542973 556949 498817 527029 520305 522637 524456 532315 554785 536950 497444 516131 531800 523367 507124 489400 532195 529839 519041 507170 481710 522398 569301 542199 511329 518860 533062 513240 516139 576373 572983 500589 548392 508201 571905 512659 478893 526722 523422 505905 517348 512318 532157 557720 539740 529664 506414 531808 566442 554291 515652 502303 520764 526226 476308 515724 506362 527015 489839 580736 518444 561874 505513 513476 475774 556897 567211 507499 501184 522672 469935 497211 509700 489875 534241 495171 513455 506667 511850 515580 499188 506999 506292 500554 505900 496801 500935 484692 537265 554150 534171 527510 564888 529028 473518 488330 549567 528665 520944 535154 532232 532832 550812 574314 526347 527123 502787 531693 499066 505123 516430 529477
491715 428624 471439 487169 485638 457756 499622 482888 460698 464655 520152 495074 483293 522784 486538 516113 510911 487779 498644 452275 490107 495160 438933 502290 475584 429708 436121 481236 479911 551837 472143 501524 476533 458700 474942 528106 492074 475545 481726 496214 518417 456404 501042 472100 440772 461075 470314 457772 453602 484213 531508 469594 497228 532723 491023 490869 506134 480767 468720 502065 487136 496096 496829 476359 507029 502072 499484 455933 477474 494826 506859 467085 487065 474307 462127 476263 462051 495710 513347 493406 448513 475496 485321 478307 508356 509357 477522 496052 496805 529018 461102 484890 497623 498484 510580 494823 507163 504236 454874 488761 493666 491422 475181 443540 470980 481708 483573 490299 482509 500083 504403 495506 504320 499532 480827 478718 485636 487991 511623 476451 501134 511277 537818 463013 457433 488642 485225 484836 488409 508064 504189 527961 493786 468050 462466 507366 540124 505638 506912 471297 468211 459760 450693 476413 476032 508229 472817 532767 483997 531874 459186 445069 432237 514769 511022 488661 477990 478552 461836 452385 485983 474146 497481 464240 501178 480622 489011 478762 466963 507711 485585 464270 496855 464574 489549 467292 528830 529229 474258 517673 494552 487697 460812 434764 509482 485430 473873 512058 499778 483877 500800 530946 485604 473059 472592 483997 451605 486889 492361 481698
461075 459238 489272 500864 534955 507407 523042 517690 424280 496050 549394 487865 480925 542034 500390 560698 541755 475928 516644 506588 490975 515130 476117 505319 493679 489332 456915 503053 485776 526640 482342 498318 507687 483857 488882 552730 497431 459749 494455 531774 539043 498310 497926 504039 474292 493035 512031 490997 492066 508036 564065 473542 518099 540604 483767 500824 509024 514231 491857 514822 482823 492649 521382 518439 543883 504206 521063 509300 466462 514509 476641 490046 494236 479910 475588 502341 481892 507439 530489 515549 491945 515327 512630 474819 510049 527012 488837 519294 509679 503997 472978 530702 505086 497013 517100 520883 517253 506470 500637 493172 482226 525622 503007 469887 501431 519402 512055 491230 451030 505700 538087 498893 507903 498422 497738 499616 483884 536405 532764 473775 537176 489804 551775 499792 468396 524975 492451 481439 508881 495014 531334 514120 507421 495679 469603 515910 530765 551843 505537 472131 478964 495305 452138 514067 472034 532744 497949 523141 512539 526513 472975 484199 457419 522286 520240 513228 514920 493046 480001 478604 487889 488526 512257 470086 524122 487712 487660 532491 482128 502146 487226 492554 483425 483439 505290 471070 537708 508523 506620 508859 516457 517324 444896 444328 527452 500247 496865 540231 517509 507161 518750 563337 514308 527998 473580 506079 490145 513386 495308 504414
511041 451199 494956 505865 532416 489554 507134 530630 458896 495534 533086 480568 511329 532934 501897 542511 551632 503504 531620 481963 486212 524536 478790 512033 505538 494700 474497 502783 509938 551496 508000 495639 491893 478266 514160 537092 532770 467958 519613 540950 523822 489592 519893 529650 487343 494247 530953 477762 493607 510263 557505 464374 506106 525405 498466 501050 516638 528022 476663 514541 506446 491541 520818 535522 524753 523066 540009 519505 464573 514078 493841 523523 502490 486582 498866 497547 493685 515782 533257 499038 494227 523434 519822 490163 518109 558659 487990 537080 514025 537154 499034 522004 520251 502757 496288 536360 535293 510969 503162 498140 516510 512485 493367 479693 485957 513246 520530 506375 525613 516292 537074 517352 548435 522960 498420 518330 511818 520835 543499 505037 529300 506788 547114 498287 485099 504935 516280 519555 502517 530475 504893 538297 490571 518694 493024 532459 551628 538024 517918 508175 506299 512691 455060 507046 477293 547571 508179 543917 539662 543661 468522 468400 468032 538279 505528 495655 520367 532135 487085 481090 494143 503972 536923 496870 498899 502242 499580 527364 488959 509776 494355 490432 493494 486563 494887 495222 542656 527253 522776 512521 523916 527261 465887 457866 515706 506119 484540 513452 511344 520110 515154 541222 531359 509912 491305 510848 523636 524655 508088 531936
495859 468435 497150 508044 529792 486323 502813 518267 458482 490980 558001 510821 490852 547626 506511 556296 568010 516187 534787 479971 509458 527882 487699 492335 494625 488064 515027 546899 492521 546360 521872 512199 524500 491252 482227 542229 518063 476675 502433 546056 541380 499613 522801 502353 480156 475846 513849 507990 501444 511157 566798 482074 519115 556383 523734 498727 488996 528308 464531 523028 517472 500263 530919 539878 523229 523920 545697 504810 476553 528079 509755 501071 498897 486331 489165 525494 506964 511988 520418 520678 474909 537791 508043 488315 502798 556853 532486 530752 510077 524117 479424 532150 518914 503108 527234 539774 525766 536094 473477 531778 512961 521452 508406 494917 509200 529281 527693 502132 492448 531499 544393 528747 539706 521175 482949 521677 493568 547010 562967 492658 553628 506549 540065 496884 487200 519589 510772 506102 524181 515912 520106 554855 503371 508760 500045 511901 545118 557724 509205 456182 518277 512884 464888 537338 475163 538644 517572 551348 540865 546863 492857 491138 476764 522443 526555 495542 513034 540139 471290 482188 491900 491845 520961 483976 507588 508167 493731 515082 495385 530726 513959 483465 502245 499075 518259 479648 552647 551888 513938 513896 541232 525278 447311 470182 544590 509420 495991 516892 515724 499131 538519 574785 529125 514936 515119 512855 496898 486683 497008 515291
464424 426041 477387 464515 476023 481329 492366 464253 418722 466910 539369 473211 474469 511834 475539 532627 517771 489827 489202 469455 494851 489206 461791 476953 488130 463514 441250 494065 464719 536522 495459 491079 478807 476090 461558 521480 480474 451397 484170 499953 521650 476536 492462 477369 455498 478836 490370 472664 468916 462574 530498 457557 497205 512616 493807 495088 491381 505146 448458 510515 484084 479534 520856 510685 509721 483441 498872 470936 446547 485573 502249 447852 481301 463002 476753 488957 462461 471623 501590 492364 473542 500351 465110 454678 486566 549249 474635 520368 494154 503725 441513 500416 505341 470340 475517 486565 512276 505024 485339 489103 448264 501390 470602 464712 481167 502860 472043 499042 450302 472467 518139 487372 517525 477408 476193 483473 480625 498080 513258 432804 503782 490935 537868 460870 475323 512230 485142 465328 474820 501841 484779 514182 480599 475413 461134 501810 517925 517223 490260 446733 470810 463706 443318 514868 450521 490391 471848 535448 491220 526561 468993 459065 446114 518978 530259 474400 479653 483546 445897 463999 491934 456888 493506 465423 465161 492258 480590 502428 449458 462750 466473 487751 486394 484488 492265 457048 523094 523242 484795 503694 522549 494717 458854 443579 529010 481457 476897 502536 486206 492762 483202 536995 497023 493761 471045 499020 469122 472470 477207 459102
499282 460176 483040 512781 514995 497749 516943 514053 425511 461977 546571 508160 500824 514041 474408 557126 531043 499532 518701 499539 465403 523255 496328 489320 520485 485475 470317 499456 478607 551421 485455 511050 503680 489397 497054 539575 506786 458837 505597 567711 539138 490197 504522 498512 495441 465216 519385 487712 487522 516617 546989 467520 514690 556145 517734 485632 494424 505206 484035 518926 495166 496994 535477 532238 519351 500835 534230 508173 471855 498370 522194 502899 506655 493980 523607 504139 486743 509583 511248 512064 472985 523017 504337 492405 490451 532927 495778 518647 487798 523803 483762 525237 504621 500756 495526 506520 521311 528347 514691 495067 496286 496952 510323 452927 483286 513899 508661 522906 483519 516139 508790 498919 538304 496996 491710 493363 512818 525874 526772 484337 511408 490801 538077 485437 460796 513466 497319 485877 498356 538131 512704 535202 514080 501824 478324 526658 512412 536072 511719 492326 489432 497840 461556 511680 476078 538448 494373 534201 495137 544018 469321 472930 458638 528258 526115 501406 500634 499318 487944 456459 489870 468247 492144 468785 521561 497984 466521 500593 486588 513434 513598 490629 483778 459655 500247 493191 550354 526506 499443 507540 500643 523620 461860 435375 529923 510000 484433 521724 512120 487882 501778 557218 507250 528470 502758 516933 467547 495960 501765 509056
